#{"t_start": 1775743340.7196722, "env_id": "Hopper-Mass-Gauss-50-v0"}
r,l,t
8.863048,13,0.032634
8.970104,12,0.04273
8.986224,15,0.056788
17.529158,43,0.09187
2.794813,9,0.101965
8.531709,16,0.117055
15.0714,18,0.133604
14.618228,17,0.150678
123.340748,83,0.242099
10.885225,14,0.257188
8.312462,27,0.287338
5.362663,9,0.296844
27.574119,29,0.32843
6.116766,9,0.33443
15.2561,20,0.35451
35.197679,58,0.413692
16.722428,22,0.436276
25.091322,26,0.461322
6.671508,10,0.472823
21.18464,21,0.494354
7.863333,13,0.509003
3.461817,12,0.525065
10.784335,14,0.533095
14.515536,16,0.543631
19.30045,32,0.578271
10.140836,14,0.594812
10.851998,24,0.6204
11.840164,21,0.642413
10.297662,15,0.656456
19.512306,23,0.674514
10.042757,15,0.691036
16.83978,17,0.70961
6.389055,12,0.722151
13.905501,20,0.743209
8.740143,26,0.764813
5.219949,9,0.769836
10.691481,19,0.784384
14.674984,20,0.806523
8.493336,24,0.829598
35.128552,34,0.862101
3.643039,14,0.878147
10.086486,13,0.891691
11.882118,19,0.911252
19.287278,30,0.941797
13.033143,17,0.961378
22.094449,28,0.987965
14.118257,18,1.010592
13.234461,15,1.027671
20.979106,24,1.053736
7.636215,27,1.078411
18.349421,18,1.095984
4.916134,26,1.120039
6.301118,9,1.129559
9.691,14,1.142628
3.80656,9,1.15273
8.551237,21,1.172786
10.78499,33,1.200408
15.223536,17,1.218741
8.682277,12,1.231008
19.608116,28,1.259618
39.781118,38,1.302988
7.372276,13,1.315934
61.73846,45,1.350508
12.163073,28,1.378613
4.330231,30,1.407687
9.887942,22,1.434755
50.549358,44,1.480314
5.725274,8,1.486831
4.311356,8,1.49183
8.872662,13,1.498844
15.141583,23,1.509382
10.885895,14,1.522892
7.992626,11,1.534405
7.421813,11,1.545469
8.203098,12,1.558985
13.399287,20,1.578552
7.292292,19,1.598128
18.822957,26,1.62317
9.544978,12,1.63471
24.490219,24,1.661339
4.888355,11,1.671885
12.644829,19,1.691906
15.456514,18,1.713473
10.79248,13,1.724515
3.878242,7,1.732522
3.741073,7,1.742062
4.433061,8,1.750606
35.843553,28,1.782171
7.367422,13,1.795213
7.064388,26,1.819811
9.309009,15,1.829313
7.385888,12,1.840871
28.634144,36,1.875998
15.44342,17,1.887562
9.146892,13,1.896086
10.350002,12,1.902616
28.866196,32,1.933213
9.243328,15,1.951309
6.563347,10,1.958842
22.479425,33,1.992458
96.052587,54,3.326635
48.45611,34,3.355231
23.221904,24,3.382337
122.58499,71,3.453582
24.437568,28,3.485626
11.913956,15,3.503287
24.847211,47,3.555506
32.861027,38,3.591632
22.191085,19,3.615756
49.939383,45,3.661882
7.256324,14,3.676963
12.649859,15,3.691502
38.773748,42,3.730091
21.739151,23,3.747169
154.76335,104,3.857173
40.987551,35,3.888775
14.287058,18,3.902827
25.987072,27,3.928421
12.32398,24,3.945469
11.911785,25,3.971567
12.313903,20,3.98965
12.948655,28,4.016687
26.921435,32,4.050328
12.358086,18,4.070916
9.558434,12,4.08343
15.948462,16,4.098994
10.298097,14,4.11251
36.114651,32,4.140085
5.997965,9,4.14962
4.722101,11,4.162158
24.651718,25,4.186738
80.941869,65,4.251237
29.063668,37,4.291395
14.990169,24,4.303418
80.17465,50,4.354582
9.855997,17,4.372101
15.601493,28,4.39868
11.780096,31,4.424781
11.854725,19,4.445856
13.390998,32,4.485001
7.5567,16,4.502054
179.824864,107,4.606898
9.385204,32,4.63749
11.606212,19,4.660545
17.074778,20,4.683625
16.508333,18,4.701198
135.123733,97,4.786872
14.676273,25,4.811465
41.088701,55,4.866646
71.125931,48,4.916574
7.369702,11,4.929002
23.177254,21,4.952028
17.50035,24,4.972074
75.979325,63,5.038515
6.011628,9,5.047052
8.722185,14,5.058578
9.43603,12,5.073642
8.872594,15,5.089284
12.42344,20,5.110889
11.273808,27,5.142489
19.810244,31,5.175598
14.5418,15,5.191159
14.096939,27,5.21824
16.855309,20,5.23727
44.925324,54,5.289864
16.375903,24,5.313437
9.790688,14,5.327467
19.017537,21,5.351074
17.664651,20,6.697695
65.656905,42,6.74553
4.943673,27,6.768598
16.927926,28,6.795175
29.399917,27,6.820301
17.294485,18,6.841346
23.897479,28,6.87291
163.617936,107,6.991239
15.761833,27,7.022321
35.143481,35,7.0584
15.726081,25,7.08653
14.683522,17,7.103577
63.544546,45,7.148252
15.122397,19,7.16831
19.197762,19,7.185338
37.112196,47,7.233963
24.020205,22,7.256541
170.273544,95,7.354782
81.62234,51,7.399376
32.033183,46,7.44697
13.639604,15,7.463116
9.45612,19,7.482144
49.828952,38,7.520768
29.631847,33,7.553342
6.034981,9,7.562865
157.280641,86,7.64957
20.426821,23,7.67515
19.499274,19,7.696226
115.031957,74,7.766444
133.877257,91,7.86113
10.027548,15,7.878163
6.743517,16,7.893695
29.454117,30,7.926634
15.49815,18,7.94565
25.693712,26,7.972703
7.440597,13,7.986765
5.328289,8,7.996286
29.643875,37,8.037658
13.773964,23,8.061714
43.353174,43,8.108796
21.023304,27,8.130819
29.562157,45,8.172899
9.618792,14,8.186928
102.724977,67,8.257046
50.826575,53,8.314843
24.678207,21,8.337376
11.288229,16,8.355417
24.05156,28,8.37746
6.813614,10,8.387979
35.389156,29,8.418902
17.310222,25,8.445491
46.829626,46,8.48959
34.95003,53,8.543216
118.430688,75,8.62049
41.93578,54,8.677373
144.556627,88,8.767101
29.16883,37,10.070093
113.162756,92,10.155049
80.367294,53,10.210744
9.543241,27,10.236087
50.024666,35,10.267654
18.259552,18,10.285713
82.99809,63,10.356441
88.213821,80,10.442683
23.275649,41,10.489369
41.647632,44,10.536018
10.562102,13,10.55056
58.087995,58,10.604715
85.026238,90,10.685659
159.005859,106,10.76783
12.205755,15,10.783373
9.767997,12,10.796443
15.455983,16,10.813993
11.71869,28,10.842614
92.776692,60,10.912429
9.920938,17,10.931507
56.910964,34,10.961074
11.195693,20,10.985665
85.536955,49,11.041379
25.631588,25,11.06769
78.340762,77,11.142913
15.430177,22,11.165453
122.580682,98,11.2552
172.259371,117,11.37647
40.119754,32,11.409007
27.9525,29,11.44344
15.791881,48,11.497564
142.417766,78,11.563579
5.466529,8,11.572057
244.956335,131,11.706149
15.989044,22,11.730239
17.771231,31,11.757767
22.478215,24,11.785288
52.258695,38,11.818863
108.470733,69,11.888561
73.938552,44,11.936301
216.856698,103,12.043216
77.876156,68,13.343735
71.400071,47,13.391351
94.302087,58,13.453979
114.996894,64,13.522014
88.191965,54,13.569704
80.433089,48,13.616356
97.569324,64,13.666015
76.271074,44,13.711169
77.73137,45,13.754745
107.355391,55,13.807912
205.78974,111,13.917843
257.327992,129,14.056439
78.556444,51,14.111115
67.231547,40,14.158421
120.49776,75,14.227356
57.983662,35,14.26397
41.110538,33,14.29359
101.549529,87,14.380628
78.601391,53,14.426613
16.865392,18,14.443177
19.938193,25,14.466787
98.047975,72,14.541682
45.231478,36,14.577277
9.423894,15,14.592834
172.67591,81,14.672316
36.769389,45,14.710982
248.428638,205,14.922074
35.124136,33,14.942154
37.946688,29,14.971871
68.820101,41,15.01149
122.636457,76,15.088213
184.510073,104,15.189945
61.173622,38,15.224086
149.09642,89,15.296778
14.804343,16,15.308312
151.944315,98,16.673705
108.754756,65,16.731347
54.305693,33,16.759639
204.150268,93,16.852653
201.224178,97,16.960259
32.874538,30,16.985339
226.906862,105,17.085591
145.462402,73,17.15676
233.395365,120,17.28405
106.609687,70,17.353215
135.160918,73,17.432651
105.63988,60,17.489785
148.19218,89,17.574058
8.870773,13,17.587624
214.667172,110,17.689448
257.518257,127,17.815945
170.784758,87,17.90112
146.835441,92,17.994811
72.669235,45,18.038057
244.579599,109,18.143737
120.295228,63,18.205374
81.736135,48,18.248963
24.565867,48,18.296312
226.471758,98,18.390591
85.231304,52,18.440764
227.87164,114,18.535474
235.615029,131,19.949067
257.523639,140,20.09681
167.75708,83,20.183567
244.119337,111,20.287719
230.201342,103,20.379737
85.180089,49,20.431841
236.348279,102,20.539582
254.114718,113,20.646805
218.582477,107,20.72955
104.475538,67,20.794852
247.984344,124,20.903767
227.186141,113,20.996327
145.574022,75,21.070541
229.34652,99,21.160331
144.732703,79,21.245091
158.62078,76,21.316947
217.125141,99,21.415238
99.369021,59,21.476141
77.18207,46,21.51977
65.95059,39,21.557751
232.114203,107,21.654127
235.667691,111,21.748933
171.103271,88,23.101106
229.829095,108,23.227008
213.690172,97,23.322205
226.190614,104,23.42098
207.405645,95,23.515142
216.18219,99,23.613997
220.582411,100,23.692719
151.252548,74,23.763335
210.537945,96,23.863624
104.791244,58,23.923759
210.967774,104,24.015985
234.909981,104,24.115116
234.276402,127,24.219362
65.836047,40,24.259459
233.334156,109,24.348123
225.631495,107,24.440609
216.569758,123,24.555174
129.925822,69,24.618317
147.095149,76,24.693974
208.214864,112,24.798812
238.655126,110,24.902104
235.550602,120,25.012309
206.510499,107,26.386329
206.82128,94,26.476444
112.520479,64,26.550806
129.152381,68,26.622434
158.454266,76,26.694073
59.142833,38,26.733314
247.815646,118,26.831063
216.706424,97,26.915273
217.718354,97,27.017278
221.745483,102,27.122113
36.931694,28,27.150674
173.419457,83,27.221854
156.453577,75,27.295077
134.463693,69,27.358433
65.93807,41,27.398468
51.261827,38,27.439144
167.890773,85,27.517422
98.361077,54,27.568638
201.897233,96,27.659331
196.270641,90,27.733484
212.756561,95,27.823691
178.907151,81,27.898337
207.99803,95,27.991673
245.770651,108,28.089665
233.811948,98,28.183861
236.564647,117,29.533163
212.627534,94,29.627108
98.506294,57,29.68732
224.683249,105,29.790245
245.069754,104,29.888074
222.074205,113,30.005842
234.457062,110,30.106648
195.338013,93,30.19655
231.707881,106,30.300219
239.506882,112,30.403903
233.003898,103,30.501603
266.912167,122,30.617524
62.548483,41,30.660165
238.932709,107,30.761047
168.323319,85,30.846266
260.147286,117,30.953113
232.762215,112,31.060206
223.44497,100,31.155481
242.682235,117,31.262835
133.259915,69,31.32589
207.678916,93,31.417648
219.954617,103,32.813101
215.735852,104,32.911544
194.866783,94,32.992185
225.556109,102,33.100771
88.984125,51,33.144342
260.686642,114,33.248359
74.398011,46,33.287422
93.168147,52,33.339994
224.969145,104,33.448231
236.448739,105,33.546144
266.91659,115,33.659037
220.099074,105,33.763824
206.135971,89,33.844302
226.776927,103,33.945536
258.037093,116,34.058384
216.6141,97,34.160712
218.348218,96,34.252606
193.795585,90,34.340912
243.644786,109,34.424584
221.075944,98,34.525486
248.793801,127,34.651571
240.365509,108,36.051502
92.59948,55,36.113897
127.107124,69,36.181155
244.776472,110,36.273875
221.023312,110,36.393242
246.275618,110,36.499425
237.246002,112,36.621247
204.359255,97,36.714084
87.795957,51,36.760282
243.588904,113,36.88422
206.112419,95,36.984118
188.908054,98,37.08404
227.355853,104,37.187438
229.577044,108,37.297137
196.155962,91,37.383022
112.327598,62,37.446307
217.812928,98,37.55018
192.295094,89,37.645584
273.146523,112,37.75224
214.778016,100,37.85407
123.022206,69,37.922755
126.689672,68,37.999481
108.294403,62,38.06323
250.783018,115,39.448009
229.059111,111,39.557967
282.365876,117,39.675643
214.132154,97,39.781466
194.111924,87,39.86682
224.090051,103,39.960181
244.336689,104,40.054502
261.305354,128,40.17137
213.253253,101,40.273876
247.273956,106,40.366674
220.652877,107,40.461958
200.939543,91,40.547325
214.799881,105,40.637154
234.630908,108,40.743642
212.489815,102,40.844414
108.90997,60,40.89758
215.18735,96,40.985418
196.456068,100,41.083818
193.71164,91,41.17256
220.271038,96,41.275947
154.157713,82,42.600806
203.127626,91,42.681438
215.421235,106,42.787524
227.700814,107,42.88372
271.668761,114,42.997094
215.628558,103,43.101888
257.004043,114,43.215694
142.352683,73,43.282355
240.050546,104,43.388182
254.030712,114,43.50066
182.086853,86,43.585379
232.723273,105,43.685464
268.716134,121,43.802875
234.788662,109,43.902121
212.57373,95,43.990844
131.14466,76,44.069049
215.120064,103,44.167453
272.865967,131,44.294401
173.642396,81,44.370644
137.179959,70,44.438861
216.442516,99,44.522085
232.033533,106,45.868056
84.685411,50,45.911127
265.466688,111,46.022389
276.228342,113,46.142068
312.72309,135,46.273527
274.877256,112,46.377964
277.851548,118,46.48929
289.300356,121,46.601766
224.424123,109,46.701651
250.550341,114,46.789792
222.242599,103,46.881691
62.990945,40,46.917744
220.474929,99,47.008941
211.319832,96,47.089733
296.367799,129,47.218632
219.81153,104,47.305935
227.755879,102,47.403116
247.882317,111,47.508525
161.401738,82,47.587879
275.273818,119,48.967969
260.234107,116,49.087782
228.756068,103,49.179622
246.396401,122,49.297085
210.795799,96,49.393914
133.459026,73,49.459773
292.673035,122,49.57265
231.403539,103,49.67139
224.007673,108,49.76921
233.364955,104,49.859044
263.701042,117,49.97583
85.205628,48,50.018871
257.60754,110,50.124245
229.101683,106,50.225925
248.669379,105,50.329737
234.904652,101,50.430059
245.470679,104,50.522814
223.226318,102,50.626141
264.503636,118,50.745476
171.225188,84,50.827704
257.112425,110,52.244594
314.121114,137,52.371675
236.32202,104,52.480046
254.351842,114,52.591348
278.834964,124,52.723998
267.227046,115,52.832953
256.382618,110,52.940704
315.339634,142,53.084292
262.831624,113,53.199296
258.156584,111,53.298001
286.445402,127,53.432355
268.402496,120,53.556839
292.044502,125,53.675925
226.090211,106,53.786826
259.199901,107,53.884112
260.031794,114,53.989585
269.148344,110,54.101932
249.951458,122,54.214196
168.799733,84,55.553042
290.325912,123,55.669565
241.286541,112,55.783856
292.23383,126,55.914152
83.723569,50,55.963971
306.66589,126,56.085863
279.893502,118,56.18831
285.946539,127,56.300726
252.293189,116,56.418035
215.808051,107,56.523105
248.180583,118,56.637799
105.94637,62,56.708519
87.88261,52,56.756152
318.659702,135,56.880037
293.670547,124,56.993773
201.458491,100,57.089076
213.229981,100,57.177437
362.767421,145,57.317817
288.732598,127,57.435678
296.457244,126,58.784407
237.797428,110,58.899435
268.982536,110,59.005675
274.762673,127,59.136334
309.47249,126,59.257595
227.604328,104,59.3604
304.620114,132,59.488298
324.374342,130,59.598504
336.875336,129,59.732843
297.175018,125,59.858305
289.069301,119,59.978849
256.31259,104,60.078207
311.138529,128,60.201351
99.317999,57,60.237168
297.826813,118,60.337526
318.555745,135,60.466299
308.446709,128,60.589056
284.825891,119,61.969093
286.078537,123,62.081358
330.137145,134,62.21691
310.405754,126,62.350896
270.47673,107,62.457139
313.404416,133,62.579039
296.802873,127,62.694096
277.993558,116,62.80444
286.57983,120,62.926185
289.05902,128,63.041975
287.615091,123,63.156222
308.994111,127,63.2745
333.07492,131,63.400934
230.303604,104,63.492229
225.965107,110,63.590962
349.746749,132,63.70325
302.592347,129,63.814439
195.744264,90,65.172071
338.102037,138,65.308034
310.95673,126,65.426684
308.196008,118,65.546368
309.550362,127,65.667232
312.178704,127,65.79468
308.732926,126,65.918629
349.680488,139,66.042054
342.41997,131,66.164648
179.002932,86,66.272055
244.436266,113,66.393091
312.866051,135,66.528001
231.206015,107,66.630624
337.066774,128,66.743119
310.393548,125,66.864581
178.218635,82,66.947004
360.360382,152,67.092696
336.248159,141,68.477591
300.758515,122,68.597438
321.915466,134,68.730417
343.225052,141,68.86741
342.329928,136,68.999612
311.681031,116,69.108876
294.698115,128,69.236004
171.873206,82,69.316086
310.26188,122,69.439921
320.907341,123,69.556343
296.725606,122,69.677521
301.025133,129,69.790935
331.989046,135,69.921827
212.844191,95,70.00901
254.111011,111,70.106185
312.723963,128,70.224407
305.544167,124,71.60645
297.917021,130,71.740175
349.441798,131,71.848597
333.807478,133,71.987485
378.070805,142,72.127851
331.19278,139,72.261477
334.8123,136,72.368305
308.855658,128,72.486127
365.143663,146,72.622967
320.625656,126,72.756093
322.71815,125,72.864836
94.678545,54,72.917027
333.07071,137,73.039982
301.606729,119,73.152267
300.468213,127,73.281672
311.80728,121,73.376343
237.907605,98,73.472647
363.303488,137,74.898652
305.453152,131,75.005048
330.794357,136,75.126445
296.932951,125,75.250243
359.479898,139,75.390355
402.71843,160,75.536242
286.310849,110,75.630661
361.193586,141,75.771004
338.888259,132,75.890861
351.28864,137,76.010565
330.294109,127,76.132612
331.004642,130,76.261286
329.270261,126,76.380194
63.474531,37,76.414743
329.661113,132,76.539829
309.394911,130,76.677385
352.411278,141,78.109767
286.033957,124,78.220262
305.357924,125,78.340872
344.344063,135,78.472005
356.122016,142,78.592885
322.275432,136,78.733431
340.366703,128,78.841092
321.542667,132,78.978357
343.650721,146,79.102465
350.371508,138,79.248576
375.545282,146,79.368001
329.06644,138,79.496854
299.275423,130,79.612625
333.60568,129,79.736548
275.565456,112,79.839342
364.589354,138,81.249086
339.558156,135,81.384665
199.715229,89,81.463774
360.626639,140,81.61315
341.909754,127,81.711184
325.089241,134,81.830202
330.886084,141,81.950686
351.976922,136,82.071611
395.402586,147,82.218105
339.903128,136,82.335054
346.815723,136,82.463031
189.038109,85,82.545373
351.125333,139,82.692014
341.448243,137,82.819337
370.628891,145,82.956679
331.138605,135,83.09309
352.664102,133,84.470907
37.721334,25,84.497453
342.849331,134,84.630414
330.334918,134,84.766208
362.264501,140,84.90552
347.634643,133,85.034847
354.890443,142,85.151704
394.728702,149,85.303416
352.199794,146,85.45324
325.614757,134,85.564594
333.893357,131,85.669314
175.148878,81,85.749194
367.295439,144,85.879619
329.954071,134,85.980884
340.045444,143,86.108629
343.951658,133,86.234321
378.902085,149,87.651539
368.274374,138,87.776929
333.296922,130,87.908319
323.073083,133,88.044393
335.498112,130,88.169259
334.958523,137,88.280644
321.620105,133,88.413182
340.452837,135,88.542588
346.898385,130,88.657981
363.2282,143,88.793113
305.576532,117,88.891962
327.201367,127,89.006318
364.798361,137,89.130203
328.642737,132,89.252688
351.939997,142,89.3949
344.472774,132,90.830718
563.010747,199,91.030365
366.38488,145,91.186702
345.027621,132,91.316557
315.426567,130,91.453431
124.12367,67,91.515071
384.692815,150,91.66043
311.169821,130,91.802722
394.921546,148,91.955162
300.236623,140,92.094216
334.110879,140,92.219083
367.395891,134,92.348659
328.972689,132,92.481611
292.356809,129,92.59573
341.613614,134,92.71926
394.993112,158,94.135269
320.679355,130,94.255171
345.692419,133,94.387682
347.756904,138,94.535138
317.819336,129,94.665547
361.142201,138,94.799057
285.726315,124,94.923002
505.038388,181,95.094481
344.948402,134,95.235063
329.462264,134,95.363976
322.620764,127,95.485781
342.311301,132,95.610721
390.634966,150,95.750726
223.791646,99,95.857671
374.834372,140,95.994494
362.858432,137,97.418177
367.88788,144,97.563542
391.130938,147,97.712953
354.005918,141,97.852977
364.4602,138,97.991237
296.347419,127,98.109133
321.591994,143,98.226923
338.889328,128,98.355321
71.740405,43,98.399599
342.125151,131,98.521888
523.214778,178,98.691277
181.038426,85,98.775443
370.371569,134,98.89716
332.670118,141,99.025046
439.084788,160,99.169122
361.05592,142,99.305072
347.690835,132,100.674855
336.630082,131,100.785162
352.90858,136,100.914628
336.098656,138,101.04806
549.396837,192,101.233939
400.520817,143,101.37709
338.516159,135,101.502947
501.592782,181,101.678231
351.216722,133,101.800647
470.579797,170,101.963465
342.303409,134,102.095305
337.745037,136,102.220891
318.877463,132,102.332011
346.401819,134,102.45938
358.093821,137,103.822843
369.183611,140,103.943204
496.831525,175,104.107089
329.331652,124,104.224965
352.603418,128,104.355202
370.201514,143,104.505153
354.090766,135,104.64297
380.559551,148,104.787316
359.270951,145,104.922892
373.53593,140,105.051294
330.285922,135,105.158181
361.753122,132,105.284203
375.14338,137,105.426064
380.929853,143,105.570526
348.865866,139,106.999654
199.545604,91,107.081815
207.93414,86,107.149116
382.994794,139,107.284116
384.645373,144,107.407522
360.71313,133,107.543143
325.333421,134,107.676851
416.712002,152,107.833831
358.199598,133,107.953725
382.999732,135,108.07684
216.258354,97,108.166758
344.522056,139,108.312922
349.931784,128,108.420913
150.076516,72,108.495705
443.596232,156,108.658971
356.404775,134,108.793804
377.419915,142,108.931535
365.583697,136,110.329877
367.573574,142,110.465765
354.151913,134,110.581003
337.368142,136,110.703343
357.661733,131,110.818101
326.011352,131,110.938901
361.415495,139,111.073638
302.047018,128,111.180465
370.896184,135,111.300128
324.292145,132,111.428403
344.387478,133,111.561242
337.075483,134,111.697664
390.267415,146,111.831889
351.034515,135,111.948245
366.261513,134,112.081743
319.122347,130,113.479095
195.625211,88,113.558834
357.473535,136,113.66012
256.104391,108,113.765917
367.898541,139,113.889757
393.862338,146,114.022018
369.077778,138,114.149904
556.354916,187,114.325504
389.415085,143,114.444424
273.571241,111,114.550797
381.343071,138,114.686115
351.958047,134,114.81697
449.963012,164,114.966022
388.473914,144,115.102176
537.308132,203,116.537093
389.938045,137,116.669512
349.62478,137,116.79585
540.293614,179,116.957239
353.451446,141,117.078015
335.441923,131,117.191466
337.834028,130,117.312258
338.696129,132,117.430344
356.69657,138,117.567224
394.156305,142,117.697781
420.654689,161,117.855634
439.568511,159,118.011924
492.228324,174,118.179347
361.340597,135,118.308557
364.159119,139,119.713629
606.337727,208,119.9189
410.877292,151,120.058615
613.817783,195,120.239668
362.973186,134,120.375039
469.031373,160,120.514295
375.578028,137,120.633019
399.913033,145,120.780698
338.816458,133,120.923115
643.566748,224,121.142219
387.49236,142,121.291891
228.265255,104,121.398765
380.352947,140,121.533794
390.194025,143,121.653116
340.108427,128,123.049343
376.417534,137,123.177118
383.451993,140,123.302483
365.55841,137,123.435883
410.142453,146,123.557338
364.658328,128,123.68222
344.160015,132,123.808203
354.716832,128,123.937587
199.595588,90,124.021504
365.514859,135,124.155385
594.444673,201,124.355085
254.04751,105,124.447446
385.943846,137,124.588992
72.459315,40,124.631432
360.201881,132,124.762377
364.298149,138,124.482.3887379.527775,138,126.361791
404.599849,149,126.518346
383.237025,140,126.662941
406.884204,146,126.798579
328.661446,137,126.93767
342.526236,139,127.072795
482.677848,168,127.238303
377.730166,134,127.382786
374.666897,140,127638.502284,211,138.267607
327.52756,133,138.364076
547.700496,194,138.527029
619.717763,194,138.695926
618.379462,190,138.880981
512.899897352.269966,138,129.592712
415.491715,164,129.757772
363.686764,133,129.894124
314.270266,127,130.012294
307.14401,120,130.126322
250.975253,115,130.241299
372.102137,135588.46732,184,141.471541
381.622553,146,141.593614
604.445281,181,141.773652
699.842789,249,142.003761
634.930723,198,142.155743
392.919377,137,142.281242
660.724288,222,142.440863
574.178496,178,142.5648
620.93552,194,142.720572
627.873233,192222.582502,98,132.877625
574.504458,186524.198106,178,144.379408
695.114712,222,144.596859
459.855099,178,144.758848
623.590609,188,144.929775
401.730375,139,145.025949
604.827478,200,145.229744
835.477878,282,145.487995
578.959677,199,145.658944
373.238679,132,145.769141
631.025002,184,145.944154
662.293952,203,147.328427
531.692803,179,147.47394
649.711765,204,147.67356
624.422365,199,147.856041
584.338987,187,148.024933
702.357253,227,148.233004
663.488342,192,148.411152
564.694271,170,148.564657
489.824812,188,148.753364
537.013689,195,148.94177
670.084279,248,149.172122
595.730037,196,150.56578
520.479988,186,150.764771
824.125031,258,150.974374
719.525891,243,151.149912
694.843151,228,151.342954
562.495044,185,151.50096
669.444689,213,151.680765
642.170726,217,151.879056
571.465565,190,152.046742
492.261719,189,153.459141
654.465127,212,153.65947
649.669929,214,153.874223
664.259123,213,154.075984
493.51571,166,154.236991
639.064395,223,154.440444
548.039648,187,154.581489
659.737029,226,154.785911
469.81403,165,154.934958
624.611564,190,155.081373
563.060478,197,155.253397
712.899761,243,156.650655
650.512484,193,156.856891
583.37813,193,157.033345
809.058767,238,157.256732
625.862418,188,157.449625
563.843668,193,157.623286
203.97584,92,157.70202
486.845314,175,157.864413
518.585278,188,158.019725
502.567146,184,158.176069
722.397737,244,159.649576
624.293486,182,159.834502
557.163013,165,159.978904
645.515116,215,160.180577
710.511071,230,160.355334
537.034641,193,160.51488
345.180447,147,160.63869
552.261366,183,160.800001
654.792238,214,160.974425
751.006192,238,161.198129
506.616971,186,161.383923
607.981292,187,162.838948
717.116868,236,163.060596
355.805559,140,163.185068
549.911153,170,163.340469
645.549829,193,163.519936
653.499597,195,163.691183
542.168395,168,163.845889
607.141084,195,163.978034
561.685366,169,164.127782
601.012552,186,164.28606
657.726166,217,164.458251
621.792777,201,165.881599
538.539327,176,166.040905
616.68996,215,166.260492
487.806666,184,166.428965
610.863352,192,166.615077
546.503573,192,166.811625
600.976255,179,166.988438
517.715843,159,167.137868
784.361921,268,167.398652
742.696877,245,167.637138
767.362109,236,169.033286
518.677651,179,169.157703
501.232779,154,169.278556
308.24121,125,169.400686
448.913409,175,169.574167
579.253097,196,169.76442
629.803564,204,169.947904
587.014444,181,170.124678
619.736509,198,170.312374
520.916773,192,170.491157
614.852024,200,170.686292
767.50212,246,172.171931
788.584961,249,172.381726
563.652616,198,172.527661
528.603688,172,172.701184
535.683914,184,172.865616
554.761973,196,173.033825
219.661592,100,173.133611
644.56752,220,173.328151
584.719918,202,173.517621
735.59699,244,173.756092
534.675408,185,175.190671
521.040635,175,175.358288
571.049575,173,175.52816
533.107319,184,175.714765
540.723419,188,175.882163
262.578511,113,175.979094
533.985016,193,176.158057
519.12915,181,176.325702
814.789303,268,176.576267
666.468623,223,176.773533
557.756056,191,176.949656
544.172661,177,178.298045
571.475806,198,178.504699
690.71689,211,178.738797
726.425557,237,178.982865
804.037723,263,179.239087
526.831537,191,179.422513
738.170698,237,179.634858
535.632666,193,179.822535
816.927622,262,180.052121
585.573197,187,181.440394
618.900165,218,181.623776
486.354386,166,181.753926
572.8931,189,181.930443
620.066157,194,182.093917
747.602328,243,182.314033
552.004044,183,182.469437
555.612456,194,182.656923
539.103309,185,182.828811
649.958423,212,183.031799
495.287833,169,183.199732
676.796646,237,184.738246
475.154217,165,184.893784
667.113702,214,185.069325
459.451297,148,185.189652
582.319543,207,185.355934
620.812681,204,185.545902
583.353554,187,185.716044
594.205462,182,185.886591
381.124036,153,186.004426
500.278304,174,186.154656
556.695939,185,186.315398
582.819345,189,187.691146
458.609489,170,187.859881
456.557771,184,188.032662
532.746547,186,188.183963
587.701877,203,188.376788
600.827588,186,188.557954
226.797463,103,188.648146
639.994177,201,188.847859
767.114035,242,189.067471
734.892751,231,189.275386
513.351009,171,189.440603
620.054738,194,190.832947
591.730809,199,191.023129
671.562206,219,191.195807
814.915802,251,191.40239
333.044266,133,191.528737
614.001005,206,191.736012
609.391098,189,191.91727
634.235772,200,192.109089
616.624908,192,192.289018
798.569849,243,192.511103
587.029487,187,193.991647
556.563388,172,194.140751
650.769749,194,194.306826
577.802318,196,194.504961
563.570964,192,194.64836
262.548503,114,194.750079
525.27153,192,194.93433
551.67841,180,195.092996
537.376244,174,195.268
552.578525,198,195.457785
663.579296,219,195.657205
529.514994,184,197.179055
556.655898,180,197.371994
533.168174,189,197.566892
525.482708,190,197.769545
617.489803,209,197.971666
541.268246,190,198.135345
544.506476,195,198.339483
591.835855,200,198.515629
476.94396,178,198.653957
568.631109,181,198.814893
533.265794,187,198.970452
548.349998,187,200.357816
539.113723,187,200.514164
563.128817,184,200.694155
611.166197,207,200.898664
812.352298,264,201.118249
775.411301,235,201.345805
605.414902,201,201.519688
534.825557,185,201.690185
468.545326,175,201.86001
790.579033,249,202.09415
562.942179,193,203.517532
613.067485,181,203.674498
690.030159,228,203.876012
643.556929,212,204.054137
601.125202,197,204.230436
602.533149,200,204.389516
765.643031,239,204.605673
643.194414,224,204.802811
627.512607,204,204.997619
801.275015,245,206.488896
770.023835,253,206.731143
526.55519,169,206.872841
613.729097,201,207.044459
808.33331,245,207.260899
475.761173,149,207.370191
544.900744,195,207.544586
659.016511,234,207.72668
566.802806,193,207.893641
852.620153,286,208.137673
471.112018,182,209.53637
559.765071,200,209.720783
560.008637,197,209.927565
652.524236,221,210.137437
504.825682,165,210.287158
718.551756,232,210.515763
481.21793,178,210.69091
623.769997,208,210.902799
572.35034,194,211.079849
566.777567,191,211.257501
681.628827,224,212.669192
744.135561,223,212.896436
624.617643,191,213.061341
723.89089,230,213.293134
533.137097,162,213.450301
719.061613,238,213.67701
569.877159,193,213.868464
793.019726,252,214.124434
585.454205,197,214.325053
504.602473,189,214.501935
584.718086,195,215.970869
545.396256,172,216.134961
587.870815,190,216.304446
597.898423,183,216.429833
440.320344,169,216.575735
701.361896,221,216.756553
510.534396,157,216.913537
522.149641,185,217.066743
502.813023,179,217.202792
598.569604,195,217.34341
564.50077,184,217.482392
550.349629,168,218.932028
705.000345,219,219.152675
538.618933,186,219.342371
515.911424,181,219.519868
695.609128,226,219.729816
562.712931,177,219.862809
634.630687,201,220.072429
808.47274,247,220.300763
981.051768,299,220.56773
568.878935,175,220.723301
578.579187,196,222.080013
500.913682,157,222.241193
746.355346,256,222.479547
551.734549,183,222.646095
434.263509,144,222.792114
536.027272,190,222.96018
522.824874,164,223.130886
573.771039,173,223.313344
663.45995,235,223.547864
570.129654,194,223.745258
840.56342,290,225.302909
476.291265,180,225.478397
400.096925,141,225.617082
661.450908,217,225.816838
473.751347,155,225.969396
382.075326,131,226.097288
537.625265,178,226.276152
643.960653,219,226.494739
629.719513,194,226.699177
577.015652,184,226.887162
498.509564,153,227.04385
707.236323,224,227.245982
484.174607,155,228.681156
624.427444,205,228.873038
627.729545,208,229.066137
572.606226,184,229.246556
597.812547,182,229.402191
720.620059,226,229.588136
567.886183,181,229.727187
546.922404,168,229.874988
563.579026,180,230.035001
517.501022,175,230.156014
518.335032,168,230.28574
662.120027,220,231.703363
601.087351,196,231.89235
477.331327,151,232.053645
669.802257,206,232.230179
542.235242,190,232.411805
649.260212,217,232.609886
322.057964,121,232.711588
605.332751,189,232.878338
678.201496,221,233.091925
627.383559,200,233.27666
418.080012,164,233.418325
832.826038,245,234.749116
580.265733,179,234.919331
636.567423,200,235.112952
584.63613,195,235.284842
622.147645,204,235.463699
809.660651,254,235.700557
848.948443,254,235.975452
616.342217,205,236.173777
549.453504,173,236.342877
635.523412,214,237.811969
370.335054,132,237.934874
507.462511,169,238.082752
378.725394,134,238.189892
605.517398,192,238.371693
583.9421,186,238.536125
741.420888,235,238.743942
827.31078,259,238.955031
717.777031,222,239.156079
675.654067,224,239.37083
587.160197,188,239.556064
629.372803,195,241.011883
728.912691,234,241.229465
638.552653,199,241.411458
507.461454,178,241.592427
596.142898,201,241.768211
537.156693,173,241.927251
665.170812,208,242.141588
518.834838,202,242.306051
682.96585,218,242.513012
602.242625,197,242.715833
872.199807,266,244.197414
650.978163,205,244.389294
822.271315,250,244.617349
836.817597,258,244.864434
582.650781,196,245.049655
620.820513,186,245.232001
674.742475,213,245.430063
598.579032,199,245.620208
587.287826,200,245.783777
592.272592,178,245.946474
655.536232,207,247.36797
572.753384,198,247.527444
545.705854,168,247.687054
617.680303,191,247.845653
728.178604,227,248.030349
586.953565,198,248.202352
588.194356,196,248.376816
656.21423,210,248.570061
562.794815,183,248.752324
533.313668,182,248.938998
609.492926,179,250.392738
738.355375,222,250.594427
536.831296,162,250.757708
590.455893,178,250.936227
601.273535,180,251.078125
561.638746,178,251.239236
683.293216,220,251.442486
695.926893,230,251.672678
605.1465,190,251.845604
609.51333,203,252.038495
683.693842,220,253.452698
594.939654,177,253.630412
820.39769,249,253.873001
656.142636,209,254.076736
603.252094,194,254.259142
690.575116,221,254.465383
783.038633,239,254.664551
848.202644,260,254.918837
254.639545,106,255.015414
526.58056,184,255.198912
662.733693,206,256.662075
637.133537,185,256.832998
739.118294,226,257.059525
561.64581,192,257.25713
596.22844,186,257.442162
377.59233,151,257.593425
599.514556,175,257.766325
670.056003,228,257.999601
760.666013,236,258.234518
697.864029,228,258.448184
740.774279,230,258.659394
550.100095,174,260.046848
624.098015,190,260.199627
605.306929,201,260.374347
600.770309,181,260.529619
687.644391,226,260.717693
635.02693,204,260.885589
708.793884,222,261.104349
709.875597,214,261.303758
671.931655,226,261.518233
527.290255,177,261.683057
575.916101,187,263.113109
811.222164,242,263.352434
807.182683,266,263.626168
762.232608,238,263.856716
570.218754,182,264.036968
770.23219,248,264.227514
445.328053,145,264.352116
779.92095,239,264.53755
653.229197,199,264.707638
801.649381,248,266.204468
703.163181,232,266.41466
541.047974,181,266.597913
557.402565,193,266.800139
639.391894,196,266.96163
695.833434,219,267.176948
844.724441,245,267.403923
594.791202,185,267.59875
556.419281,174,267.745711
594.327495,191,267.938735
571.587101,199,269.280481
689.292036,228,269.45584
803.177947,263,269.67035
534.955499,205,269.822366
573.907725,185,269.988829
702.858841,229,270.207402
624.439419,190,270.401278
634.537489,206,270.59838
709.753152,225,270.817533
765.119041,243,272.379986
703.869766,242,272.597195
527.841906,184,272.746236
729.863981,225,272.933477
584.373119,185,273.094093
700.417048,231,273.287756
585.923829,178,273.450683
785.152788,234,273.622826
641.995305,202,273.816442
726.438983,230,274.008197
646.544623,214,275.483441
390.604091,155,275.630086
696.290434,221,275.843965
572.103507,190,276.025925
720.186609,226,276.244224
682.998849,208,276.44102
642.893173,207,276.649066
707.631774,230,276.887728
625.37176,188,277.064647
824.933046,265,277.306508
585.840436,180,278.690313
577.14723,180,278.86923
941.763814,302,279.161943
1041.254158,321,279.472029
1074.692284,338,279.794901
1326.522252,430,280.192978
664.086044,218,280.389008
563.499298,183,281.736706
682.815244,216,281.913205
523.805259,161,282.069813
818.787432,240,282.282978
711.995825,219,282.4479
330.680896,133,282.571342
640.612689,200,282.759754
1026.427942,336,283.019941
784.071499,241,283.269239
689.487923,220,283.484207
426.519105,165,284.925892
763.286651,235,285.172973
688.373752,211,285.385162
502.445436,160,285.551594
1084.927678,328,285.878404
394.133726,143,286.020098
590.928948,180,286.186144
706.081133,218,286.393945
567.843172,206,286.592147
1029.220104,314,288.210153
700.633477,232,288.459337
648.630738,213,288.6936
587.90947,175,288.884388
884.026577,270,289.172049
715.914961,228,289.389241
623.098013,205,289.576629
642.352137,198,289.769192
517.07916,162,289.936952
1261.102031,414,291.539857
753.612937,246,291.759327
736.470217,245,291.99461
608.254907,186,292.186337
379.797371,134,292.322422
1073.728157,340,292.637496
705.391947,221,292.848241
811.030943,249,293.078445
880.193861,259,293.320963
708.621022,229,294.720332
1511.242358,459,295.096368
749.018577,219,295.29918
736.492244,231,295.501105
730.332869,225,295.671788
807.295578,266,295.930274
910.901362,274,296.17526
660.162167,206,296.373367
681.746445,211,297.830261
420.526151,139,297.962557
411.388757,150,298.097272
768.057514,228,298.333201
992.851936,305,298.61183
747.195763,230,298.822329
944.591871,285,299.057636
762.657477,225,299.258369
698.8366,221,299.441421
754.329489,243,300.804256
545.69987,176,300.96981
714.944402,228,301.195427
737.04275,231,301.436693
657.557056,216,301.655656
760.07179,234,301.859371
709.743312,207,302.061715
786.893352,247,302.296609
662.029773,205,302.48785
610.890586,190,303.877726
717.932777,236,304.099455
835.93617,258,304.32465
762.884913,247,304.515184
606.575245,182,304.679324
870.654501,266,304.904296
560.353424,184,305.078958
579.729261,185,305.247795
725.401152,239,305.462866
630.796433,197,306.929724
689.854565,208,307.128832
608.744168,192,307.298941
806.185399,244,307.49922
763.787525,228,307.693797
562.518727,188,307.84653
839.133116,270,308.07182
697.888483,233,308.276386
842.804478,254,308.450354
966.838073,290,309.908548
1019.823482,328,310.236957
673.908334,209,310.438906
879.037884,275,310.679877
827.399757,251,310.898386
907.727679,271,311.170609
631.592261,192,311.365009
1134.114286,348,311.703716
876.623272,277,313.172547
140.96908,75,313.257153
811.282247,253,313.49319
758.15927,235,313.695009
950.189845,293,313.98035
585.942305,185,314.146966
1132.847027,353,314.475036
1181.843782,362,314.824179
867.117671,260,316.39332
777.177845,240,316.582749
1253.8911,400,316.960593
843.121857,245,317.216029
127.394884,68,317.282378
764.346058,235,317.545116
988.708625,313,317.836724
687.200709,214,318.067829
722.30587,229,319.56584
658.662261,204,319.769892
742.79736,235,319.98187
1296.869287,403,320.399058
798.653671,264,320.655105
1029.773835,307,320.907244
668.779779,217,321.084181
792.714504,239,321.297398
643.721622,212,322.627556
1035.168962,312,322.932373
691.270238,212,323.133978
1174.821972,360,323.447064
620.273874,206,323.648715
859.724901,268,323.881051
742.282091,232,324.090645
840.975476,261,324.344401
860.337003,265,325.765511
683.657969,205,325.919223
1488.127043,500,326.309769
1027.941709,327,326.558892
931.958534,288,326.811034
144.445022,72,326.885452
720.657888,234,327.112832
667.663696,214,327.326094
675.046821,213,328.77689
776.262141,239,328.985432
1030.328143,313,329.280917
690.444273,222,329.445951
663.223388,209,329.607047
853.099569,256,329.828972
1051.065132,319,330.14309
1265.375573,406,331.688477
890.6187,271,331.957862
1157.711865,347,332.270017
1076.374596,321,332.553994
945.074911,287,332.815181
785.726897,236,333.032836
789.862703,245,333.290747
629.171416,193,333.444373
1403.060273,428,334.933673
783.983128,237,335.140299
819.601099,246,335.319552
758.793656,239,335.5183
281.488016,125,335.645752
828.323019,251,335.857429
834.034651,250,336.090467
586.364292,190,336.287628
986.336948,294,337.798084
605.314288,186,337.947406
983.682132,300,338.211431
896.703897,272,338.435731
995.000114,307,338.672088
638.769942,206,338.840119
1549.507272,475,339.226155
791.974495,237,340.651212
800.859114,241,340.871467
866.873218,263,341.115813
780.159251,234,341.330093
918.593789,288,341.598963
818.198667,262,341.861639
1409.591995,421,342.217327
1024.051535,309,343.714978
851.198988,268,343.940509
837.25404,255,344.171316
426.103203,157,344.317997
771.014072,244,344.55519
872.635111,278,344.807684
1091.712467,332,345.092288
1589.39823,500,346.841027
1020.956923,314,347.138335
1122.110828,336,347.451526
1531.832015,500,347.934473
1060.576596,323,348.235796
1006.014877,308,348.484685
881.023602,272,349.970802
1183.404477,335,350.267759
1457.357807,500,350.702214
1482.370274,500,351.150108
1041.461089,335,351.436336
1557.898292,500,353.006094
1530.267557,500,353.492241
917.933432,271,353.759259
783.880335,257,354.00781
840.890933,256,354.228628
839.356516,264,354.476862
528.038456,181,354.646578
1117.354061,339,356.183274
1123.336142,337,356.487617
930.033624,279,356.748547
1092.793718,336,357.026086
931.603283,274,357.225124
898.298109,271,357.488736
777.858339,238,357.705633
889.670343,271,359.200761
1364.998938,425,359.6322
887.898039,266,359.879292
1078.118552,341,360.152244
1347.041503,414,360.498264
1088.253311,337,360.747822
1155.729089,367,362.283133
1074.739089,323,362.604409
1427.541367,447,363.031525
1325.88196,422,363.422477
948.493983,288,363.705059
1358.757005,425,365.203883
940.439901,296,365.488666
910.248079,282,365.72599
1077.450828,317,365.997811
1592.506507,500,366.436733
1002.15665,309,366.74651
1522.838664,500,368.507078
921.22008,282,368.777909
1175.373184,371,369.09052
1007.925391,308,369.385186
1627.52846,479,369.770185
921.450516,278,369.989447
897.678183,267,371.477187
895.281529,272,371.749015
319.963386,132,371.879113
697.204396,218,372.096006
826.983714,245,372.342682
950.784013,279,372.598962
939.179477,283,372.852309
685.025881,220,373.035434
1434.858718,500,374.622962
800.901765,239,374.836105
1151.976481,353,375.19328
767.040998,233,375.428131
912.400921,279,375.69636
761.835165,229,375.915571
853.639439,258,376.172956
1102.241509,335,377.774086
1507.198892,500,378.231813
1443.741075,441,378.65044
724.26798,233,378.84311
754.203366,227,379.028273
900.919795,272,379.266372
1212.093514,354,380.917432
953.187535,291,381.186399
999.257862,304,381.473997
956.621268,294,381.736653
860.721226,252,381.973564
928.892063,294,382.248903
720.99031,221,382.438593
1538.694031,500,384.173873
878.738521,260,384.44276
749.337357,225,384.659675
1044.051772,315,384.955919
1126.850728,340,385.251195
912.949887,276,385.505683
837.977919,247,385.740634
826.105685,246,387.237272
758.774167,227,387.421317
1068.211101,326,387.674605
770.073244,238,387.8534
942.255248,284,388.148517
928.08329,286,388.448967
720.284837,223,388.640565
792.396397,236,388.866632
1214.488713,372,390.457345
960.900321,291,390.704805
1460.5621,425,391.06244
866.809691,264,391.294849
920.010655,282,391.546642
1488.258307,500,391.978446
1192.373336,370,393.606863
1632.57662,500,394.062698
783.075906,235,394.277102
785.379526,238,394.49536
627.967763,205,394.661526
1525.519284,500,395.124138
1527.162434,500,396.806
1541.885161,463,397.233789
1516.657474,500,397.73194
840.180716,255,397.970772
1138.232915,340,398.330814
1545.154295,500,399.934172
1399.86969,424,400.254928
1469.431493,500,400.677831
1533.628466,500,401.09466
1130.247953,338,402.695092
661.46656,204,402.880689
987.450534,294,403.135012
1372.70161,449,403.518658
1395.617214,500,403.916074
1163.983584,356,404.225955
1159.396284,339,405.705211
917.028254,278,405.976131
844.618808,250,406.21373
1392.14124,423,406.640016
912.732797,272,406.895845
688.166382,212,407.098715
1126.385695,332,408.695072
877.153623,269,408.914586
1420.377717,430,409.287662
679.782694,211,409.447534
1485.658914,500,409.893395
862.022688,254,410.132479
866.631986,249,410.383091
1104.663156,339,411.956033
1238.259175,374,412.290782
695.999558,209,412.482947
936.129451,272,412.692655
880.044568,258,412.913831
1629.666399,500,413.308156
816.295958,243,414.729004
1173.243076,360,415.072154
835.420641,249,415.277925
967.500569,290,415.534637
1494.264378,450,415.945565
978.786854,294,416.182644
1334.34078,400,417.702555
934.089761,281,417.922057
1562.521105,474,418.277683
1509.482281,500,418.685006
903.880388,265,418.92278
809.729002,239,419.157363
972.506744,289,420.622514
748.507256,263,420.870557
683.464963,252,421.125293
410.681109,170,421.28376
952.856698,279,421.560379
1418.118211,500,421.995638
1413.383083,446,422.391057
831.924176,244,423.839021
925.673941,270,424.101998
1414.173197,432,424.497823
1487.226261,482,424.965305
749.993191,227,425.14724
859.220726,253,425.394947
1493.040106,500,426.972159
1463.528353,500,427.457565
964.469529,280,427.717136
829.356635,246,427.896559
1477.364511,500,428.374335
1158.474759,343,429.912763
1448.601951,431,430.260826
1579.012723,486,430.648026
1619.995795,500,431.049977
974.03221,289,431.269204
1001.227932,295,432.767552
1382.976343,423,433.159323
1029.033584,306,433.443523
763.950684,274,433.697772
771.126809,228,433.914673
1152.719297,341,434.261738
1239.503016,353,434.58199
1366.501317,500,436.309901
1373.504089,400,436.739779
1534.832298,500,437.230794
1444.411284,500,437.739809
1564.18575,500,439.350738
1427.992534,500,439.779611
1328.517545,390,440.131771
999.356643,309,440.41464
1339.819355,500,440.887822
1181.385701,401,442.57805
1557.653345,476,443.019784
877.449443,260,443.256693
1018.542618,315,443.516224
1541.105805,500,443.973937
1537.019307,500,445.668644
877.960124,260,445.902485
907.739424,267,446.154565
1074.248868,317,446.452455
858.033395,250,446.696216
1599.425126,496,447.157649
1202.337724,354,448.718539
1455.54722,500,449.137024
976.977253,294,449.411324
814.282745,235,449.643127
1142.407848,332,449.952776
1636.970704,500,450.427889
848.699563,250,451.940973
854.735295,264,452.176468
1336.962946,406,452.493282
968.810721,292,452.748492
1272.08355,373,453.045339
1234.037317,373,453.356246
1387.926218,407,454.994276
812.079605,243,455.21778
925.409152,277,455.482918
1342.034524,391,455.839961
964.70771,289,456.101964
750.34703,223,456.267069
637.924305,196,456.470201
669.377416,199,457.755753
647.659521,201,457.934385
1058.651951,305,458.22334
1372.706375,402,458.620288
938.834656,284,458.890404
936.656613,276,459.187273
985.661432,295,459.463139
936.196032,276,461.046951
1527.539001,500,461.466516
921.278905,272,461.736718
1359.437896,429,462.141521
1714.443039,500,462.598323
647.372699,201,462.809183
1036.900998,314,464.361053
1587.510876,474,464.802277
1183.671532,353,465.138809
1272.703589,377,465.467443
1501.653612,446,465.901568
1593.877183,485,467.695745
1065.490387,324,468.021785
1573.72793,500,468.520993
912.614608,273,468.792213
1104.618497,329,469.062042
878.982997,298,470.551838
1396.935143,500,470.985507
1594.926648,500,471.461712
1041.612458,314,471.784277
1525.580222,455,472.199152
1307.059851,403,473.824488
859.830316,259,474.027484
1095.544571,327,474.30165
887.811947,268,474.519229
1318.805479,500,474.991922
900.050767,259,475.216842
1563.48459,500,476.936619
1434.88233,500,477.406849
772.044276,271,477.695832
950.888564,279,477.932971
990.603729,291,478.176127
1579.903724,500,478.576753
881.411494,298,479.964286
940.867198,278,480.2406
1641.20678,500,480.725648
815.920053,241,480.957555
1149.048498,336,481.271501
1411.156974,500,482.896769
1211.745556,350,483.154693
1542.56476,500,483.561062
1655.485071,500,483.970812
1087.738978,324,484.242941
1359.697868,392,485.851438
1515.238867,500,486.278126
1241.511407,363,486.640697
1095.828051,317,486.956151
1396.75798,500,487.424087
927.761982,279,488.88557
762.000772,225,489.10183
635.173231,189,489.264227
880.095534,253,489.516054
1473.095967,435,489.919299
682.007221,207,490.109276
1515.430027,500,490.49398
1279.886675,366,492.011985
1408.738846,500,492.462064
1201.801432,342,492.777064
996.919116,299,493.067364
908.993282,260,493.310787
983.32411,289,493.590821
1461.484738,420,495.239213
925.251024,269,495.492677
692.369183,205,495.704065
743.158043,226,495.938257
1603.722678,500,496.449045
882.071497,258,496.709286
992.464543,293,497.011258
1395.476424,500,498.767708
1445.792892,500,499.231715
1577.37596,500,499.681486
1041.972572,307,499.948604
908.06674,264,500.14736
1543.791461,444,501.75708
1118.054905,321,502.083694
1171.98951,336,502.411048
1231.961999,375,502.783579
853.073318,249,503.001076
1092.760404,315,503.287765
891.794315,256,504.715464
869.429664,247,504.925232
722.559206,213,505.11347
841.627593,241,505.339451
1122.704859,332,505.622964
947.593125,284,505.878765
964.575787,285,506.164623
969.887075,292,507.683882
1110.59165,328,507.963315
971.842195,290,508.228611
787.403221,232,508.432545
940.309978,282,508.667498
1246.037073,367,508.964065
967.038111,279,509.195862
1236.992928,369,510.736405
1531.218104,500,511.24192
1641.246871,500,511.715839
953.239745,284,512.021546
871.849725,256,512.281261
1197.619537,362,512.591374
1499.995062,500,514.241278
1562.740498,500,514.713441
1578.342683,500,515.196461
661.509181,203,515.385492
1438.139531,500,517.149305
1365.688604,500,517.567018
1592.423184,500,517.988429
1429.6791,431,518.339849
1652.440615,500,519.937316
1159.927746,350,520.262529
1523.786158,464,520.724079
1349.78238,500,521.176683
690.654025,212,521.341322
1667.981646,488,521.791419
1200.807686,341,523.238333
1310.932855,385,523.589767
218.93488,93,523.67355
1542.064015,500,524.152853
1430.727885,433,524.561231
975.254222,287,524.85303
698.7862,217,526.398234
1540.564112,500,526.907797
639.978413,197,527.101952
900.615101,264,527.325269
1516.859444,500,527.806828
1646.873699,500,529.628442
919.829326,284,529.910311
1178.922806,342,530.215008
1046.328714,308,530.50575
919.040357,279,530.735429
952.309856,283,530.978789
1441.464807,500,532.560046
1474.400999,500,533.038094
1295.406408,385,533.400035
1504.995471,500,533.889677
1530.658928,500,534.298076
1142.717742,335,535.7654
791.902601,273,536.018835
1698.895912,500,536.457467
956.297897,282,536.748323
1576.961302,483,537.223803
1519.404338,500,538.951921
1572.969255,500,539.422736
1055.893613,312,539.65544
965.313608,289,539.910805
1435.452805,500,540.300618
1497.82278,500,542.021568
1750.640974,496,542.476011
995.500145,297,542.756686
1601.657324,500,543.212819
1474.520993,500,544.875277
1256.821619,365,545.15591
1181.101934,346,545.429614
1272.811964,372,545.793063
1504.670078,500,546.24543
1213.402523,356,546.559205
915.473462,264,548.029053
1236.558234,376,548.349271
822.947148,240,548.534082
1628.331433,500,548.966067
1233.474986,358,549.236209
885.720315,262,549.487026
778.558499,230,550.944713
956.392743,272,551.216517
916.013956,273,551.442479
1542.331606,500,551.943047
1475.640988,415,552.333526
938.993382,269,552.599929
1541.106255,500,554.228436
1727.0752,500,554.714901
1740.613405,498,555.200277
1676.35247,500,555.687968
865.646751,248,555.929914
1485.579493,448,557.630527
1540.441715,500,558.095126
1555.696028,500,558.545875
1487.750499,451,558.978672
1510.118421,438,560.603428
964.819139,286,560.832122
956.08545,272,561.052149
1201.084671,353,561.339654
1666.679848,500,561.743191
1309.032387,417,563.255937
1225.197958,361,563.583026
1648.759272,500,564.062349
1212.197921,358,564.402096
1511.389166,441,564.809677
1177.07997,335,565.118256
1450.193438,427,566.674368
1601.935917,500,567.120187
1471.547879,500,567.587883
1580.170864,473,568.037533
987.002473,292,569.526369
956.350288,286,569.714097
1503.611933,438,570.053747
1445.877752,426,570.372431
859.236887,250,570.607808
923.220957,261,570.846935
967.719246,278,572.328426
1071.475823,303,572.61727
1071.480848,311,572.895782
1315.255661,500,573.373101
1650.290405,500,573.81251
1096.170989,317,574.062914
1587.513349,500,575.697873
1571.566535,500,576.153083
1566.505835,500,576.618357
1114.456397,323,576.914424
1597.712464,500,578.539992
694.661246,213,578.691054
678.851208,208,578.864772
1450.97087,500,579.302831
782.36562,231,579.480282
1597.337324,461,579.847856
874.762829,255,580.069928
1292.633039,380,581.750299
1385.187789,421,582.146345
1135.534274,323,582.389569
1213.681691,357,582.670619
699.165079,215,582.861198
835.613507,247,583.09107
833.797101,253,584.450771
1597.510074,500,584.930362
1489.744243,500,585.430787
850.464484,247,585.708429
801.109059,243,585.95731
1484.164656,500,587.742997
1665.523138,500,588.207176
1241.230225,367,588.588106
768.815506,226,588.80287
1056.470862,296,589.130244
1138.016114,330,589.468661
1020.067726,291,591.066543
923.898432,266,591.31091
1446.386885,409,591.689281
1617.291366,500,592.158204
1558.30036,500,592.617416
776.174591,265,592.820786
1490.953478,432,594.532026
1379.432414,410,594.897153
1596.181331,500,595.377396
1481.710204,427,595.789308
1652.40145,500,597.392013
650.789421,196,597.570026
966.472998,277,597.830753
891.180007,252,598.063884
978.289548,282,598.30132
1629.609947,499,598.739904
1264.45032,360,599.078785
978.651859,287,600.549235
924.358699,264,600.795391
515.994556,166,600.951265
1059.162907,310,601.221538
1007.86975,302,601.499378
942.378931,271,601.745282
840.454846,238,601.971625
1205.2558,358,603.591399
970.724321,285,603.882419
1159.486547,335,604.186852
890.755578,257,604.447362
1195.434531,351,604.765201
1589.439035,500,605.181619
920.368768,268,606.639335
1383.319752,407,607.0214
1273.603443,371,607.409308
1273.448855,379,607.768485
1213.569512,352,608.125262
1455.861453,500,609.798397
1284.508412,366,610.116765
970.496407,280,610.357016
1619.922549,500,610.771835
693.153938,211,610.954905
970.534462,277,611.231745
1530.524704,500,612.92783
1542.356401,500,613.427462
1526.367886,461,613.84388
1555.458128,500,614.26245
1525.045409,500,615.894273
1677.325536,500,616.413569
1270.885625,371,616.7845
682.509612,206,617.007559
1090.924735,306,617.298343
703.878626,213,617.513884
1581.388372,456,619.142204
915.492954,255,619.347353
1577.558484,500,619.80256
1398.951239,403,620.200487
716.445401,212,620.416573
1569.300888,500,620.868661
1027.600873,295,622.384078
951.001684,276,622.599523
1204.425375,360,622.902032
1524.651062,500,623.318601
1613.792725,500,623.758224
1708.069322,488,625.504126
706.369686,216,625.698796
929.525685,271,625.968236
841.858614,250,626.205421
1000.776966,292,626.457632
1611.146297,500,626.881985
1591.732804,469,628.480039
847.660668,262,628.720929
1418.402835,430,629.120059
705.951159,214,629.313581
1698.938557,500,629.775412
1072.651458,312,630.07408
1202.022411,364,631.643647
990.995437,304,631.912524
889.737656,261,632.147899
814.607869,234,632.365437
1528.858713,459,632.800266
1680.513208,500,633.297312
718.981176,212,634.732708
1370.203876,416,635.088346
970.679186,286,635.321967
1557.600232,500,635.738637
1024.966488,303,635.962472
1490.506744,500,637.5918
978.536265,289,637.865497
984.356182,285,638.115076
1162.591139,338,638.438009
1011.103921,294,638.69413
1366.920881,390,639.067469
1572.569948,500,640.674818
1594.292879,500,641.074001
1447.885518,409,641.376252
1553.308239,500,641.89579
1039.259592,298,642.190243
1314.572272,441,643.880353
668.445205,208,644.05429
1649.654585,500,644.474269
1079.744974,366,644.773095
1628.923419,500,645.242782
1467.809137,484,646.988239
1555.643652,500,647.498568
1471.995138,500,647.959352
1677.408594,500,648.434762
500.146486,182,648.5865
820.642257,259,649.905136
1156.554222,364,650.237304
1377.614267,484,650.69278
1552.506183,500,651.140691
1470.980564,500,651.592087
1545.275552,500,653.223038
1457.222309,500,653.647108
1016.99281,293,653.883363
1379.265103,404,654.212524
1508.563396,500,655.881259
1618.147683,500,656.358943
1588.800022,500,656.826933
1627.589122,500,657.259315
869.811916,247,657.480943
1276.944502,359,659.040325
736.641278,212,659.234887
1307.974072,386,659.612302
934.238603,273,659.861358
871.30968,251,660.099171
700.749518,208,660.300236
1620.279517,500,660.778437
983.545974,289,662.234455
1273.712643,370,662.573137
766.33444,218,662.754271
842.786422,238,662.961121
1413.212502,396,663.318285
1148.121517,342,663.618736
1422.952659,420,665.23443
847.172386,240,665.439091
1218.388422,356,665.754561
991.550163,285,665.986774
1050.057358,299,666.2453
1542.499921,500,666.67301
1792.607888,493,668.331009
1048.074565,294,668.626964
1611.399228,463,669.06156
1556.66672,500,669.542444
1670.326961,500,669.978727
1051.902761,312,671.483097
1349.508938,387,671.863287
875.208469,260,672.100235
1366.864622,393,672.482
942.08402,265,672.714662
1393.125703,394,673.025059
1612.18552,500,674.713476
1211.033983,351,675.047639
902.161841,256,675.272704
1002.388124,295,675.557515
1546.905716,428,675.931178
1232.532055,356,677.59324
913.155606,258,677.863199
1074.454938,306,678.17081
998.797864,277,678.433256
963.058203,281,678.653303
703.219789,211,678.832398
1742.178269,500,679.266547
1006.212659,283,680.643562
1657.796404,500,681.053375
942.433308,267,681.305569
946.779955,269,681.569106
1612.263103,500,682.050795
1203.583023,344,682.359662
1597.888535,500,684.01874
1552.83617,500,684.456892
1582.948273,500,684.864184
618.80821,190,685.020447
1129.145816,320,685.3339
706.206601,211,686.787396
1536.637342,500,687.267853
1600.600052,500,687.658296
845.29265,239,687.85034
1532.909663,500,688.290042
1544.685133,500,689.801215
1131.510015,317,690.106747
994.478958,290,690.387024
765.59084,221,690.606099
1076.580786,305,690.85306
903.383188,252,691.095326
1532.482635,500,692.676876
1488.879244,433,693.023594
879.739102,249,693.229264
876.193444,246,693.425837
1000.63863,284,693.64004
1636.11177,453,694.003704
1499.978016,500,695.737779
1604.483926,439,696.157555
1644.597857,500,696.586303
1580.591274,500,697.035234
1163.705439,324,698.506614
700.323278,207,698.689302
1807.995532,500,699.161514
1612.631726,500,699.669497
1031.578772,295,699.981031
470.590838,158,700.132378
1020.181923,279,700.419128
1479.069004,414,702.103893
1637.278176,500,702.510737
1292.606748,379,702.883911
904.12483,256,703.102702
1621.326709,500,703.598303
1614.674257,500,705.295925
1086.556768,303,705.565215
1502.057221,413,705.920745
1651.29749,500,706.431541
997.636874,294,706.72874
1095.872866,313,708.335603
1517.737048,435,708.738047
1370.823377,382,709.105369
1344.891473,384,709.454595
942.592483,266,709.708875
1103.224975,308,709.970764
464.63499,153,711.322213
1537.249671,500,711.818569
1347.774326,369,712.163144
1403.411212,405,712.547171
1137.529107,323,712.855662
1312.204053,380,714.378126
836.828832,245,714.54474
1753.312841,495,714.952181
1338.944477,371,715.253493
939.633956,263,715.466474
1779.195404,500,715.903969
1672.110215,500,717.61474
979.110587,277,717.879961
1128.467258,324,718.16436
1027.393061,293,718.418338
1175.82674,336,718.710697
1538.184647,446,719.048568
1158.596813,321,720.453079
1225.483421,363,720.816287
1201.439634,340,721.162718
1449.471212,406,721.569745
1254.572447,354,721.903779
1211.533085,349,723.461585
1750.645411,499,723.878457
849.662657,244,724.070033
193.015274,85,724.13878
1062.570731,299,724.406822
997.505945,299,724.673932
1589.364217,500,725.141046
1691.821474,500,726.913771
1694.442409,500,727.384402
991.174512,285,727.654774
1549.076338,443,728.074763
1000.436301,281,728.325894
1345.125764,368,729.95318
1616.655943,500,730.452771
1727.687031,500,730.905818
1237.462664,347,731.236542
1243.780743,351,731.615784
1547.769236,500,733.283302
935.538586,263,733.52651
905.723267,256,733.788792
1637.093272,500,734.284028
1613.021707,500,734.759703
1133.52405,319,736.371196
1690.177178,500,736.858886
1210.099769,338,737.186048
1622.009315,500,737.706242
1609.276866,500,738.252782
1614.928797,500,739.973631
1242.623184,342,740.289855
222.094135,95,740.376961
1610.921427,500,740.786468
1600.421898,500,741.281298
940.670669,267,742.746714
1259.533124,355,743.090139
1676.561884,477,743.559066
595.096949,181,743.735031
1391.680169,390,744.106295
1501.267194,421,744.421611
1511.094911,443,745.836225
871.428468,248,746.018656
663.670709,202,746.166684
964.241521,267,746.408693
1141.886426,320,746.735449
1747.450713,500,747.227377
1559.841429,439,748.851333
987.968976,270,749.057452
1655.280049,500,749.508618
1251.144327,358,749.803317
1654.197523,500,750.234004
1049.994146,302,751.736532
1565.706008,500,752.238486
1558.469643,500,752.696587
1570.476654,447,753.086284
1538.65298,500,754.697088
1572.014511,500,755.119863
1525.588445,500,755.57715
1560.037219,500,756.047822
1570.083366,500,757.753671
1562.01174,500,758.167492
1622.36963,500,758.591214
1572.731312,500,759.000428
1650.831278,500,759.439952
1692.047423,500,761.126518
1520.807216,500,761.577867
1553.277803,500,762.028148
1660.039498,500,762.513046
944.90599,264,763.952639
669.935802,205,764.138866
1672.63953,500,764.601124
1659.91542,500,765.054947
1466.287556,423,765.494815
1601.992405,500,767.228038
1545.367078,500,767.717004
1506.061356,432,768.135714
1616.419285,500,768.641022
964.871405,275,768.914954
1103.967694,324,770.396674
1560.574174,500,770.762595
942.196414,268,770.989507
1060.038743,302,771.213053
1600.627526,500,771.635541
1597.477524,500,773.284021
1596.431192,500,773.736013
1487.700597,424,774.125054
1020.64421,289,774.407195
962.62326,268,774.660833
1262.051006,354,776.181759
1522.520146,444,776.564906
226.20132,97,776.663962
1691.85022,500,777.058902
1690.553327,500,777.513263
1468.422906,417,777.881416
1587.036181,500,779.503981
1640.306256,500,779.904697
1716.835159,496,780.332019
779.742432,235,780.558038
1436.910246,422,782.155628
1417.52662,409,782.54033
1571.320729,456,782.95309
936.09026,263,783.190985
1259.235295,365,783.525674
1584.308081,500,785.117142
1208.193763,343,785.419187
849.369637,242,785.649145
199.771477,88,785.738941
1531.672901,432,786.139522
1042.88512,291,786.42355
1607.803649,500,786.907827
1556.216236,500,788.574442
1638.599747,500,788.979705
1559.026416,500,789.369266
1428.097143,403,789.77823
1606.627899,462,791.460389
1063.304253,292,791.721832
1608.497347,500,792.141128
1564.159556,500,792.575594
1755.76371,500,793.010914
969.844745,285,794.458381
1597.789854,500,794.929011
239.70823,99,795.022817
1582.337951,500,795.512782
1539.871973,456,795.943217
1568.125561,459,797.659011
889.990213,257,797.89746
885.195872,251,798.134477
383.746183,142,798.288095
1557.695239,500,798.710748
1647.895136,500,799.188688
1703.180734,493,800.912566
1715.138125,500,801.326519
714.33732,209,801.522186
1646.829424,500,801.967782
1601.582266,500,802.404482
1235.478577,362,803.899257
677.39316,199,804.093124
1613.565115,500,804.548857
207.97102,90,804.622706
1744.901997,500,805.043618
1149.371083,320,805.349182
206.581044,89,805.433503
1661.384049,500,807.307822
1588.95364,500,807.806756
1451.689435,412,808.204919
1591.558331,450,808.663835
215.578754,93,808.76892
1011.701578,288,810.240605
1763.033323,500,810.560655
1316.257717,377,810.866377
988.237271,282,811.022994
1474.929194,409,811.236171
1217.415497,341,812.205049
1645.819414,500,812.458731
962.071702,274,812.599765
1048.918285,293,812.74611
1589.209724,500,812.992765
1116.931778,317,813.17025
1604.516092,500,814.161323
1782.653992,500,814.372807
1594.532441,444,814.558482
196.929141,88,814.592732
1735.182242,485,814.794291
1573.403458,446,815.757874
1606.738325,500,816.02919
1695.518656,500,816.28126
1630.08424,500,816.522033
1408.487981,404,817.370152
1306.862617,368,817.549739
1097.686128,307,817.679277
1177.08056,320,817.836088
1597.512769,500,818.068858
194.944912,87,818.100433
1648.904125,500,819.075352
757.539103,239,819.209507
1075.717597,300,819.391841
1107.89485,316,819.562589
1011.155208,284,819.710004
180.332816,81,819.752102
1592.260027,443,819.946297
204.487789,90,820.009192
1025.970686,282,820.862082
857.132525,243,820.983872
951.611569,281,821.123237
1604.886473,500,821.373267
1652.917514,500,821.653574
1596.828229,500,822.616005
1612.90286,500,822.872484
1093.440702,309,823.01444
778.273548,234,823.127854
1291.832358,353,823.271188
1588.678651,500,823.527084
1412.589576,393,824.45284
1685.677885,500,824.683824
1007.279075,289,824.816552
1318.428361,378,824.989514
1642.63607,500,825.252993
1323.558259,374,826.602735
1296.890035,376,826.89718
1760.227174,500,827.304363
1178.405931,332,827.618066
681.511393,206,827.814777
1390.101751,393,829.306115
1652.000085,500,829.693227
1215.514277,343,829.970569
1621.114083,500,830.285126
1334.310442,374,830.606555
969.789236,279,832.146924
1642.717946,500,832.66841
1050.934794,298,833.002567
1322.229281,359,833.316746
989.451372,289,833.580086
1018.004779,289,833.868161
893.012642,256,834.159072
1559.822099,436,835.786101
1647.868044,500,836.08455
1671.847422,500,836.408346
1638.93179,463,836.747175
1639.224809,500,838.055996
668.867916,203,838.176931
1727.876261,500,838.637082
1721.695966,500,839.139352
1603.212941,500,839.641684
1576.592214,500,841.453824
1590.888274,500,841.8661
1494.15569,418,842.219926
1782.490553,500,842.686708
1627.827144,500,844.340833
1684.74795,500,844.790711
1220.046518,346,845.05352
1683.943389,500,845.455562
1658.877878,465,847.05681
1548.473958,425,847.433547
1590.974373,500,847.89839
1726.070299,500,848.350171
744.073363,220,848.535465
1737.069322,500,850.130937
1367.787581,382,850.396338
1393.83391,399,850.756511
1628.061061,500,851.177079
1653.006445,500,851.618878
1625.338354,462,853.336779
1679.499445,500,853.760892
1475.767127,402,854.106553
1669.100751,500,854.523977
913.260692,262,855.991263
616.026297,192,856.197604
1800.134745,500,856.689895
1698.373172,500,857.176006
1653.270372,500,857.640761
1625.824295,500,859.254301
1731.306543,480,859.659699
1575.491641,500,860.084137
1660.394824,500,860.524436
1673.647023,500,862.228956
1217.240554,338,862.484329
1410.438523,384,862.80176
1311.755202,371,863.119995
1295.908369,368,863.39312
1707.744512,500,865.063611
1624.901296,500,865.506011
1095.224882,311,865.800267
1720.761696,500,866.236606
1676.765738,500,866.755655
1454.112029,401,868.291417
1223.931851,338,868.579832
1056.696938,296,868.84227
1717.019853,500,869.312658
1369.128212,383,869.672632
1718.209621,500,871.295315
1723.572042,473,871.693509
1697.982246,500,872.122685
1714.414296,475,872.548129
1078.238458,295,872.79307
910.879964,256,874.314847
1534.675013,500,874.779117
1646.139678,500,875.225184
1432.437082,380,875.500606
1677.084561,500,875.906328
1772.034601,500,877.501975
1659.318883,500,877.974369
1573.724161,439,878.388493
1568.270814,448,878.80209
1635.602935,500,880.459418
1491.641295,424,880.819433
1072.328608,304,881.079869
1662.039766,500,881.552318
1667.631913,500,881.965583
1781.238635,494,883.680298
1508.268793,434,884.035319
1719.150065,500,884.398546
1652.206596,500,884.80971
1701.962946,500,886.499451
1478.147819,428,886.936062
1701.418173,500,887.39994
1566.776652,500,887.867471
1760.716593,500,889.569258
1663.96739,500,890.04945
1676.898434,500,890.489534
1818.154599,500,890.939635
1744.128619,500,892.672675
1115.595274,312,892.953494
1666.110886,500,893.36073
749.174342,216,893.535795
1805.767264,488,893.961461
1664.439087,500,895.681078
1632.994299,500,896.175533
717.707426,211,896.364492
1691.627989,500,896.867994
1304.872442,356,897.156184
1026.651553,287,897.382265
1090.919724,298,898.791932
864.09778,250,899.041494
1601.366191,500,899.509602
1609.373804,500,899.981471
1700.848277,500,900.456952
1590.379144,500,902.020691
1639.481667,500,902.503748
1583.192508,500,902.877324
1023.592035,293,903.086099
1725.368629,500,904.835312
1676.301149,500,905.300949
1659.41389,500,905.74672
1646.187902,500,906.194822
1609.410067,500,907.774249
1381.015108,385,908.108446
1032.013207,292,908.370259
1540.636018,436,908.776597
1733.530498,481,909.201122
819.732823,252,909.399759
947.051818,266,910.806592
195.864663,88,910.894925
1660.834409,500,911.288485
1636.571129,450,911.657811
1091.566898,309,911.924956
1254.185577,359,912.245337
1489.44598,409,913.897309
1657.803985,500,914.383293
1682.705828,500,914.751476
1034.134953,288,915.00043
1796.486429,497,916.743201
217.00913,93,916.842923
1719.464345,500,917.354753
1678.584602,500,917.860879
1670.78997,500,918.335712
199.462747,88,918.423628
1657.317416,500,920.046539
1712.900097,500,920.444541
1633.435907,453,920.910006
1672.030931,456,921.327591
1662.444306,500,923.064238
1672.518159,500,923.520415
1592.356621,500,923.953096
1634.562903,500,924.371387
1666.704485,500,924.806402
1714.271739,500,926.512244
1427.633519,405,926.905564
1675.970406,500,927.346805
1756.653362,483,927.697934
1759.229776,500,929.238922
1678.891669,500,929.661427
1727.747331,500,930.128627
1693.72955,500,930.600474
1625.45778,500,932.284967
1660.539341,500,932.707581
1728.486556,500,933.154738
1579.1808,500,933.580904
1636.223735,500,935.245363
1670.29251,500,935.714004
1539.663016,436,936.118498
1698.780931,500,936.532384
1199.622375,342,936.857788
1621.199592,500,938.394757
1684.56191,500,938.847408
1678.509392,500,939.351998
1722.579057,500,939.831142
1212.557529,330,941.357898
1113.071925,317,941.645058
959.220732,278,941.897702
1281.190371,358,942.239094
748.981685,225,942.408627
899.787704,251,942.642837
1726.635927,500,944.323833
1197.868716,341,944.667191
1513.316141,418,945.076432
1319.660206,378,945.397613
1577.455952,456,945.868351
1686.302155,500,947.662011
1754.806361,500,948.157484
1295.991552,362,948.524206
1715.707797,500,949.013138
1459.153849,399,949.379118
1673.863178,500,950.931
1151.268671,314,951.19682
1737.513583,500,951.629287
1740.758245,500,952.120822
1658.520143,500,953.801169
1300.25031,369,954.127839
1770.949438,491,954.485236
1711.681088,500,954.903648
1678.272195,500,955.331627
1628.134265,500,956.957897
1802.429607,500,957.421643
1057.470542,311,957.702175
1680.810805,500,958.161992
993.071282,282,958.409622
942.035971,258,959.770899
1377.674122,381,960.099453
1598.699002,500,960.548902
1663.462855,500,961.002726
1597.676879,433,961.396439
1709.772277,500,963.028043
1698.583497,500,963.405078
1734.69415,500,963.804866
1647.997023,500,964.201484
1694.380299,500,965.886188
1162.039699,318,966.181082
971.99017,272,966.415673
1668.752533,500,966.874911
1255.563751,343,967.203068
1067.676999,305,968.643833
771.594337,217,968.822323
1001.526637,275,969.082614
1785.038871,500,969.542811
1358.603395,375,969.867328
1752.188211,500,970.319744
1193.867306,325,971.831117
1402.184393,394,972.187992
990.729684,277,972.402673
1712.76039,500,972.834275
1745.823377,500,973.317882
1350.419357,371,974.898292
1044.905407,285,975.152432
1088.461944,304,975.438791
1526.459826,411,975.824719
1653.070944,500,976.284107
1040.728147,295,977.856296
1627.52886,450,978.28018
1004.956576,285,978.565876
881.130651,254,978.796597
1666.052337,500,979.239362
1713.600338,500,979.684008
1378.827227,385,981.181337
913.467246,255,981.39182
1047.653061,292,981.648133
1046.520794,331,981.915997
1707.31488,500,982.346775
1245.496454,357,983.872354
1684.245986,500,984.343799
1169.429166,315,984.587791
1038.635261,343,984.849825
1669.696057,500,985.28954
1096.242926,348,985.634519
1375.896066,432,987.3174
1037.453571,286,987.586354
1727.193612,500,988.061631
983.466963,276,988.297408
1237.024232,349,988.600384
1673.31392,500,990.22164
1653.8862,500,990.625955
1355.215667,423,990.993305
1679.640024,500,991.464747
1069.836873,360,993.043187
1583.749432,500,993.464637
1127.718156,342,993.733283
225.921754,96,993.835147
1598.307118,500,994.285976
1128.082286,312,994.54217
1713.117517,500,996.214735
1626.853464,500,996.69975
235.340725,98,996.798484
1508.519068,429,997.217097
1628.351469,500,997.616069
1052.568436,296,999.050997
1622.04195,500,999.479292
1662.546014,500,999.892492
1134.103478,315,1000.185158
1683.081536,500,1000.653419
1696.516362,500,1002.263771
926.562938,263,1002.455046
1838.977804,500,1002.887786
1261.268408,345,1003.176956
944.547274,263,1003.409474
1676.884636,500,1005.190739
1818.636936,482,1005.615834
1697.599551,500,1006.084554
685.127036,221,1006.292539
1723.177276,474,1006.742848
1649.135426,500,1008.403452
1718.137753,500,1008.863865
1730.733865,500,1009.353174
1703.519301,500,1009.835602
1547.329663,500,1011.463819
1008.637475,287,1011.71912
1811.175076,500,1012.147256
1698.79921,500,1012.573373
1418.608402,398,1012.904084
1131.104255,351,1014.516109
1604.007336,500,1014.921377
1378.766117,377,1015.246683
1684.365402,500,1015.632156
1657.40514,500,1016.034782
1666.02286,500,1017.571178
1323.252495,371,1017.907602
1681.933875,500,1018.363205
1654.649506,500,1018.831352
1750.96501,483,1020.356676
1634.299811,500,1020.772581
1648.799384,500,1021.231101
1556.885986,417,1021.580758
1525.374649,415,1023.207901
1633.00917,500,1023.637507
1618.221789,500,1024.081357
1642.367217,500,1024.539156
1588.719966,500,1026.197036
1525.649742,500,1026.681704
1202.254741,330,1026.999125
1691.865932,500,1027.442846
1720.354781,500,1027.90866
1299.653261,365,1029.376771
1682.377772,500,1029.769552
1511.28704,405,1030.118397
1238.003055,343,1030.409775
1652.147674,500,1030.890958
1660.029135,500,1032.602638
1700.654898,500,1033.02516
1740.716427,500,1033.438169
1149.348706,335,1033.758894
1048.048567,293,1033.98248
1695.489668,500,1035.671932
1725.007053,500,1036.16836
1615.547863,454,1036.64295
1711.374938,500,1037.175667
860.191364,246,1038.650888
1294.859863,349,1038.948146
1393.921839,377,1039.295687
1230.83528,353,1039.621236
1540.6825,431,1040.029459
1457.083835,389,1040.408546
1477.443268,424,1041.939234
1583.821564,450,1042.309233
1688.800764,500,1042.68153
1708.475021,500,1043.101675
1062.795514,291,1044.532126
1657.487032,471,1044.952796
1699.672748,500,1045.381471
1697.608422,500,1045.78554
1649.362722,500,1047.381003
1661.758954,500,1047.792154
1407.540104,382,1048.158429
1656.658232,500,1048.644141
1384.940271,381,1048.987058
1668.075122,500,1050.639106
1579.815496,443,1050.992147
1673.203612,500,1051.419791
1629.94924,500,1051.869712
1657.311441,500,1053.563256
1690.003892,500,1054.048871
1342.850786,376,1054.418432
1649.641968,500,1054.875021
1741.408061,500,1055.374206
1664.24712,500,1057.056404
1643.107274,500,1057.54137
1399.043223,379,1057.855439
1738.501542,500,1058.291134
1681.340461,500,1059.832171
1271.230023,352,1060.10179
1666.209765,459,1060.534073
1695.937114,500,1060.999811
1605.754674,453,1061.407619
1597.791231,500,1063.197104
1692.694652,500,1063.634947
1757.640551,500,1064.083541
1502.40454,417,1064.415428
1685.691774,482,1066.151703
1633.672004,459,1066.609201
1728.332056,500,1067.106686
1664.384011,500,1067.559232
980.884327,291,1069.077368
1745.520959,478,1069.475775
1726.306953,500,1069.876114
1686.284943,500,1070.343315
1362.535047,392,1070.671949
1337.839789,365,1072.217247
1786.475563,489,1072.612727
1773.475544,488,1073.002709
1276.010581,356,1073.309361
1622.236198,500,1074.957887
1678.33057,500,1075.383533
1711.32356,500,1075.80985
1784.340427,500,1076.218593
1660.684505,500,1076.678289
1692.055578,500,1078.440329
1669.682891,457,1078.882721
1686.883832,500,1079.361126
1707.782011,500,1079.804056
1730.73446,500,1081.495791
1724.29597,500,1081.942009
1630.698167,452,1082.319419
1738.517865,500,1082.73417
1682.486548,500,1084.477659
1716.614994,485,1084.952103
1703.038326,462,1085.387201
1710.09126,500,1085.781967
1416.077258,406,1087.356449
1671.841318,500,1087.839822
1666.002116,500,1088.319351
1219.708656,353,1088.624186
1264.842836,369,1088.94481
1705.653887,500,1090.576066
1756.024393,500,1091.011572
1657.582504,500,1091.480613
1774.91795,477,1091.93118
1395.838867,392,1093.518412
1686.317723,500,1093.957133
935.320026,272,1094.227873
1656.489294,469,1094.606332
1153.593777,325,1094.894339
1696.821331,500,1096.63595
1316.543535,368,1096.972623
1758.02685,500,1097.502512
1029.81806,288,1097.798045
1383.758047,393,1098.204267
1603.483274,500,1099.93268
1000.548328,274,1100.185577
1705.644105,500,1100.656794
1591.616358,447,1101.091865
1028.057923,288,1101.374243
1508.560348,405,1101.698099
1689.250847,500,1103.374095
1351.638396,375,1103.677695
1662.017562,500,1104.171989
1664.396187,500,1104.578685
1169.978493,322,1106.069278
1596.687219,446,1106.479368
870.048516,245,1106.688904
1563.48775,444,1107.052291
1324.990102,362,1107.351963
1054.370045,300,1107.587659
1691.813451,500,1109.049061
1835.766074,483,1109.509293
1693.050561,500,1109.954911
1832.078244,500,1110.452952
1679.950491,458,1111.926076
1668.521196,500,1112.376561
1646.601907,500,1112.780075
1784.691321,488,1113.183028
1697.036657,500,1114.945347
1450.503646,399,1115.282264
1699.684736,500,1115.752155
1717.997717,500,1116.155733
1350.701077,365,1116.502723
1005.904641,286,1117.985886
1680.80993,500,1118.448918
1318.441762,348,1118.773228
1232.170252,343,1119.089768
1617.615007,454,1119.503001
1391.150433,374,1121.048326
1577.97248,500,1121.49926
1693.445731,500,1121.979678
1669.371329,461,1122.449403
1802.84934,500,1124.148055
1028.90131,286,1124.387511
1024.16744,278,1124.610822
1719.054758,500,1125.005455
1686.446684,500,1125.489636
1695.712184,500,1127.245108
1073.424754,299,1127.545415
1709.147185,500,1128.02038
1073.597165,295,1128.29524
159.921327,77,1128.378719
1767.968893,500,1128.805009
1767.832761,500,1130.415569
1091.695685,301,1130.658014
1704.177564,500,1131.089029
1489.284952,414,1131.498408
1274.055928,345,1131.826925
1717.480743,500,1133.526262
1697.196384,500,1134.002768
1368.771212,385,1134.301577
405.728837,145,1134.428108
1498.539205,403,1134.775455
1278.214091,347,1135.071218
143.698531,70,1136.314766
1027.163689,278,1136.562116
1368.288788,414,1136.945139
163.975258,76,1137.022896
162.0568,76,1137.103768
1674.541886,500,1137.474957
881.403352,254,1137.700364
1786.625822,500,1139.285304
1677.021402,500,1139.660174
1669.478943,500,1140.161437
1736.295568,500,1140.648496
1038.489789,290,1140.931813
1637.255345,500,1142.605071
1190.720596,329,1142.881746
1602.360215,500,1143.297055
1834.843711,493,1143.709311
1080.765237,297,1143.963795
1030.847625,288,1145.504315
1647.474327,459,1145.903663
1682.096208,500,1146.315361
1747.395808,500,1146.816522
1660.90002,500,1148.394228
1634.24689,500,1148.855896
1669.085104,500,1149.315225
1649.569436,500,1149.756469
1740.2189,500,1151.291359
1684.216914,500,1151.755116
1524.412416,432,1152.139517
1682.062521,500,1152.658649
167.851547,80,1152.751459
1733.131886,500,1154.448324
1684.710323,500,1154.910087
1444.785498,400,1155.297245
860.668632,242,1155.506196
967.163648,269,1155.792186
1697.86828,500,1156.246912
794.370243,226,1157.758807
1170.722797,316,1158.075312
887.383232,258,1158.34224
1682.656173,500,1158.805481
1656.586673,500,1159.186554
1732.85379,500,1160.733195
1702.391595,500,1161.145716
1310.295596,366,1161.468717
1019.478205,282,1161.738026
1239.022324,334,1162.055907
1678.393216,500,1163.703509
1522.156606,417,1164.023924
690.474851,205,1164.182573
1790.992746,489,1164.551278
1239.717538,342,1164.854205
1807.668422,491,1165.270875
1198.070622,325,1166.815745
1648.249568,500,1167.292557
1491.295385,404,1167.6478
1652.976346,500,1168.078301
1716.247434,500,1169.681613
1700.650696,500,1170.107034
1565.507287,426,1170.471297
857.990497,241,1170.706146
1652.594175,500,1171.182776
1705.168034,500,1172.766867
1632.687289,500,1173.186832
1852.730838,500,1173.611907
1631.125875,500,1173.973395
1609.969732,500,1175.650531
1642.934043,500,1176.115874
1686.729559,500,1176.50862
1717.23249,500,1176.943036
1687.486755,500,1178.504221
1206.028742,321,1178.797693
1650.376035,500,1179.220118
1626.13169,500,1179.683269
1696.344741,462,1180.07809
978.361032,289,1181.576672
1671.61641,464,1182.010489
167.695322,79,1182.089708
1685.951059,500,1182.550048
1026.972309,312,1182.816557
1677.916857,500,1183.242812
1565.121558,421,1184.854206
1216.594152,324,1185.148176
148.117266,73,1185.22737
1180.333102,323,1185.54611
1714.270024,485,1185.998147
1353.062305,407,1186.380884
1610.215613,437,1188.227242
1670.769487,500,1188.772603
1568.855056,418,1189.203018
1736.945834,500,1189.639379
1246.362386,341,1191.15358
1450.698924,400,1191.554954
1659.710287,500,1192.030242
1761.280612,500,1192.520225
1667.102908,500,1192.956665
1397.652761,397,1194.531457
1235.222657,336,1194.864701
1175.875297,316,1195.13274
1675.918005,500,1195.621421
1602.65667,500,1196.100555
151.432313,73,1197.47324
1241.800919,328,1197.785313
1682.034938,454,1198.205344
1053.951957,286,1198.449605
1672.97307,500,1198.903175
1725.940906,500,1200.407187
1624.155713,500,1200.816689
1733.098554,500,1201.26206
1650.163091,500,1201.75128
1651.609622,500,1203.423484
1863.491447,500,1203.901668
1675.407573,500,1204.277428
1200.834086,322,1204.516779
1229.672924,340,1204.801003
1731.353559,500,1206.53501
1593.386676,500,1207.025232
1116.918653,313,1207.307621
1694.9589,500,1207.736331
1033.20071,288,1207.981416
1688.525893,500,1209.653756
1662.234321,500,1210.118219
1746.915431,500,1210.577999
1631.602793,500,1211.001968
1714.485169,500,1212.608155
1701.303104,500,1213.007852
1157.950335,319,1213.290926
1670.016129,500,1213.748537
1693.495293,500,1214.126903
1683.340391,500,1215.857714
1544.242945,427,1216.235539
1196.436426,327,1216.556797
1678.381144,500,1217.011065
1448.641843,392,1218.654189
1232.03683,336,1218.985447
1840.480563,500,1219.437032
1671.559874,500,1219.864316
1429.452364,395,1220.19915
1701.436179,500,1221.836851
1726.794075,500,1222.271134
1739.436125,500,1222.707045
1638.017608,466,1223.12869
1755.126002,500,1224.75685
1672.161047,500,1225.143183
1694.430965,500,1225.600554
1699.797395,500,1226.020362
1690.828405,500,1227.595471
1661.700782,500,1228.076893
1244.005927,349,1228.380181
1172.201432,329,1228.678478
1736.60838,500,1229.121432
1826.446621,496,1230.756252
1419.10094,395,1231.124643
1861.590711,500,1231.567442
1737.814824,500,1232.034483
1816.135614,500,1233.6461
753.524052,221,1233.820047
981.89078,270,1234.078349
1536.118798,414,1234.434858
841.028048,232,1234.627838
1641.511909,463,1235.072755
1788.881762,500,1236.774893
1667.946944,500,1237.197454
1481.551445,398,1237.528929
1694.465525,500,1237.929766
1646.076036,500,1238.383291
1682.011333,500,1239.940066
1716.196501,500,1240.360852
1681.748797,466,1240.820282
1335.709295,365,1241.168937
1385.994641,380,1242.703571
1695.43686,500,1243.114551
1282.214287,351,1243.380833
994.593686,283,1243.618662
1607.566062,451,1243.994237
1367.698408,390,1245.552916
1268.412338,359,1245.924362
1821.770544,500,1246.393975
1868.472196,500,1246.851322
965.202771,276,1247.130532
1772.550642,500,1248.869452
1688.386457,454,1249.257335
1628.676453,500,1249.710608
734.509148,214,1249.924368
1549.516486,437,1250.320114
1740.477796,500,1251.968699
199.44643,88,1252.042703
869.798868,247,1252.233924
1394.920636,381,1252.548527
1787.486097,483,1252.959119
1669.554598,500,1253.358834
1158.45281,306,1254.88548
906.429114,265,1255.089469
1735.222628,500,1255.490366
1387.663685,371,1255.800573
1723.541775,500,1256.227926
1799.939282,500,1257.871144
1687.782241,500,1258.350749
1580.218888,413,1258.709498
1639.448687,500,1259.106189
1762.442333,500,1260.676191
1731.389007,475,1261.096758
1614.071778,446,1261.465572
1291.562372,365,1261.792704
1673.066113,500,1262.250842
1201.407372,332,1263.744303
1051.786227,293,1263.982668
1741.37334,500,1264.429571
1334.996276,365,1264.706237
1357.56273,376,1265.031185
1630.500102,453,1266.538931
976.144957,273,1266.814497
1788.599638,496,1267.29019
1227.694975,333,1267.584212
1235.342203,337,1267.88062
1040.593707,289,1268.100234
1645.645759,500,1269.760015
1679.889359,500,1270.233083
1165.959676,318,1270.479065
1073.177634,296,1270.700023
1007.989704,279,1270.937714
1237.540844,346,1271.270943
783.142502,228,1272.812582
1716.468984,500,1273.253822
1472.273637,404,1273.560427
1775.070519,484,1273.985952
213.126343,93,1274.064711
1087.5571,293,1274.321213
1372.55316,380,1275.899767
1683.628564,500,1276.368236
1524.550109,433,1276.77008
1112.714496,310,1277.039942
1727.102147,493,1277.466381
1057.810093,299,1279.012592
1703.668393,500,1279.478223
1684.965567,500,1279.868438
1288.367489,366,1280.178668
1751.518279,500,1281.808028
1607.717136,442,1282.206791
1674.928144,500,1282.653939
198.497997,88,1282.733572
1659.041221,500,1283.129164
1666.433634,500,1284.810411
1579.462309,500,1285.279889
1606.529188,500,1285.696203
1680.745873,500,1286.166314
1595.770203,500,1287.846957
981.807484,273,1288.077185
1716.298475,500,1288.546984
903.343325,262,1288.813578
925.251997,272,1289.057379
770.544409,231,1289.240944
1051.616763,289,1289.497345
232.363544,98,1289.58536
1052.317654,302,1291.088196
1252.909835,339,1291.367576
1720.142965,500,1291.843498
215.018411,93,1291.917199
1073.582154,310,1292.214443
215.138605,94,1292.295838
1698.458649,500,1293.963595
1143.576714,311,1294.243324
1685.165704,500,1294.636896
1210.895127,332,1294.934086
766.74694,231,1295.111949
1615.672171,500,1295.504641
1049.198948,294,1296.939671
1646.935613,450,1297.335274
1652.199604,500,1297.801721
1584.094439,500,1298.275242
1023.295566,347,1298.561897
1775.257348,500,1300.215299
1617.081582,455,1300.697083
1625.552437,500,1301.180041
1730.752053,500,1301.612432
1730.410929,500,1303.331185
1758.087985,500,1303.734181
1105.739891,312,1304.020917
1806.01151,500,1304.437341
1351.076485,368,1304.765143
1021.555018,290,1306.299622
1700.061322,500,1306.791311
1041.070231,296,1307.105541
160.674935,76,1307.195976
207.636708,92,1307.296855
1462.545155,396,1307.697829
1231.903492,339,1308.040022
1874.252108,500,1309.733923
1195.988572,334,1310.030114
1695.473208,500,1310.499512
1049.31739,295,1310.78873
1699.631526,500,1311.262742
1702.793922,500,1312.895933
955.452069,271,1313.126932
1667.113192,500,1313.567929
149.051087,72,1313.63922
1703.220054,500,1314.151185
1582.276571,500,1315.89599
1224.835769,335,1316.169382
1683.482039,500,1316.597954
1117.329444,315,1316.9167
1682.983946,500,1317.353366
1281.986909,355,1318.769023
1688.305793,500,1319.251929
1071.594758,299,1319.540011
1706.872408,500,1319.990229
1669.460965,500,1320.434522
1734.457604,500,1321.962767
1331.826752,363,1322.252728
875.452745,249,1322.456509
1084.410413,308,1322.702466
1629.417087,500,1323.091929
1682.840276,500,1324.853217
1039.896409,295,1325.088164
1141.765561,310,1325.355952
1046.384522,297,1325.632333
1785.966708,500,1326.084921
224.87046,97,1326.159206
1279.66684,354,1327.648914
1650.557597,450,1328.031441
1679.70366,500,1328.479327
1059.300488,291,1328.742192
988.088537,286,1329.002889
1488.062801,402,1329.36714
1281.99541,362,1330.854594
1733.993627,500,1331.273379
1735.121508,500,1331.698536
1695.154226,500,1332.151397
1694.288945,500,1333.755178
1676.725248,500,1334.161298
1700.572651,473,1334.512834
1788.929755,500,1334.905208
1094.951901,326,1336.4595
1257.126838,341,1336.805835
1110.929997,309,1337.125644
150.554579,74,1337.191438
1711.935431,500,1337.651566
1722.008116,500,1338.126248
718.437968,232,1338.328213
1638.373559,500,1339.911958
1692.590124,500,1340.334299
154.754954,73,1340.392619
221.70382,97,1340.465308
1016.034839,292,1340.705039
1710.640236,500,1341.178743
1742.449694,500,1342.888028
1796.649729,477,1343.288158
1160.041242,323,1343.556918
1388.847027,391,1343.866949
1727.635219,500,1345.520842
1701.957908,500,1345.955485
1705.127096,500,1346.42041
1275.09355,341,1346.699844
1696.231034,500,1347.128032
1617.65498,500,1348.641845
1716.749947,500,1349.06359
1719.997181,500,1349.464183
1679.623877,500,1349.919846
1782.716236,500,1351.598875
1436.042841,382,1351.952132
1523.025864,425,1352.308775
1437.574566,438,1352.722946
1685.94318,500,1353.161286
1739.996828,500,1354.831415
1693.910284,500,1355.286828
1486.243326,398,1355.630623
1749.275588,500,1356.050494
1426.633969,388,1357.57998
1171.438742,330,1357.842423
1316.644954,367,1358.182141
1371.291773,378,1358.474724
1802.510921,489,1358.920541
1532.867778,404,1360.553645
1220.42169,335,1360.851576
1012.346257,284,1361.096625
1699.237713,500,1361.550463
1815.066005,500,1361.9868
1708.018768,500,1363.708605
1690.095404,500,1364.14865
1603.300722,500,1364.57228
1699.819754,500,1365.033379
1737.370291,500,1366.761299
1519.499205,399,1367.11834
1768.5381,500,1367.571746
1610.266844,428,1367.962501
1695.849636,500,1368.440102
1318.363564,376,1369.881178
1745.41214,500,1370.267705
1434.121045,382,1370.590166
1735.841648,500,1371.003067
1721.738045,469,1372.55807
1571.428234,423,1372.940058
1670.185492,500,1373.374808
1668.713412,446,1373.715517
1389.9717,388,1374.022921
1779.789679,483,1375.540731
1336.219874,348,1375.832925
1685.84105,500,1376.325545
1728.270097,500,1376.760497
1653.745463,500,1378.428787
1672.1497,500,1378.864416
1692.607354,500,1379.325395
129.457655,66,1379.378051
1239.380325,334,1379.660996
1095.183782,302,1379.910796
1846.179117,493,1381.606091
1484.658959,438,1382.066115
1637.812409,500,1382.49093
1817.228832,500,1382.902964
1708.689446,500,1384.538591
1775.647704,500,1384.982925
1799.649384,492,1385.457586
792.209229,239,1385.666708
1796.119822,500,1386.117216
1030.05855,310,1387.54107
1114.09144,306,1387.796237
1127.174721,305,1388.069143
1743.819871,500,1388.572222
1700.106634,467,1388.95153
1773.26929,500,1390.624671
1723.019788,500,1391.060651
1441.979857,383,1391.383613
1625.185714,447,1391.780943
1770.669141,486,1392.195518
1787.605822,500,1393.87749
1759.586967,500,1394.354417
1352.558503,391,1394.703645
1787.268068,500,1395.154871
1675.289819,500,1396.840618
1273.618716,346,1397.212046
1840.052015,500,1397.688914
1040.292106,288,1397.974336
1682.824664,500,1398.479164
1756.150366,500,1400.048211
1748.865084,500,1400.485082
1861.018779,500,1400.908814
1745.591289,500,1401.317073
1688.547708,500,1402.983222
1767.142924,500,1403.48385
1695.317575,500,1403.950873
1693.548981,500,1404.411084
1705.485734,500,1405.961025
1129.700767,307,1406.247799
1737.073765,500,1406.688029
1718.529045,500,1407.174644
1634.921978,450,1407.567571
1746.428046,500,1409.126044
1005.35355,284,1409.345587
1718.493662,500,1409.763762
1692.054716,500,1410.186857
1700.777608,500,1411.844122
1732.443995,500,1412.28595
1267.81633,346,1412.541085
1596.173525,427,1412.901336
1702.90365,500,1413.304267
1679.032324,500,1414.869592
1175.440601,325,1415.160943
1686.811906,500,1415.584419
1074.475241,295,1415.850179
1292.71099,358,1416.174036
1168.097725,321,1417.653301
1718.154187,500,1418.134811
1683.917067,500,1418.523947
1714.172968,500,1418.950236
1707.64255,500,1420.734546
1135.370796,306,1421.041141
1689.417195,463,1421.434062
1688.146245,500,1421.838181
1284.921453,333,1422.12118
1688.285614,500,1423.738639
1747.177431,500,1424.18145
1768.724937,500,1424.638589
1716.829989,500,1425.101263
1371.818397,363,1426.601401
1706.80028,500,1427.052256
1747.092273,500,1427.524203
1700.683577,500,1427.995641
163.235613,78,1428.065753
1730.59724,500,1429.813759
1760.013568,500,1430.254586
1825.030285,495,1430.696485
1678.980014,500,1431.122568
1431.100788,379,1431.439983
1351.333008,364,1432.944745
1265.879522,346,1433.222393
1691.839015,500,1433.619453
1692.570171,500,1434.090544
1398.583644,379,1434.397828
1717.851737,500,1435.996389
1710.20289,500,1436.414659
1618.247055,500,1436.835381
1660.539876,500,1437.328453
1656.162265,500,1438.932371
1609.89622,500,1439.324773
1642.094908,500,1439.715899
160.00714,77,1439.777133
1665.935263,500,1440.21987
1701.951343,500,1441.896677
1693.334217,500,1442.362072
1700.683503,500,1442.78208
1670.049363,500,1443.169643
1695.516221,500,1444.705241
1645.881755,500,1445.162195
1688.975326,500,1445.625929
1716.159578,500,1446.112333
1422.02906,383,1447.747188
1762.164367,500,1448.134606
1724.398843,500,1448.553849
1702.20739,500,1448.990155
1377.504252,376,1449.327262
1722.920204,500,1451.083871
1640.59349,443,1451.54938
1608.315818,452,1452.028322
1023.089382,313,1452.342562
1385.095488,376,1453.771862
1704.718172,500,1454.195682
1706.302551,461,1454.669624
1693.652511,500,1455.170963
1713.631021,466,1455.678916
1756.815583,500,1457.498163
1743.130491,500,1457.989255
1725.724458,500,1458.461293
1282.727628,341,1458.775956
927.386887,267,1458.987118
1591.142158,474,1460.624867
1055.375507,291,1460.830164
1572.484887,429,1461.183692
1443.048144,386,1461.514587
1663.642908,489,1461.877499
1699.844396,500,1463.544505
1687.115149,500,1464.038951
158.140565,76,1464.119738
1779.371573,500,1464.555448
1767.333148,500,1466.225127
1679.986075,463,1466.615352
1660.46048,500,1467.020792
1714.251558,500,1467.465102
1703.34744,500,1467.870234
1689.311143,500,1469.533141
1682.506087,500,1469.978274
1735.547057,500,1470.40495
1702.795509,500,1470.817095
1685.710804,500,1472.507575
1694.750095,500,1472.950761
1756.121787,500,1473.359082
1643.174514,500,1473.73376
1688.431633,490,1475.233404
1730.378907,500,1475.64884
1691.59996,500,1476.050983
813.814967,251,1476.24861
1036.138049,319,1476.535278
1640.508182,500,1478.145382
1667.766249,500,1478.559575
1629.926691,500,1478.94677
1664.68454,500,1479.34578
723.58419,228,1480.696894
1447.891461,413,1481.062481
1802.947748,500,1481.579287
194.12621,87,1481.672611
1672.660584,500,1482.156824
1679.492604,500,1482.599037
1723.502315,500,1484.211026
1388.598268,379,1484.553681
1036.946393,297,1484.788451
1695.557051,500,1485.205659
1654.716977,500,1487.012721
1647.472901,500,1487.505545
1681.536398,500,1487.982767
1658.018567,500,1488.487417
1409.045187,381,1488.905946
12,1433.232886
1736.106383,500,1435.042262
1319.625472,339,1435.355541
1649.879309,500,1435.860684
1665.743459,500,1436.379806
1656.328299,500,1436.905575
1697.809698,500,1438.655135
1630.081303,500,1439.137102
1720.622778,500,1439.645531
1685.650031,500,1440.185498
1859.237561,500,1442.110343
1764.230294,500,1442.584673
1674.584782,500,1443.072812
1039.362097,300,1443.372144
1678.483057,500,1445.212002
972.276161,260,1445.475317
1191.46138,330,1445.81542
1708.554026,500,1446.346644
438.87364,155,1446.503482
1361.197094,364,1446.898659
1669.5734,500,1448.684651
782.667934,214,1448.880464
1092.740776,296,1449.16185
1551.818297,444,1449.595158
1721.239911,500,1450.115295
1139.191777,313,1450.404716
1664.744658,500,1452.179416
1702.281596,500,1452.671376
1647.409049,500,1453.135095
1400.075472,377,1453.501146
1657.489096,500,1455.300495
1686.220363,500,1455.756595
1790.391918,500,1456.247651
1602.6972,424,1456.666938
1310.605689,338,1456.973101
1754.087097,500,1458.715541
1694.00664,500,1459.202111
306.930338,118,1459.313297
910.57918,247,1459.540966
851.503305,234,1459.743544
904.959253,247,1460.000738
1212.276224,314,1461.555408
368.980363,134,1461.692909
1562.150792,428,1462.094381
1316.378418,345,1462.422979
1690.609878,500,1462.895318
961.364308,268,1463.160943
960.328151,265,1463.414254
1513.946027,394,1465.090518
1658.982675,500,1465.572586
1567.977532,406,1465.951687
1709.472001,500,1466.43219
1781.987756,463,1468.174411
1641.348871,500,1468.646305
1576.795153,417,1469.025662
1691.799451,500,1469.512765
1681.999299,500,1471.342078
1642.3954,424,1471.729759
1768.333137,500,1472.237912
966.460362,255,1472.474841
1562.731779,440,1472.884555
1485.742668,384,1474.524763
1734.778531,500,1475.002763
1712.321128,500,1475.555392
1793.832014,470,1475.982432
1750.99777,500,1476.48912
1038.650616,297,1478.128787
1283.616189,350,1478.485632
1318.462965,357,1478.874599
835.179546,223,1479.078953
1328.979352,329,1479.39934
1737.947096,500,1479.897981
1228.105148,312,1481.492257
1250.311808,331,1481.79588
1297.797386,340,1482.125015
1463.462634,385,1482.489159
1718.062674,500,1482.935467
1514.716539,414,1484.588297
1258.060881,316,1484.874099
1856.831473,487,1485.344041
1789.841007,480,1485.8134
1635.142037,422,1486.260349
899.492608,246,1487.784042
1522.335747,408,1488.16827
1207.628283,321,1488.47591
866.836775,240,1488.699099
826.010048,229,1488.908872
1536.032055,409,1489.323334
1206.092269,331,1489.636399
1631.291306,422,1491.310069
1724.394489,452,1491.730088
946.38162,260,1491.990177
1796.949178,500,1492.459723
1682.900717,500,1494.20847
1075.324204,284,1494.479206
1832.292806,463,1494.9285
1899.155572,487,1495.387854
1244.061867,308,1495.683051
1683.50027,500,1497.458236
1259.863452,331,1497.806222
1354.10177,346,1498.142596
1244.281685,346,1498.455248
1676.160591,500,1498.891214
1205.826818,325,1499.209645
1204.238339,305,1500.784209
1278.757306,325,1501.072956
1266.540356,355,1501.420024
1565.180367,420,1501.839289
924.204789,258,1502.09237
1171.691693,326,1502.429405
1759.857141,500,1504.199244
1583.821216,423,1504.591584
1172.802581,325,1504.920337
1238.504526,324,1505.252239
979.837437,298,1505.546952
1720.830577,500,1507.349979
1221.255417,337,1507.684701
911.935447,290,1507.991926
1697.610873,500,1508.482748
1749.172726,500,1508.918241
1668.458231,500,1510.686716
1443.916668,387,1511.070272
1652.633047,500,1511.537867
1652.684268,438,1511.935374
1767.70342,500,1512.419478
1246.151615,322,1514.010341
934.512219,249,1514.228921
1027.721208,288,1514.500063
1369.046427,371,1514.799433
897.202945,244,1515.029043
1755.593488,500,1515.486336
1147.667016,294,1517.067268
1764.880568,478,1517.520636
1165.791377,320,1517.819955
1807.257456,500,1518.286931
1661.617336,500,1518.760649
1522.26378,412,1520.406599
1574.69345,433,1520.824363
1784.930899,476,1521.325075
1772.93632,500,1521.85475
1871.936232,488,1523.586711
1068.866008,286,1523.869278
1032.587752,282,1524.141624
1420.795414,380,1524.475065
1495.663621,390,1524.866706
1676.613229,500,1525.350864
1699.703939,500,1527.050821
1540.094398,413,1527.423824
1637.220239,500,1527.890332
1258.146208,345,1528.205516
1692.31457,500,1529.932568
1794.572169,500,1530.435203
1286.257337,350,1530.790806
1806.425736,484,1531.25634
945.258625,258,1531.518555
1431.587934,371,1533.154267
1590.358057,422,1533.51292
1355.374457,361,1533.833669
640.768838,206,1534.007692
1471.545005,405,1534.392456
1711.30604,500,1534.876462
1483.850148,378,1536.545787
1608.310029,426,1536.990427
1095.73305,311,1537.248618
1691.724368,500,1537.718543
838.996051,234,1537.937326
1123.908029,303,1539.541343
1622.870544,500,1539.995224
371.983217,137,1540.125456
1582.026355,440,1540.563443
1810.386756,500,1541.034239
1377.112554,365,1541.372502
1270.921455,349,1542.983157
1707.517099,500,1543.43991
1454.872628,385,1543.78623
1591.89159,500,1544.289684
1678.192223,500,1546.077573
1682.740246,500,1546.57075
1736.642806,500,1547.066082
1677.328919,500,1547.56394
1320.943283,351,1547.877476
1635.577383,439,1549.568925
1738.322652,500,1550.059132
1362.618791,363,1550.417773
1341.585045,346,1550.730885
1728.938268,500,1552.44396
1810.292721,500,1552.933226
1014.071223,259,1553.184025
1587.302922,420,1553.591374
1755.116179,500,1554.036876
1492.2874,377,1555.664752
1678.650969,500,1556.165655
1719.2458,500,1556.650523
375.603392,136,1556.775095
1737.551956,500,1557.241245
1726.206236,500,1558.947071
1292.494056,335,1559.265015
1107.405732,306,1559.547145
1740.430265,500,1560.00575
1666.022772,500,1560.454848
1685.603793,500,1562.244281
1713.740629,500,1562.744008
1191.144899,310,1563.053332
1708.659027,500,1563.532001
1631.308887,500,1563.979418
1728.833034,500,1565.760091
1096.864883,299,1566.049291
1310.995121,339,1566.410994
1839.867436,500,1566.902236
1524.808315,399,1567.29009
170.01704,80,1568.659347
1341.041375,370,1569.031636
1210.523846,339,1569.33856
1744.835776,500,1569.829674
1279.608324,329,1570.127922
1247.705672,333,1570.433876
1308.369257,345,1572.037629
1379.271977,370,1572.367637
1344.222923,364,1572.706714
1717.644148,500,1573.205767
954.828794,255,1573.439204
1230.062566,326,1573.766729
