#{"t_start": 1774314178.6837301, "env_id": "Hopper-Mass-Uni-80-v0"}
r,l,t
3.025475,27,0.045425
7.03549,10,0.053975
8.934426,22,0.075064
7.902376,11,0.086117
2.117978,18,0.103204
8.103041,17,0.120285
21.342668,28,0.150448
28.27156,30,0.177556
14.420897,23,0.203179
10.831414,20,0.223271
33.377745,30,0.252421
22.537173,21,0.274505
7.162307,10,0.28504
7.184766,15,0.300079
11.936429,14,0.309628
9.486958,16,0.321188
11.542823,27,0.342273
22.15796,35,0.380942
3.063569,9,0.390471
4.104565,11,0.401036
91.473658,71,0.475378
46.97403,35,0.511552
10.016207,20,0.532638
6.990967,11,0.540167
23.796043,24,0.557234
7.768012,15,0.573322
7.279012,15,0.585387
16.235053,17,0.595931
18.910518,30,0.625565
8.772495,14,0.640643
17.439095,21,0.662878
3.722645,10,0.672419
34.102613,30,0.704001
11.316265,16,0.717531
7.810059,20,0.732627
10.828229,15,0.744689
8.074875,14,0.760747
7.221235,13,0.774301
9.037279,12,0.787852
9.53486,23,0.812491
9.760119,13,0.830577
9.963294,14,0.845637
5.964932,19,0.865718
42.656207,32,0.898808
9.638269,21,0.921927
5.927963,24,0.937474
5.994299,10,0.946537
8.735832,14,0.960615
5.857864,10,0.96863
7.685412,21,0.981722
8.425804,16,0.992234
32.380075,26,1.011327
15.170041,17,1.030395
37.787518,30,1.063564
9.909567,13,1.077113
3.62087,16,1.09443
6.903568,24,1.115115
2.237047,10,1.124666
9.091712,17,1.142455
8.052889,13,1.155528
9.200666,18,1.174608
48.548271,37,1.209416
8.761189,22,1.225988
10.587124,15,1.237525
49.506733,51,1.282775
35.009477,30,1.302863
25.068807,21,1.322947
9.493709,13,1.335496
11.063009,17,1.352129
7.815523,11,1.363683
27.22793,25,1.39029
9.013079,12,1.401841
15.127244,21,1.420916
7.370422,15,1.43347
13.420569,22,1.452798
8.329413,15,1.46534
4.252163,24,1.486421
5.59084,11,1.496958
4.70361,13,1.510024
14.356807,20,1.533124
7.093103,11,1.544171
7.542768,13,1.555729
20.479571,30,1.584855
6.958512,13,1.597393
6.598524,12,1.611486
15.668941,26,1.637568
13.561309,24,1.662706
6.870603,13,1.675248
5.860689,15,1.691329
7.473231,34,1.726968
2.738436,9,1.735508
0.826593,15,1.749094
18.96721,29,1.779755
74.063901,50,1.832489
22.472361,20,1.853108
32.941749,26,1.880733
25.390627,27,1.902834
4.659875,10,1.912372
9.027646,12,1.924905
21.925523,23,1.94647
18.910668,24,1.97006
56.052735,57,3.267171
8.289673,11,3.277712
1.817887,8,3.283247
13.36609,21,3.295793
26.854718,25,3.32342
11.462709,17,3.34151
7.689512,13,3.356587
24.871526,35,3.383225
17.613812,17,3.398766
11.681409,19,3.410821
32.167747,30,3.435896
160.574406,77,3.513742
7.906461,12,3.525287
4.472127,22,3.54791
6.922808,17,3.565995
12.162605,17,3.583577
6.006263,18,3.602681
172.052222,87,3.692569
75.51359,52,3.741215
18.973313,31,3.772387
59.376974,38,3.816559
9.162055,12,3.831605
12.716229,14,3.846626
17.972565,21,3.865699
10.094404,13,3.875236
28.117314,26,3.902864
23.191819,38,3.944034
11.408676,30,3.975161
9.502164,17,3.987677
11.110902,14,4.002762
63.449172,43,4.047405
18.159208,34,4.081546
8.373119,16,4.100098
14.05591,24,4.124183
35.293644,51,4.176428
22.738464,25,4.198929
4.838835,10,4.206939
7.650228,10,4.214482
18.724916,18,4.226025
27.064224,22,4.247196
8.598237,14,4.260269
83.079999,65,4.324491
10.689275,14,4.334031
24.552247,23,4.3556
17.641063,19,4.375675
17.737661,20,4.396776
8.600722,11,4.407318
6.397922,11,4.417851
20.451583,36,4.454557
5.403736,10,4.461091
11.331054,13,4.472651
4.228465,10,4.482197
3.932116,9,4.48871
11.626176,18,4.502279
32.902382,25,4.525344
14.324671,16,4.541433
23.058584,41,4.582126
27.458287,26,4.606753
38.552467,35,4.639266
6.047581,11,4.648966
14.816053,17,4.665537
6.044745,9,4.675084
48.173148,32,4.707614
11.381049,13,4.720632
21.73678,18,4.737188
22.416481,22,4.755801
8.499855,33,4.783944
30.470395,26,4.806025
3.466216,8,4.815297
79.865306,44,4.850975
9.832077,20,4.875071
71.794974,44,4.917854
101.519472,72,4.989643
45.066811,35,5.019275
33.337555,31,5.049358
43.320566,45,5.094074
8.282434,12,5.106613
23.832165,24,5.12769
92.716063,58,5.181108
14.337202,21,6.43666
183.833495,96,6.519011
102.70808,56,6.576223
84.697386,53,6.6289
101.655364,64,6.692084
198.672123,122,6.819223
92.678344,60,6.872408
70.936277,55,6.911059
28.451217,26,6.93311
49.202584,39,6.967482
21.251906,44,7.009859
12.035313,14,7.02341
38.001645,27,7.0475
99.212299,59,7.099241
128.948994,62,7.15945
135.835609,88,7.255286
19.103348,21,7.277346
94.15209,53,7.327607
24.670889,23,7.350756
12.158193,17,7.367316
54.105938,35,7.402283
51.138329,32,7.428883
5.247906,8,7.43391
119.715457,67,7.500243
135.373583,66,7.556965
29.669951,29,7.579053
10.316686,14,7.590654
109.21877,90,7.677636
41.00368,38,7.714795
142.218224,102,7.813802
13.954402,21,7.834875
13.381973,14,7.847419
19.025843,24,7.865497
46.164819,54,7.922333
20.21949,22,7.946418
134.331146,69,8.010213
23.067148,24,8.031311
85.142129,50,8.07746
81.46918,45,8.119171
10.215856,13,8.131247
29.193789,35,8.163888
55.360398,32,8.196516
51.897618,37,8.232677
20.30335,22,8.25576
38.018962,50,8.300471
16.687026,21,8.321581
244.075504,114,9.641551
100.028484,69,9.698913
2.2486,24,9.72403
157.466094,75,9.791288
14.414448,20,9.80784
103.696106,58,9.854493
98.407575,53,9.902742
254.293405,140,10.02481
91.575668,53,10.06849
74.097571,41,10.109204
75.911619,66,10.175556
9.646659,19,10.189614
61.362918,62,10.240932
7.429456,16,10.25749
21.034679,24,10.279175
164.674714,79,10.353387
79.942834,44,10.397092
45.562687,46,10.436164
9.443442,16,10.447686
14.843678,19,10.465774
63.622548,36,10.496948
33.915957,24,10.517045
70.477109,38,10.559235
75.490537,58,10.620499
112.070772,59,10.674592
54.490016,61,10.73285
73.114917,42,10.763438
74.84941,48,10.802587
169.632221,83,10.881473
17.214223,16,10.893976
14.269145,18,10.907488
143.791231,74,10.97782
57.636139,37,11.014969
78.947897,52,11.064674
62.610403,39,11.100943
17.930926,18,11.117501
79.490136,49,11.166166
47.61589,29,11.192245
103.699043,90,11.274126
10.96688,17,11.292218
141.742494,97,11.378081
13.676759,24,11.396149
44.85818,34,11.429265
111.382661,76,12.766305
91.334587,57,12.83269
68.514557,40,12.870732
26.911922,23,12.894799
158.754168,75,12.955013
20.60558,22,12.976625
50.221756,32,13.011533
86.70153,58,13.077308
212.040709,108,13.190043
184.817889,93,13.260534
29.864805,26,13.285638
78.201347,46,13.323808
83.335853,47,13.364993
48.511535,29,13.391177
60.175332,39,13.427772
220.143862,103,13.53021
62.268205,35,13.561844
128.134258,63,13.619598
16.575563,15,13.632177
84.645202,46,13.680345
81.567786,57,13.732964
73.622624,44,13.769129
192.447847,98,13.860553
116.571707,69,13.924386
116.358543,65,13.992676
204.134961,94,14.057894
68.580087,40,14.095654
194.066633,104,14.187083
75.18005,40,14.216714
97.299487,55,14.257521
138.058973,67,14.320775
110.62523,61,14.382191
207.439898,106,14.478272
74.852243,42,14.520981
100.815901,56,14.571207
105.1956,66,15.879961
61.940309,41,15.92515
148.237819,78,16.002708
172.550785,82,16.084743
195.017623,92,16.167625
276.251831,138,16.305691
235.4488,114,16.40156
55.743957,32,16.429166
106.333575,71,16.494942
141.560809,93,16.573708
130.222257,63,16.628367
249.032757,139,16.761438
174.45875,88,16.839181
201.921028,119,16.944633
217.987641,125,17.053002
79.070823,49,17.101436
174.625808,77,17.173745
234.653686,119,17.283922
126.768503,66,17.347188
99.720666,63,17.404667
55.828168,35,17.43223
243.123017,127,17.544711
215.717389,91,17.630026
124.67411,72,17.697753
220.329775,95,18.990276
201.15806,85,19.073151
236.022745,108,19.18417
84.783885,48,19.237829
185.774512,96,19.334686
195.657051,90,19.423072
97.857668,58,19.481858
88.695766,49,19.534583
156.869862,78,19.617011
208.144031,103,19.701346
35.460972,27,19.724441
102.196089,51,19.78015
236.158996,107,19.886056
68.280047,46,19.925961
61.432813,35,19.95759
191.705546,92,20.046008
83.224209,57,20.093736
63.446105,37,20.129879
133.809171,96,20.205206
128.471501,76,20.268245
289.8019,130,20.381254
95.252167,59,20.43847
64.77806,39,20.474157
256.664617,135,20.586637
83.152234,54,20.648427
78.402441,48,20.696376
146.942512,69,20.75656
173.911374,83,20.834155
189.454895,82,22.132915
220.68487,95,22.21961
224.245591,112,22.309469
224.038125,100,22.394761
95.508438,55,22.443462
80.47346,48,22.48304
230.397963,100,22.56139
212.13145,102,22.653373
211.1528,94,22.727691
107.001182,62,22.780444
30.270414,25,22.797969
16.594778,16,22.812032
257.508877,132,22.932845
102.985729,76,23.002735
26.951043,27,23.027808
236.391513,108,23.110679
254.879002,128,23.228075
130.527066,64,23.279827
71.065826,39,23.314433
236.636792,123,23.419438
128.509841,74,23.489699
196.85896,85,23.567983
244.597006,117,23.665129
77.749544,49,23.712883
210.528701,97,23.813852
77.123021,46,23.853034
237.0556,117,25.299769
240.996751,108,25.406762
102.27216,53,25.459463
187.755512,92,25.560667
214.841876,111,25.673249
240.466816,124,25.787729
257.49092,117,25.899482
145.052426,70,25.966303
8.617962,9,25.974836
255.536534,130,26.099569
244.748575,109,26.199475
71.550094,45,26.242671
235.088608,113,26.339526
207.671967,109,26.445003
188.385744,92,26.526302
194.261871,89,26.60965
210.512095,90,26.699556
209.773732,97,26.789521
220.310416,112,26.895471
72.783007,41,26.93734
209.122963,92,27.022513
232.697655,103,27.115029
184.332682,79,28.452235
195.240498,88,28.544434
244.95292,116,28.66506
73.464583,48,28.720151
70.526017,40,28.759291
229.962142,108,28.868792
232.358032,106,28.961187
227.347554,102,29.057199
235.142053,100,29.148309
223.227564,99,29.247834
194.394949,89,29.333931
218.815735,96,29.423346
181.795466,103,29.516743
229.66186,100,29.604423
222.741448,101,29.708283
67.214757,42,29.746466
203.623012,95,29.83937
192.383676,90,29.927242
134.689412,68,29.981937
150.366083,77,30.052728
214.21162,95,30.14563
205.157119,94,30.231042
167.573123,86,30.311936
225.781688,101,31.69834
235.886861,121,31.826854
212.430346,93,31.918256
234.355154,108,32.010075
237.239904,110,32.099796
76.582753,46,32.142981
198.456721,94,32.236326
186.549489,95,32.314811
215.304107,92,32.381012
220.520422,91,32.456792
206.347616,91,32.534685
144.889288,82,32.594378
111.795838,63,32.651596
252.499645,133,32.764538
200.253464,83,32.827324
205.301872,106,32.9187
134.370233,77,32.998508
262.476754,113,33.110614
217.356467,98,33.192419
203.46379,91,33.272182
237.438175,111,33.387657
229.312669,101,33.472672
227.230622,95,34.806521
222.83446,93,34.891819
223.763217,105,34.9812
217.065279,99,35.060121
190.436548,82,35.117881
136.714345,75,35.192724
207.651073,90,35.271359
167.930293,80,35.346126
215.048239,93,35.424948
188.285292,92,35.50682
206.900344,87,35.571654
233.74318,115,35.671033
208.92898,102,35.738293
200.974856,87,35.806623
239.754955,121,35.912817
210.22648,92,35.994668
144.838982,69,36.055839
138.854813,71,36.121678
203.45534,94,36.198017
246.73479,117,36.302009
201.803097,93,36.389859
232.147731,100,36.48026
178.083131,82,37.850426
234.094108,107,37.957283
101.60168,60,38.013008
190.545662,94,38.101452
227.181136,96,38.192931
79.191561,49,38.23805
218.286675,95,38.308369
198.271172,87,38.39479
198.956513,83,38.45958
215.400029,96,38.547403
198.413982,89,38.637345
218.229086,99,38.735224
174.090935,89,38.814955
218.668393,94,38.889794
207.9563,107,38.978327
264.446679,112,39.066731
289.659489,116,39.167728
211.984498,93,39.244078
228.897246,98,39.316314
224.568295,102,39.411281
194.761085,94,39.504201
243.555436,99,39.580982
294.389608,130,40.882881
223.506132,101,40.962217
231.317257,102,41.058614
217.767569,94,41.152078
236.933064,110,41.235935
204.1044,94,41.328291
241.525624,107,41.425225
239.930603,100,41.512425
227.976068,107,41.599783
200.996945,91,41.684172
205.617477,92,41.761498
262.664572,113,41.854924
196.816755,93,41.947329
239.647536,112,42.06027
274.136179,106,42.157854
241.296303,108,42.266814
220.370688,90,42.349628
216.056441,95,42.423954
214.898546,93,42.496231
73.273759,48,42.54294
215.073067,92,42.636906
307.697438,128,43.963656
217.417139,93,44.057934
227.974503,104,44.15983
232.377662,98,44.260767
233.973379,96,44.337087
270.031492,108,44.42209
44.616786,32,44.449179
205.085125,96,44.535332
204.158651,87,44.623268
217.177948,92,44.709101
228.627975,105,44.788928
195.337744,95,44.884816
253.492931,119,45.004624
258.830187,110,45.11158
228.290486,105,45.217969
208.858062,91,45.30528
211.274921,96,45.387148
283.747813,116,45.498521
224.179515,98,45.587927
210.975882,98,45.682394
189.605663,82,45.748648
342.150224,140,47.133171
261.76524,115,47.226796
246.338747,100,47.308652
197.65087,93,47.38846
206.142048,100,47.467277
258.355358,101,47.567232
282.905589,115,47.685241
208.49551,96,47.768085
249.36364,105,47.85797
204.840256,90,47.93172
341.402835,152,48.060202
221.241082,97,48.150241
205.573671,88,48.236032
214.492041,94,48.3179
83.166361,52,48.357075
230.944697,101,48.448498
232.254221,106,48.54537
238.846119,117,48.65486
222.860288,100,48.751364
313.024185,126,50.144597
329.56202,126,50.263307
223.22789,96,50.352422
225.169942,100,50.424746
226.713442,95,50.514055
233.496184,100,50.605394
294.981146,123,50.724885
238.040927,112,50.836338
242.150453,106,50.951914
227.635209,100,51.038374
296.598823,126,51.144871
286.315781,117,51.254254
209.061148,92,51.320018
222.02936,100,51.4143
214.26072,94,51.496335
269.543322,108,51.597808
285.08928,114,51.706834
282.575224,117,51.803317
146.924509,69,51.854021
283.58572,107,51.952961
287.366361,113,53.285499
223.058805,96,53.370318
215.010407,87,53.441679
266.180998,110,53.528495
197.21008,87,53.610745
328.695918,133,53.741583
303.597158,120,53.867051
262.479592,115,53.989045
276.713473,120,54.116143
313.258798,128,54.248702
268.781391,121,54.363299
347.860706,147,54.479203
216.208021,90,54.552238
300.352829,120,54.657236
238.266281,113,54.755212
228.31679,114,54.85911
318.407836,129,54.985115
209.779262,100,55.077511
197.337843,95,56.474649
255.026724,108,56.601204
247.38543,116,56.718223
319.502247,135,56.853323
263.597627,113,56.961754
272.592108,114,57.074768
294.96116,119,57.176983
243.79719,103,57.274948
322.661028,133,57.41555
297.425021,127,57.532509
202.680271,95,57.621264
318.760804,127,57.748913
255.101535,116,57.86749
326.652794,138,58.008651
210.439126,94,58.110058
307.301122,131,58.238702
310.12166,126,58.351702
284.696858,112,59.735327
341.050279,143,59.878945
411.25656,147,60.024395
320.116056,136,60.148887
332.165812,130,60.270981
261.826991,113,60.380521
275.678324,114,60.493659
332.778335,129,60.635831
380.651984,150,60.788918
278.112019,119,60.909009
374.965827,148,61.065736
299.922848,121,61.183827
288.981474,116,61.285766
287.23721,120,61.391701
282.296059,122,61.491683
307.612098,129,61.623797
249.179424,107,62.963413
279.740554,108,63.052788
266.761932,124,63.172241
303.64857,133,63.304877
307.482582,125,63.422839
251.757478,108,63.51683
308.080273,129,63.630344
352.907552,141,63.769441
401.524629,163,63.912699
293.144676,122,64.012319
186.849163,99,64.108632
292.487847,115,64.201064
279.091997,123,64.306516
299.644666,116,64.424174
249.367546,108,64.524025
356.882914,137,64.653148
250.46345,114,64.754076
318.82551,126,66.07616
291.897226,130,66.17066
329.079232,132,66.289168
224.37697,100,66.380894
319.12301,136,66.518459
346.090758,145,66.669254
324.551926,136,66.795622
318.923403,128,66.91068
313.237722,126,67.018267
350.482972,134,67.160375
306.830452,125,67.293024
423.993513,171,67.4391
449.807882,165,67.5908
220.54106,105,67.679633
333.852894,130,67.810618
358.837332,141,69.194963
336.300734,126,69.315991
130.72698,69,69.368252
338.656726,137,69.492765
327.750127,133,69.614665
322.792499,128,69.734718
355.670627,136,69.85386
315.612205,116,69.976326
358.940039,153,70.119322
324.296273,124,70.233854
500.990113,191,70.404093
319.412907,123,70.511467
136.730618,71,70.580727
290.82174,124,70.675606
349.174015,134,70.798186
326.785419,135,70.903613
315.703257,137,72.237353
345.504285,139,72.378396
348.280144,138,72.513317
325.470069,138,72.635793
360.116732,131,72.76881
321.830998,125,72.887824
345.72146,145,73.018399
311.808161,132,73.150546
442.185684,166,73.321466
347.872795,138,73.463604
328.288922,126,73.568715
506.187164,184,73.726001
335.471246,143,73.858504
256.887111,123,73.951377
398.097689,150,74.074869
349.054101,143,75.390709
331.073771,146,75.528037
343.813545,139,75.636123
311.035509,129,75.755583
344.255371,131,75.863729
374.886402,153,76.008289
327.942005,131,76.129725
365.42985,142,76.246697
468.035319,162,76.407061
343.318284,131,76.521982
400.690406,168,76.65904
266.214835,112,76.766123
397.743071,149,76.894651
341.878964,135,77.016034
342.351591,141,78.376087
335.700867,126,78.486573
291.249364,128,78.600983
353.419683,139,78.751119
320.031865,125,78.869133
403.537787,148,79.025259
376.263356,140,79.169533
344.568872,143,79.310555
364.997125,143,79.454149
355.709693,155,79.592072
312.36809,127,79.701107
365.397059,145,79.83673
358.312886,136,79.960759
288.928589,125,80.07773
336.614002,134,80.186749
399.11867,149,81.571929
342.513525,146,81.723003
438.286438,167,81.891192
323.94016,138,82.014251
376.001997,140,82.156862
365.436981,144,82.302872
324.287266,140,82.433666
340.261082,135,82.55518
492.143989,163,82.70727
345.212518,147,82.837421
346.774219,142,82.955359
517.414582,183,83.12317
320.808873,124,83.225324
368.911235,134,83.328338
291.410334,133,84.718952
285.472389,120,84.841785
349.548345,135,84.97552
291.198171,121,85.097314
265.290073,111,85.20276
387.45294,138,85.334313
343.301105,150,85.479976
331.23908,125,85.591933
344.111482,129,85.71692
424.791228,159,85.853397
607.011813,197,86.021562
340.730992,135,86.147101
403.859554,151,86.281179
517.034928,188,86.468463
356.560529,132,86.595993
347.691658,141,88.0384
327.64195,128,88.185164
349.81065,152,88.333786
380.304267,144,88.475336
329.099997,140,88.616438
508.342203,200,88.799637
341.882786,134,88.931741
325.899721,136,89.050774
325.824447,137,89.172816
379.180355,155,89.311849
429.135453,180,89.479568
312.064393,121,89.59662
319.49645,128,89.712031
622.192514,198,91.191875
381.67595,144,91.338618
429.552307,155,91.483803
329.14186,140,91.609725
312.532908,137,91.743046
371.693314,141,91.862066
381.191802,148,91.973689
563.709025,193,92.119703
468.57074,172,92.269269
299.563601,121,92.381191
588.867436,201,92.56411
422.543642,156,92.683172
308.651893,136,92.815542
321.620042,142,92.942086
397.847975,164,94.308774
367.810837,141,94.429816
345.840106,125,94.541209
388.7719,159,94.695427
309.179937,125,94.794267
400.305911,146,94.929812
525.071992,186,95.091965
444.418872,168,95.231109
548.573202,197,95.414942
236.972367,107,95.495771
348.902238,147,95.603852
492.057615,166,95.751129
555.835183,194,95.943135
356.491178,135,97.33303
385.920786,145,97.472699
568.042049,194,97.645611
381.981863,157,97.813986
531.579823,196,98.001538
358.583932,138,98.132071
344.696213,135,98.261735
501.439349,169,98.399801
112.591767,61,98.44953
301.121028,128,98.555034
124.825607,70,98.617307
556.043681,196,98.775525
502.702409,185,98.948395
222.779286,98,99.028265
107.475636,61,99.088001
154.46633,78,100.384585
406.029956,140,100.511101
65.331944,43,100.548702
526.725166,188,100.714906
441.24439,183,100.874605
361.620762,149,101.01366
336.267469,127,101.127486
218.751669,102,101.223101
345.587975,127,101.339831
354.841718,143,101.474995
384.898417,148,101.597975
394.996812,154,101.710472
354.800126,132,101.816364
393.688556,148,101.957456
442.552174,154,102.105119
573.371715,187,103.5657
169.128175,87,103.65008
382.86795,166,103.77804
691.847448,207,103.942604
348.038198,134,104.069801
301.131148,131,104.173179
316.464806,125,104.263744
567.694598,205,104.435933
624.05002,212,104.606869
344.691738,136,104.745188
414.987768,158,104.876243
497.436115,170,105.017689
412.927556,149,105.134251
243.302348,121,106.429756
536.519552,188,106.593965
290.010541,115,106.693341
475.832256,184,106.863004
299.717729,136,107.000482
442.469626,161,107.145021
434.694613,163,107.295263
647.179227,223,107.490475
693.064104,247,107.711952
370.621216,152,107.857821
401.748075,135,107.978368
400.584121,153,108.132585
285.92315,127,108.262257
314.221824,138,109.630749
559.474889,194,109.809951
507.882464,193,109.980104
605.351037,206,110.164877
522.233655,200,110.328307
393.145971,144,110.463126
169.750952,81,110.537423
254.923089,117,110.640233
273.780154,125,110.746507
173.345875,86,110.817835
335.945597,140,110.940544
112.543788,64,110.995315
357.96704,150,111.121842
635.355171,236,112.517837
97.569894,53,112.569046
396.815335,157,112.689508
509.813562,183,112.841542
468.568771,193,113.020582
552.872851,201,113.193797
242.833037,107,113.29018
387.181845,130,113.381575
350.969572,143,113.507122
537.021988,201,113.687942
475.446051,179,113.853672
398.603763,151,114.001732
323.517012,132,114.135296
473.58423,181,114.311532
422.881914,162,115.752227
328.593896,140,115.884293
336.77059,135,116.038941
332.263929,154,116.166408
231.837241,114,116.263783
348.60799,129,116.371743
315.068174,136,116.491694
247.242215,115,116.605172
322.388761,134,116.7327
335.782729,140,116.863248
377.544627,159,117.031515
346.964878,158,117.190764
400.910503,161,117.336184
290.183538,128,117.470306
136.583474,71,117.545647
456.193835,171,119.005569
259.720506,116,119.115798
632.520706,236,119.336651
569.050836,208,119.534514
454.917224,168,119.673052
599.765099,218,119.871886
561.124394,184,120.071718
592.04823,205,120.25972
323.387415,136,120.399093
456.978356,176,120.579643
397.618156,139,120.710743
249.849184,118,120.837375
409.346137,158,122.282011
281.710346,125,122.399555
568.417058,207,122.561772
248.069182,125,122.676675
356.402143,133,122.797141
142.480581,70,122.846806
262.627699,128,122.959878
578.42917,216,123.15013
363.014246,157,123.296449
429.741975,161,123.434587
301.225348,125,123.53853
85.567439,50,123.588772
446.767622,175,123.743009
576.523852,186,123.92583
479.8512,179,125.302139
412.368254,152,125.43172
526.497369,201,125.602953
569.758571,202,125.776024
162.926061,88,125.853961
460.390474,179,126.014134
619.993654,210,126.219181
921.02066,284,126.490773
530.458359,187,126.684697
568.120399,185,126.85028
757.101359,266,128.292422
393.18953,132,128.417426
252.792495,102,128.510363
353.113215,144,128.656514
582.14942,215,128.831852
325.52916,139,128.935719
508.49323,179,129.078774
565.996247,205,129.248786
814.060292,256,129.472364
189.100459,96,129.565256
324.565383,139,129.698656
551.832243,205,129.875751
257.726293,118,129.956571
522.085866,195,131.354403
576.192116,178,131.503606
344.451851,140,131.617001
348.181378,141,131.734048
330.570311,144,131.870044
398.568802,155,132.007123
725.620191,240,132.207538
263.400545,117,132.308324
323.841822,135,132.433895
465.205035,186,132.611167
827.831234,281,132.894912
303.192827,135,133.024489
423.665812,167,134.401292
362.771679,147,134.538376
521.618371,196,134.716328
135.879443,73,134.793725
175.923729,82,134.867488
648.402661,218,135.093202
509.985998,185,135.260374
342.825687,142,135.390355
516.613369,184,135.536005
527.583267,191,135.720128
543.253865,194,135.863383
688.119267,231,136.063422
305.325902,131,137.351492
414.170129,151,137.463505
436.755928,172,137.626787
519.359604,181,137.792056
794.644991,261,138.026076
358.626663,143,138.164185
363.601704,142,138.294272
520.713009,189,138.486572
306.968061,130,138.612077
436.179724,166,138.759712
354.20453,152,138.894341
776.08032,266,139.129576
735.05072,236,140.529413
574.309561,200,140.70622
303.707124,129,140.81971
302.214908,139,140.9395
344.569787,143,141.063918
363.664911,131,141.185396
595.66718,198,141.351565
480.497581,155,141.490012
443.220228,164,141.62158
333.488662,141,141.74214
561.835899,195,141.927534
510.719736,187,142.103239
593.75966,224,143.51564
467.740761,174,143.665842
660.932017,224,143.867277
576.873371,202,144.080731
630.30334,193,144.278069
438.333802,173,144.448641
769.571239,256,144.694164
569.017228,207,144.867362
391.845338,147,144.995614
407.264327,162,145.163257
561.757009,191,146.574084
435.316679,163,146.73379
346.061517,153,146.875394
586.071614,215,147.093322
432.938946,174,147.24359
358.475366,152,147.412327
559.611377,221,147.632274
337.461155,137,147.771327
408.217631,160,147.939004
689.164956,225,148.165448
319.968693,149,148.315674
284.762092,137,148.447859
838.3177,268,150.040324
568.473814,198,150.236674
692.481935,225,150.457543
325.320612,142,150.600142
623.266311,232,150.850296
579.780006,178,151.019166
766.438659,271,151.297794
287.499505,135,151.423268
493.109998,189,151.582876
582.758341,216,151.767613
560.710725,222,153.209987
407.356906,168,153.359472
822.254583,255,153.592703
842.193426,274,153.807559
675.39718,203,153.96977
600.602774,205,154.179604
752.207694,251,154.391055
618.866456,216,154.575423
617.305248,217,154.757509
515.084484,184,154.923067
627.282098,206,156.422678
337.70953,144,156.580391
765.905308,240,156.809349
235.297033,104,156.906295
590.268941,214,157.131208
796.692431,275,157.381625
214.269318,100,157.479007
884.805923,275,157.724248
718.752549,233,157.907087
149.004012,80,157.98386
577.977316,200,159.41431
790.612107,261,159.639126
582.087631,211,159.841415
696.436791,222,160.060894
351.761131,145,160.20006
459.985434,181,160.381253
343.898139,148,160.523782
554.566376,180,160.6876
382.555939,147,160.818125
576.033032,210,161.004313
236.688261,102,161.111192
767.872947,251,162.5875
709.07479,231,162.819197
481.989547,163,162.989435
598.738302,193,163.176302
556.991199,184,163.347749
634.768911,211,163.538761
561.552702,180,163.695909
336.007014,141,163.807183
331.415072,145,163.914596
402.916299,135,164.036319
685.60599,217,164.240781
290.171937,123,164.350899
304.160331,144,165.720407
584.734454,203,165.87809
796.831766,243,166.089777
408.343529,160,166.211291
803.307021,243,166.433853
598.770249,213,166.591906
785.474188,247,166.793792
834.406408,276,167.013226
653.557233,198,167.177518
771.494631,258,168.637916
643.270648,213,168.83828
299.822724,131,168.950734
566.109463,191,169.139039
591.132214,193,169.306823
342.044507,139,169.431816
439.864105,163,169.55831
646.73214,216,169.761557
513.469756,180,169.914926
569.330248,197,170.083237
566.511256,193,170.263498
741.750053,223,171.6731
506.107492,177,171.813253
589.088006,216,172.011018
461.475222,172,172.179247
594.53522,196,172.371623
627.55533,214,172.558224
256.581663,118,172.661582
318.199712,134,172.790571
712.492794,226,172.961129
614.725508,208,173.15646
377.876598,142,173.284846
578.068971,199,173.446448
323.756469,129,174.835761
725.691373,241,175.061968
464.782507,157,175.217674
666.516188,217,175.437676
397.559498,152,175.598498
566.945871,187,175.784909
564.628702,202,175.984428
639.159121,228,176.195495
584.175073,198,176.386935
647.489457,211,176.600783
637.751436,202,178.078724
574.045077,187,178.273166
363.247746,150,178.435081
525.17733,191,178.619937
583.860013,199,178.825859
516.393223,189,179.025831
730.758022,232,179.275522
292.098312,128,179.400609
361.144315,143,179.534754
600.654892,202,179.746763
378.460781,144,179.902018
649.229268,213,180.107035
462.48248,171,181.589245
572.881289,203,181.750159
672.029175,210,181.952084
643.034213,211,182.144441
612.406935,201,182.337839
1025.630144,334,182.630682
568.960249,211,182.82505
398.502697,158,182.951085
516.100215,186,183.112288
946.077212,268,184.543752
579.700555,197,184.68214
448.310408,173,184.823509
585.132357,197,185.016322
613.211828,210,185.200348
383.900397,143,185.320521
539.798455,181,185.498161
903.645058,273,185.742044
499.417138,168,185.880684
586.548761,199,186.055859
478.291466,179,186.231572
273.187944,125,187.63129
506.530533,196,187.821919
612.571135,200,187.997705
536.465331,177,188.156791
620.827578,197,188.355924
253.453446,111,188.453897
426.670675,145,188.576397
764.204548,228,188.762149
658.143386,219,188.971085
750.468568,236,189.197518
599.684994,220,189.399202
849.548829,266,190.875114
562.256769,179,191.033621
341.198684,137,191.183773
790.438767,271,191.431375
670.961692,211,191.635719
752.396609,230,191.830996
791.507526,258,192.061328
613.010356,215,192.271305
642.992237,210,192.460179
648.019793,213,193.929638
338.293177,136,194.047231
507.143609,171,194.226587
312.119129,137,194.341928
392.402197,150,194.487145
713.983817,209,194.690008
267.644808,123,194.79351
807.213146,269,195.023737
301.817495,134,195.13575
745.739815,232,195.340159
664.618952,196,195.528888
581.19895,204,196.960756
629.291063,205,197.14053
561.883291,217,197.332437
716.270423,225,197.530306
554.393047,174,197.674347
843.406096,274,197.926016
621.946566,212,198.067701
874.742706,285,198.330889
536.132049,211,198.522241
605.700644,208,198.68752
444.851462,162,200.106012
484.645253,167,200.280283
718.505185,229,200.497339
594.914621,209,200.700664
874.356591,287,200.981583
751.814713,268,201.22814
628.319138,223,201.420348
483.099384,171,201.56029
549.011513,198,201.741057
596.015746,199,203.151031
686.01409,214,203.338573
621.157369,215,203.548595
817.640507,277,203.813869
406.822102,161,203.983667
598.076952,221,204.211651
679.293349,214,204.426717
826.726136,270,204.688305
1011.454685,320,204.969815
637.82596,213,206.453855
759.153151,264,206.685648
787.277293,279,206.967387
668.201758,211,207.170815
735.496803,233,207.409404
1035.294893,334,207.731847
268.012909,116,207.857335
1053.119573,312,208.180892
515.789519,187,208.370595
769.117159,261,209.981074
659.195058,209,210.208195
610.308805,206,210.435654
804.720194,253,210.710268
965.608349,325,211.034753
676.0675,213,211.230968
792.188281,231,211.459445
200.693521,92,211.547827
624.722988,203,211.717089
539.205114,172,213.169751
633.18947,209,213.384203
1020.17767,338,213.674924
1034.87452,322,213.980937
473.660767,157,214.114725
570.388645,197,214.290511
823.807559,259,214.507979
749.59162,251,214.726996
542.670932,198,214.918925
619.702596,197,216.355074
735.827731,239,216.584057
577.909342,193,216.765274
753.165231,225,216.980858
799.455217,280,217.238512
843.722978,284,217.484492
716.31471,293,217.741483
606.274451,204,217.924728
804.0882,273,219.34515
766.532551,224,219.536122
576.975386,202,219.711863
587.475788,206,219.878182
632.008427,213,220.071208
611.771468,205,220.259553
664.493667,223,220.466586
819.650053,266,220.6973
652.615348,202,220.870752
552.507221,195,222.334446
767.318078,235,222.582922
924.480398,286,222.876252
705.555547,220,223.089253
573.680907,217,223.284347
509.664173,185,223.447894
914.452808,293,223.735784
800.584606,253,223.954686
510.845522,181,224.10439
840.842991,244,225.59104
569.876383,202,225.746663
472.944531,166,225.882731
829.131824,260,226.120758
398.590705,147,226.261345
592.220496,200,226.447765
545.265124,196,226.604174
651.390279,187,226.775467
765.715136,238,226.997487
982.399382,294,227.277326
708.676822,222,228.746829
875.116037,259,228.979869
684.287369,215,229.169729
785.909388,247,229.395149
662.636425,216,229.590425
768.14922,271,229.808771
530.763752,185,229.973491
755.466118,223,230.152409
547.306146,184,230.325319
628.581812,210,231.801679
523.105549,175,231.946944
576.892567,193,232.112403
763.056848,248,232.336852
550.683277,197,232.504402
796.75017,251,232.731264
560.285675,198,232.890867
646.820536,203,233.074975
637.128881,195,233.230653
1034.022479,312,234.786262
645.796017,226,235.011142
733.986799,227,235.200427
577.393928,197,235.385273
745.922473,232,235.606074
317.638323,133,235.730608
291.976489,129,235.854581
517.010218,190,236.049224
696.716742,197,236.229821
754.657949,267,236.470174
718.088819,243,238.009022
976.980092,318,238.348508
541.205263,190,238.508195
605.848251,215,238.733382
724.073521,220,238.950724
350.070193,142,239.094588
1022.803181,319,239.427042
1012.365816,321,239.74287
581.234394,190,239.935771
874.651379,281,241.470547
821.730089,281,241.721555
662.001891,246,241.955751
388.14838,150,242.070498
696.67281,225,242.275867
387.475111,152,242.405942
713.83431,233,242.598572
813.655084,248,242.818446
587.878416,183,242.96901
805.509331,243,244.397655
345.709789,139,244.512056
659.858168,217,244.685771
672.410053,230,244.892801
789.334672,251,245.088917
660.031245,219,245.272794
552.500348,217,245.456562
613.203108,203,245.611957
594.109438,205,245.782483
636.430949,209,245.963705
416.089062,164,247.353166
681.395692,236,247.563097
348.797772,137,247.682247
1472.625607,499,248.14357
571.616238,227,248.341956
277.089124,129,248.470624
734.277592,254,248.676505
317.583337,136,248.77492
749.790687,229,248.998062
743.092529,243,250.418158
856.246442,283,250.653676
654.948722,204,250.84347
288.920054,131,250.962454
359.67144,143,251.091538
687.921745,237,251.306987
792.682211,242,251.508964
775.708389,249,251.744016
921.927045,328,252.063268
351.794381,154,253.466814
797.566481,243,253.686246
792.029788,282,253.950594
679.172519,232,254.141458
753.471328,245,254.355495
596.409719,222,254.555111
616.686541,219,254.745502
332.726091,143,254.871969
739.294884,266,255.08882
777.507241,233,256.531946
1449.212113,499,256.956278
518.017963,180,257.097681
899.935458,318,257.393348
575.414862,197,257.551207
333.016337,142,257.688789
825.582044,247,257.8997
675.740065,216,258.102446
777.683886,285,259.616461
792.974566,246,259.847955
822.028481,281,260.111751
681.438376,210,260.303935
702.249268,207,260.47118
836.243707,252,260.696673
925.20426,291,260.953799
818.968795,281,261.212121
721.550177,250,262.669099
478.828092,173,262.800668
825.017648,280,263.046204
808.386562,273,263.277646
835.800298,284,263.482564
774.47044,247,263.689933
964.416412,328,263.97836
757.822551,238,264.219551
950.063988,298,265.815245
999.644284,349,266.156304
812.915431,245,266.417559
863.741869,272,266.686708
712.742938,224,266.896535
697.671657,220,267.105239
1018.672886,327,267.43118
754.630142,229,268.998266
474.667536,158,269.144308
567.11556,197,269.334437
771.707155,240,269.58096
664.652498,213,269.795615
673.106403,211,269.991081
1275.8633,403,270.389379
1063.432203,325,270.703557
735.829944,242,270.965702
620.607705,197,272.371976
361.013792,134,272.490574
520.63297,186,272.656891
1118.493149,388,273.001301
1011.246639,322,273.264017
866.138194,284,273.515405
669.99378,195,273.686981
792.451882,259,273.915384
680.130953,265,275.337814
529.12372,192,275.533054
721.705014,250,275.750329
921.356182,318,276.031085
708.090484,212,276.2255
832.482697,268,276.47307
650.357408,207,276.66302
531.812408,230,276.873944
802.976181,271,278.366692
716.427052,246,278.597753
577.824535,184,278.760634
719.397446,241,278.971888
551.373414,190,279.139592
467.627026,171,279.266079
1128.798738,399,279.644238
636.84385,202,279.83726
786.501963,238,280.058564
493.107279,163,281.419077
1147.82372,400,281.75985
781.289337,236,281.973332
603.127058,199,282.151143
822.599411,248,282.384175
531.559214,227,282.607527
632.010196,237,282.834052
825.185814,274,283.098266
983.755755,327,284.634206
774.180303,261,284.822975
639.455985,202,284.992891
1057.872954,329,285.269472
687.948351,201,285.450925
714.609021,209,285.627042
640.799811,209,285.823812
694.959362,225,286.029094
768.891559,260,286.280983
766.349488,261,287.755405
869.268591,271,287.9815
717.850434,244,288.204397
870.052986,292,288.487031
706.552705,229,288.706058
1004.825087,325,289.006687
476.604607,161,289.149814
773.435475,256,289.398722
826.64917,281,290.861179
861.15671,271,291.1132
670.312053,207,291.300385
578.331353,193,291.474286
832.405943,259,291.697754
723.256046,236,291.888028
664.04741,216,292.069685
914.804492,299,292.355252
610.992014,207,293.762935
777.928325,261,294.009509
595.945827,197,294.207343
761.732477,262,294.458618
762.554653,239,294.684608
1023.437371,317,295.000265
585.726461,192,295.159507
745.497887,229,295.354347
879.336224,268,295.640793
773.254154,230,297.164493
656.624593,221,297.365052
1023.420106,287,297.633787
444.462738,169,297.811857
904.001527,272,298.076302
1080.119294,329,298.39274
463.832685,157,298.549954
855.622237,268,298.804228
642.024204,205,300.336195
518.484872,197,300.530199
244.466562,105,300.629139
257.871596,104,300.736608
683.39022,217,300.931459
540.294163,185,301.134448
502.38461,175,301.273468
535.511353,185,301.452862
461.084004,155,301.567679
647.959648,199,301.747786
655.560347,213,301.931642
813.948286,268,303.307115
782.601569,237,303.517708
678.326701,225,303.724928
701.225445,219,303.895247
1043.760322,329,304.183167
742.320441,222,304.364943
582.647536,198,304.551865
729.314699,217,304.74144
510.672885,186,304.893058
901.716286,274,306.385379
885.009047,250,306.611358
658.657544,213,306.816666
706.101818,215,307.004863
733.427877,240,307.228527
686.350778,206,307.394121
881.041952,288,307.672543
851.316682,246,307.916329
451.674342,174,308.073513
758.36047,257,309.555845
1041.482542,308,309.783778
677.706175,227,309.991238
1057.481102,327,310.305053
1262.489428,419,310.679607
1261.565548,432,311.065152
677.511864,226,312.497384
1001.555416,310,312.797731
837.721296,235,313.018246
799.972959,231,313.208578
851.488019,265,313.466407
810.961672,275,313.7041
949.473177,319,313.967842
624.978307,193,314.133065
880.906118,292,315.551718
595.553758,195,315.733998
803.923924,267,315.944943
1041.808035,333,316.209024
1089.536309,333,316.509294
1304.452832,424,316.88434
1001.299447,312,317.145343
815.965687,253,318.63739
819.317477,241,318.883157
743.98338,246,319.141789
821.255615,259,319.409438
923.125138,309,319.709294
1060.62653,345,320.005543
771.596048,239,320.165207
887.295056,271,321.655516
1648.593846,500,322.082016
526.669246,208,322.279939
778.885933,237,322.496991
849.60486,272,322.723044
753.723369,224,322.921804
1263.758119,421,323.297483
440.324824,174,324.734006
1040.5727,323,325.027535
849.481869,273,325.279208
608.557299,192,325.443114
996.042798,325,325.759348
622.363457,212,325.983843
1027.999723,356,326.312751
536.046859,176,326.480871
1135.627781,324,328.01671
1013.03854,334,328.337762
618.774094,201,328.535864
813.017254,256,328.79802
1295.628115,389,329.168942
971.024479,299,329.454281
1312.054108,418,329.841033
654.514354,224,331.385916
860.314053,292,331.650611
653.551475,200,331.84248
730.348518,209,332.028512
855.537691,280,332.289495
743.711173,235,332.479903
737.774408,214,332.687253
973.75106,291,332.960642
770.102276,251,334.407639
888.946854,280,334.652394
980.072391,317,334.957787
1022.013906,346,335.268064
1507.780184,500,335.725491
808.901986,274,335.968894
746.351275,253,337.474673
591.997765,213,337.666988
1166.532205,325,337.942892
1178.15722,369,338.2778
590.852641,210,338.476243
773.997903,238,338.690015
792.463162,247,338.886349
655.061687,212,339.041018
888.063499,280,340.517125
1093.741275,341,340.827023
605.664385,200,341.004135
1345.958715,421,341.332071
613.820452,204,341.489264
884.097116,272,341.745994
1321.610407,415,342.095571
669.025991,221,343.582689
995.883118,313,343.882468
1052.232502,325,344.199719
634.767753,181,344.367266
1333.536102,407,344.728995
1014.080735,314,345.013203
904.824553,262,345.257272
793.619635,242,346.70865
651.21476,227,346.900506
825.361091,252,347.095874
1038.55512,349,347.409341
1001.428269,327,347.713052
665.448358,196,347.888954
1146.583515,408,348.259066
900.420781,249,349.757522
1052.080608,351,350.082255
1054.343914,333,350.37216
717.90453,203,350.554586
534.469572,182,350.729404
1003.194701,339,351.004579
1066.342414,318,351.274249
577.348558,194,351.430942
921.181232,268,352.91023
758.829176,218,353.097756
1479.405856,500,353.546432
754.001366,242,353.755373
517.669711,166,353.930234
1351.746429,500,354.419921
920.417401,274,355.909264
759.373623,234,356.108081
748.766466,228,356.321453
811.824638,228,356.547415
1007.87559,315,356.833674
771.568827,233,357.039749
795.575394,241,357.242934
659.681084,210,357.437543
1103.800099,315,359.071265
843.58505,248,359.306434
874.945381,269,359.607816
871.066431,239,359.836371
1288.814332,447,360.301747
639.646058,217,360.506332
879.512544,240,360.752646
859.761423,275,361.019821
697.506878,218,362.439008
720.114529,236,362.644666
657.086389,209,362.841069
748.294172,230,363.063303
955.271221,328,363.362536
794.344684,278,363.605393
787.039511,244,363.825815
881.836684,261,364.035305
603.712048,186,365.455682
1091.746337,354,365.794069
1035.966287,343,366.116151
1573.618254,480,366.585133
624.806569,199,366.773889
1366.136495,413,367.143223
679.792094,221,368.565425
1587.295338,462,368.969758
1475.630273,500,369.455302
636.855156,185,369.637968
499.497537,161,369.794137
1270.424217,500,370.262176
798.864539,226,371.741337
755.922478,234,371.974725
1360.411335,500,372.459813
632.094114,210,372.658144
652.497102,191,372.840502
720.279166,224,373.065608
686.461707,186,373.246408
1326.80385,412,373.622246
1136.889672,371,375.205976
858.062334,260,375.458163
1372.675185,404,375.806189
1404.059828,453,376.189445
897.25502,298,376.448632
1221.66825,321,376.732275
786.867697,237,378.178632
1384.039496,500,378.639137
1085.320724,334,378.935857
760.332313,227,379.121752
471.059657,182,379.285435
1293.451073,432,379.654124
640.553553,192,381.079108
1182.701309,354,381.40195
924.926947,262,381.624802
783.608476,236,381.822761
994.482511,329,382.112714
1213.95442,339,382.406722
634.897095,198,382.562863
836.866042,251,382.792388
1281.903571,336,384.476539
660.335716,183,384.653345
858.865755,228,384.860444
732.617616,220,385.028949
1055.602603,347,385.324445
915.053246,307,385.58742
497.561908,160,385.740613
1588.800566,500,387.504938
762.48907,231,387.754033
1020.482298,279,388.022372
945.659201,274,388.285945
1172.1583,375,388.650049
1042.742618,308,388.956355
740.570404,215,389.163834
840.531276,243,390.728762
950.082962,286,391.026653
1454.738894,408,391.385782
808.48425,261,391.594096
748.932372,232,391.797639
631.818859,183,391.964784
1191.884526,370,392.330128
773.966289,258,393.824893
1224.585232,399,394.195917
679.648573,207,394.373005
905.56337,251,394.580387
876.071818,253,394.801126
883.410054,260,395.023736
735.833062,217,395.210058
703.885625,226,395.403069
674.659609,209,395.591938
415.101185,143,397.016958
923.586233,288,397.272501
1022.823624,321,397.553371
995.573991,308,397.834412
1304.212824,450,398.214986
921.359068,266,398.447039
585.511679,188,398.605094
1457.055918,500,400.305081
760.457159,215,400.4899
881.134384,275,400.736957
799.887767,226,400.921686
1232.163292,373,401.212837
1248.661396,432,401.551085
1068.355285,331,403.093693
1101.449432,336,403.362721
1188.764053,440,403.753784
1626.91456,500,404.182539
1286.012785,359,404.504569
693.855448,203,405.901842
1293.699,440,406.321359
886.248028,280,406.554785
693.783049,243,406.776629
979.570653,340,407.054971
770.650266,223,407.249175
1376.130371,500,407.633483
833.156144,230,409.102909
753.069086,199,409.269019
1303.955292,500,409.720582
610.470059,222,409.911053
786.573134,226,410.123442
666.651604,205,410.310364
865.883499,268,410.524932
993.897534,301,412.054695
917.551019,252,412.292902
593.091143,193,412.462659
968.447874,275,412.715934
1336.400085,443,413.08883
604.403064,197,413.271841
791.517217,230,413.471785
483.088922,166,413.614851
790.894181,234,415.119084
995.249035,316,415.386632
644.601432,203,415.55293
545.260405,180,415.733637
1489.890753,500,416.176019
751.551708,241,416.401741
952.388082,266,416.656757
691.232005,194,416.8623
1468.974537,480,418.650828
1182.732258,330,418.992378
675.30245,204,419.20557
829.521675,239,419.43045
1086.591787,348,419.774028
679.469445,205,419.957323
1272.942178,432,421.703128
778.666913,241,421.938039
755.18334,254,422.153223
797.290654,225,422.381409
558.416502,182,422.565923
572.236244,190,422.741925
911.035467,257,422.982805
903.30755,239,423.193006
904.73099,291,423.442566
875.34729,278,424.982532
483.658153,167,425.140729
965.048794,271,425.402862
1028.967898,287,425.645328
600.91245,192,425.837128
814.249477,233,426.049425
969.107244,326,426.341662
905.101458,276,426.572416
784.949155,276,428.062567
803.232053,232,428.28246
906.101575,283,428.548533
1064.318214,317,428.840449
737.439391,243,429.052785
931.918965,287,429.310891
1083.871466,317,429.55674
1430.847295,439,431.139713
1121.489647,313,431.441255
783.658291,203,431.62402
819.398722,240,431.856166
1255.120679,410,432.226976
763.453245,247,432.445965
1192.611255,318,432.734769
887.614165,225,434.126769
494.773856,165,434.275679
574.284057,188,434.435277
676.924812,211,434.616268
741.426514,211,434.82626
600.414325,188,434.995404
825.786958,246,435.209325
1138.205495,375,435.563002
1179.106943,333,437.108089
1303.444136,408,437.481879
1052.895504,357,437.825284
1247.42951,426,438.230053
655.377692,199,438.408318
1454.224643,500,438.860115
820.89646,271,440.391604
651.537111,198,440.572051
1186.417409,348,440.87824
445.906874,167,441.040994
921.705306,282,441.304055
1461.761889,500,441.757685
910.222425,240,441.966575
1559.423102,443,443.49827
1346.644317,500,444.003005
1622.856808,500,444.500364
939.555207,254,444.736481
1526.756717,500,445.196341
1227.605506,361,446.748034
1329.109054,386,447.107771
1519.227207,500,447.591236
1194.713074,375,447.936829
1319.711968,500,449.741802
1096.592531,343,450.100976
921.137314,275,450.383254
1528.29247,500,450.907875
820.595946,264,451.176494
605.423118,195,451.354131
1502.129926,500,453.076634
401.734887,139,453.208076
1334.499193,418,453.588735
593.299642,189,453.767366
777.153062,258,454.003387
982.216126,268,454.235768
1001.997546,298,454.490326
934.609934,251,454.713195
1459.374338,500,456.371622
1149.221747,320,456.692336
605.600762,197,456.881238
984.724628,280,457.150201
1461.46615,500,457.611462
783.798656,247,457.822312
867.806961,258,459.310443
1105.274068,328,459.605905
724.000207,194,459.781545
851.648126,273,459.994586
574.904544,182,460.155637
1584.611958,500,460.596749
683.268688,211,460.743561
1090.527056,279,462.275857
1559.860701,451,462.699405
1365.56857,419,463.099285
1058.821586,350,463.379019
891.838623,281,463.623028
1098.874314,301,463.904937
1206.020525,419,465.506104
903.46582,250,465.717493
1149.177643,360,466.061958
1550.200267,500,466.516072
1451.094975,500,466.95149
618.012877,203,467.123815
1646.807819,500,468.817673
862.856155,240,469.01711
1072.384099,298,469.278789
1036.221935,287,469.544477
1339.73302,500,469.995518
1104.679506,365,471.577709
939.165379,261,471.822012
1454.785875,500,472.235615
1557.308287,500,472.636431
1381.012842,450,473.048835
1048.259138,345,474.622004
1632.828825,500,475.108691
1282.809822,423,475.4837
1362.097787,417,475.864092
1626.897989,500,476.328788
973.058014,272,477.870432
966.923459,312,478.177715
701.211148,204,478.367949
1055.192464,310,478.666726
660.802941,192,478.84094
1654.97313,500,479.314504
1025.237731,300,479.628472
1577.887429,500,481.406619
1078.79751,346,481.702214
1294.498493,353,481.990986
146.167549,69,482.049675
1712.965003,490,482.478651
1747.370318,500,484.195799
516.422638,186,484.35393
417.617894,145,484.502245
132.50021,64,484.566041
1677.760334,500,485.019388
314.186345,123,485.125772
1005.257233,273,485.393312
979.706732,329,485.665384
1255.060546,420,487.337197
939.203774,262,487.588325
1091.1952,366,487.938153
1451.162863,395,488.289535
895.29558,254,488.535358
762.407211,251,488.773231
145.728511,68,488.840758
857.292914,283,489.109763
1131.230986,342,490.688442
1359.107585,374,491.03003
773.150403,251,491.240832
1055.792838,321,491.508028
1210.009774,368,491.841679
1400.583787,380,492.191091
1532.392719,430,493.798655
1492.441698,500,494.263553
1015.737383,352,494.58245
1453.561341,500,494.993258
1505.326998,401,496.585668
868.07155,259,496.8368
1242.741635,400,497.204102
1201.603958,400,497.579654
1536.356842,500,498.063884
130.333123,67,498.134721
202.116454,96,498.232417
1558.5256,462,499.862034
242.220017,108,499.974021
1441.028279,500,500.399823
1395.286144,390,500.729261
1291.257977,410,501.082417
1617.034948,500,502.816201
1535.674682,500,503.302781
1577.696048,500,503.745493
1258.385324,417,504.161234
608.658222,219,504.391807
1439.753322,407,506.015587
910.013797,304,506.264885
1311.332483,349,506.596348
805.152817,238,506.809444
1621.308016,500,507.261527
98.471936,58,507.311194
798.705817,231,507.529973
1135.617284,313,509.1087
1350.603134,340,509.443295
1077.279669,379,509.840491
1425.331324,500,510.349289
114.267688,58,510.409601
345.182218,129,510.538821
1735.618636,485,511.045682
1110.68684,305,512.602152
1155.413489,290,512.852947
1161.265128,373,513.187266
1479.091725,416,513.507865
1528.464575,500,513.937497
933.709587,343,515.460158
1469.734923,500,515.919057
1055.468576,359,516.246496
1573.998999,500,516.711737
947.281858,261,516.943909
1609.930406,500,518.627731
1506.591716,414,519.027944
1268.594376,440,519.422025
1179.6503,316,519.692547
1123.805504,327,519.930063
1618.055109,500,521.586913
1622.504776,500,522.044301
1738.153468,500,522.575607
1399.397456,418,523.000063
1498.217951,500,523.464432
746.416982,262,524.98032
645.850881,214,525.188505
990.535307,321,525.476375
568.561284,183,525.634626
767.522715,248,525.864944
1656.892419,497,526.270846
740.799158,234,526.437113
702.84401,217,527.892907
560.547938,183,528.078143
541.762816,194,528.267265
1004.087535,296,528.554743
373.427201,140,528.680254
1109.08268,296,528.97649
1458.031421,488,529.413596
749.739801,231,529.607525
1199.062685,339,531.145686
585.930302,211,531.340074
1265.175736,323,531.643778
616.18178,212,531.83805
1432.068924,365,532.150046
992.984474,263,532.390393
816.726863,263,532.612368
1223.13962,331,534.169593
729.228754,211,534.378966
1418.766955,359,534.733207
1359.369709,415,535.083515
619.736845,208,535.264777
969.177098,288,535.533853
949.396073,276,535.775288
847.313864,249,537.261833
1679.654466,474,537.689069
822.163696,228,537.882991
1123.042534,322,538.214786
1441.393508,455,538.642617
608.927578,215,538.837602
1143.724786,364,540.474629
651.211915,231,540.715699
1084.271803,369,541.067039
678.757813,192,541.234554
965.599496,302,541.503267
961.337935,304,541.758221
1192.963497,377,542.06137
1161.86517,326,543.591071
816.585664,268,543.832144
1789.906587,482,544.224124
1411.768485,431,544.580338
848.840621,271,544.797354
1255.470887,409,545.175758
1467.528074,500,546.913626
1043.341743,355,547.21539
1436.553576,500,547.638589
1321.868929,431,548.010916
1495.648339,500,549.702339
1258.227144,340,549.996104
1370.227309,374,550.334456
917.201904,302,550.586626
1724.333945,500,551.055007
1712.085516,456,552.690745
1671.780846,500,553.161045
1494.613735,500,553.59777
833.164479,264,553.843353
1218.420128,398,554.206355
1775.072084,483,555.861094
1446.600997,500,556.327069
1607.423838,500,556.721592
1116.59537,357,557.053039
1621.044315,452,557.457649
1203.584517,343,559.020128
931.656749,309,559.306909
1603.780745,500,559.744018
1163.562542,328,560.030054
1475.941536,436,560.414421
1156.313763,353,561.925188
1757.342397,500,562.352576
1680.587109,500,562.79867
876.497641,290,563.038202
1393.898756,443,563.432972
1713.346278,500,565.191132
1559.891702,500,565.629768
1614.852393,500,566.077766
1769.978746,500,566.52966
1600.328122,500,568.282666
1481.781367,452,568.703637
1454.086666,433,569.104292
1696.32035,500,569.599512
562.478235,204,569.800105
1535.382682,462,571.589798
1143.917887,310,571.887426
1349.421463,372,572.184405
1849.357467,472,572.58937
1493.191198,500,573.009546
1256.954962,333,574.494231
1558.741416,500,574.936241
1735.054723,500,575.393282
1570.737916,500,575.836597
1554.67142,417,577.538813
1199.099396,384,577.86299
977.398792,297,578.126202
1035.513886,283,578.424021
1448.910508,500,578.834
835.623111,301,579.083827
1474.552175,372,580.711866
1140.981535,347,581.031633
1050.329602,347,581.360206
1676.10159,500,581.811322
1615.960479,500,582.25179
1765.353949,458,583.927473
908.534288,261,584.145552
1205.092307,381,584.491222
1713.848225,466,584.893473
1509.380266,440,585.307291
1132.192979,321,586.862088
1670.056665,500,587.271203
975.997813,305,587.567477
870.72634,281,587.829633
1415.924079,370,588.182232
1767.845757,497,589.900192
1243.965732,400,590.231434
1017.490879,329,590.536923
1114.620107,307,590.815236
1697.380308,488,591.245657
1784.984167,500,593.001839
1427.061961,500,593.444666
1314.317573,396,593.797713
1372.006349,371,594.224177
1090.708695,334,594.548323
992.870367,268,594.799116
803.062142,235,596.24635
1005.80249,292,596.515022
1599.481295,500,596.923942
978.176363,328,597.207791
1529.769379,500,597.688308
1514.27509,500,599.556881
1499.622995,500,600.034124
1464.062648,388,600.43974
1686.818417,490,600.967983
1217.602745,425,601.395433
881.12081,282,602.912378
1402.097907,500,603.376423
1388.633203,500,603.825873
1513.74561,500,604.267554
1551.690369,500,605.910177
909.756748,275,606.145837
1361.852916,420,606.572295
1411.563929,500,607.086082
288.757558,136,607.214176
1315.384792,401,607.599775
1467.795043,500,609.271059
1198.785003,345,609.595557
1489.263988,500,610.092687
1167.910029,353,610.429754
1493.089634,500,610.899859
1641.985411,500,612.662363
1308.863433,381,613.064335
669.113759,249,613.317985
1413.468212,481,613.713165
1161.099359,428,614.050955
1303.545241,384,615.665764
1564.274449,500,616.102549
852.398735,280,616.351685
1358.281556,427,616.781556
1419.480413,399,617.112074
1706.346062,500,618.839827
1256.379612,386,619.189752
1424.30574,500,619.63321
1666.103015,491,620.081186
1287.717806,391,621.632311
1720.952541,500,622.063
1099.057418,339,622.397928
1496.797077,468,622.831282
1438.612293,500,623.29821
1351.766996,394,624.936401
1069.448955,341,625.266241
1824.794347,482,625.701247
784.863551,254,625.94711
1385.280312,387,626.272581
1268.134145,335,627.88153
798.995383,255,628.121684
1271.258259,332,628.448159
1435.414772,500,628.951243
1431.086538,500,629.454335
1604.211135,500,631.281919
1630.295677,500,631.731159
1448.554607,500,632.186985
1401.331195,500,632.66175
1788.146013,500,634.395919
1793.729806,500,634.843286
1370.680471,448,635.190732
1285.019299,368,635.524383
1744.28858,500,635.99297
1388.489815,500,637.700403
1398.506145,447,638.122735
1166.430134,315,638.385557
1412.066232,407,638.712502
1266.946006,365,639.053193
1627.200417,485,640.690678
1379.540373,474,641.092889
1259.534136,349,641.405825
1725.897553,457,641.785733
1515.428914,404,642.154675
1424.853217,500,643.847152
1587.865055,500,644.225245
1753.219557,500,644.63928
1031.288563,273,644.917521
1481.624437,500,646.527789
1802.88814,500,646.954004
1635.570491,500,647.373176
1281.523374,383,647.752565
1582.391457,500,648.219008
300.231141,135,649.610669
1637.785495,500,650.063486
779.288868,276,650.305002
1424.804252,500,650.744962
1341.549331,390,651.07049
1300.603071,409,652.694819
1440.509016,500,653.11904
1443.128991,500,653.54907
1418.937019,500,654.034167
1502.123353,500,655.803193
1491.288203,500,656.26487
1436.670271,500,656.658751
1450.565793,500,657.136719
1469.675367,500,658.874969
1487.341015,500,659.371058
1454.78638,500,659.850942
1544.447702,500,660.343446
1437.391674,386,660.774161
1635.340259,500,662.52786
1620.723826,428,662.931225
1555.46772,500,663.376834
1721.303416,500,663.810064
1624.057917,500,665.457814
1638.853929,500,665.89771
1472.41617,500,666.320633
1621.275889,500,666.782212
1780.79031,500,668.525196
1511.097598,398,668.871689
1323.468146,500,669.321765
1424.819344,500,669.789912
1546.561876,500,671.480597
1362.671892,500,671.891077
1471.665738,500,672.339261
1479.017939,500,672.820339
1653.922401,444,673.231859
1743.769394,500,674.921423
1327.513287,415,675.285331
1632.649073,500,675.725737
1375.907328,500,676.145964
1369.260852,392,677.740865
1619.937143,468,678.147488
1454.504319,500,678.60661
1561.556392,500,679.073079
1556.710467,435,680.74556
1561.83045,500,681.176744
1313.404017,414,681.53401
432.782065,148,681.678379
1145.65856,312,681.952984
1831.474537,500,682.422183
1494.929886,500,684.139909
1536.352162,500,684.604366
1209.300242,316,684.921571
1694.945497,500,685.439483
1420.054376,389,687.086723
1160.55575,312,687.355844
1828.10319,500,687.845864
1133.538992,301,688.130522
1470.374359,500,688.642909
1093.593143,295,688.943231
1316.051589,340,690.603328
1864.17038,500,691.096064
1722.064057,457,691.546709
1362.623234,406,691.913456
1403.442309,442,692.330333
1325.661716,429,693.992354
1167.532381,304,694.264172
1001.647149,350,694.569101
1318.804441,428,694.918933
1214.301649,336,695.218925
718.311379,224,696.684583
1728.445151,454,697.118051
1022.179508,289,697.362515
1828.103381,492,697.861888
1489.179484,415,698.239203
1712.447742,500,699.972657
1912.580309,500,700.405936
1317.665716,349,700.701654
1243.324991,354,701.005106
1754.570525,492,701.419982
1576.219292,493,703.197362
1460.921477,500,703.668201
1583.759816,481,704.111363
1188.918614,331,704.41515
1042.469246,267,704.63168
1260.591375,406,706.210055
1452.144267,360,706.545215
1070.321053,327,706.839763
1414.388988,377,707.184873
1350.687123,370,707.504838
1521.688975,500,709.194869
1728.987319,500,709.647212
1778.724262,500,710.123719
1486.124133,500,710.530544
1096.564599,296,710.778437
1995.034013,499,712.410274
1099.268587,294,712.654026
1766.393384,500,713.078745
928.91278,259,713.315655
1604.085614,500,713.772011
1529.974972,500,715.539038
1544.271586,500,715.967534
705.633603,215,716.181507
1686.43446,500,716.607676
1767.660034,469,716.988777
1075.319611,286,718.524348
984.531434,264,718.779522
1086.911633,280,719.058829
1944.296729,500,719.548394
1670.313156,414,719.976816
1329.522804,431,721.708757
1228.792894,351,722.022628
1115.908825,362,722.352019
1194.988028,351,722.675291
1272.51837,356,722.971061
944.634299,238,723.188466
1539.802841,500,724.900572
1028.244494,271,725.157014
819.180083,262,725.378941
751.74131,218,725.578252
1374.923541,371,725.90078
1304.631988,388,726.223195
1324.762968,339,727.788788
1187.048997,332,728.083204
859.80862,260,728.301172
1536.953518,428,728.667624
1345.869194,340,728.978691
1670.968333,499,729.417421
1696.293131,500,731.085342
1222.075209,387,731.421699
1541.550695,500,731.840644
1472.726312,445,732.22144
1131.206664,303,732.506864
1630.720026,440,734.172583
1486.34145,500,734.599679
1566.645388,500,735.024478
1494.887423,500,735.456039
956.186204,292,736.922229
1191.741873,309,737.213101
1855.003472,500,737.68547
1429.702631,430,738.067101
1041.462931,261,738.29383
1454.456669,356,738.603273
1157.107958,369,740.212396
1217.417272,383,740.559126
1270.140644,354,740.883911
1443.813789,402,741.220379
968.31403,293,741.483416
1469.012454,402,743.029997
1746.390088,500,743.485292
1028.786333,302,743.770429
1602.499298,464,744.233941
922.57428,291,744.473795
1420.526232,359,744.800201
1885.243882,488,746.542058
1710.710358,500,746.957282
1106.850138,343,747.253542
1927.023528,500,747.734195
1765.15585,441,749.452346
1192.3664,307,749.763872
1782.836671,500,750.264642
1809.177969,481,750.763561
1588.407069,500,751.262211
1117.403076,299,752.856357
1470.170567,436,753.25025
1782.613902,475,753.70607
1196.109954,342,754.015265
1040.078514,274,754.2684
1938.609608,500,755.928866
1792.562094,500,756.36108
1271.697628,363,756.711974
1796.817676,469,757.16347
1768.104548,500,757.623911
1519.702804,500,759.335496
1611.422911,477,759.791709
1163.068106,374,760.126096
1601.178977,399,760.449926
1459.661381,500,762.112823
1766.339479,500,762.534653
1620.70994,500,762.972661
1592.108938,500,763.431414
1920.0065,500,765.189516
1493.833735,500,765.664625
1247.11848,380,766.019615
1752.676787,500,766.463308
1839.420825,500,766.840474
1695.224889,500,768.533714
1438.827803,500,768.967639
1415.893782,500,769.441756
1594.698831,500,769.918198
1145.193229,364,771.50316
1444.840288,389,771.876225
1867.346591,500,772.280407
1518.899631,500,772.689367
1754.200877,500,774.431
1509.680172,500,774.863805
1811.938913,500,775.310309
1763.333911,500,775.77796
934.817264,295,776.046476
910.486122,293,777.554849
1538.312086,500,778.048049
1449.282741,377,778.424895
1565.102673,500,778.924794
1065.091726,344,779.261999
1620.322849,500,781.032732
1170.350342,367,781.369163
1872.679326,500,781.857847
674.98032,222,782.072815
1271.136787,391,782.444392
659.865881,210,782.640849
1146.342612,347,784.195678
944.590288,288,784.446693
1020.945169,330,784.715678
1544.661199,395,785.083405
1335.216541,388,785.446992
1007.604137,279,785.676837
1261.731662,328,787.209393
1068.464447,332,787.524187
1800.765688,445,787.936932
1461.105617,396,788.298833
1661.978049,500,788.763499
1691.586465,420,790.404102
1821.626162,500,790.840548
1658.240655,500,791.292093
1055.332108,323,791.591025
1792.888003,500,793.316138
1823.227055,500,793.740388
1244.632739,368,794.064903
1641.875936,459,794.481558
1039.102216,267,794.732244
1669.3865,478,796.396085
1266.811634,343,796.666976
1395.958112,402,797.011348
1243.199207,328,797.292936
1329.995794,330,797.582875
1850.551337,471,797.99532
1676.308081,464,799.671107
1650.128858,500,800.12452
1507.238027,500,800.560568
730.002323,225,800.771493
1191.389793,308,801.067146
1179.59281,327,802.574573
1567.704455,500,803.010584
1299.905355,397,803.372443
1439.928526,357,803.668826
1599.331155,454,804.126466
1538.587318,422,805.741408
1881.255754,500,806.178569
1325.01455,364,806.507389
1538.212923,500,806.976504
1526.403992,500,808.72704
502.890302,208,808.92943
1821.757692,486,809.377854
1524.683583,500,809.832608
1350.663441,383,810.206987
1881.808673,500,811.969503
1731.578229,445,812.396986
1857.73999,500,812.8252
1502.39956,500,813.27735
1651.75329,500,814.905885
1700.034146,500,815.34241
1656.016364,500,815.790211
1771.93479,500,816.249032
1456.130846,386,816.619757
1702.807775,500,818.355415
1568.599648,500,818.78537
1660.320444,500,819.191566
1260.872399,324,819.441637
1166.567779,315,819.7223
691.706572,238,821.121115
1864.108281,500,821.533535
323.488622,139,821.649069
1332.16331,351,821.941862
1049.477033,317,822.26642
1600.593305,439,822.712221
1160.100132,360,824.292872
1765.797403,500,824.749808
1483.875945,500,825.183788
1325.60332,413,825.554378
1233.154095,377,825.8777
1657.26253,481,827.457906
1210.089733,361,827.736006
1139.632405,289,828.010234
1477.248783,500,828.42011
1772.112841,500,830.158422
1253.016976,347,830.475957
1534.04107,435,830.8772
915.72543,285,831.106285
1422.623883,385,831.480541
1765.224106,496,831.878319
1694.687895,500,833.567282
713.141506,222,833.767594
1460.006278,396,834.145767
1586.72402,500,834.582156
1485.091089,387,834.874016
1302.01015,407,836.446588
1939.826539,500,836.882961
1171.604623,304,837.161197
1092.251848,327,837.424619
1226.544545,336,837.745895
1306.587395,414,839.460709
1861.553814,500,839.930414
1734.607523,500,840.406649
1048.347073,279,840.675347
1881.610494,470,841.11876
1531.17263,447,842.821617
1078.815208,332,843.109667
1059.31755,284,843.34939
1749.470941,453,843.752042
1448.607734,392,844.120733
1197.745859,367,845.664995
1745.817645,500,846.11706
1839.46274,500,846.543547
1077.992518,274,846.783792
1482.738032,500,847.242634
1703.137239,500,848.968668
1455.03248,500,849.385011
1788.958372,500,849.807469
1629.319946,500,850.278245
1767.173016,500,851.97359
1536.476768,500,852.387334
1201.516873,378,852.72585
1306.847275,364,853.05362
1436.930854,380,853.382954
1577.495601,403,855.037593
1208.125129,337,855.325762
1808.83548,500,855.752116
1630.137369,487,856.210098
1304.573817,406,856.578451
1172.463356,297,858.061029
1183.777189,331,858.362239
1581.14571,436,858.743445
1801.802055,500,859.213913
1579.831111,500,859.671708
1160.376679,323,861.209058
1745.150979,500,861.657396
1022.034569,305,861.943186
1320.485606,348,862.2529
1631.98707,411,862.614479
1445.800344,376,864.193132
1722.257643,500,864.635611
1448.869861,375,864.977597
1293.260434,348,865.285498
873.32399,263,865.49875
1859.3606,500,867.22663
1521.2934,500,867.698679
1489.465947,406,868.083344
1619.072501,500,868.567111
1183.939952,330,868.908758
1198.310168,352,870.574615
1294.730034,415,870.978768
1737.554832,453,871.421597
1379.748633,349,871.774095
1751.207383,500,872.235913
1097.659607,374,873.83884
1536.786831,416,874.239202
1593.784583,500,874.677812
1726.122753,500,875.1333
882.884515,249,875.343621
1339.907055,350,876.831712
1702.568203,500,877.286563
1068.000519,314,877.577516
1552.342346,500,877.998148
1730.574063,500,878.461309
1047.096802,303,880.006936
1799.331486,500,880.436795
1731.694334,436,880.837141
1784.271891,500,881.285774
1423.900764,352,881.5978
1626.411198,500,883.35797
1305.027624,323,883.636874
1590.549712,432,884.019159
1331.528347,383,884.367336
1737.349473,500,886.097243
1291.097003,377,886.444295
1316.790131,318,886.747278
1586.593326,500,887.196004
1535.284312,500,887.640941
1300.929206,353,889.194381
1767.423999,500,889.61734
799.582872,255,889.861273
1623.75422,500,890.328905
1371.709604,424,890.713551
1495.34145,354,892.297464
1614.000593,467,892.71092
1756.550686,500,893.201981
1565.207598,500,893.60903
1146.13922,296,893.864652
1785.351451,500,895.649446
1746.718767,500,896.146218
1278.977384,350,896.469202
1713.281999,500,896.892566
1124.444941,322,897.195661
1522.886018,500,899.022046
1497.811276,400,899.416922
1443.371754,375,899.778594
1426.969436,391,900.125765
1535.78088,500,900.594064
1509.272163,500,902.389496
1407.641149,344,902.728908
1634.426672,500,903.225426
977.877361,306,903.511144
1566.199319,500,905.187031
1321.460689,341,905.47521
1622.595178,500,905.887624
1803.876678,500,906.307925
1712.500324,466,906.66594
1608.318212,500,908.292109
1535.944216,500,908.752069
1581.857636,500,909.234212
1647.543852,485,909.675313
1943.153815,500,911.427161
1618.080652,500,911.839196
1889.970843,480,912.271883
1567.026086,500,912.679739
1450.402799,446,914.32217
1227.518843,298,914.589728
1152.718188,352,914.908169
1972.550819,500,915.403788
805.460836,258,915.651887
1859.136384,453,916.059429
1031.698659,273,917.567321
1394.739229,371,917.9077
1650.765558,500,918.336505
1355.887841,403,918.675004
1891.12664,500,919.134945
1644.830839,500,920.788858
1225.773836,308,921.078086
1568.525434,500,921.54001
1569.819447,412,921.923572
1495.050165,500,923.659159
1594.480152,500,924.128595
1720.016409,447,924.565526
1466.855326,460,924.967742
1760.206381,500,926.616553
1445.622501,387,926.963083
1587.181571,500,927.426284
1856.077522,488,927.8924
1209.02362,382,928.246587
1008.028996,303,929.838911
1642.011995,500,930.333861
1628.504974,500,930.82041
590.136408,194,931.016917
1817.303185,500,931.472668
1631.645582,500,933.25216
1566.239446,500,933.715648
685.749415,219,933.910895
1404.220457,349,934.21783
1556.611362,500,934.673673
1762.330598,500,936.3802
1258.18713,342,936.679134
1299.951927,405,937.010941
1054.110445,328,937.288189
1082.867869,285,937.547482
1736.883369,500,937.992794
867.966374,283,939.493351
1310.563275,406,939.866974
1593.000194,500,940.334358
1218.360011,309,940.603948
975.045007,329,940.909191
1223.208601,322,942.429563
1545.399528,500,942.881079
1759.790413,500,943.342844
1900.658237,500,943.782524
1156.86341,373,944.114842
1550.070936,500,945.874049
1636.010696,500,946.27864
1053.609773,273,946.500823
1587.560304,500,946.947584
1392.523715,407,948.599115
1630.997229,500,949.034464
1473.115486,391,949.426837
1035.101394,339,949.747085
1251.738923,314,950.049147
1556.083471,500,951.762778
1271.924979,353,952.085701
1314.415035,334,952.389329
1342.958266,331,952.700108
1763.391525,432,953.07022
1401.666073,390,953.404542
1775.773928,500,955.106415
1598.269266,394,955.443941
1103.780527,288,955.715807
1027.376902,269,955.967538
1426.009838,350,956.29966
1131.534997,288,956.535857
1780.180618,500,958.277315
1243.967423,328,958.567122
1171.967226,296,958.864498
1819.476167,500,959.380811
1771.964781,500,959.864114
1168.590557,293,961.471511
1451.785665,385,961.82503
1026.967464,277,962.093185
1176.571692,341,962.428092
1291.890323,346,962.770074
1652.163702,500,964.56455
1652.059465,500,965.017617
1856.076324,500,965.460545
830.02944,258,965.692963
1523.983857,374,966.045662
2018.901801,500,967.688481
1715.332127,500,968.138962
1734.894643,500,968.597172
1471.4348,353,968.904526
1181.452202,340,969.219865
1388.982259,404,970.900361
1167.237715,346,971.222811
1132.023744,355,971.537152
1705.084434,500,971.946617
1297.816751,341,972.231213
1641.419309,500,973.892737
1692.897764,500,974.333221
1747.321248,500,974.780883
981.772197,301,975.03056
1712.102899,500,975.506226
1062.302213,316,976.956591
1369.226441,360,977.30857
1536.176716,477,977.736586
1610.066974,465,978.12025
1836.645511,500,979.807798
1388.142439,343,980.098881
1957.010028,500,980.596938
1625.559375,461,980.974239
1567.129661,500,981.426661
1751.469271,500,983.138193
1775.610291,500,983.554226
1592.450277,500,984.008184
1129.278196,296,984.28958
1768.843743,477,984.729079
1583.897232,500,986.447863
1875.392766,500,986.859882
1696.740989,467,987.300548
1962.479516,500,987.785208
1557.175765,500,989.571097
1558.099415,384,989.909218
1633.574378,500,990.406424
1374.157565,401,990.811123
1503.636799,500,992.566549
1455.752463,416,992.96968
1719.21303,500,993.44525
698.167753,236,993.661823
1809.279374,500,994.134676
1912.892903,500,995.827761
1464.291561,373,996.146987
1598.981642,415,996.505455
1541.096979,399,996.851243
1675.020742,500,997.269478
1767.793028,500,998.890381
1216.106384,339,999.139509
1074.578887,282,999.39778
1479.234725,500,999.880782
1201.180585,322,1000.191862
1782.30861,500,1001.919002
1221.003024,374,1002.241266
1252.728373,394,1002.578175
1210.143068,381,1002.907938
1388.558888,366,1003.216777
1142.151769,354,1004.708058
1496.875077,423,1005.070449
1326.858584,402,1005.444445
1651.342037,500,1005.924406
1435.200517,461,1006.364
1520.239157,500,1008.051567
1768.488424,500,1008.530291
1879.58889,500,1009.012785
1801.030965,500,1009.444097
1421.002069,407,1011.028117
1536.016717,500,1011.496604
960.113493,316,1011.767755
1254.089212,342,1012.089528
1747.003483,461,1012.521785
1495.970832,401,1014.1222
1188.955332,351,1014.465818
1835.501096,500,1014.924746
543.671847,196,1015.112585
1809.367234,500,1015.578923
1800.853248,500,1017.214435
1756.363872,500,1017.696661
1229.024214,312,1018.002565
1354.889799,404,1018.385252
1851.075495,500,1018.865035
1897.271193,500,1020.649139
369.250619,146,1020.792926
1787.96999,436,1021.214926
1565.118943,500,1021.674067
1749.054277,500,1022.144962
1698.018029,500,1023.872036
1684.413314,452,1024.28061
1163.381625,308,1024.562277
1127.288862,315,1024.823161
1590.24874,500,1025.252774
1197.776328,345,1026.796827
1854.437054,500,1027.252276
1743.425551,500,1027.690189
1497.004002,500,1028.174351
1570.19011,500,1029.843081
1904.986763,500,1030.284507
1824.840426,500,1030.732214
1763.862698,500,1031.192087
1821.962028,500,1032.83607
1384.713756,423,1033.176558
1832.625305,500,1033.580346
1757.152564,500,1034.009392
1370.243234,336,1034.315933
1482.401473,359,1035.895052
555.525276,197,1036.085496
1649.10329,500,1036.527746
1837.148475,467,1036.946971
1569.882153,500,1037.382982
1749.289111,500,1039.004286
1635.464739,461,1039.389984
1029.123858,302,1039.66461
1491.405631,443,1040.055199
1489.326146,423,1040.433329
1431.829497,374,1041.965822
1612.306423,500,1042.447196
1585.725045,414,1042.829261
1604.103874,500,1043.303566
1633.005927,500,1045.061856
1848.124327,455,1045.465448
1873.51904,500,1045.934924
1547.900642,500,1046.355144
1085.735886,282,1046.607031
1136.608742,355,1048.233107
1046.978768,313,1048.542207
1142.334757,323,1048.870594
1614.629373,446,1049.306665
1669.289285,422,1049.710912
1264.366975,378,1051.404497
1591.003404,405,1051.793297
1423.502028,405,1052.173746
1023.235452,318,1052.485716
913.897947,247,1052.731335
1580.045818,500,1053.250925
1274.098345,401,1054.973526
1558.174248,500,1055.417286
1471.87701,439,1055.840966
1609.095811,500,1056.344751
1683.792377,443,1058.003438
1185.806398,299,1058.2516
920.034916,278,1058.510194
1263.226365,375,1058.835305
1761.653813,500,1059.283957
1719.134192,500,1059.724862
1683.185247,428,1061.361991
1699.160345,500,1061.818521
1072.043914,284,1062.071565
1477.135901,413,1062.445075
1255.178779,323,1062.774199
1493.613718,395,1064.284101
1534.188757,396,1064.582422
1386.88199,359,1064.924246
1697.041636,436,1065.326614
1775.089844,500,1065.812004
1855.468561,454,1067.501599
1661.612743,500,1067.969685
1889.251591,500,1068.417786
1875.245809,500,1068.851267
1717.75056,500,1070.505958
1035.575529,301,1070.764014
1347.089965,394,1071.10808
1227.569484,311,1071.376994
1061.101516,281,1071.628488
1450.197644,401,1072.015264
1212.010884,373,1073.679504
920.238028,288,1073.937024
1435.118975,385,1074.293342
1289.344675,391,1074.65533
1482.424386,418,1075.039253
1241.373225,348,1076.566753
1359.22652,340,1076.854044
1742.218261,484,1077.280309
1434.524952,371,1077.592653
1321.190006,349,1077.939415
1235.479842,345,1078.297715
1251.090301,355,1080.002298
1625.423396,474,1080.484497
879.452709,283,1080.762749
1311.270549,382,1081.117445
1635.241269,390,1081.517323
1084.097902,293,1083.089265
1094.207718,349,1083.41213
1259.540211,386,1083.782509
1855.843867,500,1084.258954
1385.478812,333,1084.570216
1457.253362,405,1086.194844
1288.271359,313,1086.484101
1351.589911,378,1086.789942
1513.922457,394,1087.148584
1769.125188,460,1087.544177
1586.259654,500,1089.195714
1054.842538,326,1089.445944
1427.216847,363,1089.694403
1016.08137,325,1089.972621
1438.076399,370,1090.28996
1397.640396,362,1090.623046
1393.212491,348,1092.166422
1630.241099,500,1092.641068
1371.928623,431,1093.029226
1646.418907,500,1093.449942
992.606231,301,1093.699076
1204.715302,375,1095.258673
1167.889406,364,1095.563641
1699.988007,426,1095.946787
1785.153703,500,1096.421759
1147.826993,324,1096.731398
1076.833853,350,1098.258839
1400.71187,366,1098.599373
1227.883652,347,1098.93429
1237.24971,338,1099.233392
1235.19993,339,1099.532998
1250.130814,355,1099.823787
1025.903833,304,1101.323987
1219.256315,299,1101.59757
1046.585939,320,1101.928293
929.887274,292,1102.200558
1776.789233,500,1102.672092
1680.402735,430,1103.091469
1976.211951,497,1104.787783
1549.593905,500,1105.218721
1750.279944,491,1105.65695
909.435073,283,1105.916297
1035.910804,303,1106.207096
1685.37688,500,1107.912568
1488.753692,385,1108.300984
1547.430285,462,1108.766268
858.94537,269,1109.031259
1050.230893,312,1109.328038
1258.254094,397,1111.039631
1714.779886,500,1111.522277
1568.659791,423,1111.930137
1501.393043,384,1112.276092
1329.285221,402,1112.628939
1771.685288,492,1114.403365
1572.711365,366,1114.762379
1837.531402,476,1115.213901
1840.30169,500,1115.687364
1166.399951,338,1115.9589
1501.32123,500,1117.659815
1181.369747,356,1117.954606
1479.53843,458,1118.334715
1656.490446,500,1118.7718
1364.344423,390,1120.381708
1583.989837,371,1120.729297
1455.683301,348,1121.048562
1169.85173,359,1121.380501
1539.823809,366,1121.665103
1722.885364,500,1122.118607
1638.994223,500,1123.818449
1515.97307,368,1124.138934
1513.106866,465,1124.531538
1428.496223,411,1124.880487
1322.708807,392,1126.437993
1708.601939,500,1126.916646
1125.173482,331,1127.231368
1429.408185,359,1127.571878
1476.98286,451,1127.986734
1134.078199,345,1129.518315
1643.687837,500,1129.937731
1696.841906,500,1130.362552
1193.516414,350,1130.662569
1167.248985,351,1130.9933
1619.231608,375,1132.609356
1161.067155,340,1132.900854
1774.053251,500,1133.377621
1451.046256,353,1133.687492
959.269587,294,1133.951261
1306.993856,389,1134.361209
1708.935117,500,1136.022037
1996.745107,498,1136.452815
958.695653,276,1136.708268
1670.163151,500,1137.130557
1590.658278,500,1138.826993
1211.045687,364,1139.175084
1262.854751,315,1139.468006
1584.785481,500,1139.955635
1182.483309,340,1140.288659
1690.793549,500,1142.097984
1599.222845,500,1142.552142
1738.57008,500,1142.979662
1413.796844,420,1143.364154
1852.041065,500,1143.84532
1772.25163,500,1145.615929
1293.904985,392,1145.9547
1395.516397,418,1146.321803
1549.281038,458,1146.722623
359.871689,146,1146.874266
1760.848808,500,1148.505102
1556.732466,500,1148.943099
1798.816956,500,1149.360238
1697.851326,481,1149.785413
1524.417767,500,1151.506335
1548.667758,392,1151.829784
1290.545765,384,1152.155626
1739.05228,500,1152.590021
1663.029086,500,1153.032873
1759.828525,500,1154.762012
1650.212862,500,1155.175597
1683.023237,500,1155.622216
1551.422334,500,1156.077468
1792.556995,500,1157.789612
1683.00809,500,1158.234094
1636.456279,500,1158.647879
1508.410222,391,1159.025266
1286.418547,357,1160.558759
1786.964846,500,1160.981683
1575.134929,500,1161.397397
995.918302,312,1161.655512
1571.064646,458,1162.062203
1573.100791,500,1163.747865
1212.782717,386,1164.096386
1730.402894,500,1164.559188
1650.707037,500,1164.991199
1608.44726,491,1166.649333
1591.840934,500,1167.071698
875.378674,279,1167.29764
1186.904618,323,1167.576274
1637.37471,500,1168.025958
1670.084041,500,1169.742907
1639.745075,500,1170.195997
1727.765511,500,1170.679255
1513.689324,367,1171.046245
1911.552329,500,1172.842256
1758.290993,500,1173.31474
1750.270164,500,1173.768206
1354.011484,365,1174.098926
1726.964812,500,1174.551773
1493.767349,367,1176.132265
1057.15004,323,1176.416863
1578.97196,500,1176.818605
1077.830221,335,1177.121012
1513.172389,500,1177.575478
1174.135966,342,1179.059897
1402.783827,395,1179.439696
1231.328031,371,1179.75574
1956.061463,500,1180.162555
1269.950043,380,1180.492713
1908.067305,500,1182.170128
1131.192252,336,1182.438536
1767.819399,469,1182.823373
1478.445392,363,1183.144773
1199.754884,317,1183.42137
1410.510682,368,1184.972318
848.348825,234,1185.172002
519.120277,177,1185.345057
1830.189445,500,1185.734503
1320.610487,444,1186.131034
1554.695663,500,1186.549937
1609.398688,397,1188.186399
1520.011436,383,1188.512882
1520.061792,374,1188.825533
1875.999506,459,1189.235248
707.095204,228,1189.437189
1102.228556,313,1189.679022
1294.528211,339,1191.14982
1639.656096,500,1191.59981
1656.565042,500,1192.006737
1477.203374,389,1192.337965
1252.764796,332,1193.918061
1097.740834,322,1194.238098
1222.693849,331,1194.549248
1053.782723,310,1194.782631
992.410261,301,1195.051833
1080.473017,323,1195.329017
1345.187218,329,1195.59061
1771.367944,443,1197.194209
1291.887921,337,1197.508224
1282.356952,379,1197.852214
340.347397,142,1197.98552
1519.104164,500,1198.462629
1022.827127,327,1198.780786
1233.451438,360,1200.455875
1600.444698,466,1200.90168
1221.208965,386,1201.268336
1145.720164,325,1201.589771
1901.566673,500,1202.044048
1509.194049,440,1203.701057
1044.229799,316,1203.981578
1585.41084,484,1204.446187
1731.617017,500,1204.912816
1268.383463,412,1206.599852
1213.930773,353,1206.933471
1578.716152,500,1207.391394
1718.786036,500,1207.844722
1675.819707,500,1208.319783
1688.244741,500,1210.028627
1548.694492,492,1210.446003
1563.498163,500,1210.920888
1398.376084,374,1211.221278
1642.21315,500,1212.989457
1028.299796,300,1213.263164
1763.472343,500,1213.689268
787.294044,225,1213.854701
1530.255706,500,1214.314322
1815.706613,500,1216.009962
1212.288106,366,1216.357378
926.772204,290,1216.60603
1172.287053,341,1216.886124
1517.489795,391,1217.242441
759.991365,221,1217.466335
1181.151585,348,1219.033136
1157.980585,340,1219.329788
1073.331042,310,1219.622157
1119.691194,339,1219.943179
1510.885644,500,1220.396456
950.081507,291,1220.667614
1071.345982,306,1222.196663
1542.046315,500,1222.623086
1847.179677,500,1223.103453
1500.510375,450,1223.561263
1094.126345,340,1223.885048
1154.477317,351,1225.444377
1327.769002,406,1225.811768
1852.567734,500,1226.288953
345.532029,129,1226.416932
1594.614798,500,1226.816099
1617.695927,500,1228.586097
1738.76997,500,1229.059814
1500.80898,500,1229.521929
1713.029601,500,1230.008082
1913.695372,500,1231.790551
1509.982497,456,1232.2234
1655.318045,500,1232.706569
883.679865,289,1232.977919
945.544742,288,1233.262696
1608.18446,500,1235.010545
1542.365459,500,1235.478038
1595.380208,500,1235.959542
1624.704824,500,1236.453053
1594.769858,500,1238.18366
1563.075748,500,1238.648465
1198.122698,369,1238.955067
1170.92386,326,1239.246638
793.93688,230,1239.453464
992.662931,304,1239.687482
914.178097,289,1241.19026
401.072883,143,1241.317633
1690.462406,497,1241.75164
936.898815,293,1242.0262
1021.655961,316,1242.317868
1128.938265,367,1242.680004
908.097557,304,1242.90506
915.016016,289,1244.352068
749.056833,222,1244.574639
1336.317519,390,1244.947855
1281.395589,373,1245.245812
1645.836566,500,1245.691888
1122.988704,319,1245.961665
1372.353708,339,1247.45358
1546.696449,500,1247.936248
1563.296484,471,1248.374464
1073.153992,309,1248.673259
1730.074224,500,1250.331807
834.732618,238,1250.54823
1458.935329,421,1250.949605
1367.045264,415,1251.286642
978.114703,311,1251.560935
1584.889617,500,1251.979543
1225.8458,337,1253.501538
1278.38673,409,1253.888401
1719.908683,500,1254.370045
857.644625,244,1254.582417
1846.506612,500,1255.031298
1644.628781,405,1256.586653
1132.898147,367,1256.918316
1369.165282,397,1257.256494
1697.470281,500,1257.730986
1546.968168,500,1258.153421
1695.783577,500,1259.927964
1600.11792,459,1260.39468
1684.47994,473,1260.855231
380.041301,140,1260.991874
1695.928766,500,1261.454214
787.510818,239,1262.966376
1602.965212,500,1263.468244
1563.532793,495,1263.938274
1123.807272,330,1264.254034
1702.941906,447,1264.677246
1392.066791,344,1266.238191
1671.780142,500,1266.720422
1496.033926,500,1267.132435
1884.655552,452,1267.523723
1552.497468,370,1269.071396
1577.003832,500,1269.47124
1321.98133,399,1269.790289
1643.081795,500,1270.225418
1534.943459,500,1270.649274
1552.724719,479,1272.310993
1870.501049,500,1272.787437
1475.795437,416,1273.146728
1772.512582,500,1273.569
1602.59107,500,1275.22596
1598.033486,500,1275.691433
1696.862456,500,1276.119094
1542.348734,500,1276.568211
1820.631305,466,1278.237759
400.750402,154,1278.387864
1814.184892,500,1278.872736
1517.060289,500,1279.351399
1519.169358,500,1279.814919
1095.848982,344,1281.364617
1504.856761,390,1281.73532
1485.992447,364,1282.051048
1798.912577,500,1282.477999
1725.536282,500,1282.882997
1869.661108,500,1284.583952
1796.290649,500,1285.086606
1619.245378,500,1285.560389
1613.185113,500,1285.963134
1682.033489,500,1287.592721
1787.357383,500,1288.056648
881.869623,276,1288.34129
1797.922724,500,1288.829713
1018.084328,270,1289.106001
1314.078958,416,1290.862259
1764.588873,500,1291.364777
868.691919,267,1291.6306
1856.764814,500,1292.098385
1638.420454,500,1292.566425
1619.480325,500,1294.351141
1378.179369,432,1294.775493
1587.412636,458,1295.187014
1783.04277,500,1295.607734
1817.891684,500,1297.309989
1339.605827,333,1297.597114
1564.936167,500,1298.051061
1598.712622,500,1298.477706
1682.691351,500,1300.138187
1652.323725,500,1300.617387
1186.461154,383,1300.957439
1830.24363,500,1301.419344
1774.826889,500,1301.873533
1667.159703,464,1303.641855
1019.147711,314,1303.917632
1844.833222,500,1304.331253
1363.102436,416,1304.725173
1468.658357,364,1305.048166
1541.773951,500,1306.761294
1696.713256,500,1307.229044
1434.179536,500,1307.683297
1512.160706,500,1308.135939
1666.972955,500,1309.858186
880.791493,277,1310.118758
1564.078581,500,1310.590371
1641.575168,500,1311.049619
1777.937032,500,1312.755553
1791.500497,500,1313.131525
1734.511965,500,1313.555574
1612.493056,500,1313.999541
1707.500803,500,1314.489021
1553.13486,500,1316.216108
1529.130589,446,1316.652102
1552.868407,500,1317.134224
1821.167575,500,1317.591086
1684.197353,500,1319.361764
1536.199907,500,1319.860491
1690.180527,500,1320.314306
1500.631363,500,1320.814394
1792.467672,500,1322.577621
1620.006824,500,1323.047919
833.278437,259,1323.288182
1648.110261,500,1323.747496
1373.679266,424,1324.135454
1567.955422,500,1325.78841
1797.68331,500,1326.232097
1471.224539,500,1326.667886
1831.437073,500,1327.132662
1745.270265,431,1328.771512
1501.67327,500,1329.220442
1829.09458,500,1329.680099
811.713656,251,1329.892246
1274.431374,344,1330.168892
1727.073101,474,1331.768268
1813.172564,500,1332.209961
1463.938649,352,1332.541951
1720.287111,500,1333.025963
1750.109041,500,1334.714839
1900.632891,500,1335.160771
1335.096142,371,1335.477055
1261.600396,370,1335.808122
1779.404393,500,1336.234173
875.496543,229,1337.642782
1790.379647,500,1338.102899
1745.718577,500,1338.539821
1839.701591,500,1338.989219
1567.847383,500,1340.72047
1869.923692,500,1341.166029
1753.567587,500,1341.576984
1679.029964,464,1342.035198
1936.582477,500,1342.45239
1430.358637,421,1344.082994
1837.670721,480,1344.547431
1485.225173,500,1344.990241
894.444089,281,1345.248077
1459.028184,450,1346.96089
1809.234057,500,1347.390606
1837.12516,500,1347.815832
1782.452258,482,1348.226225
1113.242259,330,1348.547091
1885.412103,500,1350.265917
1839.422994,500,1350.738545
1721.169756,435,1351.183097
1107.747149,322,1351.484727
1345.058815,323,1351.791235
1825.640788,469,1353.556169
1529.098466,500,1354.047681
1156.980448,345,1354.365568
1657.470817,500,1354.809332
1775.002775,500,1356.527719
929.046264,261,1356.760664
939.756963,292,1357.004875
1843.521552,500,1357.496451
1734.388197,500,1357.97949
1798.888706,500,1359.67563
1495.408961,387,1360.044875
1529.77092,432,1360.394412
1800.237498,500,1360.826295
1148.257017,288,1361.069013
1860.973712,500,1362.677378
657.296408,206,1362.864139
1809.748772,500,1363.356617
1707.504386,498,1363.831221
1765.31821,500,1364.279426
1323.274115,351,1365.778072
1552.220858,500,1366.197353
1318.471097,326,1366.52179
1773.966947,500,1366.969118
1736.708441,500,1367.388718
1440.583445,429,1369.047206
1071.629773,278,1369.319414
1722.208162,500,1369.816215
1183.129846,330,1370.153037
1722.519583,500,1370.623283
1561.922464,500,1372.380702
1665.089651,500,1372.777674
1029.328905,263,1373.006684
1792.906566,500,1373.425185
956.554816,267,1373.640665
1306.238224,405,1375.296281
1788.169351,500,1375.77628
1646.740734,500,1376.25096
1600.920506,421,1376.628378
1700.24973,500,1378.361577
1722.509674,500,1378.867671
1704.57558,500,1379.341598
1658.936678,500,1379.848257
778.204496,250,1380.095972
1621.537656,500,1381.927736
1646.546192,500,1382.444739
1295.749446,367,1382.809417
1910.040399,500,1383.305706
1704.592384,500,1385.051753
1619.96038,499,1385.55132
1102.362518,288,1385.797316
1650.262677,500,1386.254043
1838.881704,500,1386.711571
1784.466074,500,1388.473067
1511.760395,500,1388.943079
1528.0612,500,1389.383406
1094.463841,298,1389.645587
1577.471199,484,1391.353323
1791.876332,500,1391.801413
299.441989,133,1391.910987
1650.409887,500,1392.347878
1900.729845,500,1392.761044
1574.21147,500,1394.515488
1166.544523,327,1394.821848
1574.668741,500,1395.260227
1645.952564,448,1395.65407
1824.378417,500,1397.290392
1885.210316,500,1397.713666
1833.233312,500,1398.186642
1607.723318,500,1398.647532
1766.199815,500,1399.095681
1481.780876,500,1400.830302
1807.702549,500,1401.294716
1811.74243,500,1401.760656
1217.770429,365,1402.098765
1601.807856,500,1403.82708
1558.752245,500,1404.299807
1857.044703,500,1404.749146
1568.917769,500,1405.167617
1060.536967,341,1406.771601
1314.159538,395,1407.139271
1357.063064,388,1407.48635
870.99967,255,1407.727974
645.074727,203,1407.926347
771.22536,231,1408.17903
1146.625962,332,1408.510839
1519.276023,384,1410.125152
1457.298533,438,1410.543556
731.183146,234,1410.771104
1468.67955,385,1411.171358
960.343671,264,1411.456331
895.807123,271,1411.732221
1682.571011,413,1413.46707
990.297109,293,1413.735278
1516.665952,389,1414.088383
1416.870193,416,1414.461398
1013.149501,268,1414.72559
839.047613,250,1414.949431
810.726286,235,1415.171477
1068.524093,304,1416.67106
1601.08351,467,1417.112774
1311.505745,350,1417.419459
1280.385637,362,1417.736202
1891.852147,500,1418.22137
1109.472813,284,1419.789811
1401.554584,441,1420.200154
960.218763,269,1420.452567
1189.88436,335,1420.725018
1087.913325,312,1421.012918
1796.890714,500,1422.798289
1276.409397,343,1423.114414
1563.471743,393,1423.441097
1801.161019,500,1423.909599
1690.198964,463,1424.356622
1130.067751,340,1424.671679
1333.12872,362,1426.229391
1738.210831,500,1426.667396
1548.786036,500,1427.112352
1098.662512,316,1427.386984
1804.000522,500,1428.999066
1682.420732,500,1429.445058
1643.393088,500,1429.869856
1430.951341,443,1430.276025
1345.071252,365,1430.645803
1534.996287,500,1432.31442
1432.754771,382,1432.660763
978.489856,266,1432.930254
834.032833,244,1433.147094
1644.003756,497,1433.595074
960.356327,261,1433.833045
1388.149939,410,1435.467666
805.317651,248,1435.637743
1804.775351,485,1436.029352
1573.731075,500,1436.494256
1475.286107,500,1438.256192
1738.252429,500,1438.725257
1009.143032,314,1439.021689
1005.320994,316,1439.335632
1715.765072,500,1439.832038
1536.524107,458,1441.526799
1521.200138,500,1442.001905
1605.153227,500,1442.486582
1690.550285,442,1442.9266
930.492281,282,1443.218174
1217.557126,351,1444.858329
1565.51575,500,1445.334845
932.244876,277,1445.588573
1840.659163,500,1446.055349
1394.714351,399,1446.420073
1709.876085,459,1448.038191
1630.129733,500,1448.501094
1583.744185,500,1448.962885
1655.678835,500,1449.459294
1596.141729,500,1451.19601
1209.467152,362,1451.512882
1698.051393,500,1451.928833
1561.496862,500,1452.372694
1745.072322,500,1454.009321
1386.312537,379,1454.317706
1245.769541,347,1454.590402
1407.855972,354,1454.923419
1551.953116,486,1455.383477
1551.029911,440,1455.793025
1735.322257,500,1457.491884
1815.608747,500,1457.901761
1707.992051,500,1458.280139
1486.85308,500,1458.693604
1439.744965,500,1460.359674
1612.82212,500,1460.783793
1379.03043,408,1461.159023
1503.642218,500,1461.656651
1799.350431,500,1463.332072
741.206425,244,1463.545374
950.039184,261,1463.776023
1737.002501,500,1464.262512
1763.676518,500,1464.707302
827.513848,262,1464.968626
1597.204327,417,1466.574014
1814.131032,500,1467.013305
1571.874384,445,1467.435507
1638.858666,500,1467.94218
1319.133171,354,1469.592943
1882.308233,500,1470.058998
1827.59989,500,1470.540498
843.120384,267,1470.805209
945.171952,286,1471.073961
1544.833492,500,1472.836465
1349.775735,367,1473.221335
1731.98874,438,1473.655256
1521.457595,392,1474.033269
690.844936,231,1474.276396
1538.593865,500,1476.035478
1638.148752,500,1476.490308
1686.171154,500,1476.958651
1399.990382,347,1477.267209
1058.493612,270,1477.516427
1836.907203,481,1479.220521
1503.50464,441,1479.618773
1759.831944,500,1480.090384
1406.482689,382,1480.463002
1461.166356,365,1480.777734
1396.552828,451,1482.432203
1555.467652,398,1482.782325
1804.913343,500,1483.217726
1741.731459,456,1483.633483
1323.592273,372,1483.926873
1694.010165,500,1485.644582
1604.952694,400,1486.030815
1922.680329,500,1486.521308
1193.631719,333,1486.851415
1833.939246,500,1488.492198
805.234907,243,1488.687685
869.307469,275,1488.915784
799.387956,235,1489.11584
1799.668603,500,1489.566724
1863.039906,500,1490.058236
1782.251732,500,1491.756661
1715.056885,500,1492.216664
1803.057144,500,1492.673165
1496.663296,412,1493.047241
1775.133261,500,1494.794565
1301.203986,372,1495.113991
1921.993499,447,1495.498362
838.125517,261,1495.742262
1621.431609,450,1496.122881
1773.667423,500,1497.793133
1455.261338,336,1498.132893
1504.44901,433,1498.553102
1696.865845,500,1499.065824
1698.082947,500,1499.580671
1376.025746,342,1501.261009
1455.387287,500,1501.789929
1933.227305,497,1502.255951
1718.090892,500,1502.755963
617.147941,198,1502.949745
1737.785849,500,1504.751173
1327.692803,334,1505.064028
1839.057455,500,1505.551652
1526.242013,500,1505.953451
1557.200517,441,1507.589947
1842.057009,451,1507.963378
1611.795747,452,1508.350872
1369.266649,380,1508.681993
1557.664136,500,1509.151495
749.569562,242,1510.681504
1095.74065,284,1510.944656
1603.891317,500,1511.390032
1795.161462,500,1511.857672
1514.700864,500,1512.312162
1695.463413,432,1513.996265
1712.830299,500,1514.456637
1114.585834,349,1514.766346
1406.42306,343,1515.061542
1364.616064,409,1515.430884
1621.044741,500,1517.130303
1699.932855,445,1517.510268
1519.218904,443,1517.888122
1391.763048,335,1518.177772
1631.695417,500,1518.626163
1870.168748,500,1520.239931
1356.693288,366,1520.57064
1534.601208,355,1520.845298
1002.779272,267,1521.099817
1229.080092,348,1521.43154
1506.886071,404,1523.047369
1707.173195,500,1523.474275
1442.823134,394,1523.795229
1689.463171,426,1524.189475
1615.960012,500,1524.700096
92473,500,1419.122046
1917.028313,500,1420.812017
1826.940395,500,1421.248893
1422.936382,430,1421.619604
1084.469258,333,1421.913965
1548.77119,478,1423.570439
144.024245,73,1423.639754
1865.069766,500,1424.1027
1342.238199,412,1424.47837
1356.25108,387,1424.806365
1877.67105,500,1425.290095
1361.834038,374,1426.877289
1868.842771,500,1427.328509
1835.188843,500,1427.766948
1089.160001,332,1428.108356
1819.979108,500,1429.830918
1457.804644,368,1430.151267
110.981338,60,1430.208035
956.735311,309,1430.479318
120.573472,61,1430.529592
133.877174,76,1430.592466
99.280562,53,1430.64071
529.773815,175,1430.820731
78.865147,50,1430.864375
1701.155655,500,1431.272748
1896.074303,500,1432.920821
1093.133392,348,1433.240597
1644.196913,452,1433.64737
103.815797,53,1433.699122
943.08753,299,1433.993131
1752.229634,495,1434.485451
1240.540448,377,1436.072233
1363.449538,379,1436.424355
1178.504402,364,1436.728069
1826.854776,500,1437.178256
1878.860415,500,1437.639507
1757.30058,500,1439.290849
1525.369709,441,1439.662984
1520.862024,500,1440.152566
1632.602501,500,1440.646888
1810.654296,500,1442.414118
1768.818836,500,1442.880018
1817.670404,500,1443.359476
1737.251385,500,1443.867312
1735.098366,500,1445.675766
1954.118878,500,1446.156288
1357.574159,361,1446.51804
1780.920343,500,1446.995752
1726.833988,500,1448.753665
1493.500115,429,1449.160929
1347.002486,401,1449.525198
1856.094963,500,1449.948132
1620.848251,500,1450.427453
1629.03888,500,1452.131356
1621.392251,500,1452.610952
1644.191849,500,1453.067142
1661.334959,500,1453.552586
1059.943445,323,1455.071468
1617.152322,500,1455.528316
1162.094035,347,1455.841897
1779.153202,500,1456.272166
1061.35846,319,1456.561134
1626.504312,500,1458.272962
1066.777535,283,1458.541078
1906.924082,500,1459.049783
953.068574,317,1459.357549
1877.504224,500,1459.822716
1814.416561,500,1461.529679
1670.266448,500,1461.957668
1016.240328,309,1462.246905
1156.322813,346,1462.526275
1478.91702,500,1462.990624
1125.341494,343,1464.629861
1977.871154,488,1465.093623
1354.698649,418,1465.481591
1618.119142,500,1465.951629
1781.311176,500,1467.604226
1746.797975,500,1468.081343
1673.441615,500,1468.529107
1474.422462,457,1468.926983
1654.999221,500,1469.366688
134.216686,76,1470.649688
1086.420314,313,1470.911719
1200.589281,309,1471.207641
1725.662302,500,1471.646943
1629.160308,500,1472.105858
1237.736858,351,1472.421561
1411.718057,399,1474.097809
1623.349264,500,1474.585955
1660.104524,414,1475.01338
1716.858762,500,1475.491668
1474.049685,386,1477.220659
1019.935931,271,1477.475147
1855.187163,500,1477.924017
1118.145083,327,1478.239725
1731.770979,500,1478.700986
1456.647787,432,1480.295935
1702.79758,500,1480.757727
1827.270294,500,1481.241169
1002.124855,266,1481.501631
1460.707476,404,1481.898494
1746.471065,500,1483.65635
1652.546177,500,1484.100433
1104.513915,335,1484.393388
1692.423617,500,1484.839774
1521.297212,421,1485.220758
1701.090333,500,1486.968952
1358.13563,351,1487.301671
1749.488063,500,1487.754835
1641.268316,467,1488.152065
1670.110447,500,1489.856096
1424.22805,357,1490.174665
1619.380464,500,1490.602978
1903.24127,500,1491.022806
1464.098479,400,1491.400291
1344.248289,400,1492.961702
1895.434255,500,1493.376093
1159.233087,347,1493.693826
1796.353718,500,1494.139356
1894.741916,500,1495.885257
1667.268902,500,1496.318516
1768.650803,500,1496.74921
1832.574707,500,1497.158403
1851.655178,500,1498.789548
1683.575806,500,1499.247665
1098.600449,329,1499.54163
1802.480352,500,1500.000199
1624.09761,500,1500.517313
941.856727,305,1502.082512
1842.7926,500,1502.56485
1389.21481,436,1502.980308
1798.914003,500,1503.462571
1681.504943,500,1505.299292
1798.324662,469,1505.753972
1666.886183,500,1506.272892
1574.874106,500,1506.759597
1606.52255,446,1507.237443
1314.011051,331,1508.699194
1668.841111,500,1509.132585
1134.943458,343,1509.448528
1547.428133,447,1509.824617
1690.711929,491,1510.222663
1066.689115,326,1511.702904
1447.311859,354,1512.002851
1398.979854,347,1512.330686
1721.74519,500,1512.835668
1801.445293,494,1513.319758
1023.491383,306,1514.860258
1282.753029,358,1515.178093
1760.226023,500,1515.610852
1722.396519,470,1516.062673
1363.712037,415,1516.444504
1892.084994,500,1518.095036
1396.631352,368,1518.449829
1164.886594,352,1518.750383
1043.392551,312,1519.012945
1346.945503,398,1519.350353
1613.268773,462,1520.968696
1694.202713,434,1521.382541
1734.604733,475,1521.791155
1565.105266,500,1522.273519
1429.482673,436,1523.881025
1336.8255,400,1524.226642
1350.077588,369,1524.550081
1888.34026,500,1524.996079
1065.569687,313,1525.302605
1939.303762,500,1527.063138
1933.177895,500,1527.488923
1471.847861,447,1527.856234
1350.801814,340,1528.16889
1866.500741,500,1528.632893
1639.116758,489,1530.401288
1038.190149,269,1530.668919
1561.892222,484,1531.103153
1738.803726,500,1531.538651
940.938418,293,1531.835601
