#{"t_start": 1775465468.5231557, "env_id": "Pusher-MassFric-Uni-10-v0"}
r,l,t
-830.533576,500,0.188628
-856.006719,500,0.405719
-870.978825,500,0.581777
-735.67949,500,0.738375
-800.489996,500,1.59598
-786.941833,500,1.760272
-891.675724,500,1.946368
-732.77946,500,2.105934
-755.28762,500,3.077687
-874.757159,500,3.314358
-810.182102,500,3.560002
-806.327513,500,3.800648
-886.498965,500,4.829112
-822.287572,500,5.055225
-814.150844,500,5.267854
-859.444661,500,5.532501
-910.180487,500,6.473247
-776.490188,500,6.708878
-922.283016,500,6.95153
-733.161973,500,7.17715
-781.495144,500,8.080167
-716.454653,500,8.298785
-742.392755,500,8.532996
-847.81277,500,8.733635
-766.981101,500,9.802314
-760.349968,500,10.019424
-930.639331,500,10.178036
-931.277422,500,10.325602
-937.25189,500,11.21815
-761.81508,500,11.447799
-817.912127,500,11.676076
-707.34044,500,11.831226
-748.857342,500,12.780261
-782.726985,500,13.004339
-640.8749,500,13.214963
-711.970367,500,13.395062
-687.85487,500,14.120479
-711.009971,500,14.306089
-602.03766,500,14.456155
-582.671814,500,14.605715
-651.683584,500,15.513731
-656.816173,500,15.742446
-834.296312,500,15.968532
-659.203798,500,16.182129
-618.888695,500,16.387221
-764.361548,500,17.199331
-756.715958,500,17.355438
-664.237635,500,17.501993
-710.63755,500,17.650635
-822.03978,500,18.51753
-789.242233,500,18.731176
-748.355172,500,18.944818
-656.291059,500,19.116386
-733.448191,500,19.756249
-580.308327,500,19.919806
-758.105301,500,20.140975
-749.22672,500,20.355081
-632.768623,500,21.260267
-681.719213,500,21.490371
-591.335973,500,21.731045
-657.954285,500,21.973281
-762.33705,500,22.738026
-698.96013,500,22.915108
-645.698239,500,23.064847
-703.960683,500,23.222927
-682.263291,500,24.022742
-648.294209,500,24.194388
-670.186346,500,24.3435
-673.501928,500,24.490695
-585.918105,500,25.375254
-540.828023,500,25.601973
-635.255973,500,25.840624
-745.49624,500,26.072263
-596.757321,500,27.014595
-625.103305,500,27.165244
-530.557381,500,27.366345
-709.66251,500,27.575447
-479.317423,500,28.418911
-565.011616,500,28.567014
-447.952194,500,28.717113
-707.004486,500,28.864222
-700.024902,500,29.771837
-497.417366,500,29.996925
-489.68176,500,30.162531
-633.422832,500,30.357627
-636.044527,500,30.541196
-511.278939,500,31.205085
-680.484952,500,31.435175
-548.926046,500,31.605555
-623.681006,500,31.756191
-497.921901,500,32.615563
-587.375454,500,32.851727
-709.450231,500,33.0453
-611.609142,500,33.202445
-409.37505,500,34.181274
-614.883211,500,34.412376
-483.568935,500,34.6285
-576.960488,500,34.876638
-579.668686,500,35.91789
-572.225624,500,36.070997
-752.673618,500,36.263628
-676.563872,500,36.436167
-400.853325,500,37.228145
-446.381445,500,37.393231
-656.719476,500,37.542788
-600.430101,500,37.693374
-571.48439,500,38.450241
-445.143004,500,38.60181
-439.570919,500,38.751454
-515.905513,500,38.901986
-560.464967,500,39.841015
-447.189926,500,40.063657
-412.368745,500,40.285886
-558.572557,500,40.458991
-439.869056,500,41.076838
-614.737276,500,41.231931
-592.121431,500,41.452028
-585.299572,500,41.681181
-483.256844,500,42.369707
-470.026977,500,42.524261
-564.807347,500,42.677496
-568.879786,500,42.829053
-489.128567,500,43.536204
-630.838528,500,43.69485
-562.445699,500,43.916923
-451.013537,500,44.081991
-437.219306,500,44.990001
-502.685029,500,45.162639
-393.86801,500,45.374741
-428.752077,500,45.592849
-573.438612,500,45.781579
-404.087351,500,46.714607
-353.914972,500,46.891722
-358.177362,500,47.044261
-549.38382,500,47.271434
-292.724907,500,48.06682
-486.740635,500,48.272572
-468.214082,500,48.508474
-345.67042,500,48.768661
-429.038819,500,49.603402
-633.37815,500,49.757492
-413.476065,500,49.939564
-335.814965,500,50.104648
-318.667175,500,50.956915
-585.894413,500,51.163018
-425.040351,500,51.331557
-425.950016,500,51.555769
-473.871294,500,52.469892
-466.982935,500,52.689516
-611.783394,500,52.839068
-454.948157,500,53.011185
-328.565115,500,53.880946
-485.641939,500,54.08705
-567.488696,500,54.239668
-309.860778,500,54.395783
-465.83231,500,55.337548
-550.992963,500,55.557627
-451.470836,500,55.71581
-511.020053,500,55.86592
-485.271259,500,56.488718
-367.409674,500,56.645293
-572.805336,500,56.805918
-351.558173,500,56.968004
-463.453073,500,57.899605
-341.535836,500,58.055193
-514.678426,500,58.207801
-471.994567,500,58.358373
-412.64419,500,59.220989
-397.843536,500,59.376083
-492.770771,500,59.528633
-271.223565,500,59.688282
-428.785366,500,59.909389
-385.157749,500,60.611904
-534.380039,500,60.765023
-452.293729,500,60.9217
-358.462339,500,61.084795
-337.122023,500,61.884823
-388.097135,500,62.061397
-408.094669,500,62.27013
-436.115413,500,62.471164
-493.131058,500,63.296904
-353.441061,500,63.52301
-519.077156,500,63.756668
-267.431261,500,63.972294
-424.466365,500,64.78737
-331.731881,500,65.040475
-485.407881,500,65.308678
-498.542827,500,65.525492
-477.878565,500,66.407379
-403.054596,500,66.588448
-458.852226,500,66.826091
-286.134124,500,67.024174
-413.707144,500,67.812683
-587.982024,500,68.000326
-330.149361,500,68.216973
-458.46518,500,68.458095
-452.465671,500,69.186123
-389.182932,500,69.367687
-374.652813,500,69.586838
-460.813496,500,69.818128
-423.269874,500,70.621708
-243.096077,500,70.804353
-449.473146,500,71.029995
-375.118457,500,71.260625
-428.723817,500,72.094088
-383.873747,500,72.245119
-436.038032,500,72.401195
-542.621944,500,72.554749
-430.209293,500,73.340393
-412.897792,500,73.489498
-433.376572,500,73.64606
-444.998445,500,73.795708
-542.443854,500,74.629615
-339.628262,500,74.850286
-525.551395,500,75.075417
-481.773415,500,75.25164
-549.963613,500,75.450742
-463.44724,500,76.443094
-417.067994,500,76.671377
-528.445208,500,76.881914
-447.328489,500,77.036463
-445.27591,500,77.908072
-322.035321,500,78.079151
-534.073278,500,78.294859
-395.27921,500,78.526976
-329.403097,500,79.200912
-366.423156,500,79.421973
-468.610924,500,79.646083
-571.112836,500,79.866765
-492.252423,500,80.711254
-359.232301,500,80.937361
-297.912601,500,81.139459
-457.473722,500,81.309117
-419.846238,500,81.933062
-397.962948,500,82.089159
-417.793169,500,82.293825
-307.789138,500,82.486917
-545.857925,500,83.270986
-407.961032,500,83.468083
-386.010849,500,83.663197
-270.91426,500,83.81285
-312.751967,500,84.706956
-433.415361,500,84.873085
-353.051484,500,85.105722
-359.143887,500,85.306364
-501.668907,500,86.114028
-329.997186,500,86.312685
-309.237484,500,86.466237
-320.25886,500,86.63036
-472.403092,500,87.403942
-264.324412,500,87.624047
-367.878227,500,87.850701
-584.750905,500,88.065809
-492.184418,500,89.02812
-407.537671,500,89.262771
-547.546968,500,89.480886
-349.761109,500,89.696066
-408.314547,500,89.916151
-409.089616,500,90.641541
-508.561167,500,90.831195
-465.131848,500,91.047303
-430.901052,500,91.252858
-389.667731,500,91.96752
-261.418342,500,92.174778
-408.876147,500,92.322867
-451.651847,500,92.471418
-454.944121,500,93.298335
-325.233516,500,93.461957
-498.025541,500,93.63904
-351.073758,500,93.802653
-401.789296,500,94.580847
-434.775267,500,94.830002
-266.413562,500,95.065761
-341.369088,500,95.245423
-494.519045,500,96.148873
-486.96579,500,96.303539
-353.320887,500,96.520646
-317.093859,500,96.755305
-337.101691,500,97.549832
-442.046274,500,97.778033
-320.793219,500,97.945122
-255.090955,500,98.098236
-462.470909,500,99.025988
-300.765386,500,99.271645
-389.696978,500,99.50731
-418.404593,500,99.754966
-223.143982,500,100.690011
-381.630281,500,100.865088
-382.430236,500,101.068739
-417.427826,500,101.292927
-389.382599,500,102.306253
-363.868694,500,102.544352
-369.874061,500,102.763013
-229.390897,500,102.993126
-359.695566,500,103.713179
-275.565654,500,103.864735
-310.448481,500,104.024845
-426.273589,500,104.259112
-392.058137,500,104.487245
-433.163307,500,105.371796
-332.348435,500,105.564553
-451.051398,500,105.790216
-393.318345,500,105.943285
-363.474583,500,106.772792
-290.940389,500,107.013426
-387.807389,500,107.231084
-434.362866,500,107.428198
-380.069414,500,108.283902
-275.549442,500,108.536565
-350.346059,500,108.741148
-247.96605,500,108.953258
-459.386078,500,109.946887
-376.892107,500,110.170991
-390.541302,500,110.408182
-289.944653,500,110.663275
-441.71341,500,111.60321
-261.43296,500,111.76431
-275.256865,500,111.942386
-215.807355,500,112.121482
-278.248837,500,113.062475
-423.964783,500,113.289164
-282.613821,500,113.52437
-445.315093,500,113.683182
-443.628863,500,114.61825
-383.732466,500,114.770354
-323.489974,500,114.925459
-324.121944,500,115.077012
-373.429372,500,115.925272
-417.527665,500,116.077821
-363.981745,500,116.230482
-243.628545,500,116.389039
-402.360017,500,117.059445
-334.377469,500,117.215162
-205.249686,500,117.388708
-451.225702,500,117.629966
-230.267618,500,118.685452
-426.866588,500,118.904079
-399.954659,500,119.055159
-385.727021,500,119.280051
-399.283528,500,120.02365
-346.314682,500,120.257909
-389.574254,500,120.501029
-228.240821,500,120.686124
-325.23158,500,120.915308
-404.995088,500,121.71792
-352.934843,500,121.871477
-445.00764,500,122.052571
-221.381595,500,122.292248
-405.436948,500,123.053169
-394.237314,500,123.211835
-277.127796,500,123.374391
-403.822954,500,123.587504
-341.825127,500,124.250469
-297.881761,500,124.418561
-325.617229,500,124.649671
-416.516702,500,124.88733
-526.275853,500,125.628266
-221.188629,500,125.830896
-176.904427,500,126.038761
-309.317488,500,126.245933
-542.259272,500,127.153027
-259.669858,500,127.354696
-338.03756,500,127.519799
-327.857518,500,127.718455
-317.390016,500,128.677981
-395.041879,500,128.932177
-358.144215,500,129.176453
-317.299422,500,129.395655
-272.512897,500,130.370294
-522.669287,500,130.539402
-307.026883,500,130.692956
-304.628778,500,130.846588
-420.414857,500,131.724563
-474.657056,500,131.884116
-183.859868,500,132.041221
-419.424247,500,132.193786
-357.651888,500,132.820415
-339.776835,500,132.975973
-394.524198,500,133.157071
-505.266767,500,133.394738
-326.269188,500,134.241736
-431.385993,500,134.484846
-381.701144,500,134.721071
-405.163489,500,134.969177
-421.857851,500,135.212853
-379.619462,500,136.140923
-393.384268,500,136.389594
-205.400102,500,136.580244
-291.255287,500,136.734429
-377.373501,500,137.626876
-427.303777,500,137.786955
-204.052901,500,137.944055
-390.442405,500,138.09661
-312.22921,500,139.020697
-417.458297,500,139.237847
-478.713304,500,139.417423
-389.835459,500,139.575514
-435.43458,500,140.466567
-286.456779,500,140.677623
-273.961271,500,140.840245
-357.498228,500,141.068033
-297.388361,500,142.007644
-274.502818,500,142.164315
-298.944753,500,142.322095
-444.654636,500,142.474156
-315.196844,500,143.451353
-210.984429,500,143.70701
-410.923437,500,143.90709
-320.142015,500,144.064193
-277.198364,500,144.85931
-381.089132,500,145.084417
-298.402027,500,145.310096
-314.605234,500,145.491192
-333.51682,500,146.166796
-284.94634,500,146.371124
-332.603946,500,146.596226
-503.073436,500,146.817518
-416.016313,500,147.760116
-293.713913,500,147.912667
-347.588551,500,148.062775
-456.985936,500,148.230414
-232.908945,500,149.075326
-350.796486,500,149.293985
-333.478756,500,149.460089
-370.018323,500,149.648201
-352.85379,500,150.539702
-383.48106,500,150.733363
-191.186074,500,150.885912
-322.378061,500,151.037023
-376.985615,500,151.18857
-451.426449,500,151.902508
-384.524854,500,152.05561
-342.599988,500,152.208711
-247.072801,500,152.361813
-405.402296,500,153.047493
-222.966626,500,153.202063
-434.729064,500,153.355707
-272.482066,500,153.51126
-347.064362,500,154.388355
-322.266717,500,154.648999
-243.10208,500,154.915674
-227.270671,500,155.164899
-327.268598,500,156.174398
-278.373211,500,156.426045
-337.684657,500,156.689697
-417.152546,500,156.961974
-333.550617,500,157.911049
-243.396851,500,158.084147
-360.912953,500,158.290401
-491.49106,500,158.520527
-352.759292,500,159.385733
-406.114341,500,159.538826
-478.212047,500,159.700989
-209.573714,500,159.876618
-336.520364,500,160.819504
-238.080596,500,161.051171
-416.85819,500,161.27983
-367.169793,500,161.489942
-242.215328,500,162.289029
-412.06893,500,162.467136
-274.617329,500,162.619692
-240.311507,500,162.776357
-356.314695,500,163.511486
-374.636164,500,163.750682
-251.793595,500,163.938757
-287.778444,500,164.095324
-401.128205,500,164.809324
-327.192956,500,164.97199
-359.015517,500,165.125563
-202.541216,500,165.280201
-369.514198,500,165.43076
-329.528179,500,166.377828
-375.57193,500,166.532404
-244.57066,500,166.726001
-211.598589,500,166.894055
-259.761968,500,167.673884
-284.890582,500,167.85377
-373.040261,500,168.005326
-346.627889,500,168.215449
-355.844755,500,169.104085
-185.975072,500,169.317724
-319.208165,500,169.469814
-227.304016,500,169.627958
-374.471205,500,170.499324
-376.017177,500,170.733567
-467.803708,500,170.892198
-320.677078,500,171.112291
-385.931304,500,172.081876
-345.26162,500,172.308088
-333.784145,500,172.527138
-369.181146,500,172.755352
-405.181445,500,173.603891
-224.6955,500,173.758534
-205.134542,500,173.914091
-359.593645,500,174.079202
-268.566615,500,174.88273
-494.427739,500,175.057811
-190.844841,500,175.245929
-304.778873,500,175.405014
-409.634428,500,176.262584
-364.687803,500,176.486697
-204.005263,500,176.719789
-187.849658,500,176.965033
-226.884425,500,177.810545
-428.382446,500,177.996639
-296.867989,500,178.175437
-222.419726,500,178.334105
-415.60813,500,178.960058
-546.091734,500,179.112601
-262.121491,500,179.269257
-399.6552,500,179.465349
-391.62309,500,179.688424
-186.848602,500,180.407992
-336.216886,500,180.594652
-316.302213,500,180.759024
-484.232052,500,180.911564
-186.471976,500,181.717057
-318.690022,500,181.958255
-268.153053,500,182.197358
-301.05608,500,182.454571
-185.955372,500,183.434946
-197.332834,500,183.590045
-228.004668,500,183.750168
-305.916875,500,183.949265
-322.457734,500,184.650701
-348.794052,500,184.894861
-165.455425,500,185.127944
-523.66096,500,185.340184
-252.361072,500,186.242881
-327.607635,500,186.468081
-279.941644,500,186.627723
-470.906795,500,186.784148
-385.716103,500,187.476286
-333.528374,500,187.622827
-245.742531,500,187.795475
-188.23261,500,188.04559
-285.937502,500,188.982772
-254.195062,500,189.233403
-290.908229,500,189.464072
-253.533117,500,189.681181
-414.522073,500,190.934212
-438.370634,500,191.36145
-483.279151,500,191.69859
-511.867326,500,192.126224
-432.998213,500,193.199187
-351.740024,500,193.45474
-169.372258,500,193.707334
-215.569062,500,194.007455
-217.502768,500,194.972851
-158.193784,500,195.307948
-246.300539,500,195.575521
-295.124948,500,195.849084
-369.932658,500,197.074052
-340.455462,500,197.320288
-436.996659,500,197.574863
-417.575367,500,197.823448
-332.265788,500,198.129025
-362.783656,500,199.16991
-383.845671,500,199.420512
-427.891426,500,199.727122
-178.550182,500,200.007257
-358.332129,500,201.342688
-457.76242,500,201.603294
-399.306397,500,201.851865
-219.264808,500,202.109423
-266.080595,500,203.126792
-413.890526,500,203.359386
-407.74319,500,203.602017
-345.887284,500,203.853631
-226.041674,500,204.999983
-465.236484,500,205.30606
-476.696417,500,205.544155
-334.893688,500,205.795291
-469.352453,500,206.849612
-399.207154,500,207.230763
-477.966398,500,207.523892
-441.228493,500,207.787033
-438.023763,500,208.906443
-196.132724,500,209.160553
-332.143126,500,209.407692
-458.430195,500,209.654738
-357.569456,500,210.710621
-303.899888,500,211.009719
-262.124827,500,211.250188
-221.52683,500,211.493788
-430.000649,500,212.57765
-255.256286,500,212.851243
-420.824836,500,213.184323
-374.432147,500,213.485485
-329.817007,500,214.714062
-460.954916,500,215.068732
-459.507971,500,215.399888
-386.052567,500,215.684983
-397.119029,500,216.905734
-191.987379,500,217.152777
-461.076572,500,217.402452
-326.850412,500,217.672041
-270.364347,500,217.942646
-390.946139,500,219.055139
-438.179412,500,219.302389
-466.973056,500,219.627055
-468.715523,500,219.893134
-267.688517,500,220.912022
-290.180941,500,221.204594
-286.410079,500,221.453177
-401.486763,500,221.695752
-282.115399,500,222.652184
-485.636397,500,222.888284
-241.042665,500,223.134358
-310.851671,500,223.434487
-305.508177,500,224.652238
-506.26935,500,224.92234
-259.071464,500,225.147398
-494.324674,500,225.444492
-351.323363,500,226.514459
-350.405668,500,226.810603
-350.466086,500,227.056669
-416.917566,500,227.319803
-395.15486,500,228.361187
-345.107271,500,228.613757
-305.246834,500,228.855347
-323.95941,500,229.090931
-439.647373,500,230.119977
-424.948679,500,230.444075
-326.602199,500,230.701662
-257.592885,500,231.001799
-377.771813,500,231.942562
-340.994247,500,232.17363
-396.776197,500,232.428782
-336.879019,500,232.671597
-340.901678,500,233.802647
-263.839514,500,234.055692
-199.503942,500,234.373863
-265.041471,500,234.641403
-334.50592,500,235.836354
-280.862667,500,236.11694
-246.705588,500,236.366502
-269.322817,500,236.638137
-287.023346,500,237.765156
-175.249212,500,238.036751
-218.048439,500,238.276317
-216.641055,500,238.612454
-212.624588,500,238.91156
-440.346092,500,239.918852
-489.650474,500,240.158901
-475.30409,500,240.437568
-292.984862,500,240.687139
-244.766333,500,241.83273
-288.378908,500,242.047287
-185.192858,500,242.300375
-323.883838,500,242.527428
-247.481331,500,243.578261
-473.047885,500,243.818405
-427.509079,500,244.04301
-255.414393,500,244.305106
-265.443953,500,245.654955
-492.564139,500,245.986627
-393.296938,500,246.245698
-204.953795,500,246.507844
-309.432033,500,247.565254
-316.263896,500,247.810391
-336.522155,500,248.05511
-203.292423,500,248.381199
-179.206811,500,249.390007
-201.07347,500,249.642071
-256.993966,500,249.883177
-396.247065,500,250.239809
-182.948597,500,251.349189
-369.266789,500,251.595764
-219.627809,500,251.829359
-447.516345,500,252.090959
-378.108391,500,253.06587
-164.349609,500,253.33899
-447.632063,500,253.663581
-263.125391,500,254.041281
-241.993539,500,255.037657
-293.751376,500,255.283329
-204.799163,500,255.543925
-191.315908,500,255.781524
-325.990309,500,256.729934
-185.822851,500,256.979525
-217.90457,500,257.231102
-383.662936,500,257.484685
-482.250208,500,257.711231
-387.996919,500,258.939787
-339.536525,500,259.263918
-448.982094,500,259.55852
-219.393931,500,259.864664
-167.780071,500,261.134186
-339.328319,500,261.379435
-452.401796,500,261.745071
-333.403563,500,262.055205
-327.707638,500,263.16002
-214.993486,500,263.389108
-430.373997,500,263.576636
-239.116738,500,263.822774
-469.389824,500,264.821171
-386.121937,500,265.185802
-472.515059,500,265.442997
-277.570524,500,265.663064
-417.741564,500,266.931728
-172.350754,500,267.173358
-228.048005,500,267.507033
-224.420991,500,267.750148
-325.419687,500,268.911771
-438.569682,500,269.131855
-352.030926,500,269.45501
-411.7249,500,269.854247
-430.208861,500,271.422621
-310.092225,500,271.64469
-372.3469,500,271.869829
-301.622492,500,272.088915
-200.86657,500,273.477132
-441.673689,500,273.864854
-264.73381,500,274.217023
-285.579438,500,274.45364
-237.483312,500,275.571672
-403.485418,500,275.880858
-358.047037,500,276.270539
-354.94409,500,276.56416
-312.3847,500,277.704297
-284.636977,500,277.937459
-226.86667,500,278.164541
-448.018767,500,278.542283
-225.074467,500,280.136076
-344.615782,500,280.521771
-236.953594,500,280.885973
-449.597839,500,281.123571
-321.087502,500,281.367751
-327.478351,500,282.821554
-377.524194,500,283.150173
-223.072267,500,283.54384
-449.324539,500,283.878998
-194.252104,500,285.313341
-460.828664,500,285.565452
-193.790238,500,285.80061
-351.5227,500,286.110242
-470.17616,500,287.498452
-412.027532,500,287.831112
-313.600446,500,288.170748
-303.015858,500,288.574469
-208.442119,500,289.842668
-333.041437,500,290.213826
-352.827531,500,290.611527
-282.62323,500,290.986222
-282.565645,500,292.386405
-467.046548,500,292.717621
-411.420254,500,292.971236
-315.472273,500,293.343915
-173.672204,500,294.614785
-467.721968,500,294.849404
-427.229341,500,295.133054
-333.68231,500,295.495213
-304.162752,500,296.591321
-214.342927,500,296.81548
-514.637708,500,297.142101
-260.915805,500,297.501837
-365.189604,500,298.801131
-236.038447,500,299.10175
-303.885282,500,299.341921
-305.261708,500,299.577998
-283.128802,500,300.722043
-298.080676,500,301.072237
-259.767071,500,301.460931
-227.236018,500,301.865656
-353.209052,500,303.311987
-242.124673,500,303.556073
-285.697163,500,303.938812
-249.245347,500,304.30698
-465.946385,500,304.69715
-353.481291,500,305.929783
-338.528329,500,306.301958
-279.047283,500,306.530569
-246.28845,500,306.759642
-185.039155,500,308.041766
-434.52642,500,308.267399
-251.138467,500,308.537551
-272.765573,500,308.767667
-223.184344,500,310.219933
-290.668586,500,310.464667
-293.538197,500,310.761254
-441.174199,500,311.086652
-222.400174,500,312.462877
-381.266759,500,312.866117
-424.597308,500,313.091188
-385.370952,500,313.377349
-187.699291,500,314.738059
-271.254649,500,314.965671
-443.396943,500,315.226842
-175.164957,500,315.503468
-358.862372,500,316.893159
-457.581167,500,317.244448
-473.127438,500,317.482064
-326.903433,500,317.710186
-211.79059,500,319.084412
-196.17845,500,319.450724
-201.955356,500,319.73934
-473.091165,500,320.138053
-201.939967,500,321.543375
-348.499779,500,321.938104
-297.877136,500,322.325813
-194.95047,500,322.715454
-420.272931,500,324.286727
-223.398757,500,324.54487
-285.910688,500,324.878054
-256.545974,500,325.102122
-487.268055,500,326.098163
-258.079594,500,326.418344
-448.367691,500,326.640984
-229.535709,500,326.862622
-454.141677,500,327.085729
-384.11189,500,328.548015
-445.499241,500,328.872719
-197.70232,500,329.239872
-265.911623,500,329.516532
-327.730177,500,330.54254
-311.297214,500,330.822733
-293.758567,500,331.121354
-225.446786,500,331.451058
-433.662973,500,332.585605
-248.953233,500,332.81424
-415.802274,500,333.164945
-307.45004,500,333.509703
-475.924104,500,334.688793
-324.714959,500,334.95095
-530.97533,500,335.292578
-242.980674,500,335.524748
-171.024173,500,336.608357
-437.58215,500,336.972052
-249.728816,500,337.38178
-468.295417,500,337.784986
-522.511269,500,339.003619
-221.418086,500,339.260244
-442.085968,500,339.479872
-268.701664,500,339.706506
-462.874605,500,341.013141
-267.166245,500,341.445402
-272.874594,500,341.767016
-425.270229,500,342.009658
-209.837072,500,343.153237
-440.526846,500,343.380818
-288.258431,500,343.732002
-323.361779,500,343.959624
-368.214152,500,345.354375
-311.892348,500,345.678983
-240.493953,500,345.937143
-270.319686,500,346.164258
-224.377566,500,347.444042
-279.610814,500,347.721143
-451.027385,500,348.077881
-211.473469,500,348.37506
-341.581954,500,349.768202
-495.823855,500,350.110362
-416.935739,500,350.494828
-278.628553,500,350.801434
-169.494739,500,351.038604
-208.746934,500,352.27468
-376.432302,500,352.497297
-323.322942,500,352.779956
-233.057198,500,353.150663
-289.482652,500,354.465356
-267.056949,500,354.730456
-349.308215,500,354.957607
-288.499167,500,355.195704
-282.416325,500,356.452366
-334.313088,500,356.780313
-194.007782,500,357.004942
-447.663451,500,357.225031
-375.688793,500,358.457189
-353.076184,500,358.834378
-207.912394,500,359.227566
-323.29034,500,359.610255
-429.78475,500,361.092561
-371.979807,500,361.315174
-435.113181,500,361.692866
-230.903578,500,362.094592
-451.003033,500,363.404246
-214.306848,500,363.758391
-270.421845,500,364.044079
-182.181561,500,364.280161
-235.772042,500,365.584781
-465.653976,500,365.806909
-197.929881,500,366.177581
-521.133092,500,366.409232
-469.049806,500,367.690877
-330.399031,500,368.085612
-364.698189,500,368.461278
-276.17118,500,368.888996
-287.664316,500,370.107585
-292.726709,500,370.45681
-193.187683,500,370.865509
-306.79628,500,371.274706
-242.736728,500,372.559375
-473.977836,500,372.799496
-374.031268,500,373.040123
-499.612354,500,373.416836
-317.570926,500,373.81801
-234.091788,500,375.176248
-295.137893,500,375.557932
-196.894142,500,375.901628
-221.411882,500,376.176231
-303.997487,500,377.29281
-298.877075,500,377.648508
-202.268997,500,378.055247
-489.81548,500,378.303348
-347.256104,500,379.609612
-337.294904,500,379.886763
-370.521865,500,380.152386
-297.723895,500,380.403986
-379.026271,500,381.369012
-389.196813,500,381.644091
-357.562341,500,382.00781
-420.445373,500,382.226897
-249.517522,500,383.513607
-328.290038,500,383.737697
-349.498171,500,383.959834
-339.767155,500,384.181931
-220.617287,500,385.404727
-345.98236,500,385.750364
-390.842147,500,385.975046
-188.359422,500,386.198122
-408.173688,500,387.517315
-442.434417,500,387.755963
-348.434128,500,387.980573
-269.921644,500,388.201654
-166.484564,500,389.571397
-362.490129,500,389.957106
-313.4126,500,390.202809
-293.915919,500,390.560506
-306.071015,500,392.127221
-164.595022,500,392.554492
-199.875816,500,392.967744
-455.832309,500,393.32038
-381.858883,500,394.714116
-293.552732,500,394.953763
-213.943506,500,395.191381
-196.886384,500,395.432536
-155.718464,500,396.649683
-406.385627,500,397.01538
-201.251214,500,397.274999
-313.060668,500,397.593152
-208.347239,500,397.860334
-377.81526,500,398.883821
-223.717069,500,399.122443
-404.679677,500,399.368627
-232.715835,500,399.738281
-486.026822,500,400.931903
-226.065227,500,401.154996
-247.692568,500,401.380175
-522.998371,500,401.690792
-223.218578,500,402.980972
-344.720937,500,403.205589
-152.023862,500,403.449219
-235.534646,500,403.815394
-254.416596,500,405.075651
-202.717697,500,405.356289
-230.451848,500,405.740993
-190.186471,500,406.049186
-291.0408,500,407.202737
-493.188348,500,407.565466
-218.858991,500,407.850131
-428.658782,500,408.146746
-285.906654,500,409.479473
-449.704316,500,409.715104
-288.227187,500,410.077762
-471.611422,500,410.45896
-411.116508,500,411.624022
-475.3341,500,412.048255
-154.287811,500,412.287879
-346.160386,500,412.509501
-419.128924,500,413.591573
-444.120887,500,413.935747
-260.821998,500,414.367492
-431.839815,500,414.647098
-373.12379,500,415.767167
-168.726973,500,416.174429
-413.072992,500,416.537576
-183.377761,500,416.911254
-454.336513,500,417.955302
-445.225564,500,418.180901
-325.20349,500,418.418532
-273.750235,500,418.648652
-230.486649,500,418.945815
-224.959365,500,420.556719
-182.530691,500,420.972963
-305.00305,500,421.372662
-409.487854,500,421.737298
-334.365094,500,422.726871
-239.58712,500,423.055001
-455.775066,500,423.443744
-451.209445,500,423.82791
-168.019062,500,425.297677
-387.23888,500,425.597841
-243.875707,500,426.009543
-176.511427,500,426.280189
-298.808893,500,427.342709
-176.587658,500,427.68151
-387.442642,500,428.013213
-284.221362,500,428.238282
-187.2871,500,429.67405
-224.454734,500,430.007263
-410.313901,500,430.29585
-294.516136,500,430.576552
-422.52081,500,431.828128
-211.317276,500,432.090287
-257.077487,500,432.496028
-261.641234,500,432.738116
-332.701648,500,434.135386
-508.563297,500,434.374083
-166.764906,500,434.790781
-403.684744,500,435.253508
-307.862292,500,436.735333
-460.663845,500,437.140037
-213.24292,500,437.546272
-478.097595,500,437.943975
-369.989397,500,439.059526
-174.235476,500,439.376245
-258.870881,500,439.71139
-311.371722,500,439.95253
-495.516342,500,441.24767
-225.191899,500,441.587358
-279.528966,500,441.927521
-425.142701,500,442.365244
-254.450379,500,442.784021
-287.983031,500,444.314868
-264.29183,500,444.575507
-325.050123,500,444.798149
-163.055633,500,445.023772
-235.246342,500,446.106805
-390.295488,500,446.343886
-283.520744,500,446.591547
-304.48612,500,446.819615
-150.439872,500,447.862208
-208.943728,500,448.207882
-173.105669,500,448.455503
-386.007166,500,448.691108
-364.367659,500,449.793716
-217.211508,500,450.061357
-294.118589,500,450.340963
-198.206256,500,450.614152
-247.5913,500,451.526122
-165.028911,500,451.835778
-234.482768,500,452.125936
-208.902285,500,452.351582
-455.156537,500,453.674785
-362.425913,500,453.897933
-399.743048,500,454.12304
-300.040357,500,454.428209
-169.880783,500,455.86447
-282.347129,500,456.256634
-411.298132,500,456.611343
-318.432986,500,456.928496
-392.942178,500,458.256118
-476.912125,500,458.60485
-294.567918,500,458.840925
-318.842246,500,459.155642
-169.476138,500,460.312265
-163.751912,500,460.741997
-210.332274,500,461.155698
-428.279017,500,461.503418
-192.089322,500,462.513974
-401.953274,500,462.770043
-392.577378,500,463.124774
-309.579824,500,463.446626
-272.56602,500,464.875914
-214.511812,500,465.223683
-282.12726,500,465.449325
-188.372499,500,465.821491
-412.143026,500,466.217729
-140.191857,500,467.227206
-203.032659,500,467.46384
-363.921944,500,467.812041
-179.606138,500,468.206746
-218.109898,500,469.488978
-503.496058,500,469.723612
-257.941232,500,470.082789
-197.563091,500,470.45146
-417.839563,500,471.924215
-353.926422,500,472.316916
-321.336139,500,472.724149
-328.504724,500,473.135884
-151.644666,500,474.693633
-308.091386,500,474.946793
-498.100411,500,475.261411
-244.216432,500,475.509609
-173.282095,500,476.676628
-458.419016,500,477.060362
-279.21492,500,477.469073
-250.16013,500,477.767675
-363.036621,500,478.710238
-257.818796,500,478.991885
-317.50732,500,479.249522
-270.330863,500,479.63322
-170.374747,500,481.042582
-293.364135,500,481.405277
-360.830137,500,481.635415
-162.30793,500,481.927562
-199.258217,500,483.501381
-293.424568,500,483.785981
-294.467622,500,484.036152
-197.660844,500,484.346311
-373.305207,500,485.665537
-267.13103,500,486.112355
-398.231107,500,486.450062
-450.620695,500,486.675137
-413.863089,500,488.291497
-143.330647,500,488.529656
-401.934937,500,488.753762
-330.800801,500,489.052906
-294.693359,500,489.475652
-285.039873,500,490.811825
-259.71686,500,491.079973
-185.400879,500,491.300063
-348.398665,500,491.528231
-154.68426,500,492.777823
-332.193303,500,493.141526
-251.749066,500,493.384212
-372.476305,500,493.725348
-305.91188,500,494.957512
-391.209499,500,495.331689
-191.2298,500,495.617847
-410.073893,500,495.968548
-185.626619,500,497.027591
-295.708557,500,497.255679
-223.841423,500,497.482822
-149.575483,500,497.73043
-418.764588,500,498.796992
-145.633405,500,499.020161
-183.93863,500,499.244269
-226.792295,500,499.604434
-151.136175,500,500.719488
-196.849815,500,501.023256
-490.768619,500,501.339907
-227.684002,500,501.634671
-257.859493,500,502.859277
-354.603022,500,503.083885
-436.530893,500,503.459106
-277.792536,500,503.806732
-134.135565,500,505.208458
-397.255584,500,505.492597
-279.538066,500,505.73721
-261.842302,500,505.963855
-301.419184,500,507.311482
-372.566401,500,507.706213
-189.650824,500,508.111905
-354.765256,500,508.468614
-393.336585,500,510.020017
-383.245668,500,510.33764
-469.240903,500,510.583297
-244.233795,500,510.874914
-309.43974,500,512.292628
-205.282837,500,512.531803
-462.255892,500,512.752883
-217.632383,500,512.978024
-161.431214,500,513.204107
-160.604642,500,514.595834
-328.155016,500,514.972525
-195.607078,500,515.317196
-337.842879,500,515.763435
-418.023789,500,517.151172
-311.90216,500,517.584843
-200.766127,500,517.948176
-410.853353,500,518.293818
-147.583535,500,519.870215
-345.009678,500,520.21287
-274.429577,500,520.495024
-336.238448,500,520.845722
-165.454278,500,522.134382
-214.2784,500,522.387459
-174.406342,500,522.722111
-400.884421,500,522.951248
-308.057608,500,524.018763
-169.048236,500,524.241888
-137.87214,500,524.501493
-459.664035,500,524.898684
-178.148315,500,526.001795
-438.729039,500,526.233412
-233.348142,500,526.504028
-426.620825,500,526.758687
-147.534076,500,527.988836
-348.909991,500,528.238453
-463.719368,500,528.602631
-278.426806,500,529.000374
-147.073185,500,530.084945
-214.994103,500,530.340592
-437.700742,500,530.722799
-133.5086,500,531.10549
-436.428895,500,532.445666
-280.438326,500,532.738808
-300.535933,500,533.112016
-156.588342,500,533.472716
-300.647942,500,534.991018
-381.839706,500,535.365175
-196.441935,500,535.762761
-333.704443,500,536.119468
-148.883243,500,536.344075
-155.579118,500,537.514691
-377.572386,500,537.744311
-477.664468,500,537.979597
-206.273195,500,538.32223
-129.437804,500,539.394317
-437.750952,500,539.78302
-426.736377,500,540.132182
-413.889361,500,540.539431
-429.193728,500,542.004228
-329.464199,500,542.263301
-377.77585,500,542.572478
-251.754751,500,542.919192
-148.671965,500,544.208876
-318.657798,500,544.525093
-182.370699,500,544.938342
-429.613493,500,545.334982
-274.215243,500,546.546173
-265.188078,500,546.776239
-505.89807,500,547.008859
-471.182357,500,547.378023
-331.35556,500,548.817736
-161.983379,500,549.118909
-193.582716,500,549.351517
-149.666826,500,549.748412
-419.214225,500,551.100036
-365.598698,500,551.510811
-364.381025,500,551.847963
-410.464097,500,552.139634
-529.844177,500,553.428314
-262.843931,500,553.850999
-348.703919,500,554.104633
-263.861216,500,554.488887
-280.930959,500,555.54288
-324.527612,500,555.782998
-128.97936,500,556.149707
-285.244489,500,556.416327
-211.135325,500,557.535514
-255.910972,500,557.84214
-219.430414,500,558.065832
-323.014876,500,558.339931
-359.012418,500,559.399974
-474.405224,500,559.638195
-198.864426,500,559.873848
-186.191313,500,560.195015
-215.156981,500,560.499185
-502.08067,500,562.024422
-404.033441,500,562.29805
-163.816974,500,562.57618
-224.759732,500,562.94537
-512.571654,500,563.870297
-325.09803,500,564.145485
-464.392448,500,564.49718
-251.141515,500,564.775841
-274.030207,500,566.201099
-386.83299,500,566.580836
-421.42441,500,566.834932
-194.224625,500,567.201176
-411.152641,500,568.765213
-368.69361,500,569.052345
-393.063778,500,569.296425
-132.353482,500,569.699162
-466.027861,500,570.995292
-450.773549,500,571.411484
-310.453062,500,571.800198
-168.619461,500,572.193911
-238.885717,500,573.153401
-400.956425,500,573.391485
-185.86842,500,573.630635
-288.739973,500,573.865262
-212.358457,500,574.976369
-396.908737,500,575.242468
-302.662775,500,575.562691
-333.379774,500,575.986388
-450.390385,500,577.431133
-134.944876,500,577.849344
-390.209823,500,578.158025
-230.258662,500,578.385644
-135.900149,500,579.645732
-261.876151,500,580.050975
-165.424762,500,580.39612
-389.683185,500,580.719306
-213.059276,500,582.133483
-366.961264,500,582.389124
-374.890497,500,582.669281
-115.522437,500,582.937891
-165.422242,500,583.257568
-209.227325,500,584.382664
-496.719518,500,584.614271
-316.609567,500,584.833379
-125.09156,500,585.058007
-120.751825,500,586.426624
-239.969404,500,586.645805
-411.537797,500,586.869403
-393.525782,500,587.086021
-450.169663,500,588.416259
-466.335526,500,588.773973
-490.10652,500,588.997135
-295.873827,500,589.220216
-407.533212,500,590.482398
-278.924971,500,590.821049
-247.153101,500,591.047662
-194.653169,500,591.328308
-250.904639,500,592.253304
-385.815841,500,592.47295
-487.444549,500,592.69403
-350.941474,500,592.919124
-269.228207,500,593.817572
-349.265217,500,594.052194
-271.203169,500,594.273349
-377.642186,500,594.498978
-262.698351,500,595.912238
-152.479311,500,596.320962
-382.988921,500,596.627146
-318.08698,500,596.852237
-185.528115,500,598.203622
-319.768674,500,598.467316
-412.026095,500,598.775947
-174.268467,500,599.008111
-366.474213,500,600.267848
-425.366729,500,600.668552
-384.459556,500,600.951199
-382.407351,500,601.307368
-146.883402,500,602.759628
-492.962492,500,603.074893
-330.58807,500,603.298516
-390.131324,500,603.554153
-326.397901,500,603.787791
-280.624092,500,605.274637
-309.191857,500,605.529294
-468.398853,500,605.958996
-437.084444,500,606.35414
-270.908158,500,607.705377
-145.964914,500,607.93349
-234.500895,500,608.154092
-136.758117,500,608.375703
-267.800656,500,609.383212
-360.65575,500,609.624833
-274.029827,500,609.924478
-355.233425,500,610.255644
-228.52449,500,611.709381
-311.879161,500,612.09812
-229.939733,500,612.479835
-245.082971,500,612.836486
-263.751189,500,614.107181
-168.707139,500,614.421806
-395.878842,500,614.728519
-342.444623,500,615.098715
-366.774206,500,616.556968
-249.80718,500,616.95368
-465.718316,500,617.386376
-298.620646,500,617.787119
-240.178721,500,619.161817
-235.042807,500,619.56855
-281.332451,500,619.819694
-148.464385,500,620.053306
-148.50186,500,621.250509
-196.634621,500,621.476146
-249.838118,500,621.70179
-243.605631,500,621.924871
-310.023728,500,623.247033
-259.131813,500,623.668785
-407.009155,500,624.073495
-229.16241,500,624.479702
-135.283382,500,625.889639
-278.76132,500,626.169265
-140.261613,500,626.591109
-270.874955,500,626.977823
-266.254608,500,628.35707
-340.499209,500,628.772817
-152.259957,500,629.176511
-201.481687,500,629.504814
-466.357186,500,629.770908
-325.399978,500,631.085178
-186.606808,500,631.313257
-189.762943,500,631.638419
-132.363376,500,631.98812
-202.82204,500,633.316214
-360.481262,500,633.697463
-395.847541,500,634.088694
-153.89459,500,634.464826
-466.471003,500,635.66944
-189.837235,500,636.093702
-195.763911,500,636.366778
-328.574271,500,636.604955
-200.941342,500,637.94163
-183.294126,500,638.343363
-202.369254,500,638.736064
-166.564531,500,638.998267
-234.479319,500,640.42538
-409.825392,500,640.751578
-183.652597,500,641.102273
-182.061119,500,641.336358
-233.407383,500,642.430445
-289.738601,500,642.650067
-267.900753,500,642.869113
-245.077819,500,643.087764
-132.333219,500,644.191338
-207.091284,500,644.432413
-443.108022,500,644.775606
-405.812246,500,645.156278
-330.094761,500,646.575905
-318.145813,500,646.958071
-439.170399,500,647.193771
-195.89525,500,647.508928
-147.97384,500,648.614982
-346.352207,500,648.839061
-446.810557,500,649.21179
-229.36052,500,649.479449
-348.853256,500,650.685075
-463.992105,500,651.079322
-276.018657,500,651.478544
-227.830428,500,651.773176
-468.146843,500,652.003357
-446.665248,500,653.306983
-191.769325,500,653.722724
-233.954865,500,654.149424
-194.577239,500,654.555149
-299.895631,500,655.955335
-247.342008,500,656.336049
-395.317051,500,656.683264
-154.442303,500,657.039958
-234.271993,500,658.356664
-247.538628,500,658.604551
-464.387091,500,658.828631
-286.582132,500,659.053783
-363.684739,500,660.247891
-249.478627,500,660.475512
-549.755371,500,660.83169
-195.211087,500,661.138827
-474.610029,500,662.343447
-537.52591,500,662.567101
-147.09426,500,662.807711
-393.035496,500,663.107854
-199.268442,500,664.550528
-238.507182,500,664.877162
-431.984726,500,665.11732
-248.492237,500,665.496047
-310.944742,500,667.041288
-189.710533,500,667.305928
-257.354928,500,667.538549
-196.436013,500,667.904338
-320.427984,500,669.366035
-324.801042,500,669.652234
-202.740692,500,670.042932
-287.048891,500,670.44513
-343.805271,500,671.428617
-447.275259,500,671.670239
-290.082898,500,671.91587
-188.234655,500,672.162028
-273.509294,500,673.32714
-335.609931,500,673.551749
-419.8412,500,673.85837
-188.235399,500,674.242055
-467.709801,500,675.659315
-147.323847,500,676.027026
-231.66025,500,676.36965
-316.235004,500,676.638795
-411.20326,500,676.997991
-195.188498,500,677.921552
-274.864382,500,678.167195
-449.898341,500,678.413826
-525.938314,500,678.638571
-265.689172,500,679.786119
-421.645696,500,680.176821
-163.052941,500,680.467472
-339.683705,500,680.708098
-181.165705,500,681.933652
-222.800836,500,682.327898
-377.010428,500,682.711597
-264.173931,500,683.095771
-177.390635,500,684.41296
-270.757609,500,684.83621
-156.943544,500,685.087858
-268.220117,500,685.313483
-493.178896,500,686.339002
-317.151974,500,686.582597
-344.525699,500,686.805671
-473.453128,500,687.023855
-224.807464,500,688.232471
-271.134886,500,688.476563
-157.021795,500,688.720731
-444.851682,500,689.020893
-157.704667,500,690.224476
-295.431863,500,690.616201
-214.119289,500,690.917818
-513.512804,500,691.186954
-422.755159,500,692.282529
-265.163497,500,692.527678
-293.139763,500,692.746755
-305.256211,500,692.988907
-251.607782,500,694.558738
-291.078928,500,694.956896
-328.913287,500,695.319595
-461.267921,500,695.663747
-263.596415,500,696.901318
-142.524969,500,697.137233
-187.699348,500,697.437866
-275.355019,500,697.83211
-182.683585,500,698.135264
-362.556114,500,699.719597
-431.792833,500,700.111821
-260.7632,500,700.470955
-198.273193,500,700.730728
-184.925903,500,701.713719
-318.201139,500,701.940333
-201.118209,500,702.159947
-226.937599,500,702.383042
-202.104843,500,703.709655
-201.543692,500,704.108871
-216.091729,500,704.439004
-296.784028,500,704.66462
-322.739996,500,705.653229
-266.324545,500,705.875855
-266.723442,500,706.100479
-424.665028,500,706.334101
-277.481667,500,707.651289
-180.054928,500,707.883375
-292.234849,500,708.107984
-425.29431,500,708.403637
-157.633633,500,709.713293
-299.208064,500,709.974899
-429.015688,500,710.336099
-163.03985,500,710.727798
-490.291888,500,711.719796
-218.202407,500,711.951412
-318.809663,500,712.175028
-505.400683,500,712.400133
-443.040128,500,713.455167
-200.457897,500,713.677312
-189.171637,500,713.902379
-340.622054,500,714.133516
-279.967446,500,715.431372
-440.066795,500,715.824529
-280.099485,500,716.233809
-174.164716,500,716.507428
-314.196735,500,717.846656
-249.756311,500,718.252889
-219.801579,500,718.658102
-197.008105,500,718.990735
-246.853602,500,719.344418
-212.041315,500,720.883732
-179.231621,500,721.117373
-434.935824,500,721.51711
-237.257323,500,721.916301
-483.091137,500,723.181417
-498.216911,500,723.401495
-440.790792,500,723.707685
-468.488968,500,724.088187
-392.552494,500,725.032722
-481.683867,500,725.260819
-297.576101,500,725.490919
-270.362615,500,725.80008
-192.189037,500,727.085728
-326.264433,500,727.352357
-470.916282,500,727.598963
-241.858968,500,727.844611
-253.151078,500,728.962178
-187.951221,500,729.26288
-238.780241,500,729.598034
-422.371095,500,729.908698
-284.248413,500,731.389529
-183.834614,500,731.663218
-177.317613,500,731.992859
-298.126637,500,732.24402
-200.515432,500,733.688664
-221.147688,500,733.933798
-268.422002,500,734.332486
-209.122043,500,734.642187
-218.41507,500,735.798746
-228.621538,500,736.194477
-223.243677,500,736.598189
-227.663367,500,737.001884
-198.808781,500,738.447121
-203.150048,500,738.669269
-462.423352,500,738.892328
-379.116193,500,739.13299
-263.593598,500,740.379119
-212.685343,500,740.655269
-257.86295,500,741.052998
-296.161199,500,741.409618
-221.39143,500,742.395144
-239.058404,500,742.834882
-173.146545,500,743.229579
-225.783265,500,743.616273
-279.685798,500,744.026004
-237.599364,500,745.254683
-520.589307,500,745.643364
-321.931937,500,745.955032
-443.564691,500,746.193649
-201.090285,500,747.190282
-253.167634,500,747.437408
-193.01174,500,747.682202
-513.080291,500,747.964621
-496.06846,500,748.945104
-527.832466,500,749.267289
-201.305762,500,749.655968
-248.463767,500,749.959619
-246.014748,500,751.084171
-521.938862,500,751.308234
-361.570886,500,751.674469
-227.125244,500,751.937564
-299.282529,500,753.412832
-383.803418,500,753.735005
-481.666765,500,754.133719
-231.981755,500,754.579937
-484.267988,500,755.73748
-194.725829,500,756.037632
-304.973446,500,756.355781
-247.888378,500,756.644418
-291.600007,500,757.705496
-183.139592,500,758.013136
-206.087555,500,758.315313
-266.308631,500,758.720554
-285.336518,500,759.817181
-246.996659,500,760.182395
-215.940753,500,760.491019
-215.048004,500,760.719671
-217.947032,500,761.902772
-301.053951,500,762.185934
-517.60706,500,762.579255
-508.830596,500,762.938904
-266.842137,500,764.299059
-337.370165,500,764.677802
-503.411176,500,765.0655
-239.453297,500,765.412159
-474.309131,500,765.787824
-270.196119,500,766.863942
-163.821794,500,767.086511
-278.382487,500,767.360115
-232.546596,500,767.736804
-293.822708,500,768.900924
-180.658327,500,769.125545
-240.555835,500,769.47474
-427.908924,500,769.87044
-294.812,500,770.890413
-214.628081,500,771.110041
-342.146836,500,771.50522
-489.433014,500,771.765381
-188.86576,500,772.765881
-223.215793,500,773.055527
-257.904997,500,773.391663
-319.843651,500,773.713377
-328.208539,500,774.874922
-310.301827,500,775.222053
-206.011341,500,775.541744
-289.065635,500,775.836371
-238.523283,500,777.112586
-251.816366,500,777.473291
-181.01462,500,777.6964
-223.397339,500,777.916546
-269.056852,500,779.244206
-522.211249,500,779.503866
-251.814358,500,779.747488
-413.282852,500,779.993078
-424.329265,500,781.349317
-393.725101,500,781.599421
-179.90549,500,781.867607
-291.927537,500,782.152771
-501.094717,500,783.491619
-251.419041,500,783.710759
-416.156064,500,783.934846
-459.184282,500,784.158473
-177.184122,500,785.557771
-277.629475,500,785.847377
-300.883394,500,786.174108
-311.010499,500,786.409188
-226.746699,500,787.590284
-265.6086,500,787.894917
-245.072605,500,788.12553
-375.5844,500,788.510481
-430.962516,500,788.884178
-466.864929,500,790.025718
-391.787461,500,790.300902
-303.920301,500,790.538974
-377.309963,500,790.796095
-294.033399,500,792.207761
-526.991526,500,792.591457
-511.086785,500,793.006203
-501.992839,500,793.325393
-246.630947,500,794.407467
-231.059776,500,794.700227
-269.402108,500,795.019893
-361.530147,500,795.413596
-331.278557,500,796.935909
-520.355499,500,797.294585
-396.200421,500,797.570757
-270.825773,500,797.807852
-451.462115,500,799.285634
-201.702297,500,799.613766
-415.438458,500,799.851877
-462.875276,500,800.075026
-270.577283,500,801.467729
-287.55661,500,801.782429
-373.476823,500,802.073099
-281.244527,500,802.321196
-281.019155,500,803.480781
-352.527752,500,803.730393
-195.786462,500,804.11615
-320.17297,500,804.491848
-251.588835,500,805.604449
-282.274607,500,805.831049
-211.745018,500,806.052658
-329.046673,500,806.377845
-288.688418,500,807.512875
-293.519474,500,807.739491
-468.617484,500,808.146787
-398.556118,500,808.406406
-306.686467,500,809.623684
-265.145315,500,810.032858
-405.961541,500,810.431591
-392.373629,500,810.858307
-351.338872,500,811.123496
-273.801062,500,812.537573
-262.291972,500,812.905279
-441.423417,500,813.318973
-363.656155,500,813.561621
-363.000327,500,815.019336
-301.202497,500,815.396038
-230.652549,500,815.638668
-210.284215,500,815.951447
-173.762166,500,817.413689
-266.458806,500,817.665351
-293.184618,500,817.895968
-349.523871,500,818.21414
-251.62489,500,819.314655
-323.72492,500,819.706364
-430.363668,500,819.942471
-258.215767,500,820.274642
-176.298874,500,821.586788
-285.585734,500,821.918707
-278.557798,500,822.16033
-294.454843,500,822.405622
-255.804527,500,823.63826
-205.903783,500,823.877347
-452.834695,500,824.197078
-375.497036,500,824.589767
-213.838183,500,825.478681
-305.866861,500,825.717827
-190.482029,500,825.937933
-361.057194,500,826.175565
-249.103657,500,827.301183
-279.87539,500,827.551269
-351.74965,500,827.812927
-270.152501,500,828.152092
-331.650377,500,829.353209
-379.209744,500,829.705966
-225.542246,500,829.950046
-501.293029,500,830.192731
-314.357837,500,831.217774
-316.110127,500,831.541391
-311.946422,500,831.913089
-384.043995,500,832.205231
-476.025315,500,833.654477
-341.938087,500,834.002601
-402.282244,500,834.319321
-396.297385,500,834.583935
-242.407302,500,834.803548
-240.730315,500,836.078237
-424.270469,500,836.341813
-220.038762,500,836.572447
-260.436515,500,836.90358
-275.220663,500,837.877596
-289.319913,500,838.2198
-223.394841,500,838.56297
-536.476345,500,838.945663
-259.062458,500,840.448425
-342.046309,500,840.79913
-249.90478,500,841.031202
-228.177125,500,841.269818
-296.841852,500,842.333855
-204.424607,500,842.716551
-192.29175,500,843.014157
-419.45592,500,843.246795
-328.966096,500,844.249797
-305.580259,500,844.47187
-320.061728,500,844.803565
-313.325268,500,845.038654
-285.73979,500,846.061182
-289.085202,500,846.407867
-281.977585,500,846.780023
-286.180801,500,847.134729
-287.370974,500,848.639023
-209.462207,500,849.006219
-421.578709,500,849.439919
-179.476708,500,849.83964
-501.208849,500,851.407532
-250.063254,500,851.649161
-303.278177,500,851.888246
-339.834686,500,852.128385
-325.689833,500,853.235938
-310.403828,500,853.543559
-299.169258,500,853.870273
-330.645596,500,854.289969
-298.589607,500,855.688712
-262.25236,500,855.91233
-462.149358,500,856.133476
-342.875864,500,856.414085
-406.461909,500,856.653687
-463.012369,500,858.108968
-400.781469,500,858.340047
-348.147239,500,858.727767
-427.079887,500,858.97385
-215.36185,500,860.558695
-454.222074,500,860.786283
-238.932835,500,861.016922
-220.916979,500,861.246143
-349.720989,500,862.282713
-369.200473,500,862.515329
-181.923375,500,862.74048
-312.070196,500,863.009093
-384.977385,500,864.264357
-458.272214,500,864.646621
-290.396003,500,865.088158
-313.729039,500,865.392328
-342.894011,500,866.43838
-423.12528,500,866.724528
-355.523523,500,866.991156
-496.573433,500,867.26332
-435.050108,500,868.270863
-303.211375,500,868.491953
-262.153119,500,868.714149
-373.043305,500,868.98823
-229.171446,500,870.579077
-512.014616,500,870.843224
-275.227492,500,871.070312
-387.151881,500,871.294915
-250.985473,500,872.411998
-487.58463,500,872.799233
-351.247169,500,873.050844
-213.539806,500,873.315039
-431.562306,500,874.833797
-271.677721,500,875.221495
-261.600686,500,875.58214
-391.969898,500,875.812752
-270.173989,500,877.080893
-364.365467,500,877.310507
-398.551296,500,877.620252
-299.833659,500,877.930868
-265.538818,500,878.327158
-472.499788,500,879.472227
-235.196081,500,879.714844
-309.607447,500,879.947478
-210.37373,500,880.182101
-229.970561,500,881.136154
-267.629705,500,881.363219
-316.463946,500,881.587801
-268.010378,500,881.874448
-285.786672,500,882.926538
-275.855791,500,883.149158
-264.948181,500,883.371232
-325.943222,500,883.648422
-373.468575,500,884.989603
-343.286861,500,885.224769
-499.58505,500,885.54739
-248.555154,500,885.77301
-419.14018,500,886.976602
-403.829173,500,887.251757
-309.79631,500,887.487832
-243.812184,500,887.714502
-319.684456,500,889.00714
-238.328401,500,889.35436
-364.725065,500,889.757604
-278.994367,500,890.181355
-346.377353,500,891.435981
-232.013917,500,891.658608
-362.271479,500,891.881718
-346.279461,500,892.138874
-510.831735,500,893.29896
-431.828593,500,893.640686
-176.829844,500,893.911773
-192.009856,500,894.325022
-348.597639,500,895.581158
-494.211706,500,895.961343
-229.699253,500,896.288485
-404.041649,500,896.585149
-479.369289,500,897.696204
-214.13895,500,898.078883
-352.753829,500,898.303468
-409.571889,500,898.540092
-488.823781,500,899.710187
-254.88268,500,900.036883
-257.943692,500,900.397019
-175.564172,500,900.811258
-287.056606,500,901.04387
-264.097628,500,902.547155
-356.427344,500,902.946856
-407.108024,500,903.333563
-395.264353,500,903.578628
-252.214097,500,904.943814
-512.820412,500,905.32
-404.830398,500,905.717255
-260.424306,500,906.1675
-372.440804,500,907.392607
-329.232633,500,907.693775
-281.276912,500,908.047069
-255.993371,500,908.3227
-353.695967,500,909.751495
-212.583684,500,910.077099
-215.041947,500,910.457326
-237.73902,500,910.805131
-477.323572,500,911.996782
-350.08081,500,912.218411
-385.253041,500,912.459024
-321.174646,500,912.707659
-406.356277,500,913.788196
-335.583651,500,914.012269
-174.079633,500,914.25442
-224.556103,500,914.517881
-297.818835,500,915.781676
-368.309949,500,916.009738
-180.923574,500,916.245933
-247.071884,500,916.471013
-340.884137,500,917.55557
-349.925141,500,917.947784
-285.242392,500,918.320957
-305.904919,500,918.570595
-208.268112,500,919.988305
-417.582707,500,920.236943
-332.304191,500,920.591092
-317.815673,500,920.999824
-306.004246,500,922.06936
-417.878052,500,922.295976
-270.860084,500,922.57261
-269.795239,500,922.794266
-304.876958,500,923.016342
-439.019022,500,924.467642
-311.032999,500,924.78679
-317.253671,500,925.210601
-332.891542,500,925.583296
-257.791125,500,926.777966
-510.208897,500,927.133152
-179.856456,500,927.42786
-378.27139,500,927.684022
-240.027584,500,929.082203
-296.141136,500,929.406396
-313.865892,500,929.673545
-239.475745,500,930.058739
-261.22451,500,931.115736
-314.473024,500,931.404349
-417.427038,500,931.703022
-264.309086,500,932.085694
-413.402804,500,933.069886
-374.322184,500,933.369592
-308.73507,500,933.636222
-309.396476,500,933.933899
-288.415701,500,935.15742
-428.22478,500,935.388126
-327.36767,500,935.631764
-277.431604,500,935.947404
-318.784784,500,937.051971
-362.02838,500,937.281585
-423.199676,500,937.524689
-328.309611,500,937.84687
-423.00525,500,939.246673
-357.997711,500,939.585833
-388.366045,500,939.820478
-371.960432,500,940.060095
-521.133164,500,941.104625
-258.022639,500,941.335227
-201.20183,500,941.671973
-229.439875,500,941.921042
-510.760323,500,943.203785
-387.789656,500,943.451887
-220.550514,500,943.704018
-281.530688,500,944.060174
-302.5547,500,945.535611
-356.535832,500,945.833774
-274.053996,500,946.252488
-507.173679,500,946.616177
-346.711195,500,946.83878
-287.524894,500,948.182023
-284.278223,500,948.473664
-295.990434,500,948.727852
-249.770859,500,948.945948
-282.557105,500,950.175568
-270.224878,500,950.524213
-416.864765,500,950.890923
-305.805807,500,951.258629
-415.384766,500,952.314131
-489.820769,500,952.536204
-443.223455,500,952.83737
-441.684431,500,953.233092
-293.189965,500,954.67291
-451.520628,500,954.896962
-341.527706,500,955.140587
-273.643078,500,955.520791
-192.351775,500,956.680927
-508.749684,500,956.903005
-293.438533,500,957.246158
-261.685202,500,957.533775
-435.57831,500,958.770439
-255.840581,500,958.998546
-186.737641,500,959.227175
-416.980854,500,959.607369
-275.459282,500,960.594908
-352.732773,500,960.839524
-268.143219,500,961.090142
-343.817453,500,961.432839
-265.371702,500,962.864094
-240.848533,500,963.129746
-253.969942,500,963.375879
-243.151554,500,963.609996
-307.095937,500,965.102219
-340.775773,500,965.350354
-223.991368,500,965.57397
-227.427571,500,965.968201
