#{"t_start": 1775552572.6588805, "env_id": "Pusher-Fric-Gauss-50-v0"}
r,l,t
-782.068656,500,0.472266
-836.027503,500,0.907968
-756.439114,500,1.235611
-784.952483,500,1.663834
-900.622759,500,3.355668
-914.807012,500,3.744813
-879.805728,500,4.116494
-867.557786,500,4.528158
-802.638297,500,6.180251
-884.516904,500,6.570973
-900.965422,500,7.015706
-730.665406,500,7.451958
-788.725334,500,9.171948
-676.961949,500,9.636353
-846.212338,500,10.099593
-944.631812,500,10.558288
-823.989037,500,12.235702
-794.678421,500,12.646431
-816.715726,500,13.095519
-737.347965,500,13.502251
-725.467787,500,15.160397
-732.273979,500,15.595634
-775.133647,500,15.996342
-768.497677,500,16.428045
-804.682144,500,18.166948
-758.85981,500,18.621174
-735.200389,500,19.090343
-798.401361,500,19.562026
-676.316078,500,21.327317
-644.950722,500,21.752003
-764.193057,500,22.100761
-761.422318,500,22.53549
-641.188031,500,24.298891
-627.474331,500,24.746568
-664.802059,500,25.130284
-651.630853,500,25.551962
-754.744828,500,27.305288
-548.247123,500,27.726974
-677.08342,500,28.169707
-770.444399,500,28.648649
-758.809527,500,30.438846
-791.694796,500,30.882212
-570.264825,500,31.364393
-678.845261,500,31.836126
-697.251057,500,32.308378
-678.601586,500,34.156966
-764.619327,500,34.542657
-573.751561,500,34.96693
-682.255534,500,35.429072
-535.289142,500,37.027306
-740.868924,500,37.417979
-630.391774,500,37.798581
-735.677723,500,38.176265
-712.312326,500,39.90155
-608.35584,500,40.40527
-692.805026,500,40.831516
-631.693261,500,41.262228
-744.668669,500,43.003149
-538.656957,500,43.459415
-830.687692,500,43.868618
-596.600871,500,44.2983
-639.40293,500,45.972509
-640.841794,500,46.404806
-714.469505,500,46.848123
-747.212761,500,47.30739
-718.875465,500,48.902675
-690.115754,500,49.333319
-480.046643,500,49.716945
-493.37691,500,50.125598
-738.028413,500,51.875109
-561.861461,500,52.310768
-722.142736,500,52.772274
-604.033483,500,53.182999
-596.679445,500,54.87829
-542.903331,500,55.336458
-736.623152,500,55.751123
-462.26464,500,56.169856
-591.666445,500,57.871737
-744.136713,500,58.265419
-569.24639,500,58.734587
-659.08636,500,59.175303
-619.82693,500,60.893571
-533.155737,500,61.327781
-564.25442,500,61.78602
-641.407,500,62.231729
-513.243451,500,62.690929
-646.974251,500,64.318499
-553.586501,500,64.753696
-505.160093,500,65.206406
-516.590549,500,65.645649
-462.049574,500,67.242333
-504.025055,500,67.639516
-626.021505,500,68.111778
-490.878487,500,68.560001
-469.50888,500,70.241202
-648.672293,500,70.667389
-620.768099,500,70.989574
-665.370489,500,71.371696
-581.800276,500,72.998928
-473.567262,500,73.433673
-403.489262,500,73.911923
-469.587292,500,74.351554
-513.041064,500,75.952314
-691.655608,500,76.422039
-449.766256,500,76.917317
-683.992463,500,77.389569
-396.190587,500,78.95801
-686.372122,500,79.276174
-447.012581,500,79.498781
-587.122807,500,79.701443
-572.339266,500,80.64298
-461.050894,500,80.897685
-581.887854,500,81.076566
-465.900932,500,81.301654
-479.74838,500,82.164164
-607.918319,500,82.399776
-399.7389,500,82.624842
-437.919207,500,82.848893
-440.486347,500,83.903068
-315.66884,500,84.122877
-434.256729,500,84.349964
-416.638143,500,84.577684
-506.726572,500,86.001746
-397.296448,500,86.382625
-534.359113,500,86.767934
-623.144067,500,87.123092
-523.002825,500,88.720269
-399.610585,500,89.172463
-388.093923,500,89.753686
-432.67436,500,90.305413
-437.585807,500,90.789679
-518.804006,500,92.591173
-406.086115,500,93.029403
-585.792852,500,93.491623
-515.461107,500,93.958182
-427.065802,500,95.746075
-503.347094,500,96.195323
-464.704857,500,96.650719
-542.195917,500,97.105577
-446.903416,500,98.785682
-509.434273,500,99.20729
-453.531113,500,99.652742
-472.987352,500,100.081959
-513.926099,500,101.764296
-560.466714,500,102.257031
-384.578566,500,102.71277
-346.04825,500,103.168474
-562.458223,500,104.950035
-496.163577,500,105.345197
-377.773804,500,105.801149
-471.177564,500,106.158253
-578.152521,500,107.809913
-501.834996,500,108.233612
-395.611932,500,108.64191
-427.700956,500,109.11018
-496.698095,500,110.815324
-454.131349,500,111.218965
-576.776161,500,111.624682
-445.253849,500,112.065369
-506.140115,500,113.706579
-373.566393,500,114.063705
-560.717765,500,114.507966
-383.837694,500,114.997142
-570.071041,500,116.745628
-369.270401,500,117.22887
-364.127193,500,117.684575
-356.759511,500,118.118795
-361.727241,500,119.863569
-334.589289,500,120.332823
-368.450938,500,120.813048
-491.448585,500,121.272767
-433.165632,500,121.734025
-481.650514,500,123.502986
-397.928476,500,123.957701
-609.62187,500,124.396826
-307.209404,500,124.871024
-291.25976,500,126.659537
-455.329854,500,127.117722
-283.296755,500,127.59823
-470.368216,500,128.155521
-290.716691,500,129.988298
-482.983501,500,130.422562
-458.143212,500,130.861686
-347.153246,500,131.362936
-512.097744,500,133.085336
-351.405744,500,133.555079
-381.401273,500,133.901719
-471.373736,500,134.2844
-542.874766,500,135.926566
-497.481245,500,136.372752
-357.585718,500,136.75847
-230.018308,500,137.176657
-319.880916,500,138.94634
-279.963144,500,139.369504
-475.019712,500,139.822639
-451.469465,500,140.282049
-534.524715,500,142.087904
-339.892329,500,142.607727
-376.138668,500,143.126483
-445.516927,500,143.608152
-395.547256,500,145.249457
-382.755965,500,145.66612
-394.961159,500,146.088801
-260.372268,500,146.57203
-320.137431,500,148.337771
-383.386856,500,148.860006
-419.955536,500,149.356217
-280.894289,500,149.864468
-516.927191,500,151.645804
-378.750944,500,152.098466
-322.926825,500,152.536639
-518.170813,500,152.936991
-566.567705,500,154.734984
-407.928239,500,155.194691
-356.035223,500,155.671905
-363.933856,500,156.120085
-350.128671,500,156.626557
-443.872284,500,158.418771
-418.70143,500,158.860005
-381.122463,500,159.203167
-329.126723,500,159.664599
-438.113305,500,161.418443
-336.80512,500,161.916705
-555.642271,500,162.36788
-381.410431,500,162.873114
-502.559447,500,164.60252
-351.049293,500,165.098781
-370.185541,500,165.548459
-492.517531,500,166.005098
-554.080153,500,167.735382
-371.636354,500,168.205109
-533.128985,500,168.603427
-246.445691,500,169.08713
-348.080725,500,170.806991
-322.32466,500,171.299306
-428.087453,500,171.746604
-336.709424,500,172.217326
-404.98671,500,173.886876
-369.835637,500,174.369781
-206.402633,500,174.806496
-321.628014,500,175.26175
-190.714735,500,177.084633
-337.635038,500,177.455258
-362.137932,500,177.904998
-281.241906,500,178.286641
-344.532632,500,180.03819
-348.709206,500,180.534381
-470.288513,500,181.051124
-388.817928,500,181.504746
-292.986463,500,183.190117
-358.17646,500,183.617874
-254.729604,500,184.02559
-334.504354,500,184.477842
-557.672965,500,186.127793
-310.274442,500,186.521468
-343.547022,500,186.983712
-561.1365,500,187.420874
-397.250438,500,187.860081
-371.49946,500,189.542113
-240.206764,500,190.002374
-316.458463,500,190.436554
-392.247407,500,190.86633
-356.513738,500,192.595569
-449.956939,500,193.069836
-419.865092,500,193.538628
-497.696263,500,194.032426
-370.711235,500,195.820744
-192.780411,500,196.344982
-313.448424,500,196.882776
-426.245579,500,197.398064
-425.540542,500,199.265051
-374.224701,500,199.687313
-495.852899,500,200.078049
-267.57281,500,200.505769
-418.414386,500,202.274679
-353.695554,500,202.735929
-198.173781,500,203.182209
-480.534465,500,203.647613
-303.873305,500,205.439564
-306.580004,500,205.920816
-390.162448,500,206.369099
-421.236014,500,206.780775
-374.023408,500,208.513205
-489.46336,500,209.03243
-297.132447,500,209.538674
-416.485737,500,210.040946
-402.155587,500,211.941903
-317.973879,500,212.409136
-312.649402,500,212.853833
-454.667351,500,213.302122
-561.705364,500,214.961615
-392.85394,500,215.258172
-245.368527,500,215.737313
-361.808198,500,216.179841
-379.201049,500,217.909916
-337.134712,500,218.363639
-470.504159,500,218.855906
-381.193367,500,219.244704
-369.794507,500,219.661419
-510.852038,500,221.458458
-453.319342,500,221.89664
-509.394514,500,222.299294
-371.973356,500,222.753966
-371.904021,500,224.462925
-287.982394,500,224.922632
-335.23136,500,225.366362
-473.46586,500,225.844517
-273.058711,500,227.620249
-232.755831,500,228.0789
-415.912811,500,228.5003
-344.214128,500,228.972467
-254.88894,500,230.759978
-471.57411,500,231.201351
-395.751243,500,231.633546
-218.354577,500,232.095783
-367.197103,500,233.919193
-415.137404,500,234.4015
-238.623973,500,234.899693
-464.230201,500,235.367893
-256.294941,500,237.146502
-376.829068,500,237.61973
-268.419152,500,238.125971
-487.731975,500,238.585657
-360.863141,500,240.234194
-387.15623,500,240.738404
-231.374053,500,241.159075
-217.167857,500,241.640339
-266.127279,500,243.273629
-515.363548,500,243.708214
-219.084745,500,244.182416
-261.956171,500,244.597753
-548.695502,500,246.222592
-302.407562,500,246.699301
-275.744887,500,247.134959
-272.499262,500,247.595651
-260.582078,500,249.356592
-437.818854,500,249.728328
-542.407384,500,250.148051
-202.885745,500,250.599782
-303.83627,500,252.39123
-311.215278,500,252.896466
-452.706554,500,253.377735
-385.062116,500,253.842013
-321.15657,500,254.361245
-335.838351,500,255.971285
-389.864411,500,256.407032
-465.8593,500,256.889842
-277.446332,500,257.366057
-289.278187,500,259.19143
-316.831563,500,259.650733
-345.931646,500,260.151953
-173.535565,500,260.560615
-455.943371,500,262.299472
-238.626404,500,262.725188
-491.469412,500,263.140394
-198.531308,500,263.618706
-517.618466,500,265.334582
-205.889911,500,265.79877
-254.570958,500,266.235442
-406.497606,500,266.694645
-222.512431,500,268.449007
-198.399842,500,268.930335
-249.60764,500,269.422291
-330.561083,500,269.907279
-296.496046,500,271.763035
-284.446722,500,272.268195
-287.412418,500,272.752458
-304.673901,500,273.155125
-309.256911,500,274.915208
-349.498656,500,275.420426
-550.179912,500,275.874628
-344.247441,500,276.338362
-226.049008,500,278.096256
-434.322608,500,278.504722
-393.984515,500,278.97742
-431.216375,500,279.433093
-294.012314,500,281.192611
-369.865409,500,281.64714
-539.304405,500,282.070062
-554.769916,500,282.529736
-323.961936,500,284.300785
-410.004629,500,284.726404
-421.210439,500,285.175574
-463.31025,500,285.677566
-318.263623,500,286.163322
-535.794675,500,288.024694
-414.884375,500,288.407842
-350.902673,500,288.859589
-347.162948,500,289.340847
-166.853314,500,291.101936
-356.828344,500,291.552531
-478.997692,500,292.021901
-517.171935,500,292.475486
-179.754728,500,294.1454
-430.635304,500,294.610298
-167.73088,500,295.085047
-329.568689,500,295.538728
-290.155962,500,297.234175
-233.953007,500,297.676889
-478.134591,500,298.18209
-233.42066,500,298.703362
-255.537012,500,300.529741
-288.551345,500,301.013986
-198.775512,500,301.483543
-321.658077,500,301.944267
-393.820143,500,303.600283
-179.338298,500,304.049938
-385.288504,500,304.489684
-530.815396,500,304.997956
-564.867356,500,306.562692
-234.166981,500,307.003933
-234.20884,500,307.414088
-328.493381,500,307.847788
-325.653494,500,309.563028
-477.177392,500,310.03828
-527.118017,500,310.528438
-355.020238,500,310.976565
-270.47028,500,312.781397
-501.794389,500,313.203247
-520.087245,500,313.690963
-348.967156,500,314.174291
-362.561604,500,315.957095
-441.075739,500,316.39282
-450.202618,500,316.809027
-454.166031,500,317.281735
-302.069462,500,319.07531
-399.818618,500,319.532587
-413.985511,500,319.932774
-406.69705,500,320.384465
-333.60539,500,320.843696
-380.291934,500,322.598043
-341.246169,500,323.041229
-307.781864,500,323.506943
-451.041303,500,323.931673
-454.843248,500,325.638989
-335.829587,500,326.015851
-383.231974,500,326.408998
-320.168155,500,326.826738
-424.290507,500,328.596428
-361.584594,500,329.016622
-257.789081,500,329.452748
-298.777652,500,329.912991
-336.411641,500,331.600938
-523.142,500,332.038128
-399.708824,500,332.48024
-345.631975,500,332.954493
-422.059877,500,334.64264
-297.069309,500,335.118351
-247.244347,500,335.53859
-238.769107,500,335.968719
-337.001908,500,337.738543
-178.413643,500,338.214332
-345.917463,500,338.609965
-358.965458,500,339.089191
-468.43152,500,340.88815
-166.400758,500,341.251843
-429.670097,500,341.731919
-213.818833,500,342.204248
-388.409863,500,343.951599
-290.621871,500,344.325727
-218.829594,500,344.738871
-391.995158,500,345.180599
-154.931539,500,346.826817
-404.133175,500,347.288009
-461.149344,500,347.723663
-240.356429,500,348.190891
-227.002131,500,349.932361
-328.288691,500,350.382603
-449.943397,500,350.797334
-364.096698,500,351.20781
-397.62946,500,351.632129
-333.223751,500,353.279849
-175.509169,500,353.67908
-534.219333,500,354.11377
-332.380579,500,354.556859
-326.090395,500,356.29942
-349.324246,500,356.646633
-456.775299,500,357.087867
-303.270872,500,357.489012
-510.289188,500,359.241988
-359.534346,500,359.649706
-385.515087,500,360.115906
-377.660943,500,360.601103
-440.739879,500,362.285786
-218.773078,500,362.7085
-479.251225,500,363.176741
-313.435662,500,363.614232
-221.827984,500,365.434722
-286.062531,500,365.904961
-530.252387,500,366.368171
-156.00429,500,366.868349
-460.788949,500,368.605437
-258.803609,500,369.049166
-418.78982,500,369.524912
-266.157684,500,370.016163
-399.976341,500,371.804794
-366.642673,500,372.242497
-416.489753,500,372.624065
-165.276118,500,373.061367
-170.883593,500,374.824767
-391.324828,500,375.269476
-398.252227,500,375.715665
-177.778227,500,376.147987
-315.360417,500,377.994881
-519.473646,500,378.449579
-477.006302,500,378.866338
-169.070365,500,379.366544
-469.344965,500,381.24578
-439.144921,500,381.714019
-209.71524,500,382.180247
-395.017048,500,382.625965
-207.04649,500,383.089234
-388.621688,500,384.884073
-197.905074,500,385.336984
-161.86997,500,385.81862
-184.290011,500,386.291791
-457.546396,500,388.111163
-433.192929,500,388.591341
-178.39078,500,389.105509
-431.076398,500,389.55012
-398.707102,500,391.358728
-169.513259,500,391.845999
-396.666181,500,392.329778
-382.377905,500,392.74548
-389.432039,500,394.382753
-490.997233,500,394.849855
-369.157474,500,395.290213
-480.296728,500,395.768365
-373.315854,500,397.537122
-419.151708,500,398.038378
-346.251374,500,398.535665
-382.832586,500,399.015919
-353.779776,500,400.762809
-418.529618,500,401.198518
-392.023258,500,401.648446
-197.622267,500,402.11221
-292.510466,500,403.806576
-355.019469,500,404.26745
-308.308249,500,404.757641
-273.641115,500,405.181289
-197.866887,500,406.900046
-162.738647,500,407.357241
-317.30331,500,407.83038
-355.332848,500,408.280138
-380.516479,500,409.958522
-210.185995,500,410.493746
-365.45733,500,410.943961
-511.227944,500,411.347654
-174.835449,500,413.124039
-226.118209,500,413.625791
-503.029546,500,414.082014
-199.842115,500,414.516188
-171.930434,500,416.176998
-459.44711,500,416.644287
-316.730609,500,417.022935
-443.824707,500,417.536721
-267.67981,500,417.981455
-427.757777,500,419.933967
-241.850622,500,420.481787
-504.370847,500,420.985049
-292.801657,500,421.458343
-222.739688,500,423.244956
-361.982517,500,423.734499
-398.065063,500,424.17825
-375.976786,500,424.606896
-310.900209,500,426.385867
-205.321258,500,426.914951
-498.733822,500,427.421733
-264.203274,500,427.961577
-275.718185,500,429.69737
-372.986737,500,430.142255
-327.64017,500,430.653464
-423.185314,500,431.083947
-313.11768,500,432.863336
-422.653479,500,433.370662
-511.022422,500,433.84139
-422.16047,500,434.272165
-253.694892,500,435.853393
-470.133401,500,436.270113
-341.26773,500,436.70384
-339.359942,500,437.098558
-323.116174,500,438.838162
-356.673416,500,439.257317
-195.925168,500,439.71801
-447.587073,500,440.197233
-215.060795,500,442.043429
-410.944311,500,442.500404
-242.663848,500,442.949102
-369.866548,500,443.434263
-287.661059,500,445.217918
-413.847109,500,445.686131
-314.828975,500,446.135836
-221.625409,500,446.606085
-262.009287,500,448.353975
-335.129204,500,448.841172
-471.47803,500,449.297435
-316.402717,500,449.794702
-170.270294,500,450.261406
-160.68193,500,451.993759
-487.963294,500,452.416463
-270.807988,500,452.832186
-420.79216,500,453.291022
-208.299774,500,454.957428
-353.154465,500,455.411628
-315.374393,500,455.829232
-347.745125,500,456.283452
-499.015307,500,458.114177
-401.564968,500,458.60652
-298.6601,500,459.062426
-323.313946,500,459.49835
-369.583807,500,461.234706
-428.800266,500,461.689421
-304.364518,500,462.194836
-299.22829,500,462.629231
-185.935891,500,464.409618
-378.851583,500,464.86859
-336.728456,500,465.295074
-169.041691,500,465.769245
-207.774141,500,467.456477
-200.828209,500,467.911358
-435.044674,500,468.414526
-349.766287,500,468.858218
-319.843296,500,470.666464
-197.62478,500,471.170638
-288.417287,500,471.698922
-443.873473,500,472.259215
-351.902343,500,474.546472
-321.921353,500,475.062209
-348.323263,500,475.574223
-393.463472,500,476.046597
-364.056091,500,477.925931
-463.586932,500,478.506254
-472.83795,500,479.082584
-406.449807,500,479.659183
-188.182615,500,481.686774
-376.295982,500,482.275593
-258.68845,500,482.789856
-287.651667,500,483.203562
-279.531274,500,485.009486
-502.752007,500,485.543775
-191.90997,500,485.966004
-217.22041,500,486.418214
-310.946543,500,486.848925
-453.373128,500,488.601557
-260.018513,500,489.133719
-268.950981,500,489.593454
-486.334911,500,490.070729
-262.364309,500,491.860313
-277.943042,500,492.355363
-290.42403,500,492.818624
-396.805478,500,493.248063
-442.173441,500,494.324067
-268.905121,500,494.568161
-357.220183,500,494.741796
-420.490189,500,494.958893
-388.062526,500,495.858862
-207.152017,500,496.09806
-260.993702,500,496.296173
-451.475757,500,496.797435
-437.50648,500,498.559279
-404.268011,500,498.961004
-251.05124,500,499.465256
-482.145148,500,499.925243
-345.733867,500,501.665292
-212.214928,500,502.10451
-405.260068,500,502.606791
-362.664667,500,503.088511
-368.781388,500,504.800462
-187.000197,500,505.27535
-338.273072,500,505.692581
-506.59863,500,506.121263
-350.427547,500,508.029781
-487.719024,500,508.457469
-451.832096,500,508.90272
-249.867098,500,509.376025
-191.787791,500,511.184251
-306.917109,500,511.691013
-173.105083,500,512.188288
-391.705968,500,512.608457
-221.496103,500,514.29749
-250.385008,500,514.77219
-371.896365,500,515.224416
-166.697151,500,515.665081
-236.729624,500,516.049257
-394.809972,500,517.773692
-383.906672,500,518.238249
-328.505083,500,518.681994
-325.95724,500,519.115096
-274.197564,500,520.848459
-451.623342,500,521.203786
-195.290835,500,521.624182
-246.289015,500,522.087356
-163.955325,500,523.748691
-159.382811,500,524.269965
-203.75956,500,524.76219
-445.612888,500,525.162882
-277.353343,500,526.920735
-480.251282,500,527.306125
-243.179655,500,527.773841
-207.175504,500,528.227582
-160.648807,500,529.989214
-232.961245,500,530.422492
-341.521867,500,530.844233
-334.237174,500,531.318489
-356.619847,500,533.047358
-402.127219,500,533.577623
-292.744496,500,533.932865
-199.654686,500,534.378577
-364.659737,500,536.124122
-330.34206,500,536.560315
-241.891282,500,536.957056
-178.72109,500,537.43433
-350.404744,500,539.181414
-370.903148,500,539.634689
-243.316279,500,540.083848
-188.948554,500,540.548078
-324.100181,500,542.183686
-296.877,500,542.637783
-498.839353,500,543.065979
-443.316318,500,543.460229
-376.336839,500,545.205031
-181.108276,500,545.685229
-185.791067,500,546.13343
-511.442826,500,546.570578
-449.601208,500,548.203457
-395.647137,500,548.722255
-396.463928,500,549.186966
-194.801537,500,549.632215
-320.109003,500,550.071405
-478.993711,500,551.89434
-419.641911,500,552.356598
-331.532227,500,552.820421
-391.950136,500,553.259657
-359.901243,500,555.054666
-290.665788,500,555.486348
-239.118547,500,555.966115
-167.627875,500,556.414797
-397.342233,500,558.105924
-464.964817,500,558.500611
-155.76356,500,558.889273
-463.052517,500,559.338911
-391.872598,500,561.092149
-376.409945,500,561.536534
-364.156472,500,562.012181
-171.964198,500,562.479371
-158.307569,500,564.179536
-286.635456,500,564.626726
-297.752679,500,564.973458
-357.823593,500,565.422089
-375.101288,500,567.156055
-424.273838,500,567.606215
-359.641897,500,568.044414
-299.979517,500,568.580671
-419.667669,500,570.473045
-478.032783,500,570.944289
-255.404741,500,571.442529
-365.40189,500,571.836687
-177.163533,500,573.673045
-175.101481,500,574.063241
-460.769138,500,574.566438
-393.957445,500,574.995195
-329.932694,500,576.755048
-239.347013,500,577.227698
-458.428055,500,577.685909
-208.302057,500,578.219912
-502.960091,500,580.061692
-456.6499,500,580.534366
-405.445848,500,581.012531
-214.630899,500,581.421209
-348.521215,500,581.872436
-398.481348,500,583.629764
-327.587344,500,584.100995
-226.725795,500,584.610626
-326.304687,500,585.083873
-475.525844,500,586.83363
-376.546897,500,587.274881
-472.080269,500,587.671593
-312.03693,500,588.11372
-295.031949,500,589.934723
-240.07668,500,590.356999
-454.69528,500,590.796692
-371.257944,500,591.246384
-202.487614,500,593.032736
-282.147994,500,593.455965
-384.590573,500,593.947704
-301.656693,500,594.367947
-414.735803,500,596.099758
-305.96495,500,596.550419
-177.325498,500,597.032619
-383.614249,500,597.461906
-300.094209,500,599.349413
-189.688312,500,599.820149
-213.213319,500,600.337882
-318.298033,500,600.831058
-306.212854,500,602.673948
-282.399932,500,603.107094
-320.273886,500,603.569353
-388.987497,500,604.06262
-405.228103,500,605.807545
-242.304526,500,606.251266
-512.661482,500,606.639375
-223.605063,500,607.047047
-414.962572,500,608.737201
-261.012354,500,609.194447
-195.882719,500,609.63726
-244.201302,500,610.137513
-447.576096,500,611.842473
-502.474449,500,612.273663
-432.06652,500,612.654283
-337.380833,500,613.076449
-237.983173,500,613.567637
-389.982096,500,615.27684
-193.310376,500,615.692478
-277.385581,500,616.122622
-220.877228,500,616.628823
-168.623924,500,618.328523
-296.27367,500,618.729209
-186.749677,500,619.186414
-392.546105,500,619.717691
-503.55191,500,621.575453
-256.104566,500,622.026126
-207.377571,500,622.575888
-206.393904,500,623.054578
-223.742536,500,624.783387
-362.242908,500,625.189085
-169.181353,500,625.654933
-234.291079,500,626.151038
-351.756208,500,628.045419
-196.629117,500,628.525677
-326.969969,500,628.978145
-419.284634,500,629.471349
-404.826527,500,631.250244
-410.955815,500,631.682425
-230.975429,500,632.137543
-196.73342,500,632.550257
-311.917591,500,634.314457
-203.66139,500,634.756077
-146.817283,500,635.241275
-156.508818,500,635.71049
-265.959118,500,637.484389
-188.930333,500,637.923574
-244.265809,500,638.375822
-373.778299,500,638.845022
-249.629059,500,640.556785
-352.339327,500,640.890956
-192.363149,500,641.388919
-504.734461,500,641.87218
-224.006235,500,643.620542
-172.49208,500,644.064255
-197.208653,500,644.566332
-404.775519,500,644.994009
-326.675513,500,646.621544
-158.64266,500,647.101292
-183.405215,500,647.558506
-167.269712,500,648.036818
-156.211389,500,648.476465
-211.068665,500,650.22898
-220.124695,500,650.667166
-473.824908,500,651.124424
-280.552956,500,651.551135
-166.317185,500,653.264267
-182.874794,500,653.765044
-187.942184,500,654.266295
-416.412898,500,654.733567
-364.012816,500,656.551975
-196.875937,500,657.043236
-178.652033,500,657.490985
-197.426511,500,657.963262
-161.082581,500,659.691335
-320.398267,500,660.195616
-262.565947,500,660.641229
-152.376049,500,661.115909
-161.565283,500,662.975961
-424.159345,500,663.381598
-240.87031,500,663.8193
-431.941909,500,664.284519
-231.811243,500,665.978483
-211.99342,500,666.409148
-433.528385,500,666.844362
-240.393526,500,667.342674
-416.058725,500,668.968935
-196.124108,500,669.396649
-194.577526,500,669.831982
-333.803643,500,670.296233
-152.457524,500,672.016111
-546.969766,500,672.479373
-258.847876,500,672.916066
-250.45371,500,673.392319
-310.626557,500,674.99514
-445.611614,500,675.456357
-229.373381,500,675.908077
-328.399323,500,676.298835
-469.283987,500,678.048616
-164.877216,500,678.444324
-293.775134,500,678.877428
-204.644664,500,679.299969
-210.790211,500,679.697664
-269.708109,500,681.456419
-424.443624,500,681.939641
-409.233567,500,682.403905
-159.612764,500,682.786599
-248.180786,500,684.376536
-203.05182,500,684.809739
-346.13232,500,685.27792
-196.285816,500,685.756612
-192.777268,500,687.545631
-443.668209,500,687.973852
-222.6999,500,688.438463
-312.462123,500,688.967214
-264.844003,500,690.72448
-278.170784,500,691.152662
-190.92911,500,691.660912
-163.010932,500,692.131145
-184.161236,500,693.891616
-204.265572,500,694.389846
-172.935949,500,694.882071
-346.845995,500,695.366538
-159.386517,500,697.012078
-240.783925,500,697.390763
-481.471133,500,697.88202
-509.320784,500,698.248183
-483.478937,500,699.954658
-335.519665,500,700.35233
-409.383669,500,700.745036
-168.162582,500,701.189729
-524.123404,500,702.951084
-188.226789,500,703.425322
-188.183523,500,703.830963
-238.25971,500,704.378763
-229.978872,500,706.143956
-158.659953,500,706.568635
-431.960608,500,707.017864
-221.869461,500,707.480807
-154.169352,500,709.227487
-440.23212,500,709.666605
-316.795071,500,710.140831
-272.843283,500,710.689021
-333.836813,500,712.52038
-344.810446,500,713.003074
-405.864407,500,713.520736
-164.489465,500,714.000891
-403.850066,500,714.448499
-297.047232,500,716.254895
-306.424051,500,716.735137
-429.555623,500,717.160334
-374.460748,500,717.574997
-431.464906,500,719.366911
-152.84711,500,719.846127
-150.582401,500,720.323951
-380.765011,500,720.781366
-203.317986,500,722.61588
-497.377149,500,723.108091
-295.993457,500,723.557321
-305.49064,500,723.913519
-312.299106,500,725.696847
-344.357068,500,726.137082
-355.797214,500,726.603796
-387.992695,500,727.092813
-330.568419,500,728.944632
-518.525341,500,729.389297
-243.72652,500,729.819973
-241.046565,500,730.272219
-320.577026,500,732.047698
-342.247645,500,732.486392
-441.553004,500,732.907097
-353.550288,500,733.360339
-190.937023,500,735.117699
-154.500687,500,735.583925
-455.093118,500,736.029139
-254.438051,500,736.45983
-197.720356,500,738.194592
-229.483305,500,738.710867
-335.498821,500,739.187113
-285.735439,500,739.549806
-447.963258,500,741.221744
-144.466327,500,741.728477
-137.07046,500,742.180144
-386.513368,500,742.563853
-427.049564,500,744.283773
-210.970686,500,744.772024
-397.050425,500,745.139194
-241.878698,500,745.603906
-368.630589,500,746.054156
-310.618582,500,747.842738
-328.877965,500,748.337544
-416.269225,500,748.849798
-441.78596,500,749.333038
-405.939484,500,751.193129
-372.50647,500,751.648384
-317.237457,500,752.084063
-500.132582,500,752.491756
-192.059335,500,754.251019
-199.412819,500,754.695194
-216.233402,500,755.162403
-206.429923,500,755.643611
-444.744173,500,757.526153
-469.449251,500,758.055829
-170.227941,500,758.574025
-305.348581,500,759.039264
-372.287672,500,760.676001
-446.703524,500,760.944183
-247.966451,500,761.229259
-162.619395,500,761.418844
-348.741498,500,762.439278
-323.744164,500,762.603896
-227.362313,500,762.76953
-252.97248,500,762.973611
-132.808834,500,763.891021
-218.010892,500,764.153297
-245.429016,500,764.391871
-241.076681,500,764.636922
-216.863619,500,765.44619
-138.359864,500,765.697014
-457.859509,500,765.891613
-333.105206,500,766.118292
-237.624452,500,767.143079
-180.793197,500,767.395164
-332.17891,500,767.565228
-141.372235,500,767.789392
-153.406306,500,768.736883
-473.088988,500,768.948009
-162.457911,500,769.160092
-381.124468,500,769.40229
-223.890981,500,769.640393
-311.591776,500,770.564468
-245.979781,500,770.810051
-440.007677,500,771.016109
-281.54793,500,771.24928
-470.046113,500,772.899764
-176.867083,500,773.287395
-223.895515,500,773.705503
-180.796666,500,774.186202
-399.190057,500,775.967512
-223.380137,500,776.475703
-399.764219,500,777.008903
-415.830058,500,777.543117
-159.803239,500,779.697509
-410.373882,500,780.217595
-168.92141,500,780.758433
-306.51841,500,781.281662
-141.466128,500,783.224264
-335.379958,500,783.767563
-300.919199,500,784.243762
-240.17187,500,784.734762
-398.442824,500,786.741836
-315.525948,500,787.237067
-265.87712,500,787.775397
-418.356204,500,788.293605
-305.78976,500,790.097505
-404.921988,500,790.528124
-186.296977,500,791.02214
-332.967035,500,791.51638
-157.014766,500,793.426778
-288.140373,500,793.831509
-316.299847,500,794.3255
-449.750636,500,794.794705
-148.508855,500,796.565457
-284.879391,500,796.975936
-153.435632,500,797.41941
-244.975162,500,797.90026
-240.740764,500,799.67087
-225.069064,500,800.19108
-342.892683,500,800.549802
-152.410531,500,801.060656
-472.337314,500,802.871694
-428.545774,500,803.380481
-475.582449,500,803.89973
-362.20858,500,804.43196
-348.024505,500,804.852668
-311.10729,500,806.727978
-184.927367,500,807.207753
-425.897847,500,807.653446
-408.090701,500,808.18218
-207.336718,500,809.963432
-243.888373,500,810.429581
-305.016089,500,810.900803
-476.120915,500,811.40603
-405.820118,500,813.2374
-133.878217,500,813.723524
-173.822673,500,814.226653
-474.049838,500,814.724913
-360.008978,500,816.572101
-502.264223,500,817.096076
-298.279703,500,817.624009
-302.674547,500,818.101188
-508.283673,500,819.895381
-162.557963,500,820.384617
-415.29443,500,820.883791
-356.189989,500,821.352523
-296.741241,500,823.062812
-285.525032,500,823.475484
-284.095417,500,823.933672
-327.590594,500,824.386641
-435.082771,500,826.249001
-306.848866,500,826.832127
-381.342322,500,827.353391
-386.14099,500,827.865659
-175.824799,500,829.737227
-353.983815,500,830.220498
-244.012747,500,830.688247
-221.43581,500,831.207045
-319.17104,500,832.909533
-304.45192,500,833.437748
-219.69519,500,833.947537
-347.474747,500,834.430352
-369.786104,500,836.232846
-236.093613,500,836.654532
-376.349201,500,837.054208
-254.388656,500,837.495359
-371.485062,500,837.891557
-326.91401,500,839.733243
-155.078347,500,840.222502
-308.447897,500,840.689248
-287.098676,500,841.189453
-376.858839,500,842.988665
-255.414816,500,843.444928
-375.005264,500,843.914197
-325.99887,500,844.331907
-232.259618,500,846.120829
-257.243641,500,846.508506
-502.746946,500,846.912203
-223.981028,500,847.418813
-351.502928,500,849.219669
-257.241838,500,849.67526
-266.354303,500,850.169432
-229.556943,500,850.629632
-511.090911,500,852.325068
-529.108973,500,852.725235
-504.809125,500,853.222484
-339.450917,500,853.685073
-196.666337,500,855.38147
-252.426759,500,855.834698
-496.759626,500,856.343943
-380.056914,500,856.82723
-453.087558,500,858.57718
-495.256054,500,859.00985
-403.759727,500,859.474996
-183.169783,500,859.933251
-199.436006,500,861.659957
-151.011096,500,862.139281
-254.801617,500,862.577958
-306.611718,500,863.01561
-472.35295,500,864.791541
-225.369266,500,865.18072
-317.882508,500,865.673985
-189.506796,500,866.083693
-243.23996,500,867.097334
-511.496204,500,867.372494
-259.117935,500,867.589559
-315.199213,500,867.775641
-247.815807,500,868.769466
-287.742961,500,869.036807
-313.476612,500,869.29538
-384.565975,500,869.537019
-184.715165,500,869.800617
-336.254311,500,870.706987
-241.636772,500,871.056404
-159.781628,500,871.38771
-218.077475,500,871.650091
-222.520018,500,872.734543
-345.670031,500,872.966699
-257.971242,500,873.18932
-456.099322,500,873.427948
-441.354023,500,874.210858
-460.251566,500,874.367459
-203.483996,500,874.522003
-334.447118,500,874.748573
-393.973746,500,875.667005
-240.930824,500,875.887571
-316.904071,500,876.116634
-164.33004,500,876.359283
-245.786986,500,877.129664
-186.98135,500,877.306289
-382.951954,500,877.531397
-237.865346,500,877.768028
-425.462508,500,878.815942
-187.614986,500,879.039537
-173.692793,500,879.277596
-179.257282,500,879.529185
-393.736189,500,880.54924
-290.839675,500,880.772287
-393.23695,500,880.998891
-141.360102,500,881.220965
-223.133393,500,882.252557
-406.501039,500,882.496148
-517.607381,500,882.695214
-389.018848,500,882.858327
-374.871575,500,883.649982
-226.82373,500,883.816937
-208.420733,500,884.048545
-185.226042,500,884.205057
-150.51015,500,884.970238
-236.563232,500,885.204298
-170.301054,500,885.502435
-332.417823,500,885.750062
-248.101997,500,886.042805
-443.13809,500,887.141435
-372.4101,500,887.387098
-387.278532,500,887.641201
-362.694794,500,887.890391
-484.927698,500,888.791428
-361.318935,500,888.982043
-336.451871,500,889.197113
-397.358288,500,889.367756
-484.289108,500,890.299861
-310.037463,500,890.551497
-383.521022,500,890.801065
-466.117972,500,891.05669
-362.414251,500,892.041586
-172.206532,500,892.278171
-389.390488,500,892.450399
-178.518469,500,892.619679
-209.736096,500,893.510101
-236.364383,500,893.671194
-371.212836,500,893.932336
-227.533989,500,894.172961
-250.929826,500,895.131937
-189.127985,500,895.310215
-533.446412,500,895.48829
-339.605976,500,895.722366
-215.809762,500,897.023636
-352.644261,500,897.543576
-193.94543,500,897.821455
-307.859015,500,898.119049
-308.394247,500,899.554023
-161.423241,500,899.847246
-429.988549,500,900.291615
-299.972131,500,900.60476
-263.481269,500,901.941786
-204.619886,500,902.247398
-217.217173,500,902.500529
-262.036727,500,902.803541
-491.360186,500,903.856404
-289.741908,500,904.185033
-232.647617,500,904.481188
-242.693767,500,904.740885
-420.726721,500,905.779877
-232.078764,500,906.025528
-340.464675,500,906.248631
-476.178391,500,906.495344
-388.162746,500,906.734661
-291.298582,500,907.716801
-313.340263,500,907.948395
-237.876174,500,908.184018
-237.313452,500,908.501113
-205.114781,500,909.727748
-230.281184,500,910.0059
-452.961608,500,910.282546
-508.799917,500,910.549809
-143.944316,500,911.914927
-318.648142,500,912.300026
-283.756826,500,912.750632
-298.358836,500,913.189838
-171.431297,500,914.925094
-502.605382,500,915.383247
-359.039555,500,915.886097
-291.553839,500,916.364759
-315.794241,500,918.099554
-246.086722,500,918.574774
-240.383304,500,919.001422
-455.245939,500,919.463046
-232.755509,500,921.06131
-283.752859,500,921.482071
-252.692256,500,921.991219
-163.232351,500,922.473427
-392.369082,500,924.255636
-155.89296,500,924.751832
-329.56894,500,925.225545
-201.448855,500,925.738343
-324.151482,500,927.349362
-439.460119,500,927.781291
-449.982585,500,928.198501
-259.457243,500,928.640114
-229.342764,500,930.478657
-329.179297,500,930.955431
-203.900552,500,931.38962
-357.363948,500,931.931477
-286.930322,500,933.756937
-144.015054,500,934.214203
-380.757241,500,934.669911
-304.314517,500,935.082649
-166.693102,500,935.598442
-166.138458,500,937.404747
-172.664278,500,937.899029
-401.283628,500,938.34577
-362.883978,500,938.8165
-444.661698,500,940.586868
-471.322727,500,941.000545
-192.896276,500,941.407676
-310.663197,500,941.816905
-338.57172,500,943.57131
-400.584326,500,944.001027
-283.890673,500,944.490295
-450.874947,500,944.883006
-263.304219,500,946.610006
-430.265083,500,947.080728
-192.601824,500,947.529931
-160.048358,500,947.951657
-486.554598,500,949.849016
-168.431212,500,950.342028
-294.514617,500,950.805338
-162.667999,500,951.329535
-451.122194,500,953.095141
-340.661068,500,953.576247
-350.69832,500,954.045756
-141.037311,500,954.530868
-320.041541,500,956.375682
-278.566526,500,956.786879
-398.730945,500,957.225197
-442.759228,500,957.679924
-288.143484,500,959.501946
-282.342016,500,959.983104
-148.698521,500,960.462299
-236.023809,500,960.942413
-217.789996,500,962.751191
-205.809617,500,963.201858
-163.228568,500,963.651093
-404.639642,500,964.131357
-161.295891,500,965.91469
-176.874407,500,966.411068
-147.035604,500,966.897337
-157.349314,500,967.391476
-380.658923,500,967.796749
-443.950873,500,969.63536
-403.098543,500,970.10797
-469.821267,500,970.602166
-199.688071,500,971.058311
-204.193276,500,972.747468
-437.033419,500,973.164263
-171.046437,500,973.642499
-489.498716,500,974.103921
-516.862357,500,975.862385
-288.929111,500,976.20799
-197.59738,500,976.609644
-487.181323,500,977.052893
-256.616148,500,978.878726
-350.320814,500,979.277908
-463.7775,500,979.733133
-254.193518,500,980.222832
-385.781386,500,981.974406
-313.977513,500,982.412162
-364.863834,500,982.853398
-387.525965,500,983.309073
-330.077979,500,984.986433
-218.066743,500,985.313996
-266.463508,500,985.692675
-356.128086,500,986.130337
-324.574087,500,987.858016
-188.282225,500,988.313017
-311.614945,500,988.787261
-402.581804,500,989.251519
-170.655982,500,991.0307
-301.962467,500,991.450898
-294.239756,500,991.849036
-338.13417,500,992.243747
-483.432175,500,993.926065
-426.320831,500,994.36932
-236.125579,500,994.785467
-326.322709,500,995.240721
-352.974616,500,997.022006
-326.438019,500,997.44427
-355.235985,500,997.875989
-380.691928,500,998.277139
-378.333084,500,1000.086422
-263.285668,500,1000.539124
-260.08594,500,1000.9733
-259.123125,500,1001.447509
-397.152723,500,1001.904156
-299.21788,500,1003.623484
-366.588077,500,1004.051266
-276.344795,500,1004.424433
-360.645813,500,1004.834622
-398.89379,500,1006.579992
-475.904726,500,1006.945162
-387.37977,500,1007.350129
-416.30652,500,1007.76138
-308.468031,500,1009.575132
-220.986064,500,1010.01151
-393.576445,500,1010.426188
-465.255653,500,1010.870409
-293.357985,500,1012.571578
-234.270504,500,1013.01127
-367.920922,500,1013.42594
-412.70116,500,1013.917175
-401.096974,500,1015.57601
-233.317344,500,1016.018654
-305.446354,500,1016.418808
-338.610098,500,1016.898132
-324.23681,500,1018.718527
-443.572101,500,1019.183712
-249.341258,500,1019.618944
-190.372566,500,1020.104152
-455.906003,500,1021.88814
-347.471484,500,1022.363868
-371.253243,500,1022.782497
-427.980289,500,1023.224215
-237.568471,500,1024.932467
-441.710208,500,1025.373711
-358.680706,500,1025.782868
-418.988798,500,1026.198569
-149.348417,500,1027.932081
-236.001843,500,1028.338247
-301.823672,500,1028.701644
-445.171487,500,1029.026821
-403.218261,500,1030.785966
-466.048656,500,1031.223557
-269.649555,500,1031.638252
-434.935334,500,1032.050914
-452.468457,500,1032.425581
-162.540874,500,1034.099257
-323.506023,500,1034.469393
-313.879478,500,1034.878626
-496.282224,500,1035.321681
-387.511074,500,1036.957378
-481.969411,500,1037.339511
-424.246298,500,1037.782446
-219.114461,500,1038.142546
-434.10711,500,1039.827132
-344.477741,500,1040.2408
-360.646507,500,1040.652555
-161.90765,500,1041.127811
-191.898814,500,1042.914321
-362.669881,500,1043.35907
-309.954158,500,1043.779835
-386.48342,500,1044.244065
-375.503396,500,1045.953816
-432.274269,500,1046.301922
-428.56179,500,1046.709967
-460.693489,500,1047.175624
-477.734363,500,1048.992594
-273.482318,500,1049.480295
-289.567671,500,1049.954559
-496.276109,500,1050.435366
-202.43364,500,1052.166491
-311.98849,500,1052.595388
-209.13934,500,1053.035818
-319.331612,500,1053.511993
-260.074773,500,1055.140269
-307.95896,500,1055.596514
-327.8534,500,1056.026173
-353.017314,500,1056.469853
-440.244017,500,1058.184505
-250.911466,500,1058.626718
-213.781543,500,1059.099928
-194.785283,500,1059.545577
-351.96904,500,1061.300891
-452.418908,500,1061.747511
-419.905607,500,1062.161121
-286.199881,500,1062.602343
-266.913509,500,1064.315926
-410.804444,500,1064.762712
-381.571086,500,1065.170433
-156.797724,500,1065.646629
-384.079669,500,1066.062976
-177.051146,500,1067.760605
-254.1453,500,1068.165288
-258.894646,500,1068.576679
-416.044737,500,1069.07735
-356.873642,500,1070.865146
-163.153839,500,1071.241857
-443.996731,500,1071.717038
-345.699687,500,1072.201266
-455.094551,500,1073.951665
-370.8244,500,1074.400394
-455.843206,500,1074.868073
-458.4502,500,1075.304294
-454.4926,500,1076.903229
-270.656498,500,1077.299376
-348.234252,500,1077.739673
-173.675114,500,1078.263948
-293.046917,500,1080.052636
-251.254575,500,1080.484706
-231.862472,500,1080.932965
-204.97974,500,1081.404306
-377.271566,500,1083.062916
-241.046626,500,1083.529147
-232.741743,500,1083.965793
-446.496035,500,1084.451833
-303.169268,500,1086.109898
-290.40219,500,1086.5056
-232.533043,500,1086.967817
-217.358259,500,1087.437083
-475.222255,500,1089.224587
-150.813541,500,1089.658297
-424.236752,500,1090.080261
-412.022301,500,1090.476004
-290.900799,500,1092.1899
-485.372251,500,1092.614628
-280.955827,500,1093.068865
-317.972778,500,1093.571214
-376.668986,500,1095.333892
-287.941363,500,1095.798537
-411.876878,500,1096.195233
-352.348113,500,1096.655458
-468.756708,500,1097.120866
-213.638387,500,1098.84567
-177.687473,500,1099.28305
-455.731677,500,1099.744249
-195.659151,500,1100.269556
-255.850459,500,1102.035352
-397.1066,500,1102.479074
-493.642234,500,1102.876214
-432.233893,500,1103.326931
-316.989371,500,1105.091707
-472.764329,500,1105.556933
-462.463345,500,1106.049778
-219.755938,500,1106.543744
-284.153604,500,1108.180111
-435.320969,500,1108.619845
-418.699285,500,1109.142184
-332.815168,500,1109.619835
-372.446202,500,1111.447125
-243.308351,500,1111.898295
-279.158548,500,1112.363637
-306.153821,500,1112.799351
-418.478878,500,1114.534699
-220.98277,500,1114.98693
-149.946652,500,1115.440639
-468.358823,500,1115.925818
-457.943164,500,1117.723003
-320.64631,500,1118.226322
-398.297725,500,1118.725329
-399.493538,500,1119.188684
-438.758609,500,1120.872518
-352.828523,500,1121.297957
-234.524169,500,1121.795096
-198.26188,500,1122.24572
-348.912773,500,1124.046819
-431.30825,500,1124.51403
-224.826899,500,1124.94772
-283.908898,500,1125.395852
-247.764165,500,1127.105119
-308.015163,500,1127.583322
-370.762007,500,1128.123518
-452.325027,500,1128.581801
-290.931603,500,1128.990492
-252.429447,500,1130.728081
-433.595972,500,1131.164783
-376.162393,500,1131.583962
-404.553318,500,1132.002625
-340.348283,500,1133.795333
-389.02901,500,1134.285088
-366.590391,500,1134.742621
-309.824852,500,1135.14331
-211.667204,500,1136.827133
-303.084659,500,1137.2778
-292.450261,500,1137.717038
-198.105208,500,1138.087759
-412.412936,500,1139.912234
-404.258578,500,1140.393354
-284.079368,500,1140.868634
-446.510362,500,1141.319835
-408.220527,500,1143.03214
-261.050595,500,1143.518413
-184.760633,500,1143.942134
-311.223061,500,1144.386834
-341.050835,500,1146.129922
-343.50619,500,1146.55557
-183.344624,500,1146.95116
-156.404599,500,1147.413903
-368.13008,500,1149.060651
-359.444602,500,1149.507421
-464.037846,500,1149.914517
-444.97145,500,1150.385193
-274.02865,500,1152.209905
-257.545387,500,1152.794213
-380.635073,500,1153.237442
-180.075892,500,1153.746689
-328.044234,500,1155.559496
-434.981383,500,1156.08369
-421.473007,500,1156.558069
-313.632919,500,1157.045457
-305.843108,500,1158.759881
-188.862758,500,1159.261101
-330.026579,500,1159.701398
-313.255537,500,1160.049518
-193.33548,500,1161.822754
-441.295808,500,1162.229444
-356.10961,500,1162.687112
-283.592449,500,1163.109356
-340.351516,500,1163.524999
-359.928105,500,1165.256407
-368.112618,500,1165.699079
-281.033039,500,1166.151263
-420.423351,500,1166.608998
-318.590576,500,1168.384176
-168.787968,500,1168.826409
-357.100299,500,1169.317637
-229.980288,500,1169.793362
-353.045514,500,1171.576723
-336.38403,500,1172.03751
-380.138709,500,1172.496241
-310.129154,500,1172.905409
-259.706677,500,1174.569172
-483.69543,500,1175.050346
-371.692958,500,1175.521324
-385.468363,500,1175.961013
-178.03119,500,1177.749059
-199.974196,500,1178.242305
-299.35795,500,1178.705942
-384.621713,500,1179.176786
-243.417317,500,1180.925289
-266.157015,500,1181.358076
-370.950113,500,1181.778791
-254.635164,500,1182.18743
-279.101339,500,1183.907346
-334.473319,500,1184.362547
-345.228861,500,1184.816003
-298.405725,500,1185.251773
-351.805572,500,1186.962542
-515.515354,500,1187.370354
-256.157094,500,1187.82902
-337.82441,500,1188.28413
-217.21116,500,1189.98639
-324.922739,500,1190.406548
-263.259318,500,1190.799165
-158.602255,500,1191.223914
-295.220554,500,1193.029647
-442.153496,500,1193.445299
-332.06127,500,1193.897539
-416.212723,500,1194.369791
-247.669619,500,1194.873047
-215.061519,500,1196.537825
-257.44961,500,1197.001989
-351.181867,500,1197.468206
-357.460814,500,1197.948931
-183.33425,500,1199.667649
-290.901169,500,1200.140456
-290.677029,500,1200.633685
-179.304627,500,1201.092916
-264.573828,500,1202.832357
-197.045006,500,1203.277563
-424.236074,500,1203.67326
-182.199685,500,1204.1553
-341.734612,500,1205.970185
-282.327376,500,1206.434364
-405.028201,500,1206.883609
-258.966776,500,1207.327362
-460.573283,500,1209.003287
-481.941172,500,1209.423419
-446.543,500,1209.910614
-171.563003,500,1210.396781
-325.670059,500,1212.188534
-184.273935,500,1212.637249
-457.408179,500,1213.036943
-275.643427,500,1213.464239
-440.490165,500,1215.151497
-307.865368,500,1215.55914
-335.173505,500,1215.962885
-239.935593,500,1216.423055
-302.945699,500,1218.052864
-224.777365,500,1218.493084
-362.646206,500,1218.923253
-364.593241,500,1219.384501
-496.042195,500,1221.10239
-435.166388,500,1221.465454
-230.250166,500,1221.877147
-324.971079,500,1222.36386
-284.38825,500,1224.166681
-339.654002,500,1224.609882
-246.043552,500,1225.020578
-412.829682,500,1225.381809
-254.649078,500,1227.03163
-349.034945,500,1227.482836
-272.119379,500,1227.949005
-219.095525,500,1228.432216
-327.972823,500,1228.935458
-153.196712,500,1230.697728
-209.263902,500,1231.178509
-424.535095,500,1231.607687
-277.693297,500,1232.083076
-461.632041,500,1233.750818
-292.778897,500,1234.177527
-186.492915,500,1234.62275
-271.038114,500,1235.051021
-371.167856,500,1236.740337
-308.437857,500,1237.171089
-315.089402,500,1237.558266
-232.99882,500,1238.008193
-285.340198,500,1239.645384
-240.52737,500,1240.131323
-477.570849,500,1240.603561
-254.004736,500,1241.087967
-259.432998,500,1242.675044
-267.953619,500,1243.062644
-244.200066,500,1243.424842
-326.667472,500,1243.864045
-357.229057,500,1245.659814
-473.948693,500,1246.126383
-472.447226,500,1246.619626
-378.042181,500,1247.078307
-464.156244,500,1248.71816
-347.66952,500,1249.12089
-385.440251,500,1249.521603
-399.356969,500,1249.957767
-178.388396,500,1251.660816
-246.913229,500,1252.157336
-240.318114,500,1252.578146
-157.306619,500,1253.061338
-271.600627,500,1254.812089
-268.362982,500,1255.289611
-265.858718,500,1255.739807
-425.43427,500,1256.201491
-168.498264,500,1257.932272
-210.471411,500,1258.402489
-246.478204,500,1258.917723
-449.744861,500,1259.426981
-197.954451,500,1259.899679
-228.3153,500,1261.735088
-228.002421,500,1262.11176
-253.773055,500,1262.555972
-167.377433,500,1263.002681
-396.639367,500,1264.738473
-258.702962,500,1265.164716
-342.396808,500,1265.628403
-233.099201,500,1266.079589
-192.968202,500,1267.822193
-337.275719,500,1268.248428
-165.312733,500,1268.676152
-184.802859,500,1269.157325
-245.136379,500,1270.881954
-306.108143,500,1271.34471
-218.083442,500,1271.814969
-158.779766,500,1272.282119
-335.931031,500,1273.988574
-222.196553,500,1274.441726
-359.916949,500,1274.835908
-454.538974,500,1275.252605
-491.161398,500,1276.948006
-429.171897,500,1277.341345
-461.233307,500,1277.699711
-366.383437,500,1278.169843
-280.60253,500,1279.963604
-317.195702,500,1280.421809
-227.996871,500,1280.883975
-312.392174,500,1281.318642
-167.963947,500,1283.011018
-181.482506,500,1283.467169
-226.061859,500,1283.975946
-411.642826,500,1284.426212
-172.946403,500,1286.269076
-170.104149,500,1286.640745
-324.001066,500,1287.038389
-193.796726,500,1287.559642
-183.805381,500,1289.333885
-392.511705,500,1289.801104
-179.532088,500,1290.322363
-168.40882,500,1290.781727
-301.171522,500,1292.350883
-433.671155,500,1292.819953
-441.623747,500,1293.258644
-142.575419,500,1293.711881
-225.33103,500,1294.165583
-393.597699,500,1295.881655
-275.068068,500,1296.303647
-409.514766,500,1296.649806
-432.836466,500,1297.0525
-166.00214,500,1298.693814
-478.196926,500,1299.127021
-340.213227,500,1299.527707
-150.374719,500,1299.980538
-142.495945,500,1301.74997
-202.28975,500,1302.147643
-151.377977,500,1302.61087
-200.181722,500,1303.133166
-231.04346,500,1304.816611
-328.507461,500,1305.244305
-148.341024,500,1305.671934
-451.745947,500,1306.099592
-287.612282,500,1307.846588
-332.249015,500,1308.262254
-409.507673,500,1308.724536
-197.927795,500,1309.198267
-403.581236,500,1310.962378
-332.189454,500,1311.414059
-179.069251,500,1311.930809
-406.69787,500,1312.381483
-247.893649,500,1313.976882
-493.948641,500,1314.37245
-422.548186,500,1314.792147
-178.978128,500,1315.314403
-323.246691,500,1316.94492
-376.290325,500,1317.417644
-334.495596,500,1317.80935
-378.842381,500,1318.226103
-242.945619,500,1320.009804
-264.174287,500,1320.489481
-352.284914,500,1320.900155
-525.309457,500,1321.300794
-264.950912,500,1322.935153
-378.79325,500,1323.391384
-286.909761,500,1323.82462
-335.532419,500,1324.306875
-415.964586,500,1324.804149
-145.44558,500,1326.496105
-216.424334,500,1326.938326
-213.219579,500,1327.381075
-478.934824,500,1327.826789
-286.041602,500,1329.622696
-325.631544,500,1329.979816
-419.276009,500,1330.410505
-319.063859,500,1330.831986
-351.544943,500,1332.532052
-434.618351,500,1332.967726
-330.921948,500,1333.414427
-367.43902,500,1333.845833
-325.466113,500,1335.641695
-346.590602,500,1336.097929
-167.166132,500,1336.592204
-261.72659,500,1337.062453
-331.613573,500,1338.733375
-236.607746,500,1339.188618
-157.897764,500,1339.704863
-239.214845,500,1340.181771
-385.335443,500,1341.772632
-323.975238,500,1342.177366
-231.568558,500,1342.596621
-426.766825,500,1343.040313
-404.175364,500,1344.705232
-437.656793,500,1345.157901
-259.222993,500,1345.597581
-304.983174,500,1346.03927
-163.640889,500,1347.75552
-238.679344,500,1348.206705
-196.7219,500,1348.668403
-178.679655,500,1349.15163
-218.995393,500,1350.948233
-179.5025,500,1351.412447
-177.127688,500,1351.79173
-157.069058,500,1352.228933
-419.528744,500,1353.967963
-224.669974,500,1354.419244
-156.819551,500,1354.894005
-219.641874,500,1355.380267
-257.690579,500,1355.849558
-204.541131,500,1357.499953
-314.552184,500,1357.949227
-287.646836,500,1358.421485
-243.075296,500,1358.886149
-437.59091,500,1360.590347
-490.104668,500,1361.02909
-243.134678,500,1361.513317
-142.259067,500,1361.984063
-239.495691,500,1363.693449
-130.655962,500,1364.10618
-233.463495,500,1364.573341
-473.097425,500,1365.008522
-320.79069,500,1366.715663
-136.688515,500,1367.186829
-182.141208,500,1367.715047
-201.601787,500,1368.195275
-360.63414,500,1369.910933
-346.940751,500,1370.326626
-203.37254,500,1370.750797
-471.552508,500,1371.214473
-154.169015,500,1372.899453
-241.886695,500,1373.424664
-165.547194,500,1373.921877
-231.800105,500,1374.362733
-416.611759,500,1376.03591
-146.400908,500,1376.51405
-362.098136,500,1376.949317
-144.539368,500,1377.436993
-260.616022,500,1379.177032
-441.052222,500,1379.653263
-239.704433,500,1380.137005
-181.681745,500,1380.611243
-156.336411,500,1382.393514
-323.895593,500,1382.869709
-349.816365,500,1383.328889
-127.578795,500,1383.807015
-330.577142,500,1385.669234
-190.046109,500,1386.167094
-159.30238,500,1386.595757
-138.065737,500,1387.116063
-183.700419,500,1388.810746
-224.082097,500,1389.247489
-155.431868,500,1389.743696
-417.441388,500,1390.237929
-144.254405,500,1390.688199
-309.248712,500,1392.404071
-186.158297,500,1392.81668
-319.024142,500,1393.25335
-225.676522,500,1393.747021
-296.976754,500,1395.338877
-203.498209,500,1395.779124
-509.934287,500,1396.166299
-163.116972,500,1396.638443
-307.220505,500,1398.361668
-208.408124,500,1398.778834
-224.675419,500,1399.254263
-321.36643,500,1399.685476
-142.14091,500,1401.41198
-395.027359,500,1401.78967
-448.885989,500,1402.212299
-145.737464,500,1402.677992
-360.306828,500,1404.288556
-162.177731,500,1404.76085
-346.919144,500,1405.236121
-171.090773,500,1405.676739
-504.453559,500,1407.381601
-137.932172,500,1407.798845
-136.83416,500,1408.282562
-234.271929,500,1408.707783
-470.928639,500,1410.47916
-523.621482,500,1410.955425
-291.428466,500,1411.464645
-321.705791,500,1411.975876
-188.045826,500,1413.727882
-256.596516,500,1414.175587
-184.497113,500,1414.62342
-188.31867,500,1415.092148
-233.950081,500,1416.882143
-420.796924,500,1417.290803
-284.449575,500,1417.69747
-342.084099,500,1418.109679
-227.713582,500,1419.859735
-198.882617,500,1420.265751
-378.878575,500,1420.599921
-345.349087,500,1421.038633
-351.11526,500,1421.466372
-333.870869,500,1423.161355
-437.191984,500,1423.589061
-266.192827,500,1424.023773
-223.833061,500,1424.454959
-277.447131,500,1426.192025
-288.227732,500,1426.601732
-141.900884,500,1426.974826
-294.347437,500,1427.385586
-166.926414,500,1429.159514
-153.81775,500,1429.59421
-218.229999,500,1430.021381
-197.200314,500,1430.369784
-395.638501,500,1432.098838
-216.452347,500,1432.580067
-222.011424,500,1432.993243
-169.027017,500,1433.469438
-154.215251,500,1435.26057
-312.433589,500,1435.761827
-210.151261,500,1436.230498
-181.957169,500,1436.687717
-222.255892,500,1438.510644
-226.921757,500,1439.070331
-200.361208,500,1439.614121
-237.496479,500,1440.143878
-303.303883,500,1442.088367
-200.521123,500,1442.660154
-368.553949,500,1443.20439
-213.049598,500,1443.723639
-374.09227,500,1445.66677
-247.899595,500,1446.239026
-161.904177,500,1446.773865
-309.795872,500,1447.231571
-190.480012,500,1449.040904
-201.66063,500,1449.529106
-212.155775,500,1450.018326
-346.445351,500,1450.471598
-372.203195,500,1452.233811
-154.766051,500,1452.718074
-231.861826,500,1453.169344
-277.748831,500,1453.54194
-194.856994,500,1455.275288
-264.908405,500,1455.672997
-454.244473,500,1456.062176
-417.248625,500,1456.421321
-317.740296,500,1456.87553
-232.734253,500,1458.6249
-340.351945,500,1459.082114
-306.896744,500,1459.521295
-240.355683,500,1459.954045
-181.478658,500,1461.617899
-455.738093,500,1462.060055
-342.399655,500,1462.487277
-461.326098,500,1462.891991
-160.134058,500,1464.572037
-211.750375,500,1464.97479
-286.605099,500,1465.350104
-170.934037,500,1465.813341
-295.256745,500,1467.433955
-302.939262,500,1467.88969
-187.224829,500,1468.357386
-334.663028,500,1468.799599
-309.538599,500,1470.519431
-165.079744,500,1471.013625
-148.000504,500,1471.425345
-473.475441,500,1471.862058
-352.288753,500,1473.570747
-434.967023,500,1473.966495
-136.596975,500,1474.316149
-350.607269,500,1474.751842
-345.624188,500,1476.42243
-367.223038,500,1476.83411
-185.936462,500,1477.248787
-385.815301,500,1477.696465
-156.486478,500,1479.420576
-222.721595,500,1479.814275
-362.306722,500,1480.280942
-318.2966,500,1480.763238
-240.540406,500,1482.384048
-315.099569,500,1482.746784
-323.160623,500,1483.176488
-312.1512,500,1483.593168
48
-268.246507,500,1528.689727
-381.138344,500,1529.096919
-306.155402,500,1529.554609
-398.056811,500,1530.026803
