#{"t_start": 1774309682.3706279, "env_id": "Hopper-Mass-Uni-50-v0"}
r,l,t
2.570289,27,0.047251
6.76841,10,0.058794
8.942046,22,0.081379
7.841745,11,0.092947
1.954991,18,0.114058
8.140786,17,0.133129
21.867005,28,0.163292
29.113483,30,0.194932
14.258278,23,0.219027
10.7975,20,0.239625
33.053906,30,0.26526
21.24621,20,0.28635
6.649301,12,0.299891
6.621524,14,0.313973
11.941845,14,0.323517
9.114079,16,0.339592
11.313414,27,0.364224
22.210039,34,0.399572
3.734267,9,0.409104
7.622647,14,0.425163
77.157427,67,0.473405
58.936572,39,0.504059
7.765148,19,0.5176
5.342426,10,0.523133
22.981507,24,0.537689
7.699255,15,0.546756
7.298265,15,0.55631
15.790113,17,0.569846
18.29299,29,0.593479
9.408497,15,0.60603
17.684179,21,0.628046
4.062013,10,0.637583
33.978517,30,0.667744
10.079635,16,0.684829
7.751949,20,0.704923
11.152986,15,0.714465
7.98016,14,0.725005
6.713284,13,0.73757
8.638889,12,0.749132
9.555499,23,0.771653
9.80289,13,0.785183
10.247903,14,0.795723
6.13409,19,0.814809
42.319475,32,0.846969
9.281704,22,0.86406
4.017227,12,0.871573
6.438448,13,0.885102
4.3547,9,0.891101
13.135994,18,0.90713
22.559125,28,0.926218
5.437546,13,0.938293
38.830048,29,0.965929
14.824909,16,0.97847
36.627771,32,1.005103
13.407247,25,1.030184
4.565283,18,1.049603
8.173916,13,1.062675
7.210536,11,1.072224
4.967104,11,1.079241
22.591694,25,1.095333
39.426578,36,1.128968
14.324496,24,1.151088
13.599566,16,1.163646
106.832126,71,1.222893
6.729496,11,1.232919
38.43645,30,1.2614
23.084622,23,1.284173
7.893939,11,1.293715
22.792448,24,1.315795
5.228386,9,1.325346
9.460521,20,1.346968
6.14075,10,1.357508
17.305128,29,1.385125
4.03454,9,1.392656
5.987283,30,1.417756
9.678321,15,1.432826
4.901492,13,1.444914
15.02237,18,1.458457
5.777507,10,1.468996
4.617303,16,1.479533
15.259109,28,1.503111
5.115599,14,1.512649
8.132168,14,1.521174
37.512362,55,1.572383
8.817674,15,1.585942
15.318824,23,1.599481
13.680486,22,1.612551
3.822131,10,1.62108
7.679361,13,1.634657
10.519839,24,1.653255
151.078385,85,1.722064
52.791968,41,1.750226
6.059176,11,1.756733
6.232862,9,1.762276
22.786819,23,1.776834
20.179536,25,1.802401
82.682328,60,3.047648
5.132001,9,3.055762
3.985662,8,3.063305
12.366173,20,3.081359
22.845064,23,3.101442
6.280189,9,3.106475
7.590145,15,3.11902
31.660135,44,3.163266
46.853076,33,3.193909
30.274909,31,3.229531
179.906379,99,3.324951
7.642978,18,3.339499
13.25731,15,3.351554
7.424051,14,3.360081
7.967407,16,3.375166
119.859018,74,3.435372
23.405482,22,3.457007
8.262427,18,3.474048
67.399413,43,3.516197
90.599098,50,3.568434
12.679837,14,3.578976
9.747369,12,3.589517
22.291618,23,3.603606
13.611226,15,3.615153
19.200726,22,3.638238
8.010684,11,3.648776
10.431919,29,3.677919
12.576298,30,3.707541
10.614566,18,3.727613
8.656941,14,3.742243
30.07241,24,3.759289
8.741194,20,3.78114
89.983827,71,3.849942
39.459597,52,3.893166
20.214087,23,3.915264
4.588087,11,3.924807
7.606963,11,3.93532
20.564893,19,3.951373
12.961167,14,3.964453
12.203656,18,3.982514
75.691846,57,4.031137
10.769916,15,4.047712
6.929583,12,4.056767
18.92576,21,4.078868
22.580106,20,4.096955
17.89259,19,4.114043
7.967514,11,4.123547
8.545371,11,4.134054
22.260592,37,4.163187
4.214029,10,4.173748
9.101395,12,4.18629
6.06851,10,4.19583
3.934024,9,4.20538
12.142042,18,4.223464
34.415792,26,4.248554
10.712963,15,4.262141
25.175551,40,4.296755
18.06908,20,4.316847
43.879978,42,4.357553
6.702971,11,4.368099
18.827988,18,4.387173
7.464609,14,4.396681
59.3057,39,4.431767
110.905167,74,4.49001
22.682008,23,4.510091
5.133753,9,4.518629
83.920796,48,4.551252
11.252392,17,4.56182
58.486373,39,4.592465
78.754008,51,4.635666
12.770993,14,4.652679
5.898385,10,4.663754
50.740615,38,4.706942
28.771871,31,4.73831
21.619491,20,4.755911
7.319344,22,4.770454
11.143791,14,4.778995
26.964063,25,4.799107
85.680535,57,4.848794
15.882793,21,6.133309
76.143021,48,6.179948
17.984054,20,6.200033
10.989267,14,6.209569
62.663763,39,6.246254
15.820614,20,6.260301
56.181603,32,6.293417
25.268195,22,6.318506
7.807148,11,6.329009
140.281541,83,6.405817
213.461248,120,6.516335
15.216012,22,6.534413
22.758643,20,6.549953
73.957966,58,6.604752
21.615723,21,6.623805
88.921749,60,6.671947
80.991042,52,6.719907
13.185312,18,6.729454
39.315307,38,6.762623
65.120747,37,6.803802
15.208947,16,6.820324
70.558316,42,6.864549
116.681722,68,6.928826
24.702386,25,6.952374
114.385357,61,7.002515
11.036576,13,7.014565
17.717444,20,7.030115
57.380275,31,7.058267
51.904031,33,7.080338
5.986951,9,7.087886
105.123337,59,7.144146
22.9388,24,7.168709
159.734587,85,7.235978
10.732261,28,7.262101
67.956464,41,7.303288
30.623363,26,7.330394
212.977612,121,7.451323
4.670501,14,7.463903
12.744543,17,7.478446
9.584902,17,7.488983
8.026599,11,7.496495
163.757462,101,7.576385
81.035666,52,7.625101
57.267772,44,7.667799
82.683754,50,7.712514
9.927246,20,7.731576
38.067302,35,7.768231
41.361031,34,7.801311
55.07882,32,7.833948
53.199108,33,7.85956
27.501139,26,7.885192
30.34708,48,7.925358
18.009793,18,7.944445
128.88695,82,9.158828
113.262459,60,9.21578
35.650632,34,9.249917
6.187699,36,9.286611
203.597614,107,9.381335
73.672752,47,9.417996
84.943983,48,9.455153
112.539877,71,9.507404
133.238373,68,9.573678
93.990194,57,9.619866
54.699574,35,9.64248
30.005888,30,9.667107
71.904327,45,9.701259
8.887144,23,9.725323
99.047471,63,9.781544
56.239142,40,9.811185
111.907383,61,9.863454
141.124419,79,9.943806
19.80542,21,9.958859
10.250031,16,9.976953
92.012133,51,10.022612
135.521508,67,10.071599
90.116758,68,10.137895
87.093278,47,10.185059
209.077003,130,10.305541
107.09346,64,10.35708
49.728781,38,10.395895
22.997445,20,10.418574
13.158939,17,10.429118
198.950281,109,10.506937
139.913977,95,10.594243
17.31513,17,10.607775
81.243695,46,10.648487
58.613024,33,10.679638
112.796342,88,10.759756
17.853769,20,10.774845
78.883287,84,10.851585
37.875968,39,10.884291
15.966458,25,10.910382
92.780614,82,12.156743
80.775726,46,12.203466
62.910269,37,12.24406
84.515744,50,12.297305
107.234459,57,12.346956
30.035985,26,12.369582
55.235684,33,12.402748
76.438576,52,12.454484
213.70606,112,12.56384
124.920736,65,12.619458
144.749812,77,12.686754
30.847503,25,12.702832
67.24492,39,12.724942
55.688418,32,12.748557
105.69766,59,12.798754
60.191657,37,12.824369
86.994557,59,12.866073
59.188674,35,12.897701
179.048399,86,12.964964
137.406514,77,13.029218
62.527739,38,13.060926
85.621064,46,13.106615
120.727997,65,13.174857
111.997423,69,13.227567
161.178658,84,13.297411
82.353501,48,13.329038
94.802732,54,13.374188
91.773348,56,13.425819
100.413057,54,13.473972
81.758666,46,13.523382
130.340571,72,13.593729
119.754741,60,13.649452
74.120884,43,13.689142
205.645594,125,13.805749
187.581864,102,13.900112
97.198383,58,15.17001
60.557972,36,15.19958
183.619305,99,15.285034
67.138063,42,15.327199
26.958499,21,15.348287
91.072594,51,15.397467
115.660131,64,15.457111
39.110023,33,15.481739
135.969012,78,15.547554
96.575194,58,15.593788
171.885814,86,15.664027
221.753821,130,15.789578
33.963237,29,15.819192
86.406491,50,15.857884
125.732026,75,15.90616
158.113129,83,15.97891
137.382144,78,16.042639
96.934065,60,16.099883
79.481201,42,16.146607
219.557812,112,16.245086
67.167863,46,16.283801
80.608259,49,16.329889
153.222409,77,16.391592
143.515567,79,16.456895
127.878089,64,16.515176
87.71458,57,16.565408
103.755718,58,16.621628
191.632834,108,16.721576
274.739944,136,16.850203
236.177986,113,18.116157
88.47225,53,18.162029
142.404691,70,18.228847
222.212203,109,18.332861
121.811452,67,18.394597
170.805276,92,18.485013
177.665164,92,18.586937
116.891124,81,18.680204
235.654766,126,18.825011
83.942865,61,18.885266
64.575564,45,18.922398
79.543868,44,18.967086
181.424916,97,19.049408
122.164635,67,19.119726
119.939755,62,19.175047
198.664577,111,19.255389
101.456348,55,19.289552
266.531914,139,19.402143
118.279144,69,19.446913
208.648442,136,19.571504
149.987688,74,19.623733
175.761718,143,19.726662
85.292999,54,19.75833
164.925882,88,19.82211
243.033534,120,21.110795
221.188444,105,21.207762
247.416422,112,21.287856
202.714859,104,21.387722
138.94456,69,21.460044
119.275909,65,21.506737
129.436824,73,21.555429
203.832381,101,21.641828
216.526343,111,21.740226
172.362778,100,21.848125
137.60002,83,21.928017
244.936672,121,22.037538
192.832825,104,22.137519
166.227339,85,22.210875
240.561257,114,22.300285
66.003044,41,22.334379
55.085318,34,22.368538
186.689288,105,22.476048
202.448572,98,22.569494
233.96178,110,22.667465
43.685092,27,22.683542
161.98455,96,22.750565
234.585646,111,22.850511
230.60776,126,24.244445
222.100517,111,24.366067
155.848299,79,24.438421
210.538582,111,24.520294
270.852205,144,24.655302
147.401845,76,24.730654
281.666867,135,24.833301
246.885042,116,24.942799
163.082893,84,25.023417
200.198059,104,25.126478
187.068081,95,25.19776
156.786986,83,25.27914
131.424036,77,25.330835
83.142039,49,25.369524
243.091827,120,25.484017
90.267235,51,25.528194
289.128263,130,25.649223
177.178218,79,25.695446
182.282514,103,25.77879
239.595203,109,25.875732
231.374305,110,25.954963
217.342293,98,27.245714
241.785723,128,27.363229
201.942389,102,27.453068
80.043733,46,27.498775
324.779293,144,27.635926
270.993502,118,27.754363
235.037586,109,27.832789
254.704024,123,27.934637
198.75337,95,28.020125
176.330992,88,28.107541
180.638035,93,28.196986
234.472454,115,28.302808
245.670603,120,28.409752
220.743263,103,28.481727
245.013257,112,28.577581
226.804103,105,28.668794
213.811133,105,28.763244
236.069384,112,28.843419
207.308266,108,28.934785
252.475847,114,30.247658
104.285763,61,30.31853
111.846338,59,30.380246
290.094408,123,30.498754
66.994592,37,30.534884
224.499849,101,30.61978
99.511047,53,30.673569
128.306522,71,30.739419
215.219759,112,30.833766
236.206687,107,30.935668
159.788815,79,31.006905
212.638893,98,31.08267
230.428147,120,31.18751
333.839888,150,31.300493
292.523211,122,31.421924
146.002755,81,31.479719
142.13706,76,31.550504
308.243299,117,31.664192
107.757846,61,31.70878
145.44699,74,31.757517
266.689337,127,31.847965
76.093607,52,31.89818
185.948181,93,31.982496
233.638036,110,33.32436
250.052035,131,33.444826
105.624303,60,33.489506
77.209173,48,33.527684
237.798995,102,33.608567
165.970225,78,33.689372
149.217339,77,33.758166
194.991777,93,33.825004
235.351536,101,33.934477
158.451943,77,33.993249
252.415126,111,34.101045
241.670401,123,34.214628
228.213861,108,34.294851
209.073307,107,34.369133
242.180242,102,34.457529
270.388747,115,34.531834
242.581609,118,34.620936
120.209612,63,34.687264
233.934421,109,34.787141
277.678426,130,34.885022
210.375358,96,36.191239
97.887218,55,36.243354
228.81115,108,36.340908
269.585414,118,36.443384
89.896222,49,36.493636
249.359411,113,36.591078
333.061794,136,36.693552
313.306552,124,36.807394
279.658002,114,36.907814
218.35782,105,37.005742
254.14063,115,37.110709
296.950095,120,37.224478
301.605363,130,37.325433
240.83134,111,37.409122
133.339859,69,37.477461
274.442868,122,37.589995
94.170605,51,37.643253
285.840614,128,37.762871
219.441193,101,37.86586
283.740127,120,37.981848
234.924662,108,39.339207
337.829098,143,39.456751
193.569055,99,39.540179
229.300033,104,39.642247
234.799228,114,39.733694
303.666319,139,39.852213
177.738023,89,39.927234
311.525062,129,40.025875
313.619096,131,40.130845
303.333616,128,40.244893
212.564899,109,40.342948
323.671028,137,40.467479
151.204538,78,40.540215
131.125166,72,40.600771
311.786853,143,40.732581
132.927844,71,40.803426
336.580329,136,40.918429
163.325677,80,40.97065
310.315815,129,42.294335
179.654103,103,42.37989
223.343125,104,42.488383
325.396347,135,42.605057
295.49773,124,42.701093
321.09862,132,42.814494
333.676913,135,42.918456
180.995606,99,43.017951
393.493099,157,43.16261
257.071881,113,43.260158
190.628823,102,43.358424
295.430165,120,43.462327
273.541483,140,43.569821
265.107278,117,43.661225
336.513319,148,43.787153
279.680111,130,43.906172
210.948039,97,44.002095
226.713103,115,45.343287
320.640156,136,45.467742
325.348059,141,45.596876
308.801449,131,45.70076
194.02491,91,45.771103
312.465636,132,45.898611
303.721836,131,46.000454
316.051725,131,46.112402
323.611015,135,46.229354
350.333127,152,46.346918
299.775737,129,46.457911
317.307325,138,46.575933
286.921334,130,46.6713
233.113758,113,46.763687
380.328755,172,46.893989
298.667097,123,47.018607
367.607107,175,48.340074
316.609072,132,48.462524
250.224128,128,48.587122
387.756506,151,48.734776
386.879663,152,48.880856
343.955784,142,49.006463
345.134107,154,49.150445
309.882414,137,49.269551
303.053228,136,49.384523
310.524457,130,49.515138
186.16572,103,49.626241
309.806756,132,49.736718
214.405625,104,49.818593
291.32917,126,49.915519
332.554265,136,50.04009
353.088426,144,51.346684
321.979317,125,51.469156
310.439687,128,51.580652
328.192074,139,51.693513
294.982031,124,51.793928
295.617386,136,51.927496
315.525952,134,52.027405
365.58525,159,52.153885
347.047399,142,52.282644
412.258732,158,52.424852
305.405193,126,52.555389
307.917707,130,52.680963
290.448004,117,52.799487
308.830796,132,52.919537
281.08482,118,53.038394
320.680059,135,54.457578
183.282911,95,54.528385
291.417538,124,54.619619
327.91252,142,54.746847
335.315647,132,54.886
345.603059,149,55.033612
291.715914,123,55.159154
344.456117,152,55.316897
362.7767,161,55.469949
452.829824,183,55.659785
309.641359,132,55.782268
314.397786,137,55.902809
352.857003,155,56.032763
332.38311,145,56.162555
280.696842,124,56.280584
330.758185,135,57.59251
236.343534,114,57.690439
347.429935,154,57.818518
339.001036,145,57.959079
319.056857,138,58.07322
333.388479,143,58.217394
305.108717,121,58.321792
345.230134,146,58.461084
341.25283,156,58.6007
333.472212,151,58.739476
307.700216,134,58.858527
341.975924,140,58.982958
313.19363,137,59.099267
289.863211,122,59.224818
312.522268,134,60.544432
341.18233,144,60.68151
352.397485,151,60.824297
268.34778,124,60.923895
315.967877,137,61.030122
314.957503,133,61.162753
394.756619,191,61.344532
367.129631,140,61.471103
300.550285,129,61.592743
316.48758,129,61.729296
326.307286,139,61.857875
330.961323,138,61.987449
281.415894,123,62.109422
337.865072,140,62.243318
315.51731,134,62.35286
338.266024,137,63.683566
330.004395,135,63.787976
303.782977,138,63.903855
313.065778,131,64.015352
201.851474,93,64.093161
365.1752,150,64.217139
312.986938,136,64.303317
160.476991,84,64.380589
290.831353,125,64.478672
509.776537,209,64.6615
326.874834,140,64.797063
346.899592,134,64.918786
310.105313,136,65.045963
306.630095,126,65.169492
348.241737,135,65.30277
365.004216,152,66.667767
332.886908,142,66.763695
347.992997,144,66.87628
301.484291,126,66.971626
343.051013,144,67.099343
297.526727,128,67.218375
344.82979,143,67.32302
354.953441,154,67.45301
358.915184,155,67.573101
386.092764,158,67.693472
284.004802,119,67.764942
403.289408,157,67.884598
324.291268,132,67.99374
383.488489,164,68.147457
307.123602,130,68.290278
341.619206,147,69.603381
516.717445,187,69.764363
386.40491,160,69.891865
352.710073,142,70.007623
354.391788,141,70.134169
324.721882,133,70.247702
288.577158,121,70.347988
420.542526,172,70.49515
459.59262,169,70.652803
189.260665,84,70.713597
415.760237,154,70.841036
376.074999,161,70.990509
401.180867,162,71.17031
315.187399,132,71.273262
430.278738,174,72.595467
448.629845,169,72.721555
362.20371,144,72.828567
495.874069,178,72.97365
465.632316,166,73.091844
365.430285,153,73.214393
345.522912,131,73.32838
313.160389,138,73.419789
246.712354,105,73.504191
392.428863,173,73.63948
574.63776,184,73.798133
332.360152,146,73.91163
336.823725,149,74.041153
326.422059,135,75.327627
335.970336,135,75.417044
207.681999,100,75.507414
314.43182,129,75.603264
445.530595,154,75.744427
224.153988,110,75.826865
376.74785,149,75.95589
385.178279,150,76.075419
351.81108,149,76.191878
336.146899,151,76.288733
270.305183,116,76.376064
500.365711,190,76.545705
390.383391,147,76.66817
343.345516,146,76.804251
386.733298,152,78.162935
419.379138,164,78.301743
420.427161,166,78.441446
392.925524,159,78.601877
505.775405,178,78.757097
356.892495,150,78.890241
497.149919,160,79.011269
542.050517,183,79.149326
294.92696,129,79.265895
313.062379,134,79.395566
349.278066,149,79.498449
536.51259,197,79.669732
512.301721,190,79.838491
342.35082,137,81.134325
330.766802,139,81.264374
565.053033,195,81.432225
53.158798,32,81.450314
299.872133,125,81.5676
349.763178,152,81.69805
552.345059,189,81.856426
351.061951,145,81.957377
574.63421,200,82.133336
187.477418,99,82.205177
422.18153,151,82.334196
415.49227,161,82.491871
369.245723,139,82.617457
330.413488,129,82.752077
414.522134,154,84.13465
188.215154,88,84.220524
354.735693,136,84.355161
477.636282,176,84.532969
345.790918,148,84.645536
266.467234,117,84.749457
475.475252,185,84.926772
492.91544,181,85.087425
367.338828,148,85.243579
563.197648,196,85.429889
675.136121,236,85.663472
580.167128,185,85.818706
334.53889,133,85.935734
318.589938,140,87.29439
656.324334,244,87.472475
581.260799,202,87.625193
476.935997,165,87.742264
565.025454,203,87.91163
580.134036,194,88.103598
563.30305,192,88.306196
324.932817,126,88.420703
265.96921,126,88.535899
468.690227,163,88.666008
194.446819,86,88.739652
549.58987,201,88.908286
320.591722,137,90.25464
390.344898,152,90.391274
476.100333,171,90.546497
436.961161,173,90.700601
597.815162,204,90.867954
481.144209,171,91.028461
358.040037,149,91.156859
626.214145,207,91.32206
434.325771,156,91.441061
603.497924,203,91.60172
579.50057,196,91.761303
570.358436,196,91.924223
680.005174,218,93.324426
565.238145,192,93.504989
522.893824,191,93.627681
489.139353,183,93.777896
375.349322,149,93.921044
318.365235,128,94.029553
319.278705,135,94.152432
318.293272,139,94.274922
474.698904,176,94.426094
355.685814,139,94.554562
550.849887,191,94.71637
244.671179,111,94.817953
228.735093,103,94.92344
218.064727,104,96.248783
333.468479,143,96.360361
413.207304,143,96.485315
647.30158,222,96.676529
603.267874,201,96.84464
483.15273,176,96.991353
491.666145,167,97.11039
708.154951,220,97.302361
216.78048,104,97.38215
307.787035,138,97.496165
419.63077,152,97.612711
114.859329,59,97.664423
594.21021,205,97.827178
242.147279,117,99.104604
484.448383,182,99.297505
685.041204,222,99.525065
596.111745,193,99.698167
484.061168,188,99.856811
307.141544,135,99.953715
616.794115,211,100.104852
477.360893,163,100.253522
279.060641,116,100.358479
428.350657,172,100.478705
327.958487,141,100.612262
370.016922,151,100.736423
614.129739,219,102.106996
225.751133,105,102.201319
603.597191,205,102.37838
542.407857,199,102.560894
450.196698,168,102.711432
507.118066,162,102.843549
613.496948,212,102.988655
325.418968,148,103.116572
667.136679,209,103.286242
383.834642,138,103.382056
334.936566,140,103.515108
383.710239,144,103.637837
337.85833,135,104.935462
337.013191,140,105.088651
654.134668,228,105.279842
595.444529,208,105.478191
436.850527,164,105.60576
615.49338,207,105.766439
456.235026,163,105.920649
228.497067,102,106.005736
415.290687,155,106.153642
580.200806,192,106.298613
339.777541,146,106.419481
688.650174,253,106.6023
259.236135,115,107.925042
443.132885,172,108.056636
360.072977,144,108.184711
588.711129,205,108.403916
517.5155,179,108.582655
561.917173,205,108.789116
374.675303,153,108.936311
375.934476,150,109.052759
454.696153,188,109.207287
416.923268,162,109.349856
594.826238,216,109.546999
376.260569,154,109.668495
528.940199,204,111.070575
583.477821,207,111.238101
459.421191,186,111.405433
553.27194,200,111.570478
298.796871,133,111.697835
497.862098,198,111.902345
312.628288,136,112.001462
392.00532,156,112.143107
408.433187,162,112.285635
604.497788,208,112.462902
556.692785,203,112.635648
633.755544,220,114.151259
586.065932,202,114.35423
353.304384,141,114.503892
522.680404,198,114.664078
580.551915,206,114.858028
633.731478,217,115.071943
487.473322,188,115.26877
626.609715,208,115.47655
546.469538,199,115.642759
340.755213,147,115.777409
628.130142,226,115.974242
325.33851,128,117.311063
493.884812,179,117.479312
468.846349,193,117.637515
288.007103,119,117.757527
624.673557,204,117.919248
530.113158,196,118.10299
277.749062,124,118.20628
372.808213,166,118.357352
256.236699,116,118.469917
551.08167,198,118.647091
534.168034,177,118.800118
513.827679,168,118.925591
539.748897,200,120.277549
691.586154,221,120.452822
480.192582,167,120.590417
600.090184,210,120.76623
639.683635,224,120.944991
503.209355,191,121.121933
377.864615,146,121.251491
388.968891,143,121.410269
735.190496,239,121.63299
688.809889,215,121.808369
262.688439,113,121.913079
664.124333,208,123.321575
464.312662,154,123.463226
712.894554,224,123.677153
506.028052,194,123.866911
647.076174,229,124.064208
521.691199,192,124.223279
619.165655,207,124.388104
769.812438,269,124.569948
568.622828,194,124.712088
365.381624,147,124.844513
624.247059,207,126.182427
383.712561,154,126.303019
675.374923,218,126.472816
606.816481,190,126.612907
337.893883,138,126.723386
273.417811,122,126.831345
405.625799,156,126.977495
414.789011,160,127.122576
401.922321,156,127.263137
623.860697,211,127.475994
666.473361,208,127.657214
539.951112,194,127.81332
632.254377,221,129.183493
576.328669,197,129.330447
414.213047,138,129.451447
810.030996,260,129.687231
419.033049,152,129.810724
604.883804,202,129.96729
573.734406,201,130.134601
598.412392,211,130.307323
567.21552,212,130.498597
552.65234,196,130.681325
718.913336,229,132.104825
488.134274,163,132.238423
352.318445,143,132.364963
600.843756,200,132.555717
562.874096,203,132.721997
499.037186,166,132.872643
354.474484,159,133.024282
345.137108,141,133.14975
552.554141,208,133.372695
577.723078,204,133.561948
710.347107,225,133.741189
506.758366,189,135.112654
549.062448,190,135.299544
501.377047,186,135.473001
512.810572,188,135.629494
661.461116,235,135.84678
462.69958,160,136.005838
701.666617,228,136.218067
863.86496,292,136.502923
371.091859,136,136.62646
664.235172,227,136.839691
732.086106,251,138.318585
628.21287,203,138.5165
927.232573,288,138.785808
584.406053,208,139.008252
206.245106,95,139.089106
854.138544,276,139.336878
601.690386,201,139.52323
501.731162,190,139.687494
639.253886,224,139.87102
631.31952,220,141.332563
484.295128,175,141.472177
867.846653,290,141.708202
841.75871,279,141.93481
464.402623,195,142.081171
725.11169,249,142.291783
868.855659,273,142.56215
415.823349,151,142.689705
541.884885,203,142.879344
838.274757,278,144.493228
366.855432,136,144.619459
922.209902,302,144.893095
551.215885,224,145.104959
741.945711,238,145.342566
686.611184,216,145.564534
762.352942,258,145.802933
710.194847,228,145.999004
597.115048,205,146.179718
497.721352,192,146.381771
296.413777,127,147.729928
607.07214,209,147.892494
595.421378,211,148.060428
487.086482,180,148.233626
540.97816,201,148.401797
547.062817,201,148.603615
656.951507,232,148.833863
235.012762,112,148.944754
527.554742,183,149.117946
612.818709,211,149.318439
711.361874,225,150.763325
694.315638,233,150.948099
771.557852,251,151.149763
423.710938,162,151.303967
862.811252,286,151.554903
581.314574,200,151.731745
218.888801,100,151.826208
888.138226,280,152.093657
574.122022,187,152.271425
236.121483,109,152.379491
576.014457,204,153.752507
339.57743,150,153.87808
826.903723,277,154.113554
868.058337,289,154.365159
668.951697,220,154.568535
1018.093,354,154.919473
334.482299,139,155.043379
767.96195,257,155.27591
592.893672,204,155.463907
621.453393,211,156.768035
506.610476,191,156.924225
661.535714,215,157.083917
1056.86204,360,157.376923
849.343174,277,157.637121
660.688991,212,157.821981
796.335011,241,158.033946
386.991828,134,158.158315
643.51846,230,158.390238
697.066388,237,159.803707
605.911403,204,159.972131
734.400775,245,160.193114
969.038519,326,160.48354
1288.439866,438,160.90999
872.243148,269,161.163587
1321.142708,388,161.4736
496.800903,166,162.882137
660.007011,210,163.043456
550.066583,191,163.193543
1028.031038,324,163.450077
632.789207,208,163.627509
733.066397,250,163.852132
544.131044,196,164.038983
805.608318,270,164.307004
698.722158,236,164.531444
1118.791631,356,166.051987
769.633761,248,166.273499
931.322293,293,166.553615
754.61611,251,166.80317
688.004276,236,167.012976
971.632082,316,167.301576
517.896631,174,167.466325
657.721723,233,167.682366
683.975099,231,169.110497
1307.702328,500,169.509618
468.580241,153,169.645207
1042.289235,350,169.955262
764.337883,258,170.177509
426.767144,142,170.306646
669.22484,201,170.512766
628.228122,217,170.712401
509.380145,189,172.114007
396.708772,152,172.215446
716.53061,243,172.425175
1222.637707,500,172.915752
562.042476,201,173.125924
750.393838,254,173.389716
1395.347528,500,173.902272
771.949384,233,175.414031
846.80839,268,175.652625
751.061555,220,175.825882
851.261408,274,176.085988
1017.45902,348,176.428305
1178.099013,500,176.914528
632.559001,223,178.288539
690.800018,230,178.464295
938.637328,284,178.722434
1227.624546,402,179.002141
177.585936,91,179.06477
945.144039,300,179.333073
1257.109369,390,179.681463
959.3358,287,179.927034
692.887657,238,181.333857
765.759506,251,181.537459
953.359557,307,181.797584
625.508297,220,182.033104
549.677511,188,182.207972
594.939571,210,182.416648
392.076929,139,182.541554
1002.638145,308,182.795852
901.285564,273,184.200438
550.953648,176,184.365716
679.826221,245,184.567035
1090.940118,355,184.852157
944.367729,303,185.103182
1208.370627,500,185.542806
710.735887,242,185.746405
1416.296149,463,187.294276
656.542909,219,187.504124
1110.69072,353,187.86772
699.526928,268,188.116035
781.399313,264,188.352729
1541.135154,478,188.778696
584.842706,203,188.950398
1225.452221,500,190.595617
803.991057,250,190.800038
1320.972422,414,191.173429
576.817479,208,191.355044
747.526716,335,191.637715
665.962361,219,191.802445
1219.856362,369,193.35093
643.819403,218,193.553753
967.838029,312,193.804785
1461.168914,478,194.206119
632.245903,210,194.389539
806.224038,282,194.63702
1111.426534,326,196.093014
768.237112,263,196.329878
714.943927,237,196.536034
760.05053,229,196.738936
980.823897,312,197.009675
765.440639,233,197.203747
1311.599539,458,197.550849
607.809286,198,197.746624
829.355517,275,199.224202
427.028713,138,199.326987
1378.614823,500,199.781416
922.035432,278,200.012758
1124.903657,370,200.296602
257.600201,111,200.377395
806.011581,240,200.588185
1403.392807,432,202.151309
806.249874,271,202.414491
583.29537,191,202.603844
570.71006,180,202.758751
667.122578,220,202.949634
659.664846,224,203.18828
630.158098,199,203.364791
758.26201,258,203.627162
726.377235,234,203.839639
595.857566,188,205.314624
776.372737,223,205.538036
746.832448,233,205.766932
1097.341752,351,206.066531
694.562281,236,206.251434
646.4511,195,206.408254
673.259302,228,206.621562
778.535757,223,206.796702
652.338726,198,206.963399
700.808821,224,208.362663
636.107906,212,208.549458
597.287694,189,208.721657
950.456005,296,209.003063
1059.245505,321,209.238297
1365.470824,426,209.563768
698.330575,217,209.765641
615.080066,196,209.950916
633.425198,192,211.389243
651.424166,205,211.546946
774.599026,239,211.736152
955.706745,305,212.001053
875.940514,279,212.269425
684.648963,207,212.443341
744.98413,235,212.641411
657.392883,189,212.812955
830.224335,253,214.225038
1085.901893,358,214.528522
827.775087,261,214.757709
698.845329,223,214.945441
718.721002,220,215.163911
725.08436,249,215.343115
658.933349,206,215.528491
803.443384,241,215.738768
845.42566,252,217.146721
226.789489,101,217.221639
1318.53896,409,217.531668
1258.151456,392,217.897216
1114.705751,358,218.225156
962.58454,316,218.544085
767.002294,250,218.810381
711.021678,222,220.28144
577.552947,189,220.45541
927.302496,305,220.705462
584.22268,189,220.859202
668.558992,209,221.044067
770.121795,264,221.273653
864.656473,285,221.504933
1064.807819,311,221.791016
844.098836,244,222.011095
616.850305,180,223.367861
751.285864,236,223.556734
656.756814,210,223.717478
694.489087,227,223.918758
506.174134,166,224.060136
598.819363,186,224.221771
668.731802,206,224.407588
298.46616,120,224.523007
863.041207,248,224.725501
608.257706,203,224.901777
767.03131,237,226.304793
1143.698607,369,226.648345
389.39814,145,226.781233
616.197336,199,226.962754
855.046464,242,227.168623
1048.580284,351,227.49345
1253.330071,423,227.886537
822.898826,257,229.345272
766.987753,252,229.540919
798.039141,248,229.743499
759.83443,229,229.941274
623.64989,196,230.105134
802.926441,252,230.320532
836.167749,242,230.534907
749.484216,236,230.72318
662.340581,207,230.881494
799.586133,246,232.332678
854.326599,254,232.555923
908.300719,305,232.837052
375.488393,138,232.96969
652.216459,207,233.188617
631.584884,207,233.381598
719.329703,204,233.555086
623.678003,211,233.741471
685.000339,203,233.936749
232.223607,103,234.02911
1402.970736,425,235.615282
958.832485,314,235.908153
211.285998,93,235.990062
606.389644,199,236.157781
749.826396,238,236.359454
754.563231,241,236.578485
638.437596,190,236.775906
797.082597,262,236.997575
843.546978,255,238.463107
645.597101,204,238.644469
648.696319,233,238.843946
744.416301,229,239.042957
609.447076,201,239.213149
761.478664,241,239.4557
931.564022,294,239.721675
948.85083,306,240.031014
1040.916071,340,241.551189
829.145828,259,241.767672
790.628788,239,241.96108
1299.993327,394,242.314092
847.987759,295,242.551522
883.109691,259,242.772975
826.635807,255,243.016331
769.237511,249,243.262422
362.935559,139,244.617028
768.421948,242,244.840978
822.473384,253,245.033901
1471.22288,468,245.443289
752.444369,235,245.633551
1252.178756,373,245.986021
1021.397771,304,246.257119
604.484514,194,247.644968
908.670315,282,247.914216
988.577115,331,248.163336
1303.973125,394,248.547185
1271.198686,395,248.883378
799.515782,243,249.131004
1329.102851,434,250.733868
949.569706,294,250.969351
883.505778,281,251.203767
736.159289,231,251.396417
767.024867,235,251.605861
808.458007,238,251.835902
893.416393,289,252.113303
718.439793,217,252.298234
794.440037,238,253.765902
1512.366863,489,254.212433
823.478192,270,254.457249
1135.846101,375,254.788604
766.561939,237,254.991893
701.087115,210,255.186641
702.033468,203,255.384131
658.383847,219,256.76463
832.204145,275,257.011731
702.209964,220,257.170167
747.56073,235,257.369812
1420.234307,500,257.802055
830.904509,249,258.036488
816.804606,254,258.257871
1004.922029,293,259.737846
946.220137,285,259.975497
1321.410893,500,260.392421
809.716439,263,260.658565
631.493836,202,260.855877
818.812376,247,261.073339
1100.688758,343,261.384181
948.244852,304,262.883584
1127.529052,337,263.209992
612.594629,213,263.410397
761.989767,234,263.634176
1137.633696,340,263.971221
744.26577,247,264.174402
695.583698,216,264.364311
1280.263579,407,266.031852
868.95423,258,266.230675
1293.596518,383,266.565186
245.04381,107,266.632999
1289.280776,368,266.975246
757.273076,232,267.180603
873.67002,248,267.383527
1161.319543,361,268.95852
505.844079,172,269.099914
639.376243,201,269.27506
721.628507,268,269.521951
674.526507,206,269.696108
534.048243,174,269.868862
903.140506,269,270.117592
1141.283897,357,270.414709
850.571613,264,270.666655
843.883101,275,272.179411
593.062032,199,272.393815
700.73263,216,272.576092
914.045404,281,272.805676
775.37238,233,273.017765
933.32043,294,273.259211
1307.900374,500,273.709907
622.620292,204,275.058829
676.412461,216,275.240628
1151.901077,337,275.506007
1380.397561,425,275.920651
939.058842,298,276.195732
790.350303,251,276.425725
546.654944,179,276.595712
702.596714,221,276.815938
1069.372386,353,278.295421
795.909145,247,278.504765
923.76575,294,278.713099
1397.850051,500,279.137005
645.821892,209,279.331053
1235.455143,384,279.622455
739.05309,224,281.059531
1031.044477,310,281.326493
1085.927939,352,281.60793
964.773719,292,281.859026
761.259558,246,282.073063
1012.109751,309,282.321654
887.77449,281,282.615011
1217.513324,402,284.069971
1035.452325,331,284.313924
1179.239935,339,284.559151
1165.069962,348,284.878055
718.860141,222,285.083555
837.363238,276,285.321961
980.632065,308,286.764647
1047.051827,322,287.014485
1277.044099,399,287.345841
1084.016659,332,287.665838
1019.640025,317,287.9591
573.069704,192,288.133729
634.652073,196,288.28289
135.953662,73,288.341104
1434.429813,429,290.007213
1099.086791,337,290.302931
395.858537,165,290.429362
123.945609,66,290.473589
727.582081,232,290.67038
1104.140547,351,290.965692
751.519625,240,291.184639
812.155255,242,291.417236
600.581358,200,292.901415
150.373887,72,292.974756
1264.5416,500,293.459538
1331.569848,422,293.883407
813.445315,248,294.128496
1043.482078,320,294.453358
1058.604051,329,294.757169
845.230688,259,296.28826
262.180874,118,296.396652
250.684379,113,296.497123
811.869651,253,296.700442
828.710883,314,296.987195
976.012728,352,297.297118
708.270339,264,297.551781
1379.21588,500,298.025954
1341.651245,500,299.71596
1084.660597,321,300.015329
1054.399805,353,300.352354
1324.804066,500,300.835054
1615.105738,498,302.488453
1194.294513,396,302.856106
641.163224,251,303.068534
975.213318,308,303.283107
1635.373042,473,303.718703
897.337138,299,303.997585
1196.169637,425,305.521287
1089.490938,358,305.837059
1322.584183,417,306.189472
1395.010799,423,306.564045
968.699556,315,306.856868
1151.980446,371,308.449283
1003.742385,341,308.734848
1139.0875,344,309.052917
1315.553478,500,309.564838
976.947591,304,309.822032
1249.86087,387,310.115253
828.390048,265,311.579601
853.821212,281,311.827555
657.335301,251,312.043385
893.052516,290,312.242819
866.596762,316,312.50861
818.412765,271,312.750769
1434.36395,500,313.188867
1423.704139,435,314.822467
1306.442901,397,315.203585
1110.122959,332,315.498755
1113.506196,354,315.856557
1147.61451,355,316.17291
1265.737916,383,317.666366
991.628179,301,317.931392
1391.735142,444,318.287919
1278.511029,409,318.660152
1270.390695,401,319.0343
535.749879,207,319.216978
817.620967,275,320.713273
1037.239188,315,320.973027
1041.656909,324,321.254493
988.789087,303,321.506503
1530.526723,500,321.910824
572.379972,228,322.103158
889.992213,274,323.551588
1277.781952,500,324.036671
542.208413,188,324.207783
663.983353,245,324.444811
812.788481,256,324.689314
1058.922071,319,325.003979
1038.213528,321,325.327919
971.587693,289,326.832104
1161.894079,406,327.18219
1193.405498,363,327.452725
998.716103,332,327.732611
677.753661,216,327.929811
750.195479,229,328.109128
1133.432985,350,329.605991
825.739577,260,329.825001
546.583477,214,329.99637
931.16197,336,330.266487
1254.961083,389,330.615824
783.749456,304,330.899964
744.420055,235,331.070719
1021.583829,313,332.590637
1285.936581,477,332.98601
759.999803,312,333.236394
1037.684928,373,333.534226
800.959189,272,333.787891
785.027086,234,334.005331
1292.550377,383,335.49706
1341.903609,415,335.825451
1051.36534,313,336.098162
280.755924,120,336.216131
243.736742,113,336.304113
756.492278,243,336.486364
787.629539,259,336.687494
826.954711,256,336.941221
1329.98855,438,338.517696
1332.246029,500,338.971968
698.435301,216,339.147114
1168.814727,337,339.44301
1142.95892,405,339.748363
1198.164657,378,340.045399
1261.503459,396,341.635807
1167.47805,358,341.987298
1058.568082,327,342.27862
1560.864203,481,342.748091
1418.044811,424,343.124957
1187.414017,384,344.683285
746.974685,301,344.94886
1190.366831,352,345.260717
132.128608,69,345.312793
1365.729925,500,345.734933
772.821697,238,345.936239
1127.556466,409,347.585183
1209.269173,420,347.95431
585.69923,194,348.151864
263.996755,118,348.260381
1278.69253,500,348.74546
1022.224004,308,349.061799
1464.302258,500,350.712893
728.952171,229,350.925896
1129.66681,358,351.272139
1302.905643,422,351.668178
572.295211,191,351.825718
1031.103435,320,352.080317
1635.317413,500,353.782848
1159.039636,350,354.129038
1341.518402,500,354.617383
773.731193,243,354.828777
578.107228,186,355.008651
1080.495444,314,355.300424
685.849237,248,355.525849
802.72347,238,356.918022
1372.18075,500,357.361635
264.449572,116,357.463395
1342.866824,500,357.913048
1082.021107,329,358.188027
264.171279,118,358.294094
1323.09406,442,359.918177
822.372212,256,360.150676
1309.038667,470,360.590664
1147.759249,337,360.897171
1369.380541,500,361.296129
1287.38953,454,361.688754
672.13513,209,363.106979
652.178082,249,363.34362
1432.559678,417,363.690167
529.25249,191,363.846894
992.439874,314,364.154677
527.835597,187,364.311332
1609.317371,500,364.706112
1350.200885,500,366.408467
995.205473,295,366.672504
1108.832031,319,366.980757
857.812549,274,367.229389
1359.460037,500,367.653822
106.295458,60,367.692524
1205.834189,385,369.191256
838.164861,255,369.416181
660.911238,209,369.598233
1431.614273,500,370.035176
1540.294499,499,370.467026
1408.491364,500,372.151507
824.646367,248,372.347373
810.268154,256,372.551286
1059.929244,326,372.8405
613.278544,204,373.026859
1275.474832,396,373.373094
695.797077,218,373.553456
1149.325281,373,375.038651
534.438545,202,375.239476
1494.981806,498,375.707834
1415.485479,500,376.15769
1035.917893,314,376.423985
297.060794,123,376.521085
881.846391,281,377.9854
1206.207806,365,378.302981
1306.295617,401,378.665749
1239.409842,388,379.043957
807.162102,271,379.301451
1474.811668,500,379.678735
240.946722,107,380.952971
926.533241,295,381.214157
1266.31278,400,381.579724
1155.185173,370,381.930868
925.418914,300,382.173162
850.951514,280,382.387043
1402.272942,439,384.035665
1689.999241,500,384.50226
925.158807,276,384.772919
1393.093235,460,385.232581
888.173756,276,385.47677
1250.169329,391,385.852937
1427.928953,500,387.555272
1056.394609,314,387.791775
631.845598,239,387.971503
742.737847,226,388.121515
1139.982585,370,388.431226
1556.095812,474,388.849151
1002.703853,318,390.331231
1067.599988,328,390.596232
1099.001229,350,390.924455
270.458087,113,391.024281
1326.757689,414,391.371777
995.25146,316,391.612057
1518.446688,488,393.249259
1105.4987,358,393.529037
1377.825045,500,393.986153
1411.685102,500,394.46529
1463.86606,428,396.037342
1641.618302,500,396.467362
1325.12289,482,396.873639
794.794531,288,397.137894
930.616398,310,397.404827
1465.507024,500,399.168519
120.581547,66,399.23731
1003.570726,309,399.49721
1287.679963,412,399.849367
1246.187984,392,400.176889
1448.117567,500,400.615989
1381.809613,500,402.228031
1508.23541,500,402.638318
1223.134938,388,403.021253
1016.6801,331,403.30834
776.696134,230,403.533437
103.294372,62,403.599893
127.891694,69,403.657147
762.787433,240,403.84704
112.257966,60,403.885736
132.857203,71,405.11571
520.401192,174,405.281196
1461.625152,500,405.729134
1568.52052,491,406.185983
1313.526368,397,406.537095
1478.814675,500,408.200054
908.772146,295,408.43961
1521.360918,500,408.929487
109.200399,60,408.992778
869.500756,282,409.250359
1565.877631,500,409.667438
1410.104771,500,411.33653
801.775226,312,411.62378
1432.823099,478,412.03375
1336.504576,500,412.442019
1329.140743,500,412.883073
1090.080101,353,414.51333
1081.680245,331,414.852389
813.873194,257,415.093555
1421.164387,500,415.545565
818.715181,244,415.801438
1403.096571,500,417.539694
909.503551,285,417.780055
1295.683008,394,418.110289
1259.242635,389,418.43267
1371.561211,500,418.856304
1146.94008,362,419.151502
1442.312384,500,420.836623
1488.604889,500,421.279583
792.050402,302,421.519062
112.656968,61,421.566493
753.778489,235,421.744761
1188.351064,385,422.081636
103.828911,60,422.132093
573.7347,182,423.528656
1101.64239,341,423.831553
1526.306647,491,424.303399
1303.686075,415,424.662931
770.023824,273,424.912907
1256.719135,410,425.262799
1393.952035,500,426.933771
1415.920208,500,427.348636
524.313114,211,427.531887
820.527931,258,427.754951
1249.471821,407,428.106551
1264.066484,382,429.713006
1428.782021,436,430.112062
1130.750336,406,430.478381
1315.4075,401,430.854854
1241.377538,412,431.236066
1630.356408,486,432.84674
1381.400603,430,433.226289
1428.512193,500,433.660106
1449.737134,459,434.084481
1556.212093,495,435.719736
656.125864,227,435.933254
1018.216536,305,436.184825
780.773352,258,436.433382
132.588132,72,436.513793
1297.95572,407,436.874847
1078.312442,334,437.142545
1089.058501,349,438.678538
1169.734974,375,439.02872
617.741203,225,439.216061
1392.679173,426,439.561745
435.165898,179,439.675209
1516.58583,500,440.111759
969.733571,332,441.557713
1073.381228,339,441.837217
1186.839507,377,442.193969
869.529185,306,442.486356
1039.816208,332,442.78718
1069.766646,340,443.10819
250.227364,117,443.220691
1110.789738,375,444.763084
1186.686614,376,445.118565
648.705669,246,445.345356
873.67202,284,445.611125
1258.340315,395,445.922669
1421.86219,453,446.317095
242.147647,119,446.419034
1148.473334,363,448.018281
1339.296864,433,448.390324
991.615123,312,448.678052
1047.125634,337,448.962725
1570.372951,492,449.404781
113.701627,64,449.467018
1242.108246,375,450.973946
259.548171,130,451.09268
1190.521754,401,451.452075
1136.606159,373,451.7547
677.387211,260,451.974759
1401.551741,459,452.374639
992.271875,338,453.84557
1117.774179,350,454.165399
1445.816601,449,454.54318
988.992341,313,454.822598
581.723017,238,455.035382
1294.838684,432,455.413742
1464.888427,471,457.06224
1133.323951,377,457.327709
1173.705243,370,457.646134
1579.909631,493,458.056886
1578.825299,493,459.682389
1225.364077,407,460.02468
1096.537053,378,460.349553
1612.733134,500,460.778722
1561.343538,498,461.144184
816.923109,274,462.568843
1449.29203,434,462.925621
1635.962005,498,463.351096
1420.573595,434,463.714795
1490.372007,500,464.161689
885.843006,299,465.637692
989.93159,345,465.92553
1132.633978,351,466.202725
1546.051669,500,466.679821
1411.229425,500,467.097497
1384.0976,424,468.747087
1274.264333,380,469.10382
1123.826968,377,469.449087
1273.217244,401,469.72693
1392.299657,437,470.110132
1517.677933,500,471.786505
1502.015986,500,472.217953
1509.169572,500,472.66114
730.688576,259,472.88818
1385.979565,452,474.57382
1231.049715,398,474.915315
1471.417142,500,475.426907
1448.962324,500,475.932959
1089.723415,383,476.261581
1395.666519,500,477.963157
398.276961,169,478.111819
1338.38133,470,478.513004
874.806433,306,478.749841
756.167287,278,478.967305
1367.71549,500,479.406735
774.886848,278,480.812984
1492.405922,500,481.268326
658.241908,244,481.486657
1327.348092,422,481.840626
1428.220123,475,482.294323
1382.09122,459,483.894325
127.255272,70,483.941492
1259.929895,407,484.29539
1537.411539,500,484.692859
911.262766,308,484.909696
1232.197328,417,485.268317
1521.001159,486,486.90903
1468.21037,500,487.343616
1427.69736,500,487.754405
1256.029124,414,488.094368
1225.622127,392,489.59874
1385.114985,500,490.013796
1514.112959,479,490.438534
1361.399072,428,490.772361
1014.40464,311,491.048499
1031.36934,338,492.525638
1397.845274,460,492.877692
799.439353,278,493.068092
949.5878,315,493.344171
1093.67779,335,493.647444
1281.445151,435,493.98355
1401.992187,421,495.601683
1147.039821,367,495.888592
1246.131458,405,496.224737
257.891133,122,496.343796
1606.092566,500,496.756301
1567.357367,487,498.395556
1540.801177,491,498.845467
1512.194816,500,499.297642
1011.741425,297,499.572131
1214.739592,395,499.916804
1490.447717,500,501.56411
241.563319,118,501.661537
1161.244348,386,501.997351
1512.579297,469,502.409635
1649.885114,500,502.883704
1057.534447,342,504.531298
1139.997707,360,504.844044
1541.890581,500,505.307864
1411.268161,500,505.784782
1547.19534,500,506.228059
1325.952066,439,507.877803
653.41446,245,508.12134
1571.260567,458,508.509507
1215.07508,392,508.859431
1450.267473,500,509.317949
1587.956263,476,510.928323
291.547985,138,511.040312
863.086547,282,511.266726
1323.195404,397,511.616011
1466.282551,468,511.994019
1537.019863,500,513.629931
1405.856965,500,514.012335
868.501467,322,514.323656
1242.539542,420,514.649222
1051.938903,353,514.932823
625.406896,231,515.147797
403.984465,179,516.526203
1318.432496,421,516.876149
1200.485151,380,517.212433
978.222928,336,517.496679
1127.479529,338,517.778906
1546.409114,500,518.19113
300.272885,142,519.598206
1587.511292,484,520.024463
854.499066,299,520.273945
1584.348248,500,520.720034
999.598726,327,521.023978
1416.276151,474,522.609825
1300.301988,407,522.908601
770.144968,254,523.109006
1575.995065,500,523.470114
1461.875344,465,523.863237
1472.089651,470,525.45413
674.431476,244,525.662603
113.478376,66,525.715313
1588.582991,474,526.120493
934.057171,284,526.342359
1080.682235,361,526.638219
1001.978776,340,526.920702
1501.197951,465,528.534086
1030.124601,311,528.835674
1055.810866,342,529.126462
1263.290755,408,529.473374
1515.913361,500,529.894309
1266.058849,363,531.402049
1590.887988,500,531.832465
1558.751104,500,532.233043
890.611625,334,532.532865
1451.593206,500,534.28829
1321.866769,423,534.707168
979.42339,324,535.024493
1453.745409,483,535.462407
371.268655,161,535.594533
698.055096,261,535.820048
933.594001,304,536.076258
1447.814617,500,537.741102
1420.30736,500,538.212997
418.679186,177,538.362929
1456.396573,500,538.795379
1345.262244,417,540.268929
1485.165206,500,540.690383
1501.67117,500,541.09753
1516.397103,500,541.476775
1486.335421,500,541.908737
90.111755,55,543.152448
1256.491308,432,543.546235
1299.732378,403,543.92853
1077.144487,343,544.196404
1453.280893,500,544.600831
760.926162,272,544.802012
1274.477294,413,546.285243
1527.325005,500,546.638223
1404.355137,500,547.093066
1495.468777,500,547.506649
1251.199678,408,549.02015
1374.105478,500,549.441252
1104.395261,351,549.720431
1153.016408,378,550.014669
1269.516198,402,550.306051
1412.656087,500,551.924513
588.984661,231,552.129507
1428.369724,432,552.501001
855.823716,300,552.748713
1571.879283,500,553.172996
1409.759164,500,554.823916
1509.447696,500,555.282039
1428.002358,500,555.711808
111.779833,61,555.763524
1409.93817,500,556.257578
1389.819708,500,557.94926
1515.843066,497,558.366269
1124.226299,364,558.716188
1476.403782,500,559.176629
1446.060693,500,560.894819
1031.044379,332,561.172451
1306.654033,423,561.51564
1351.541523,500,561.975592
1690.666025,491,562.378608
1599.513625,500,564.1218
1353.423533,417,564.502409
1218.488895,399,564.878729
1014.425742,324,565.196592
892.138742,273,565.442562
1289.92982,386,565.775906
1338.049103,419,567.410449
1463.428963,500,567.813245
1497.236961,500,568.232116
856.030189,265,568.499282
1437.867488,500,570.195519
1599.065172,500,570.601282
821.112299,250,570.799073
1561.842842,489,571.187645
1036.74395,328,571.459799
1434.143607,500,573.137789
1535.44645,487,573.533886
1444.297258,441,573.932153
1500.882313,456,574.292494
1510.091788,476,574.723229
1419.791781,441,576.280876
1088.660933,342,576.545557
1305.335379,415,576.86593
1309.968336,425,577.235569
1349.448277,434,577.593745
1532.964622,460,579.215633
710.987481,223,579.411663
1004.786713,325,579.695905
1505.98876,500,580.107779
1609.27034,500,580.514164
1298.586045,427,582.120008
1551.183001,500,582.526187
1473.241695,500,582.99018
1543.893518,483,583.386528
1090.314744,363,584.84099
668.135635,215,585.027421
1280.116459,398,585.345972
1511.282441,500,585.764106
103.13031,61,585.82236
1624.755686,500,586.263168
1420.786708,500,587.931706
1535.650966,500,588.334073
1323.272268,401,588.699703
1375.627336,431,589.07198
1503.741657,500,590.693221
1435.12944,500,591.113563
1081.635514,333,591.39887
1347.556237,418,591.763916
1562.211604,499,592.202027
1267.137419,371,593.738345
112.571696,67,593.80709
808.441027,257,594.079174
1470.779727,500,594.53984
1334.945221,420,594.957516
1538.804783,500,595.426321
1621.287012,500,597.071587
1467.255672,469,597.46072
1513.536113,500,597.924194
1556.134418,500,598.316562
1353.457444,405,599.898869
1568.724782,500,600.304251
1448.620843,446,600.661928
1314.325411,428,601.024899
1333.386769,415,601.30211
1152.137068,344,602.745768
134.017913,74,602.813512
154.348268,80,602.895897
1081.152761,336,603.210747
115.801938,65,603.274576
1439.754979,466,603.670579
1418.526329,500,604.128562
1203.279685,365,605.600309
1622.990746,479,605.98368
1674.442448,500,606.402414
1020.456907,307,606.664332
1387.812286,425,607.019432
840.054869,251,607.223744
1495.495168,500,608.932779
108.055479,61,608.988173
1342.165557,418,609.356684
1237.112748,395,609.699355
1247.520347,392,610.041299
1370.925497,442,611.567342
1543.505616,500,611.954916
1491.385566,437,612.28741
1549.063497,500,612.723518
1391.51634,410,613.067406
1093.80193,346,614.564876
1395.287232,423,614.903003
1632.197733,500,615.355139
1502.54558,500,615.795103
1051.743753,312,616.059635
1444.517395,500,617.679708
1333.052286,420,618.006532
1588.031843,500,618.444403
1440.653586,500,618.913201
1589.781096,477,620.526902
911.217111,281,620.798875
1475.811661,500,621.236585
1169.509459,344,621.547552
1145.876381,360,621.887927
1524.031924,500,623.581899
1568.494133,500,624.062071
1440.633312,445,624.452409
1057.153239,315,624.737644
1476.922634,500,625.246434
1013.819732,307,626.740165
1263.755456,393,627.048873
1334.695835,392,627.353628
1642.94159,500,627.80643
1605.80803,500,629.36763
1489.763855,459,629.778798
1159.593603,344,630.048542
1039.718599,310,630.297897
1595.552722,500,630.709927
1093.51804,342,631.047848
912.258631,296,632.438251
1077.154648,338,632.742229
1068.248834,337,633.049035
1528.978618,500,633.47718
1532.083984,500,633.892256
1152.165581,360,635.387457
1529.012681,500,635.757882
1084.163046,347,636.070268
1107.85868,345,636.382505
1502.014936,464,636.768192
1316.225275,426,638.307688
1678.909548,500,638.770123
799.612627,250,638.998472
965.367506,302,639.258088
835.519489,252,639.469106
1230.748556,393,639.793244
903.289267,274,641.249071
1479.184626,500,641.627492
1622.067735,500,642.102313
958.030495,282,642.34264
1525.403329,485,642.785589
1590.874241,495,644.427495
1338.712132,407,644.749018
1355.279294,403,645.09133
826.640541,251,645.273534
1075.733308,350,645.567255
1200.322358,364,647.04349
1404.316165,431,647.43682
1415.662547,445,647.841048
951.817395,294,648.092828
1259.915533,380,648.408111
1583.705313,500,650.066272
1141.966451,352,650.378231
777.27867,241,650.57262
1309.03937,411,650.93581
1113.557816,353,651.25816
1105.626214,353,651.567535
1015.117685,283,653.059007
871.424075,263,653.328315
1546.566114,500,653.750552
940.572692,300,654.017781
1546.296625,500,654.460669
1486.390067,500,656.185744
1498.030262,449,656.56602
1537.463046,481,656.974529
1596.172773,500,657.404025
1550.995825,500,657.84946
1470.544513,455,659.462993
1327.518542,420,659.847196
1195.983084,374,660.151423
1120.398685,341,660.440387
1082.521907,326,660.730877
1541.310824,500,662.416273
1518.195139,500,662.817967
1539.114349,500,663.281664
1295.859068,381,663.622581
1589.774055,500,665.274988
1298.899676,394,665.659961
1346.72747,410,666.026417
1305.980577,399,666.366142
1576.769761,500,666.782863
1555.307593,500,668.394257
1487.691951,500,668.811528
873.205956,263,669.05025
1286.359636,401,669.411643
1531.97872,500,669.878574
1264.749322,389,671.436646
1042.027108,325,671.687834
1508.236221,500,672.143891
1636.540135,500,672.583057
1077.366524,321,672.856655
1518.373499,500,674.547598
1464.306472,500,674.96064
1493.712669,500,675.435742
1332.925478,416,675.806838
1345.666455,419,677.326961
1469.046519,500,677.739747
1429.413576,449,678.158425
1586.396772,500,678.577773
1535.096992,500,680.202415
1439.114429,443,680.600177
1582.028403,500,681.046185
932.54489,296,681.299403
1624.985424,500,681.719486
1524.368859,476,683.423652
1198.316097,362,683.75134
1540.002874,500,684.187781
801.535376,241,684.406785
808.04683,243,684.628131
928.750159,296,684.900406
1620.498867,500,686.634378
1278.680114,392,686.973942
1522.798765,500,687.370679
1226.402538,376,687.687171
1258.936353,368,688.006375
1540.609459,488,689.555652
1348.161944,416,689.905602
1060.48714,350,690.208855
1490.962344,500,690.634749
1478.597317,458,692.236967
1580.813257,500,692.695318
1488.097343,500,693.10248
1436.387635,500,693.510803
1511.500083,500,695.076092
940.124852,286,695.314637
1039.135541,331,695.650593
1150.351086,350,695.945802
1346.279856,411,696.280633
1562.016894,500,696.653571
1572.933907,500,698.275349
1597.133986,500,698.691281
1528.353101,500,699.095834
1504.169399,500,699.510701
1163.921052,361,701.048681
1661.377205,500,701.516993
1528.262891,500,701.93336
1275.238952,389,702.250286
1151.736545,365,702.528384
1239.251963,367,704.101518
1550.481998,500,704.528794
1581.831229,500,704.953567
1325.516765,410,705.292003
1571.390683,500,706.867114
1596.263757,500,707.286852
907.963298,274,707.534572
1356.642008,378,707.829749
1577.826274,500,708.222488
1343.42848,405,709.845064
1335.362085,389,710.21045
1237.921244,386,710.539232
1138.865936,355,710.839852
1226.393645,378,711.163459
899.53605,267,711.382771
776.956634,242,712.809866
1605.410283,500,713.327244
1299.084174,431,713.704444
1107.225274,351,714.044048
1291.921896,399,714.421595
1378.218652,419,716.083193
1258.456567,395,716.395942
1378.608058,403,716.750832
976.495686,315,717.008626
1539.206509,500,717.422384
1077.011946,337,718.945452
1569.01031,500,719.374905
1350.154241,425,719.747573
1232.162648,380,720.118621
1583.538505,500,720.536857
1504.388672,500,722.210407
1614.139747,500,722.667397
1555.377046,500,723.047508
1481.285379,430,723.401315
1520.146041,500,724.991389
468.277979,176,725.159154
1598.633203,500,725.599089
1175.156756,390,725.934928
1424.410325,403,726.298198
1481.781901,442,727.928097
1056.02914,347,728.202347
1473.636466,500,728.635662
1571.044894,500,729.055728
1321.7161,419,729.397873
1535.6797,500,731.039335
1353.850289,416,731.356001
1610.919676,500,731.816282
1502.501246,500,732.214545
1571.360694,500,733.859981
1462.0974,445,734.222723
1569.275424,500,734.693883
1472.230486,500,735.166624
1580.997742,500,736.858124
1435.872096,500,737.269442
1084.352615,314,737.513902
1456.793707,439,737.894218
1526.843472,500,738.319458
1057.345031,293,739.768465
1283.234311,406,740.143995
841.660101,254,740.371731
1371.277451,500,740.841351
1520.110387,500,741.278586
1462.391244,500,743.028255
1441.75149,500,743.520517
1454.2363,500,743.991081
1524.071695,500,744.437145
486.914443,175,744.61498
1221.87253,347,746.206275
1512.255462,500,746.60214
1483.056663,500,747.004169
1509.059155,500,747.459809
1247.062718,383,747.746487
1511.343164,500,749.33844
490.051858,176,749.495784
912.23432,266,749.709656
871.559622,257,749.90395
943.787599,282,750.142942
816.80782,254,750.364522
1624.665758,500,751.93311
1643.922014,500,752.402587
1616.031556,500,752.836015
867.5651,257,753.074596
1589.625208,500,753.542587
1289.033003,374,755.034165
491.514441,177,755.167279
1381.768265,409,755.47671
831.431268,248,755.66609
1249.720263,377,755.969655
1559.139809,500,756.368385
1027.578586,304,757.838399
1114.884478,330,758.106779
1647.249748,500,758.49341
1380.804873,437,758.859868
1327.356339,396,759.191259
481.400803,170,759.320749
1312.411444,394,760.851843
1341.720101,418,761.203432
1523.04324,500,761.633204
1559.861625,500,762.052795
1169.271196,395,763.592956
955.425939,279,763.838475
814.816292,240,764.058475
1568.658633,500,764.511583
1404.510866,429,764.880805
764.979285,230,765.088316
1355.90393,406,766.717633
1533.402625,500,767.175436
512.166094,178,767.320487
1550.432347,500,767.711504
1303.655461,366,768.008556
849.859571,250,768.225403
1625.667761,500,769.959958
1157.132936,347,770.281832
955.862754,290,770.508606
1055.660355,314,770.79607
875.101292,258,771.011971
1069.098363,309,771.27883
1589.0172,500,772.94607
1454.889231,453,773.366324
1091.241635,327,773.670594
1621.284398,500,774.140211
1331.445022,399,775.771863
909.317599,273,776.020361
742.358182,231,776.203586
1587.961796,500,776.603663
1556.683706,465,777.011989
1552.854345,500,777.444725
1599.119632,480,779.059442
841.660058,258,779.301524
901.29701,263,779.519101
1696.49814,500,779.940361
881.728274,268,780.166986
1288.885367,390,781.740542
1573.897528,500,782.142879
1548.428198,469,782.559535
1552.374223,465,782.954412
1159.441222,361,783.280216
1609.975238,500,784.908588
1020.867617,286,785.136105
1473.651069,500,785.544091
378.059745,145,785.669308
1054.166727,304,785.949319
792.173011,237,786.156207
985.789245,283,787.613052
1009.054771,297,787.846887
1544.206261,500,788.270519
956.82894,271,788.476944
1565.589669,480,788.891447
1566.960682,500,790.546312
1002.140632,287,790.788236
1438.73699,398,791.107082
891.931512,260,791.316472
1557.175004,473,791.708133
1571.812291,500,792.136168
847.590168,268,793.604163
1125.442108,356,793.872663
975.908491,296,794.134663
377.82614,143,794.273763
1587.029415,500,794.679241
1515.096465,500,795.08077
1611.054218,500,796.71711
1131.544629,332,797.013607
1614.880705,500,797.470606
902.600506,260,797.672385
1113.942326,301,797.907594
1114.055791,313,799.409148
1094.352801,316,799.656154
1376.63531,404,800.003129
1616.809754,500,800.430016
367.773799,142,800.551459
854.165517,252,800.77394
130.329217,65,800.827623
1649.57921,476,802.391236
896.300291,271,802.651388
1450.3252,500,803.127658
1092.208016,360,803.446877
1314.022774,395,803.823164
1615.556453,500,805.523325
1606.714035,500,805.973729
822.321407,245,806.168183
1033.351129,344,806.449425
976.365663,276,806.669407
1067.393765,336,806.933329
1633.315846,500,808.506639
955.228979,267,808.710821
831.110795,264,808.936671
1642.396321,500,809.366572
839.270894,244,809.570954
1159.5697,355,809.854277
1032.575525,317,811.33714
1457.421153,441,811.671625
1172.858932,356,811.957546
1590.947963,477,812.337733
1147.754418,325,812.619765
1028.740284,340,814.178737
1451.590019,463,814.564044
488.196161,174,814.722739
956.597643,270,814.995702
1540.39725,500,815.403877
1555.805426,500,815.804006
1231.145153,368,817.317412
1507.523481,500,817.758865
1562.683756,500,818.236103
1587.779498,500,818.736354
1166.344564,337,820.279462
1469.110324,500,820.727388
1563.224274,500,821.15044
1012.311229,312,821.422234
1504.886636,500,821.829114
1488.21494,500,823.522254
129.501708,66,823.585838
1508.049507,500,824.023437
1498.272545,500,824.472691
1430.595457,500,824.917115
1517.161896,500,826.600068
1517.400826,500,827.035348
1472.453097,500,827.478276
1302.906043,382,827.811673
1417.659864,500,829.496723
1514.793395,500,829.885279
1465.178641,500,830.319634
1535.486177,500,830.78974
1539.003401,500,832.373266
1378.982549,414,832.734056
1543.510086,500,833.16483
1595.973686,493,833.624972
898.689449,273,833.890749
1147.006627,358,835.467516
788.092168,259,835.691533
1630.616994,500,836.202445
505.721847,176,836.361639
785.080964,259,836.57689
1478.973323,460,836.951947
1124.954806,339,838.397906
1558.086248,500,838.83104
1004.434271,300,839.03561
1255.827603,384,839.369704
1600.059874,500,839.789242
1598.285909,500,841.372677
1328.177253,395,841.705954
1635.119821,500,842.10268
1501.369206,500,842.51502
460.70034,167,842.659629
1087.485503,354,844.134884
1060.037135,343,844.44323
908.981224,283,844.646979
490.552839,172,844.800565
1583.471407,500,845.184621
1119.925615,319,845.45359
1626.757401,500,847.050522
1168.698695,339,847.378927
900.812738,276,847.598348
1627.849241,500,848.000846
1559.451468,500,848.465706
978.593732,289,849.89051
1594.122686,500,850.322056
1102.368021,319,850.576369
1744.327901,484,850.937928
1167.590631,363,851.244409
1569.158862,500,852.910975
1697.127097,482,853.325099
1341.600926,377,853.666222
1582.970736,500,854.08945
1514.996999,500,854.517963
359.913142,149,855.842633
760.545892,233,856.04378
369.022735,149,856.179008
130.709906,69,856.236149
1008.122167,308,856.495665
1575.760115,500,856.883332
1177.262947,343,857.172385
1204.792236,370,858.746258
1192.443369,369,859.04029
1097.740285,350,859.352629
1610.082807,500,859.774396
1313.893421,383,860.077192
369.173552,148,860.194178
1573.134873,500,861.779805
1243.801271,364,862.086316
1127.282796,345,862.371536
1030.983008,292,862.619678
1192.50057,335,862.910152
1049.975686,320,863.235584
899.511441,258,864.730238
1532.83627,500,865.205879
1070.587186,312,865.494386
1733.39306,492,865.964403
1571.995438,500,866.419352
898.789269,276,867.885731
1353.331769,404,868.18453
1687.995266,500,868.59736
1602.555834,500,869.021581
1611.214629,500,869.479723
963.336721,284,870.945391
1375.482077,416,871.315459
1013.135789,282,871.56252
889.361648,271,871.798537
936.017991,281,872.030368
1487.923634,449,872.407434
890.875107,267,873.805467
1666.999604,500,874.206628
1069.447097,322,874.490994
1340.094024,427,874.888122
1584.898206,500,875.347073
1344.989676,372,876.905847
1116.246943,311,877.177724
895.153035,272,877.398485
774.808153,229,877.58904
1582.321542,451,877.970765
1085.268206,321,878.215899
847.226182,247,879.665989
1109.932309,310,879.921063
1583.268037,500,880.326919
1009.846391,300,880.580066
1324.305073,380,880.911073
1032.191591,287,881.170948
1593.278147,500,882.757978
1561.381254,500,883.167577
825.590094,267,883.382951
1176.546802,333,883.687183
1634.665444,500,884.141918
890.106576,290,885.570226
1418.096622,402,885.911438
1660.445002,488,886.339439
1118.155882,313,886.607026
1614.174309,480,887.004887
1594.324803,500,888.65131
1108.280702,332,888.92303
1508.429056,500,889.373664
1386.290064,438,889.748203
1593.204601,500,890.137066
1111.477875,320,891.587712
1592.833985,500,892.041701
991.4131,277,892.292286
1090.716376,325,892.573115
1207.622066,347,892.876657
1431.380542,406,894.491779
1034.606759,309,894.775573
1660.179887,486,895.258055
1315.827828,398,895.610084
1041.100857,319,895.901048
1509.997003,427,897.434458
765.938121,232,897.643349
882.364316,255,897.903172
902.615518,255,898.145808
833.752207,241,898.344167
1533.907695,420,898.716208
1091.413176,332,898.975302
1032.09462,299,899.213385
1638.904243,500,900.864645
1568.5546,500,901.303388
140.550973,72,901.364768
1044.573036,300,901.619059
1666.871725,480,902.069356
1707.280079,500,903.702207
396.607956,145,903.831322
1450.712254,391,904.148614
1070.908999,315,904.426874
1643.972867,500,904.877368
1667.967145,500,906.498877
1599.710332,500,906.927785
1625.523597,500,907.363859
743.202021,225,907.561782
1778.351507,500,907.947149
353.584749,138,908.09228
1002.806151,278,909.509738
1519.315274,500,909.95032
369.568313,141,910.054791
1106.837682,325,910.302378
1061.965389,314,910.589894
1537.775498,500,911.047082
1638.418461,500,912.618804
345.181565,135,912.729989
952.948552,287,912.959714
1021.992387,294,913.218572
934.618727,275,913.40732
1361.29469,401,913.738546
944.652467,266,915.191513
390.358751,148,915.32593
1253.032422,361,915.630798
365.484619,141,915.743843
1562.276137,500,916.162792
1007.265126,304,916.428473
1006.424114,280,916.661198
874.730319,274,916.865171
1018.330124,282,918.279699
1651.681173,500,918.711383
892.905964,277,918.963976
1079.208371,318,919.2971
1109.57565,346,919.61
1392.081355,390,921.12133
1546.453293,500,921.529253
1576.159284,500,921.901832
1073.347072,292,922.142829
1147.027539,339,922.416801
949.399318,262,922.672833
1674.439304,483,924.39661
1606.23971,500,924.864694
927.927864,266,925.139918
1556.643399,500,925.634531
1567.766609,500,927.301699
1158.739829,326,927.591664
1036.767934,288,927.840837
752.897283,233,928.053777
922.144557,280,928.300518
1368.761099,419,928.701179
1031.801554,292,928.97221
990.081281,296,930.389452
1638.673803,500,930.825336
1025.977499,315,931.085751
1614.858043,497,931.512484
1605.961175,500,931.954561
1533.021286,425,933.486692
1227.526604,335,933.756227
1420.968245,417,934.095046
1733.605396,500,934.503261
814.573007,247,934.718423
1116.903578,344,936.20683
1376.507069,375,936.530448
1421.770333,415,936.874979
1621.120875,500,937.2924
1039.748094,295,937.534003
884.547809,272,937.778012
1265.931911,365,939.187983
1665.97454,500,939.584261
1191.574396,351,939.877033
1563.981935,500,940.26843
1657.689832,500,941.866314
1319.773093,387,942.164564
1703.445552,498,942.581782
1341.208656,378,942.832168
1602.938799,500,943.217301
999.668143,290,944.610144
1313.288751,369,944.929969
868.780773,267,945.131531
937.378009,269,945.349523
1488.563684,474,945.752592
1622.041491,500,946.155017
1172.019017,359,947.665942
863.729567,269,947.897613
1542.594612,500,948.311721
1092.142849,319,948.548683
1137.457299,375,948.875234
855.502735,272,950.336773
1522.32812,453,950.740724
1135.845693,329,951.030998
1563.049765,500,951.444824
1196.457766,350,951.718639
858.131335,248,951.947484
1564.227142,500,953.676878
1524.634744,457,954.145044
1092.050617,323,954.456937
1591.363722,500,954.90722
1632.136825,500,956.591127
1128.180746,328,956.896274
1706.107627,480,957.28476
1671.698205,500,957.695825
1627.026817,500,958.11344
1601.38445,500,959.773226
1103.798538,323,960.080592
1537.744462,500,960.477283
1604.015132,500,960.8654
1601.973231,500,962.506809
1541.43142,500,962.938704
1595.444588,500,963.383371
1555.292151,472,963.791578
1273.354764,390,964.112942
1513.436968,500,965.688033
1601.488596,500,966.11714
1671.58408,500,966.504749
1593.910273,500,966.961703
1506.093428,500,968.539948
1668.515607,500,968.946373
1535.493794,500,969.34119
1249.17937,365,969.673846
1318.663894,408,971.154045
1613.09461,500,971.585372
1578.314937,500,971.990002
1322.807705,379,972.345461
1512.383777,500,972.73349
1613.868045,472,974.346432
1546.322677,500,974.759919
1265.089572,380,975.118092
1542.950468,500,975.579731
1562.35395,500,977.266864
1231.25889,369,977.619839
1174.63246,370,977.965254
1509.008294,500,978.407443
1672.84098,500,978.813961
1568.578799,500,980.576059
1532.712765,500,980.997849
1366.011142,418,981.34244
1698.15947,500,981.77354
1145.873142,343,983.29999
1608.274181,500,983.768789
1671.979055,478,984.215307
1454.254342,440,984.621773
1104.193475,338,984.902539
1540.162912,500,986.601574
1533.891524,461,987.026634
1628.185377,442,987.432277
1523.893448,451,987.856959
1156.453479,382,989.446154
1143.582459,338,989.721206
1547.340672,500,990.128549
1333.355814,384,990.435944
1476.301923,500,990.868578
1619.305109,500,992.55759
1650.842576,500,992.99593
1614.045177,500,993.435884
655.612034,231,993.633291
1610.711712,500,994.019055
1355.522655,406,995.508568
1657.444296,500,995.954353
1678.135199,500,996.385851
1540.52668,500,996.869376
1493.798865,418,998.492007
1566.964964,500,998.937361
1257.844521,363,999.271688
1183.002311,370,999.597155
1575.058376,500,1000.039206
1569.60638,445,1001.654261
1157.050541,366,1001.958896
1682.768245,477,1002.393671
1496.484065,416,1002.777324
1110.749512,341,1003.064057
1579.667741,500,1004.710197
1238.385061,390,1005.053566
1567.553459,462,1005.409218
1748.842471,500,1005.863978
1665.036979,500,1007.543367
1729.29581,500,1008.012081
1625.948428,500,1008.475002
968.625738,287,1008.729025
1563.980631,493,1009.199096
1094.550491,342,1010.684772
1789.396482,497,1011.102528
1460.138458,500,1011.540546
1584.362235,500,1011.997208
1598.475471,500,1013.665882
1497.729538,500,1014.153938
1465.611555,500,1014.598809
1496.749737,436,1015.036737
1574.165878,500,1016.706121
1490.631285,500,1017.128469
1532.806209,500,1017.57201
1500.566176,500,1017.999752
1575.624416,500,1019.634763
1582.000454,500,1020.078062
667.417395,216,1020.273421
1117.821464,379,1020.609398
1609.092268,500,1021.048566
1553.313243,500,1022.690278
833.107554,284,1022.956506
1422.006439,410,1023.359819
1549.491277,500,1023.814764
1617.476277,500,1024.270115
1530.164878,500,1025.956435
1674.157196,500,1026.367525
1580.867887,491,1026.814522
1604.97197,500,1027.247756
1477.186822,500,1028.883014
1581.473112,500,1029.323584
1554.713172,500,1029.749349
1527.403087,500,1030.194704
1732.288116,500,1031.908995
1698.77315,500,1032.340617
1738.005886,500,1032.809734
1524.594915,500,1033.272591
1686.529199,471,1034.903428
1601.585368,500,1035.290568
1634.755263,500,1035.746741
1645.898648,500,1036.227699
1386.005803,404,1036.599154
1449.585574,407,1038.174332
1446.870342,408,1038.493501
1432.655893,412,1038.843594
1601.879622,451,1039.274765
1574.219675,500,1040.898371
1322.824028,379,1041.227046
1724.522595,500,1041.691845
1690.612616,493,1042.131598
1401.321108,388,1042.478338
1119.109348,335,1044.039539
1013.629589,296,1044.305171
1609.308441,500,1044.77688
1564.529543,500,1045.267819
1252.681267,365,1045.588757
944.750405,295,1045.881424
1631.173127,500,1047.520574
1489.170262,423,1047.847947
1369.937639,411,1048.206769
1634.988697,500,1048.647318
1668.384015,500,1050.294699
1528.485408,500,1050.718766
1650.931163,489,1051.148457
1585.397176,500,1051.604076
1249.59062,393,1053.211188
1608.188063,500,1053.629469
1577.002554,500,1054.07129
1517.670979,500,1054.545098
1466.901474,500,1056.18099
1607.80463,500,1056.573378
1599.039136,500,1057.015434
1745.299798,500,1057.466231
1562.819131,500,1059.167336
1156.271296,336,1059.451063
881.291542,273,1059.679924
1496.413796,445,1060.090972
1738.449028,475,1060.509226
1391.834288,380,1060.835152
1149.010238,328,1062.335835
1528.2301,500,1062.769946
1293.965659,386,1063.126371
1510.129737,500,1063.607961
1643.853096,500,1065.303224
1675.323993,500,1065.712505
1161.525626,346,1066.017709
1612.881092,500,1066.459903
1396.080909,419,1066.828315
1554.09551,423,1068.412225
1576.929536,500,1068.892529
1473.128953,458,1069.348157
1249.581368,377,1069.697201
1662.832382,500,1070.125655
920.436289,273,1071.60009
1412.8958,419,1071.960726
1147.857666,356,1072.250435
1500.32449,500,1072.712237
1234.020343,368,1073.027379
1165.811332,362,1074.59828
1761.979055,493,1075.049625
1629.712184,500,1075.521243
1668.247657,478,1075.982481
1574.618503,500,1077.696825
1592.641101,500,1078.129282
994.396594,284,1078.373729
1641.852885,500,1078.78472
1552.267004,436,1079.188398
1197.829084,338,1080.790188
1514.872983,465,1081.207728
1626.056026,500,1081.650964
1644.092331,500,1082.098853
1201.595189,366,1082.385018
1165.820371,367,1083.96513
1400.795011,423,1084.351426
1311.703795,384,1084.679554
856.180388,264,1084.928195
1423.885808,412,1085.292181
1555.532593,500,1086.97561
1520.417657,500,1087.44654
1413.416907,439,1087.819293
1396.389783,425,1088.194949
1638.939313,500,1089.8957
1442.649707,388,1090.242615
1191.157911,344,1090.536329
1595.731306,500,1090.952839
779.952079,243,1091.156471
1628.85575,500,1091.592438
1616.66648,500,1093.279289
1657.05436,500,1093.724172
1022.498726,297,1093.992838
1536.683192,471,1094.448502
1817.466093,500,1096.109729
1355.30969,373,1096.418436
1627.654216,500,1096.818282
1615.769964,500,1097.280001
1259.699276,358,1097.59374
1662.806078,500,1099.279254
1180.099211,338,1099.57935
1621.727384,500,1100.020358
1639.043604,500,1100.434402
1585.530289,500,1102.072352
1600.052102,500,1102.490117
1495.093017,468,1102.962033
1589.532407,500,1103.423216
1597.285951,500,1105.153231
1268.856592,362,1105.491717
1599.61338,500,1105.972375
1487.159664,426,1106.38874
1535.223884,500,1106.807102
1457.683194,430,1108.471776
1538.70841,500,1108.905879
1555.350164,500,1109.332955
1534.612188,500,1109.754902
1576.705763,500,1111.448741
1656.863352,500,1111.867421
1656.10876,500,1112.329478
1614.889651,500,1112.76382
1577.799333,500,1114.450616
1457.698718,432,1114.772249
1626.947502,500,1115.216094
1635.552831,500,1115.626311
1758.696388,500,1117.193889
1631.710365,500,1117.60922
1632.013335,500,1117.992753
1323.958195,380,1118.333583
1595.127729,500,1118.816536
1315.97842,400,1120.459425
1568.671405,500,1120.905926
1630.607993,474,1121.318752
1241.422681,338,1121.58616
1648.293759,500,1123.21683
1514.971694,500,1123.63107
1642.446774,500,1124.071518
1430.337121,500,1124.52202
1626.587519,500,1124.90164
1310.651688,378,1126.422678
1463.320358,500,1126.836356
1281.709259,344,1127.11902
1574.326491,500,1127.577144
1438.359229,445,1129.188073
1681.470012,500,1129.63277
1172.492561,357,1129.933999
1346.688602,417,1130.28447
1258.815387,362,1130.59889
1685.046115,500,1132.292931
1779.556883,500,1132.718035
879.897963,263,1132.973142
1558.245914,429,1133.381313
1696.836771,500,1133.863445
1185.800937,371,1135.532406
1433.62709,391,1135.942115
1053.30975,326,1136.228889
1571.236263,485,1136.676624
901.643278,281,1136.920547
1561.519913,464,1138.503601
1545.885254,500,1138.927592
1383.009538,392,1139.247476
1694.192576,500,1139.722443
1613.137169,483,1140.072959
1650.881412,500,1141.698361
1584.486366,500,1142.164137
1467.129168,434,1142.537937
1728.524955,500,1143.017574
1653.53798,500,1144.610416
1742.079775,500,1145.037737
1535.110938,431,1145.403789
1173.161305,327,1145.679466
1256.93674,352,1145.977165
1313.346692,361,1147.531186
1428.137182,380,1147.886073
1816.362587,500,1148.324144
1293.01145,363,1148.657718
1832.102437,487,1149.057766
1344.523032,375,1150.597755
1710.1942,500,1151.061544
1795.452754,494,1151.505932
1110.047938,312,1151.803378
665.415883,218,1152.002716
917.117171,272,1153.419565
1063.566236,310,1153.705055
953.061435,264,1153.927188
948.901745,284,1154.196835
1003.818003,308,1154.458175
1069.348881,336,1154.757881
1209.725949,346,1155.054969
934.217339,293,1156.531868
992.440922,306,1156.776793
1658.619159,500,1157.139953
1312.622459,367,1157.433815
1591.25088,463,1157.843409
1679.259338,500,1159.608333
1695.683407,500,1160.048512
1210.351718,349,1160.361864
1243.865686,353,1160.643033
1610.038083,500,1161.04952
908.489149,281,1162.486823
1644.669411,483,1162.867954
1657.831234,500,1163.342658
988.107069,269,1163.593132
853.703784,283,1163.876844
887.266068,294,1164.184721
1731.394827,500,1165.889678
1674.200912,500,1166.362537
1221.724658,348,1166.670372
1496.323035,390,1166.993914
1420.185525,396,1168.542459
1145.886329,321,1168.816113
1689.440085,500,1169.224394
1402.569567,414,1169.592114
1250.200951,378,1169.910914
1769.881976,500,1171.530585
1141.575836,346,1171.78071
1681.422349,464,1172.226065
1473.548928,405,1172.578431
1445.365021,381,1172.894167
993.293676,289,1173.108052
936.713512,294,1174.554818
1115.137638,324,1174.824535
1630.485339,500,1175.274883
1110.430327,331,1175.575857
1011.533398,306,1175.840251
1682.747848,449,1177.408332
1162.217668,371,1177.753136
1612.457055,500,1178.155267
1065.447892,322,1178.428896
1556.285968,423,1178.795283
1605.618257,500,1180.417245
1659.645833,500,1180.895425
1617.449894,500,1181.349422
1562.968184,500,1181.827047
1593.07882,500,1183.445035
1797.740067,478,1183.827819
1577.708919,500,1184.271237
1214.952073,365,1184.581559
1128.465547,360,1184.88943
1629.289549,500,1186.580922
818.414155,268,1186.801709
1581.89901,500,1187.213367
1623.186669,500,1187.648133
1488.142585,500,1188.060364
1600.501101,461,1189.731861
1281.696151,370,1190.086648
1440.715139,401,1190.434041
1588.43074,500,1190.886288
1663.978755,462,1192.527281
1589.245171,500,1192.992122
1193.080387,363,1193.332497
1573.616873,500,1193.762659
1407.829237,401,1194.128887
1684.011408,500,1195.856461
1528.126208,500,1196.29775
1674.971107,500,1196.705963
1454.689672,407,1197.010856
1567.409271,500,1198.603533
1764.779639,500,1199.041689
1246.643448,369,1199.328693
1545.825244,500,1199.762645
1622.123853,500,1201.363824
1531.597522,500,1201.775705
1545.182978,500,1202.179855
1810.750072,500,1202.639839
1545.485191,423,1203.040782
1733.26534,464,1204.712186
1453.383296,500,1205.127612
1696.300506,500,1205.476016
1572.847801,500,1205.905369
1550.503916,500,1207.57124
1592.569213,442,1207.973979
1548.655387,500,1208.422376
1586.896502,428,1208.822539
1704.960322,500,1210.486471
1812.207888,500,1210.926636
1593.440839,500,1211.376687
1315.283518,370,1211.701964
1546.618394,500,1212.173922
1176.469308,347,1213.734593
1602.571026,500,1214.152014
1528.895932,500,1214.574241
1610.830867,500,1215.009144
1659.893774,500,1216.761403
1723.095454,500,1217.19803
1618.312134,500,1217.667255
1656.866877,500,1218.082482
1534.718913,413,1219.682316
950.400952,291,1219.948004
1302.821459,390,1220.301713
1302.201468,371,1220.627073
1424.128439,395,1221.015132
1769.993719,500,1222.737693
1497.998491,421,1223.089238
1570.537865,500,1223.578
1637.985186,485,1224.035465
1725.04127,500,1224.522689
1495.556287,440,1226.198817
1176.124786,344,1226.484018
1728.923047,500,1226.881857
1531.599201,458,1227.272659
1577.484288,449,1228.762691
1561.871495,500,1229.162528
1683.170026,500,1229.573949
1437.982732,393,1229.89376
1569.536515,500,1230.333625
1085.130601,320,1231.786581
1487.375243,426,1232.11842
1738.911606,500,1232.503568
1622.265903,500,1232.932665
1679.620269,500,1234.627252
1731.913637,500,1235.05022
1748.284985,500,1235.439286
1540.059184,500,1235.887809
1570.234962,424,1236.25482
1244.126446,368,1237.819722
1480.701226,412,1238.203222
1697.510764,500,1238.648909
1682.201498,500,1239.099714
1526.14079,435,1240.650036
175.983104,78,1240.703272
1190.01469,349,1240.950624
1622.504525,443,1241.299118
153.453968,73,1241.352886
1259.196903,361,1241.659833
1234.104076,350,1241.990122
1627.602618,500,1243.668649
1201.968594,332,1243.942157
1197.781384,349,1244.21204
1201.402331,378,1244.486549
1610.41056,500,1244.91913
1560.642178,500,1246.514175
1624.998949,500,1246.965289
1358.155524,374,1247.288661
1287.455466,360,1247.62507
1416.308586,411,1247.999653
1484.725222,434,1249.525589
1443.050779,439,1249.897568
1308.126256,348,1250.203369
1635.056591,500,1250.647683
1453.605297,415,1250.987265
1313.683097,386,1252.534997
1766.538312,500,1252.995155
893.082853,277,1253.252575
1283.338287,379,1253.621094
1691.866815,500,1254.095257
1651.994657,500,1255.820296
1139.75933,331,1256.134018
1148.238762,332,1256.435444
1761.845607,500,1256.84971
1244.842693,370,1257.148185
1577.528984,500,1258.810889
1585.600155,500,1259.260121
1179.398003,356,1259.568697
1438.05731,412,1259.910304
147.993106,70,1259.979772
1685.371614,493,1261.640117
1615.667747,500,1262.038873
1209.651907,356,1262.320363
1610.157177,500,1262.790513
1506.187548,500,1263.254121
1626.36363,500,1264.952817
1684.865558,500,1265.402254
1635.796132,500,1265.853843
1655.638231,500,1266.250718
1390.615702,365,1267.688538
1290.654461,385,1268.022416
1421.351215,387,1268.351223
1501.15989,500,1268.788896
1607.108499,500,1270.515639
1755.840737,483,1270.901469
1685.283592,500,1271.28604
1832.127276,500,1271.696649
1686.482167,500,1272.083402
1570.960752,500,1273.72894
1671.138241,500,1274.155006
1778.47715,500,1274.591018
1579.226243,500,1275.056279
1657.814392,500,1276.709772
1605.747679,452,1277.111635
1720.909347,500,1277.520345
1458.6369,432,1277.920982
1290.283028,366,1279.466307
1591.034553,448,1279.791785
1524.392425,500,1280.184656
1584.478335,460,1280.618939
1764.571647,464,1281.055785
1709.68279,500,1282.802669
1384.878221,390,1283.148012
154.825726,72,1283.210451
1444.530602,398,1283.562992
1194.012758,355,1283.88667
874.48455,283,1284.160405
1621.452447,500,1285.871708
149.603628,70,1285.939523
1261.183239,379,1286.27317
1264.374082,364,1286.605738
1727.877854,500,1287.093194
961.223607,299,1287.383431
1670.678947,500,1288.987622
1603.379361,500,1289.423068
1281.776467,379,1289.781245
1364.536261,418,1290.172946
1252.552836,359,1291.753966
1277.253745,381,1292.087888
1429.110933,400,1292.413234
1577.508553,454,1292.806324
1690.283749,500,1293.256402
1169.569567,350,1294.745489
1129.178218,338,1295.079197
1623.415834,500,1295.490147
1582.666435,500,1295.940512
1710.285991,473,1296.376135
1698.331109,500,1298.040316
1753.584171,500,1298.431067
1541.847377,500,1298.834484
941.346094,290,1299.093588
1555.711,459,1300.703327
1642.577594,500,1301.115882
1589.656571,500,1301.498296
1552.720521,422,1301.849277
1290.596162,383,1302.167217
1536.327042,453,1303.8055
1566.873022,500,1304.227257
1638.334281,500,1304.664477
1510.10765,440,1305.045744
1204.887875,371,1306.518453
1630.432352,500,1306.944278
802.854868,264,1307.193397
1457.734756,500,1307.658701
860.923543,277,1307.933704
1556.250377,500,1309.722529
1541.366749,500,1310.155291
1571.573613,473,1310.511314
706.999024,250,1310.727669
849.283421,272,1310.955299
913.651699,286,1311.20903
1624.033388,500,1312.913467
1600.009656,500,1313.373464
1626.48,500,1313.840134
1493.77448,454,1314.28158
1592.875543,500,1316.063587
1728.140477,500,1316.512378
1656.54045,500,1316.937008
1200.460636,341,1317.231008
1631.153168,500,1317.640044
1853.460798,500,1319.271498
1583.423044,500,1319.668779
1564.238858,500,1320.127377
1622.688259,500,1320.580555
1623.85564,500,1322.260223
1563.329681,452,1322.652197
1606.116169,500,1323.095209
1588.109387,500,1323.520911
1331.953614,361,1325.049209
1274.308781,344,1325.371129
1571.927696,448,1325.774396
1675.292998,500,1326.1923
1751.533442,500,1326.583037
1743.469873,500,1328.176365
1620.40441,500,1328.63388
1747.346627,500,1329.033758
1426.528748,416,1329.389317
1120.099912,321,1330.8401
1432.623474,421,1331.228863
1820.698366,500,1331.642303
1625.73679,500,1332.066198
1654.09731,500,1332.48869
1200.616776,349,1333.971307
1366.921029,376,1334.30714
1211.42521,366,1334.641
1568.799866,500,1335.110504
1434.321054,390,1335.43629
1784.544631,500,1336.995966
1597.805864,463,1337.366825
1557.029473,447,1337.75349
833.170464,268,1337.997848
1160.251641,343,1338.258547
1333.169558,366,1339.855215
1641.803359,500,1340.300434
1565.679079,441,1340.681824
1615.367778,481,1341.100504
1609.813273,462,1342.785306
760.445131,223,1342.995153
1825.242491,493,1343.475068
1742.723778,500,1343.966303
903.089569,257,1344.214457
1271.816227,360,1344.533414
1677.715974,452,1346.226727
1613.803941,500,1346.63035
1565.554023,440,1347.036458
1680.194696,500,1347.494474
1127.87377,311,1349.022034
1738.768664,500,1349.426854
1170.519423,323,1349.698496
914.208773,283,1349.925629
880.902274,254,1350.129696
1486.262687,460,1350.507779
1009.012771,277,1351.996958
1721.848088,500,1352.408272
1749.350177,500,1352.844835
1677.124386,500,1353.318826
688.913417,218,1353.505643
1494.340689,392,1355.104443
1753.699989,500,1355.536689
1400.879814,401,1355.875818
1082.689308,307,1356.178026
982.463651,283,1356.42914
1589.285605,500,1358.074624
963.99587,298,1358.351408
1611.220508,464,1358.759919
1791.389384,482,1359.197903
1434.991677,403,1359.505495
1664.82246,500,1361.089691
1689.835334,500,1361.482795
1263.825289,365,1361.809439
804.757208,240,1362.04593
1706.387995,500,1362.483826
1769.505756,500,1363.999538
1642.506274,500,1364.451766
168.344872,75,1364.523516
161.162269,73,1364.593305
154.708385,71,1364.649239
1814.123572,500,1365.113258
1769.878775,500,1365.551395
1695.532544,500,1367.263301
1734.749337,500,1367.643312
1752.485101,500,1368.067862
1521.553383,404,1368.424002
1625.427403,500,1370.150605
153.690844,71,1370.217381
1818.867003,500,1370.627184
1707.750634,500,1371.070189
1565.606697,500,1371.460205
1603.46912,427,1373.092575
1767.582384,500,1373.555879
1538.426934,500,1374.023679
1733.899474,500,1374.502771
162.51658,74,1374.577132
1777.997998,500,1376.315626
148.356684,71,1376.383382
162.220291,74,1376.441169
148.688784,70,1376.496871
1595.086387,500,1376.916438
1577.669433,425,1377.275312
1294.756986,363,1377.61232
143.320256,72,1377.691132
1551.038418,500,1379.287822
1425.678045,404,1379.627025
162.10037,74,1379.695165
146.11984,70,1379.751419
1529.430193,500,1380.126354
159.024295,77,1380.192524
1393.481588,385,1380.526512
158.623409,74,1380.593834
1560.075232,500,1382.183415
1538.794153,412,1382.521696
1574.964197,500,1382.925791
1140.46617,326,1383.21989
158.441058,72,1383.285119
1721.170975,500,1384.937119
1440.297175,432,1385.293057
144.379461,68,1385.35271
1649.806942,500,1385.744014
1587.067989,500,1386.14927
154.377163,72,1386.216231
146.134,69,1386.273512
1711.726052,500,1387.943665
1742.765464,500,1388.370033
1702.659494,500,1388.769919
149.394596,70,1388.833141
167.427107,77,1388.881378
1551.750444,500,1389.271188
1575.656852,500,1390.890503
1594.810768,500,1391.312502
1743.61261,500,1391.714314
1644.922552,500,1392.192739
410.749446,147,1392.318864
1543.053073,500,1393.921712
731.024171,221,1394.114269
454.878261,163,1394.268944
1622.918122,500,1394.700146
1556.074884,500,1395.132955
408.239895,153,1395.269597
373.888376,142,1395.394605
364.243092,138,1396.783552
1653.923554,500,1397.184397
366.859708,142,1397.320459
1666.2574,500,1397.733197
1747.955816,500,1398.122838
374.450908,140,1398.237846
420.96093,153,1399.579304
992.514506,310,1399.832938
1676.962763,500,1400.27432
1620.477413,500,1400.685925
1105.126018,311,1400.967179
1733.223647,500,1402.575742
1630.284941,500,1403.01797
1694.307123,500,1403.515694
1746.278044,500,1403.968362
1677.95905,500,1405.73682
1595.869596,500,1406.189202
1685.932279,500,1406.615601
353.2976,148,1406.736267
1653.913177,500,1407.162909
1694.242285,500,1408.854517
1552.008648,414,1409.242142
1515.870526,452,1409.566568
1782.133733,500,1409.974374
1679.753445,500,1410.402078
1618.968499,500,1412.033014
1714.41516,500,1412.488795
1596.39839,500,1412.943663
1384.208696,387,1413.29704
1163.350569,351,1414.900457
1543.286442,500,1415.331401
1436.211397,432,1415.71025
1808.826031,472,1416.095932
396.969193,148,1416.215992
1681.952224,500,1417.914703
925.233532,275,1418.163243
1722.134892,500,1418.664367
1132.483073,325,1418.989888
1121.224959,330,1419.273112
1592.930658,500,1420.883192
1586.731285,437,1421.277073
1751.202951,500,1421.722754
1592.846721,500,1422.189301
1287.906306,406,1422.492984
1585.351085,467,1424.138131
1725.941423,500,1424.539679
1845.271543,495,1424.979112
910.213272,277,1425.228455
1723.125574,500,1426.951881
1696.391749,500,1427.389073
1641.741528,500,1427.856294
1638.310506,441,1428.243011
1611.972972,500,1428.659031
1575.748666,439,1430.356635
1737.841045,500,1430.791517
1759.238273,500,1431.252289
1606.433179,491,1431.664657
1719.823351,500,1433.369356
1467.688779,432,1433.772205
1602.259352,500,1434.263149
1711.550938,500,1434.748641
1213.985735,368,1436.352354
1638.677039,500,1436.775608
1632.454015,500,1437.260868
1561.683663,500,1437.693346
1503.673383,500,1438.084721
1840.904121,500,1439.720524
1767.929142,500,1440.165191
1564.151826,500,1440.610559
1600.755393,500,1441.040761
1537.071218,500,1442.713251
1520.236483,500,1443.169074
1774.022321,500,1443.672047
1579.47701,500,1444.127158
1455.139579,403,1445.715828
1510.06571,500,1446.116568
1563.153686,500,1446.60453
1625.368024,500,1447.05551
1662.630766,500,1448.856022
1597.761781,500,1449.311757
1567.664894,480,1449.775537
1676.103078,500,1450.229808
1605.701538,500,1451.868716
1194.145024,368,1452.220569
1537.884229,500,1452.680418
1576.863588,500,1453.162535
1592.368785,500,1454.953393
1740.642776,500,1455.415659
1054.445676,312,1455.68753
1519.174988,459,1456.071754
1744.672335,500,1456.4907
1602.399584,500,1458.165838
1707.348092,500,1458.630429
1236.015737,326,1458.932338
1511.693875,500,1459.43795
368.050096,144,1459.573999
1707.235617,500,1461.214826
1467.252424,500,1461.638895
1596.08669,485,1462.070724
1672.266174,500,1462.528434
1567.71699,500,1464.267602
898.638522,274,1464.535774
1521.20636,500,1465.019954
1568.805276,500,1465.514746
1512.356608,500,1465.960591
1636.587033,500,1467.587358
1225.251031,339,1467.904284
1412.057616,388,1468.195806
1532.566271,410,1468.541049
1674.207557,500,1469.000577
176369,500,1405.898316
1842.558783,500,1406.313396
1557.890798,395,1406.696375
1459.25912,405,1407.092146
1764.820847,500,1407.549964
1308.027126,344,1409.139321
1608.093216,427,1409.50996
795.163897,242,1409.718893
1372.463252,345,1410.058344
898.483927,270,1410.31093
1391.064616,356,1410.632183
1629.406702,460,1412.299727
1552.075435,456,1412.696462
1629.662058,500,1413.165403
1692.593079,480,1413.593558
1503.664978,445,1415.2828
1813.189276,500,1415.776108
1377.249469,384,1416.14105
1786.367445,500,1416.61519
1668.527343,500,1417.040073
1730.251412,500,1418.725901
1816.057568,500,1419.185164
1631.495871,469,1419.628939
1328.577,376,1419.981037
1836.774964,500,1421.719495
798.181914,246,1421.959888
1680.569313,500,1422.421343
1627.243165,500,1422.868808
1756.864458,500,1423.373888
1939.639592,500,1425.116623
1294.769853,333,1425.450619
1646.812554,444,1425.856975
1753.207133,500,1426.340159
1740.658644,500,1428.151401
1022.696556,320,1428.459184
1041.595691,314,1428.758399
822.648808,254,1429.002511
1814.100117,500,1429.460794
1496.717842,453,1429.901505
1336.866015,369,1431.509066
1673.51687,500,1431.963805
855.361544,262,1432.232471
1100.82998,334,1432.570374
1845.046024,500,1433.024317
1838.110649,500,1434.800455
1715.000861,500,1435.256156
1639.259376,500,1435.722659
1785.610035,450,1436.132583
1623.065424,433,1437.780853
1346.759485,409,1438.184499
1812.086829,500,1438.635594
1022.563986,324,1438.915272
1826.361615,500,1439.335317
1417.449748,416,1440.973286
1312.66894,375,1441.357119
1152.650389,336,1441.691929
1102.641963,325,1441.976498
1229.105156,342,1442.299012
1394.49384,405,1444.002853
1484.612706,382,1444.369959
1754.08114,500,1444.821818
1795.084702,500,1445.302533
1598.826794,408,1445.658706
1806.744077,500,1447.319883
1676.351439,500,1447.796699
1755.447124,500,1448.280749
1575.469297,500,1448.740008
1514.98355,452,1450.427638
1872.663272,500,1450.911632
1571.39438,405,1451.312806
1157.425513,316,1451.606197
1716.634279,441,1452.029055
1551.846993,399,1453.618194
1496.199487,407,1453.989495
1556.70285,412,1454.404118
1618.946103,500,1454.900235
1758.552409,500,1455.371725
1949.802819,500,1457.159228
1563.456504,500,1457.653702
1782.599157,500,1458.158998
1938.601292,500,1458.565867
1788.139433,500,1460.306556
1786.883055,500,1460.783498
1707.589172,500,1461.235953
1713.472093,500,1461.701605
1817.074718,466,1463.397592
1656.504564,500,1463.858199
924.274595,260,1464.081337
1202.595053,352,1464.407317
1332.323841,345,1464.734175
1715.914759,500,1466.406064
1316.402969,341,1466.734405
1519.147989,459,1467.153653
1714.315908,500,1467.59891
1727.00857,500,1468.061724
1743.755265,500,1469.800035
1231.635748,365,1470.129412
1645.90344,500,1470.592953
703.916617,239,1470.83228
1648.814931,500,1472.578808
1584.563154,444,1472.971478
1617.189205,410,1473.346768
1715.106888,500,1473.803997
1893.744495,500,1474.268485
1595.659741,410,1475.881459
1697.875546,500,1476.302085
1632.501664,500,1476.77498
1576.300756,451,1477.190657
1886.064703,500,1478.926617
1354.755039,377,1479.25709
1597.14415,500,1479.728133
1724.889794,500,1480.179035
1388.743643,401,1480.522871
1535.465786,408,1482.16805
1606.923626,500,1482.660858
1022.788043,323,1482.972209
1599.693519,500,1483.407081
1486.541252,367,1483.747584
1807.943667,500,1485.521663
1738.956004,500,1486.014125
1667.818408,462,1486.470873
1368.308093,409,1486.860309
1414.785621,371,1488.521194
1619.050914,485,1488.949162
1452.989138,431,1489.323481
1657.628757,418,1489.711256
1028.94475,298,1489.980978
1822.158193,500,1491.771833
1584.21544,467,1492.20256
1294.369662,386,1492.543757
1700.868697,500,1493.012475
1148.983738,300,1493.294628
1705.798694,500,1495.074732
1924.846859,500,1495.52297
1915.517149,500,1495.969912
1415.664445,394,1496.353364
887.670179,270,1496.590945
1143.069092,313,1498.164262
949.976572,281,1498.431151
1864.369314,500,1498.9224
1809.338216,500,1499.423372
1533.736507,438,1499.834678
1830.647048,500,1501.538569
1885.884039,500,1502.020493
1524.074463,429,1502.431801
1639.585349,423,1502.829236
1226.838521,352,1504.460561
1067.424229,323,1504.771923
1513.08272,437,1505.189826
1051.702695,318,1505.464526
1556.641323,500,1505.949829
1649.749455,500,1507.737054
1681.559999,500,1508.235615
1187.982685,331,1508.545136
1587.782525,500,1508.97549
1744.270068,498,1509.427069
1281.780421,325,1511.00234
1353.337256,358,1511.363448
1698.834897,500,1511.814496
1447.377228,404,1512.190295
1152.335004,353,1512.525226
1224.377867,366,1514.064913
1854.84916,500,1514.536452
1690.202587,425,1514.944368
1221.727872,368,1515.302454
1657.168499,500,1515.792726
1032.469058,328,1517.406595
1598.897863,500,1517.885413
1799.962692,500,1518.340545
1686.872443,436,1518.715932
1775.722126,500,1520.431548
1377.828921,420,1520.835204
1633.395801,500,1521.312299
1716.249649,500,1521.781221
1886.322193,483,1522.213936
1061.241553,309,1523.749031
972.31036,300,1524.00322
1504.73618,438,1524.407446
1585.868225,414,1524.772153
1281.5103,380,1525.109323
1451.50974,355,1526.728495
1524.748993,412,1527.100391
1739.84598,452,1527.497536
1726.820882,500,1527.973042
1449.325511,394,1528.33351
1298.82059,356,1529.938205
1226.155109,359,1530.268976
1086.148292,318,1530.553034
1558.622563,408,1530.901706
1299.265797,367,1531.22451
1685.076132,453,1532.894492
1713.98402,500,1533.326813
1396.589917,386,1533.653454
1408.687096,383,1534.00376
1359.29504,401,1534.372609
1192.30719,366,1535.963358
1198.094366,361,1536.292977
1756.101621,500,1536.731173
1878.917316,492,1537.181329
1646.832652,500,1537.671393
1176.53338,365,1539.304931
1809.602801,500,1539.765134
1315.217378,331,1540.044326
254.407898,126,1540.16488
1729.838124,500,1540.63924
1630.316713,480,1542.321163
1074.187117,320,1542.618541
1734.942704,446,1543.060117
1388.636195,343,1543.346449
1687.413727,443,1543.738931
1618.156798,500,1545.491948
1428.977893,352,1545.842755
1479.004663,402,1546.239942
1850.338318,500,1546.706755
141.33003,72,1546.777043
249.367007,127,1546.908154
