#{"t_start": 1774305373.2905984, "env_id": "Hopper-Mass-Gauss-20-v0"}
r,l,t
13.826653,21,0.0316
6.108141,11,0.044137
11.322449,15,0.059685
13.548278,34,0.09674
7.398219,12,0.105266
8.258131,11,0.114805
7.6425,10,0.124838
9.162254,18,0.141921
12.539451,14,0.156496
5.910295,14,0.171052
13.035201,17,0.188145
6.637621,10,0.198689
8.540447,12,0.210825
15.211972,19,0.228922
22.226903,23,0.249535
33.453538,35,0.285207
16.455715,25,0.307323
9.285464,17,0.324858
4.245904,8,0.333403
12.487923,14,0.348979
14.318904,16,0.366063
8.855107,22,0.389163
27.549515,28,0.408251
4.714824,14,0.424806
10.738335,14,0.438904
1.299781,11,0.449958
20.590174,24,0.474042
17.861262,25,0.502682
67.185442,39,0.542865
9.410797,13,0.555434
10.176759,19,0.575531
28.368172,31,0.607203
24.122507,22,0.630287
7.172936,15,0.644836
5.60799,10,0.655405
7.676372,13,0.668985
11.012037,17,0.686825
25.046465,42,0.729022
14.74038,18,0.752641
4.833782,13,0.770249
18.986764,23,0.790346
74.150642,75,0.867163
8.700417,12,0.879706
5.262287,9,0.889247
6.04411,11,0.901799
20.580341,20,0.919883
8.305592,11,0.930433
15.871439,23,0.95657
21.594399,25,0.980681
59.062342,43,1.025378
3.573211,8,1.033409
20.542925,23,1.05552
6.144448,14,1.072092
9.191276,16,1.091178
8.590264,19,1.11126
12.933027,21,1.133343
10.418774,13,1.146418
11.742755,27,1.174032
37.819174,32,1.205173
9.393596,17,1.222708
23.749933,31,1.252856
7.96063,19,1.271417
18.409417,17,1.289476
17.025333,18,1.309577
12.823131,16,1.326652
9.726934,14,1.341211
4.343005,9,1.351284
5.195113,9,1.361412
13.379408,21,1.385026
3.265821,9,1.39406
8.590849,11,1.407148
13.351966,15,1.425207
15.793214,19,1.442774
27.452057,30,1.46488
11.775579,20,1.479457
11.512696,16,1.489999
42.137891,38,1.52262
6.550357,18,1.536691
23.705097,30,1.56875
15.054548,26,1.590846
15.038168,16,1.60794
23.243351,28,1.636561
6.867344,14,1.650639
22.019461,23,1.673734
6.692637,10,1.68328
7.34096,11,1.692819
6.547325,10,1.703364
14.525214,16,1.720447
8.451356,17,1.740536
9.072296,14,1.757143
8.101367,13,1.771234
12.208076,18,1.793328
17.003218,20,1.816961
4.853499,9,1.827523
57.586493,39,1.868228
25.01495,32,1.899876
6.558576,12,1.911416
11.03943,14,1.927514
15.581079,23,1.950121
27.54773,27,1.981753
3.987783,8,1.987294
15.157461,22,2.012382
5.254383,8,2.019919
7.407645,16,2.036978
6.732283,15,2.053052
11.906677,26,2.078686
5.562885,11,2.09223
51.542334,56,3.385591
9.16151,17,3.40317
48.461287,64,3.465444
9.57901,13,3.478026
10.391271,21,3.493529
11.010658,31,3.523062
54.716122,41,3.563523
21.310411,20,3.585115
7.087463,12,3.596657
4.061708,26,3.62176
67.47226,45,3.664958
28.049386,44,3.70917
46.603974,63,3.75937
12.366951,18,3.773439
25.03703,32,3.803018
40.246162,34,3.835735
19.492955,21,3.853823
49.637479,39,3.886991
44.078936,34,3.925693
6.966259,17,3.944279
10.166125,17,3.959887
15.47001,37,3.996044
23.364315,33,4.033627
68.725531,69,4.10649
10.054642,13,4.123046
8.76038,14,4.135109
120.753035,76,4.205432
11.244153,14,4.221004
24.667119,23,4.245088
21.773723,26,4.273744
28.098644,27,4.292835
16.867112,27,4.321457
18.870399,28,4.350587
95.195444,53,4.404198
8.867256,13,4.418291
7.410944,11,4.430828
25.307486,33,4.462608
64.373767,40,4.499732
57.833427,46,4.527354
15.143821,16,4.538913
31.130603,27,4.56351
14.544877,32,4.599684
8.493139,11,4.611232
60.169531,59,4.673023
16.006446,24,4.695629
10.973435,14,4.712144
9.126028,14,4.727207
22.493473,20,4.749826
207.843531,127,4.86087
36.78976,38,4.893484
52.857012,40,4.935148
9.278696,19,4.956369
41.089828,33,4.992009
39.516043,48,5.042288
87.911755,49,5.093533
10.895882,13,5.108624
18.198179,29,5.129715
6.706008,34,5.160871
24.120723,24,5.188515
12.586864,15,5.206583
9.761746,13,5.222133
54.107349,38,5.257812
20.180515,22,5.271893
16.603736,33,5.300493
10.450778,14,6.624083
121.322477,69,6.6934
5.861667,29,6.721041
5.350045,12,6.733583
26.274117,24,6.759724
72.458801,47,6.801919
206.382744,106,6.880788
7.109582,10,6.889332
57.875641,38,6.922963
86.546914,71,6.992293
132.043964,69,7.065032
34.936653,44,7.110711
32.825211,34,7.144338
86.702933,51,7.196096
122.595368,64,7.263855
165.66687,101,7.370899
12.175589,15,7.386976
11.737992,21,7.412079
80.490996,53,7.47082
80.82676,54,7.52908
89.996042,88,7.613458
22.985602,23,7.630549
39.640091,29,7.662694
108.8908,62,7.722949
17.969652,17,7.739026
23.698417,37,7.762621
78.271968,64,7.827473
83.166498,53,7.881725
28.778568,31,7.914881
6.291674,15,7.927451
16.982835,20,7.94804
214.193398,131,8.086144
69.35293,49,8.126271
5.558384,14,8.14078
72.862605,71,8.2091
58.030909,37,8.248789
188.210353,141,8.394927
131.406759,69,8.456737
25.136377,25,8.482844
12.21345,19,8.505458
8.571021,14,8.523048
38.403965,33,8.553213
33.859738,27,8.582859
161.200158,88,9.932795
82.496133,49,9.985041
108.226435,85,10.063827
64.632823,41,10.095425
60.57957,64,10.153147
77.501402,46,10.194248
38.539864,32,10.230419
23.062899,33,10.26608
60.324774,35,10.302717
69.340147,42,10.343607
139.49888,71,10.421484
109.591581,59,10.476273
146.842429,79,10.557122
165.356955,82,10.641377
107.797992,63,10.710327
142.246303,75,10.795191
24.81751,22,10.818305
64.935232,42,10.867172
22.233375,23,10.890276
124.276523,64,10.957067
86.716841,51,11.016309
110.2587,63,11.09167
149.857649,85,11.176074
104.954821,59,11.235261
38.825904,29,11.261893
85.972433,49,11.31415
131.392584,66,11.386032
101.039615,55,11.439734
12.524062,18,11.457349
188.572638,110,11.56783
77.799831,46,11.617554
27.215856,24,11.643644
224.444769,112,11.764232
56.732696,49,11.811451
140.555001,70,11.87222
69.968152,72,11.941051
13.487368,16,11.958657
180.996221,88,13.377516
86.265413,57,13.435744
90.670696,51,13.493019
143.558464,87,13.579433
52.590035,53,13.649753
73.939363,47,13.698117
57.101053,40,13.726732
59.915407,37,13.765388
103.611185,63,13.823634
144.98335,75,13.892942
26.432681,21,13.915012
88.551465,53,13.971769
123.688587,63,14.035104
58.044392,48,14.085679
16.795383,16,14.103899
241.868376,130,14.26261
196.000375,106,14.365078
12.692473,19,14.386185
9.803018,12,14.399752
78.293168,59,14.449045
64.974631,41,14.486207
157.430321,80,14.567091
44.640116,53,14.617801
33.450912,51,14.664504
25.209845,25,14.684175
14.504436,20,14.697253
125.658067,65,14.757026
5.34757,8,14.764042
149.827084,90,14.856991
83.803767,58,14.91521
138.046443,70,14.981979
76.761967,46,15.026697
59.88928,37,15.060839
89.399507,93,15.154181
37.449518,43,15.195873
177.860377,92,15.292837
43.649609,34,15.332029
24.728013,21,15.353117
92.495601,53,16.65727
71.099633,41,16.699463
70.619792,44,16.745162
185.420043,91,16.832565
80.049637,50,16.881773
58.064205,41,16.923944
89.495226,51,16.978728
146.988608,84,17.05753
95.366058,56,17.0956
121.455081,86,17.180448
132.994979,66,17.249768
179.532279,82,17.323806
64.934872,39,17.365956
60.358191,37,17.402628
98.791355,67,17.472893
160.942598,117,17.592951
73.12512,44,17.634115
93.42442,52,17.683285
17.099631,17,17.701359
177.427072,82,17.782708
189.601649,104,17.86961
140.091292,71,17.930876
71.321422,42,17.974548
224.090564,136,18.103048
92.596876,58,18.162803
154.214763,79,18.244142
104.119634,61,18.309931
81.795276,47,18.359156
201.983916,102,18.459104
172.658427,85,18.545947
127.165313,69,18.625816
231.518749,104,19.993803
133.517132,71,20.066651
223.883728,99,20.150523
112.880649,63,20.211768
81.578127,45,20.258978
229.688092,104,20.341872
148.518596,73,20.398651
159.059159,78,20.460436
216.777885,109,20.562392
201.828642,92,20.644666
218.104146,102,20.743551
217.117379,97,20.839032
198.894431,96,20.930953
205.066745,92,21.017327
194.274395,88,21.101163
206.906334,106,21.203039
96.455648,62,21.264056
67.355177,40,21.303765
161.211787,91,21.394162
153.971048,105,21.493045
106.258713,65,21.547786
137.149107,74,21.619357
157.129557,79,21.696176
110.476504,82,21.781587
168.982598,80,23.137829
256.640025,116,23.249832
38.610834,28,23.276965
218.186472,96,23.366405
202.383307,91,23.449325
213.209883,101,23.547284
44.008673,33,23.578911
90.181183,55,23.636144
229.579273,112,23.744611
240.395921,125,23.873986
196.879535,88,23.962031
223.592258,100,24.076034
195.613279,92,24.162945
195.715993,89,24.257893
219.254385,106,24.357832
150.734167,74,24.430655
71.688426,52,24.48246
110.92759,61,24.537724
235.942886,117,24.643136
230.226869,113,24.733107
108.481653,60,24.791483
209.030924,98,24.888425
281.22404,139,25.017971
216.916146,97,26.375729
123.911343,69,26.446589
169.797269,89,26.537019
198.302485,101,26.645837
203.51613,95,26.722714
188.800919,84,26.810062
240.421364,121,26.914009
231.237299,106,27.022392
218.822966,97,27.123347
199.365037,94,27.209674
195.433601,88,27.290483
118.572724,62,27.355767
213.808382,103,27.467289
66.341344,40,27.50546
52.401935,35,27.54565
266.308687,135,27.686325
207.723422,94,27.783756
99.836543,63,27.846533
221.253905,99,27.951039
214.552,95,28.053007
225.31295,104,28.162516
256.527695,112,28.265723
209.332274,97,28.354608
30.324959,26,28.380238
158.073035,91,29.69645
207.655296,102,29.782331
183.486421,89,29.87473
209.360984,99,29.962652
206.085267,99,30.075656
208.460022,102,30.16155
224.228612,103,30.252839
224.008464,99,30.356727
186.452958,86,30.444613
229.251267,106,30.544562
200.714625,97,30.633638
201.788774,93,30.71418
155.043445,78,30.797082
219.103103,100,30.916138
233.648492,102,31.017751
185.041498,86,31.100627
208.053712,95,31.189819
158.934414,80,31.26634
218.685737,116,31.385511
62.501501,38,31.423159
204.064165,91,31.495465
214.310692,96,31.586321
225.833989,105,32.935677
171.318217,84,33.007579
81.907359,49,33.050262
228.016464,108,33.171299
221.281543,101,33.267237
164.9335,76,33.338137
197.597781,97,33.433525
207.094425,91,33.514338
87.057429,48,33.566056
236.632997,102,33.665983
214.476725,105,33.764437
203.300661,104,33.862825
233.900005,108,33.967255
175.385709,87,34.060436
206.549216,104,34.165904
222.782916,103,34.267911
196.715004,94,34.358832
234.171399,103,34.453191
211.801922,105,34.551115
180.595648,88,34.636931
100.216695,53,34.688169
196.288964,89,34.778553
213.707854,96,36.155894
200.778343,91,36.234717
127.473078,66,36.291053
218.975586,110,36.403572
200.90237,90,36.506075
210.737123,101,36.609083
220.586622,99,36.718566
184.755678,86,36.809434
207.19163,92,36.899832
68.734129,40,36.939915
187.60874,86,37.02571
205.544824,92,37.116065
198.688478,92,37.207967
223.001304,101,37.308469
204.026087,94,37.401758
204.479257,96,37.494112
202.991559,91,37.586905
132.59583,69,37.646801
62.662407,37,37.685968
206.568971,93,37.774397
203.752486,97,37.866816
210.977278,102,37.966758
194.875721,88,38.044524
212.454828,97,38.131924
204.533808,94,39.460932
206.460073,97,39.555799
221.557593,98,39.648693
217.95579,101,39.746614
194.387566,89,39.840545
209.820513,95,39.949034
202.410194,98,40.043458
219.797125,99,40.148919
197.142903,90,40.231778
193.829196,90,40.312893
88.15086,51,40.358161
78.433404,46,40.40332
76.505135,47,40.443503
185.143089,85,40.519333
205.089433,91,40.610756
207.557573,108,40.712705
190.605826,92,40.804183
197.729455,88,40.8936
173.540307,84,40.986568
195.662319,90,41.073481
201.876395,92,41.160892
67.387294,40,41.201075
215.593971,104,41.30153
198.648769,93,42.700875
203.150015,93,42.796776
206.680349,93,42.891707
194.79882,88,42.982555
236.080604,123,43.114114
213.456734,95,43.216329
205.179815,97,43.313208
238.273826,109,43.431838
188.889584,89,43.527788
184.097189,88,43.604118
213.530358,96,43.705086
99.704386,55,43.762603
215.94797,97,43.859088
210.80947,94,43.947809
54.787276,33,43.980985
188.586317,88,44.061836
194.021714,93,44.151219
205.587738,94,44.232541
198.625023,92,44.326448
192.609428,90,44.406907
231.692825,103,44.500882
199.163443,91,44.592202
200.770302,91,44.679605
191.995892,95,46.108095
223.140154,98,46.204526
208.020471,98,46.300024
188.25229,89,46.381886
207.768465,92,46.474302
222.428673,99,46.586875
195.335755,93,46.681307
231.517266,106,46.791802
209.559259,96,46.879215
203.212972,91,46.97363
203.631646,102,47.072107
219.920899,108,47.169356
225.60844,106,47.268327
192.154988,89,47.356693
192.610992,86,47.448311
198.799341,95,47.543655
216.939631,101,47.644353
204.378857,92,47.73476
218.922631,98,47.834233
204.987994,93,47.909693
191.170801,91,47.984941
202.339708,90,49.342688
126.282113,69,49.406993
193.996587,87,49.487864
208.361169,95,49.577124
205.459262,94,49.667532
204.389926,95,49.757978
211.69731,95,49.860444
214.726009,99,49.970911
205.600642,97,50.069884
194.252072,91,50.158215
235.75549,109,50.252528
182.854262,82,50.324821
202.024468,91,50.411783
227.721339,100,50.510297
190.987121,86,50.581628
224.206369,103,50.663519
222.55637,96,50.744867
194.465633,93,50.840336
210.011219,99,50.938294
95.573333,54,50.997097
177.814295,89,51.086513
201.815084,96,51.179966
221.798413,105,51.270317
228.082004,104,52.645159
210.895987,98,52.738055
229.035437,102,52.834752
206.550548,94,52.92762
139.758874,74,53.003957
206.406943,101,53.091156
226.507846,102,53.1861
215.583627,102,53.292571
168.979367,80,53.369466
195.889246,98,53.46286
217.247498,102,53.570349
203.834108,96,53.659765
226.398164,106,53.764764
237.170944,108,53.857229
240.072059,105,53.959202
222.917035,101,54.045135
196.696198,92,54.139076
220.850743,106,54.232143
213.736057,94,54.336714
197.063509,89,54.435123
215.057817,99,54.529127
220.165598,98,55.915001
211.505126,111,56.006947
234.462088,110,56.107889
99.495223,58,56.16415
185.779437,93,56.245503
224.659706,97,56.336912
197.875877,90,56.41976
224.314563,98,56.509168
230.010009,105,56.607142
219.024486,96,56.690028
236.27861,101,56.787626
248.473326,105,56.888629
202.361074,91,56.977998
257.095087,117,57.090466
240.064841,111,57.212535
209.056187,96,57.291391
207.514169,92,57.382341
117.283951,65,57.443612
198.530884,88,57.521476
230.30387,100,57.622426
65.763698,38,57.671681
231.972199,109,59.096939
214.475614,101,59.199798
114.513753,66,59.259577
199.765913,95,59.336374
111.059437,61,59.401664
231.335218,111,59.503615
170.706684,81,59.580476
66.049775,41,59.62465
190.67947,89,59.705511
291.312823,118,59.818065
225.751262,96,59.913443
318.058114,127,60.041687
233.647099,108,60.155701
217.665313,100,60.248027
197.736728,90,60.336426
239.512271,104,60.434885
300.097629,124,60.554387
137.120059,75,60.626708
216.121996,99,60.72307
213.577092,97,60.811937
280.459068,120,60.933933
227.168923,114,61.034908
331.673349,129,62.465195
209.357312,93,62.556995
159.688872,84,62.630303
231.733306,100,62.735271
211.481006,95,62.834766
211.06791,100,62.921123
221.442219,108,63.007503
170.228357,82,63.089385
236.950721,102,63.195344
247.880166,113,63.309975
292.351151,122,63.424529
277.141715,114,63.538553
263.94656,108,63.650454
257.871882,109,63.758897
296.677381,126,63.881626
265.5186,109,63.973011
313.553605,122,64.079516
218.470368,97,64.170881
232.911158,100,64.269751
254.60922,108,65.632731
201.992103,93,65.720164
201.205425,93,65.814101
239.60362,104,65.904519
160.457639,79,65.977389
244.189425,106,66.070359
227.691568,101,66.172297
219.578679,103,66.270247
207.029953,101,66.37521
288.681408,123,66.501818
274.810454,122,66.623865
291.784989,117,66.758991
250.271412,113,66.873449
150.409017,76,66.933701
279.227129,123,67.033622
312.435267,126,67.154132
299.446105,121,67.268945
301.513791,131,67.39444
278.908704,108,67.493419
117.611321,65,68.831921
333.383362,131,68.97419
256.084819,114,69.084732
298.567394,124,69.208312
162.085547,81,69.284109
302.51873,132,69.409196
307.421769,123,69.528119
291.734593,118,69.63311
309.937716,144,69.748093
303.758444,130,69.876706
300.894244,118,69.993217
251.21086,112,70.104739
189.27935,94,70.198721
211.495347,97,70.293076
278.819277,128,70.42185
309.179048,128,70.548101
273.676603,114,70.651616
313.101061,139,70.79078
309.376255,131,72.21921
290.507851,125,72.356863
311.701295,123,72.477404
325.8585,132,72.612019
300.522465,132,72.745641
241.690194,107,72.854219
336.966541,144,72.991356
290.530664,113,73.107089
478.009029,180,73.278372
337.490045,135,73.428366
299.147408,122,73.538619
261.862635,112,73.652661
336.668062,135,73.795819
303.830887,124,73.91411
292.42334,117,74.02363
247.621203,113,74.119606
316.883751,133,75.53069
243.33672,115,75.657755
329.982731,144,75.801469
280.559904,125,75.923757
314.397891,136,76.053589
281.255664,117,76.159678
330.407736,137,76.297731
241.799501,114,76.410766
335.960807,134,76.519235
329.502205,132,76.647791
323.948891,131,76.769395
331.550715,136,76.901366
355.532363,142,77.03095
285.33558,120,77.129581
274.742572,115,77.241589
314.252289,131,77.350583
327.884519,137,78.752369
341.431716,134,78.884411
307.6085,125,79.01734
353.626965,137,79.151483
380.468295,150,79.306711
351.426214,145,79.442503
343.069583,128,79.558061
355.105234,134,79.683128
286.219448,125,79.786081
315.650363,127,79.893609
261.970446,127,80.00957
322.593245,144,80.158778
286.059523,121,80.27683
329.659601,141,80.428108
309.662486,136,80.559062
317.940743,124,81.914376
329.633982,140,82.045431
328.796211,146,82.182693
322.845903,134,82.313766
346.218048,142,82.452352
340.092015,137,82.581959
334.724521,127,82.704032
64.589337,38,82.741146
300.653438,132,82.855795
338.935561,138,82.960296
331.484567,133,83.089365
341.23585,142,83.225924
301.978406,126,83.354445
348.568068,137,83.49901
328.343194,136,83.624528
392.902282,146,83.75721
363.809445,136,85.112579
448.468486,164,85.2572
326.456051,128,85.372674
388.491267,151,85.512728
351.968408,135,85.655029
342.779876,131,85.785508
527.508344,175,85.94894
312.683766,133,86.063522
371.359675,139,86.179601
347.767546,131,86.308276
325.333836,133,86.435855
365.335207,154,86.591974
298.811109,125,86.713068
346.031859,132,86.83917
218.229352,100,88.162487
360.478398,137,88.28806
334.430818,137,88.425555
359.515921,132,88.548117
350.482727,132,88.657669
311.181055,125,88.779761
239.281523,103,88.861361
578.045068,199,89.054127
361.255416,137,89.187272
322.170434,131,89.310255
312.062633,130,89.434838
239.434583,112,89.554934
350.428487,129,89.66505
368.744768,133,89.792116
353.124956,133,89.924279
319.920618,133,90.042458
359.213685,142,91.457656
277.69905,133,91.588313
560.757004,209,91.770224
327.722627,134,91.905755
325.069091,134,92.035903
326.733632,130,92.154957
307.241256,129,92.261736
378.386516,143,92.398885
361.491538,137,92.532116
383.803244,148,92.678734
322.679375,125,92.805825
292.626549,115,92.922421
331.903973,123,93.035959
379.020917,137,93.160444
557.666289,204,94.605851
557.641727,191,94.765657
348.42208,129,94.879679
492.401273,178,95.053947
352.775776,130,95.167438
447.143627,161,95.307517
200.554206,86,95.391936
409.445821,154,95.522391
358.959535,137,95.647914
484.329519,164,95.812737
373.37396,136,95.921434
397.02834,151,96.059947
332.564985,130,96.172441
463.241683,165,96.341449
490.770919,174,97.775343
386.109743,145,97.905826
393.219018,141,98.035417
362.818485,136,98.162988
384.730593,139,98.293144
409.779552,148,98.437159
410.509247,142,98.571734
375.942939,143,98.696386
116.677121,63,98.747607
397.7685,146,98.88785
365.383024,134,99.016477
378.087321,139,99.148548
377.552659,135,99.259063
373.162542,132,99.392377
384.534659,140,99.527308
427.958563,151,100.923249
382.85463,144,101.058284
357.442574,126,101.175775
390.698637,138,101.310909
399.508696,142,101.458421
352.439071,131,101.594702
314.379031,115,101.708654
640.728143,215,101.915577
529.797606,187,102.089817
353.195114,128,102.221712
392.646456,156,102.39198
349.285329,126,102.525888
335.879665,128,102.662473
342.1367,124,102.795036
193.625334,92,102.895514
352.655566,128,104.256323
366.754502,134,104.387403
387.52993,139,104.523036
393.299136,140,104.673214
544.765925,177,104.839693
411.289073,146,104.963457
433.447482,159,105.105411
348.282584,134,105.234323
384.937854,139,105.360412
511.770451,180,105.525124
370.968018,139,105.641155
494.473806,189,105.850664
863.407615,274,107.387432
389.368686,134,107.491143
567.009185,190,107.644222
392.771448,139,107.763762
527.859612,179,107.926006
595.334648,204,108.129484
369.082234,137,108.267608
322.390162,130,108.39973
310.066033,123,108.525309
188.505121,101,108.62851
616.774733,202,108.808721
361.795633,133,108.915756
536.414098,185,109.089982
388.383567,142,109.220979
442.014381,158,110.578333
361.167864,132,110.691321
669.448683,225,110.873127
381.224503,139,110.994064
658.719269,212,111.183
503.122024,179,111.345711
374.807475,135,111.480302
558.43379,190,111.662026
340.373472,127,111.799513
578.273145,201,111.990328
382.727958,134,112.107805
330.215251,127,112.2153
356.323839,137,113.632232
383.802545,131,113.748835
379.142532,137,113.864325
391.005895,137,113.978423
387.449577,140,114.109507
544.398028,198,114.286257
388.553709,151,114.424124
456.860783,155,114.582782
369.503642,135,114.723413
379.837882,134,114.857952
406.310292,146,114.977933
487.993634,160,115.124866
361.805719,135,115.246494
241.393356,102,115.351156
396.083245,139,115.47837
359.017595,129,116.889032
379.780191,140,117.012088
575.885087,177,117.172866
380.755776,141,117.281339
417.353107,147,117.411003
342.158019,128,117.534735
558.118921,179,117.696914
124.427914,67,117.761197
376.032669,138,117.885037
650.576135,199,118.089873
354.986799,129,118.208846
370.352817,132,118.339883
367.781282,138,118.473411
321.003825,120,118.596147
332.935333,124,120.051856
639.002031,199,120.266655
404.267502,141,120.392909
392.537884,139,120.502329
354.162562,128,120.636043
608.219359,183,120.808775
592.512148,211,121.011766
583.743995,194,121.21006
377.412769,130,121.35625
390.147502,139,121.5005
534.106938,200,121.707766
634.502912,194,121.897098
436.327268,150,122.034892
541.102634,186,123.494387
371.467292,138,123.633411
351.957928,129,123.743378
613.793441,195,123.91961
367.269105,131,124.050529
379.947945,136,124.162574
352.206706,134,124.284578
415.643352,147,124.403902
758.843726,243,124.642885
637.234353,197,124.835742
635.992216,203,125.023026
621.900859,193,125.209989
376.3788,131,126.586335
369.791749,138,126.724395
353.616128,127,126.86557
636.326545,202,127.052972
338.511893,132,127.204486
361.843763,127,127.345152
536.214738,167,127.509458
362.045231,131,127.642052
668.111008,213,127.822699
367.400383,130,127.945261
495.804038,162,128.124429
192.423152,98,128.203183
429.985773,149,128.335803
129.036004,69,128.388441
359.586378,129,129.77494
377.007085,135,129.89248
487.489994,161,130.0382
474.829567,157,130.183388
606.939276,187,130.392427
366.761059,134,130.53974
578.928279,186,130.73871
828.715211,262,131.017336
649.09941,197,131.203699
361.594974,127,131.317209
601.695541,184,131.498873
358.156469,129,131.631521
379.110806,136,131.759326
369.255056,135,133.207184
545.776877,176,133.376495
622.352957,192,133.573185
366.737142,131,133.702789
223.056646,104,133.777134
702.868934,216,133.972788
544.436729,171,134.155643
779.855567,255,134.399846
621.851855,189,134.580434
669.503142,223,134.772526
621.22149,192,134.933214
355.986975,132,136.351757
579.578056,180,136.541203
374.121878,131,136.663753
581.127192,192,136.849336
458.483335,161,137.017563
782.052414,253,137.243067
394.644676,137,137.375128
403.213247,140,137.511347
537.328297,175,137.678085
364.000383,131,137.78558
159.230182,82,137.856999
482.160778,157,137.991343
622.039286,191,138.166528
587.944235,185,139.594675
606.14942,191,139.756317
533.510207,171,139.925629
636.888183,201,140.085299
515.446649,173,140.236802
385.435176,135,140.353916
482.422283,156,140.493039
500.622326,159,140.615542
374.299861,137,140.739043
386.936147,137,140.868654
606.701498,200,141.047503
630.079379,192,141.228668
598.109372,192,142.701889
552.644919,172,142.858232
600.520959,209,143.052063
591.058828,184,143.235272
377.699782,140,143.362862
631.216035,209,143.554203
383.788065,138,143.700447
280.605363,114,143.815869
588.47131,203,144.008787
400.137461,139,144.134491
358.59565,137,144.248958
543.88459,176,144.392587
368.955118,131,144.492509
622.486495,194,145.968668
165.326797,84,146.050244
639.255502,188,146.237408
345.311291,132,146.363047
587.443505,180,146.533817
587.278688,179,146.70459
609.738795,195,146.859733
518.571335,174,147.00642
375.656897,139,147.121454
581.698878,195,147.291543
602.816821,193,147.478628
529.413312,173,147.632342
559.708851,176,149.055606
364.694602,134,149.197755
323.145392,132,149.322839
650.098198,214,149.510678
639.792461,206,149.729142
583.963655,188,149.922897
626.814873,190,150.097117
360.587358,130,150.17698
599.759079,209,150.398895
569.49075,173,150.55114
470.641726,179,150.722822
514.340755,167,152.121555
545.300509,182,152.292571
522.502206,168,152.43312
668.192979,217,152.647073
379.057517,134,152.788718
593.38603,183,152.964505
637.535702,196,153.155316
643.437709,192,153.350718
388.87006,137,153.453259
101.617178,58,153.497414
625.506975,188,153.684412
584.828676,193,153.862789
592.562237,190,155.321985
625.123559,198,155.475301
514.958394,165,155.625164
527.358137,169,155.771164
641.8898,206,155.986993
571.208719,178,156.129485
593.007513,193,156.31027
670.19478,210,156.52084
588.232471,202,156.733253
536.206559,181,156.906042
358.86808,136,157.03566
565.644621,172,157.177254
647.362799,214,158.624027
550.061204,190,158.792266
750.020217,258,159.044007
463.691038,175,159.209854
687.366452,229,159.439364
563.292657,196,159.615654
532.783567,179,159.772387
492.578344,202,159.965184
602.342805,191,160.119942
655.29986,203,160.296084
468.547913,155,161.709112
681.509608,226,161.909377
658.671516,206,162.114326
581.690996,175,162.324152
555.12527,188,162.533055
578.035936,189,162.724454
551.168454,172,162.900773
83.986338,46,162.947448
571.507863,184,163.129097
582.54789,177,163.289731
549.266187,178,163.456943
344.926515,134,163.56439
315.325983,123,164.932119
624.216768,199,165.092304
639.575289,208,165.27274
335.759214,136,165.390239
609.516905,187,165.57379
716.760216,228,165.793727
566.129914,181,165.962544
594.665603,193,166.13629
630.032421,200,166.299796
580.389504,186,166.474405
586.497325,181,166.632571
485.006067,155,167.994176
570.103628,183,168.164678
961.116986,337,168.455025
575.964123,182,168.635034
419.76305,154,168.790761
603.48328,185,168.976569
719.762782,252,169.230667
626.547454,194,169.412642
547.934059,176,169.594003
585.749509,177,169.753269
641.357801,211,171.20947
653.769799,212,171.401344
368.366481,131,171.522941
690.985039,233,171.749145
301.035298,122,171.859726
619.701735,195,172.033593
644.289946,201,172.226783
613.040748,201,172.386105
707.551242,221,172.59756
370.128656,132,172.71599
590.211916,186,172.869207
539.676535,169,174.274766
556.39366,170,174.411473
1014.898399,350,174.77304
517.94816,161,174.929235
680.932093,206,175.137398
649.050178,195,175.327641
383.968834,140,175.450255
615.063336,189,175.634437
466.283285,150,175.783557
601.786706,190,175.967531
544.616742,198,176.146504
597.836665,202,177.598413
545.241799,173,177.75804
540.055625,186,177.914759
675.864038,217,178.105966
645.788303,199,178.291857
602.277059,197,178.449927
529.039004,169,178.612991
536.70108,173,178.768034
591.891967,191,178.95368
632.022963,198,179.110703
543.664438,172,179.273973
668.601265,201,180.729439
606.508295,195,180.912433
556.996914,192,181.091153
87.940822,50,181.138345
824.030796,278,181.379901
536.480448,177,181.547622
648.283723,197,181.730464
598.943385,210,181.928225
599.708734,211,182.110432
560.480755,200,182.28158
539.395553,166,182.427833
624.297754,196,183.855721
647.855575,199,184.06468
611.668648,198,184.246502
573.379203,201,184.428041
748.158457,238,184.642682
874.735177,284,184.923865
689.953913,206,185.101717
474.538857,153,185.214926
614.267349,190,185.387311
624.692247,217,186.904962
649.601683,200,187.108787
592.117822,195,187.289413
591.185012,192,187.461734
626.76153,197,187.640983
167.75662,86,187.716946
536.324533,170,187.862039
587.779268,200,188.057972
359.320961,129,188.191026
554.012077,167,188.325669
620.791464,194,188.492379
667.013748,201,188.66649
654.734523,197,190.120528
622.281879,202,190.30231
758.794818,256,190.526678
637.20059,204,190.722583
657.321356,208,190.900829
1464.556844,500,191.384733
585.031533,189,191.58968
726.137433,236,191.820726
568.364887,197,193.302014
606.722295,183,193.484292
636.663464,192,193.688155
581.701635,174,193.858299
577.084387,186,194.009964
606.11639,183,194.16642
594.689395,195,194.3522852.515738,265,208.879534
612.098538,197,209.063737
664.069818,214,209.265815
921.054132,287,209.550737
758.629.601246,196,196.41334
505.208358,167,196.571076
606.401545,188,196.75314777656.063233,193,196.93985
520.75283,182,197.105615876.011699,287,212.135893
876.233821,276,212.394598
890.577862,285,212.655694
871.549549,269,212.891942
556.713711,171,213.076332
623.556462,194,213.247658
822.278674,242,213.464094
726.983639,248,213.698227
681.114271,220,215.127505
756.08007,242,215.364233
958.44951,295,215.665012
1368.442212,500,216.118952
641.328208,200,216.299939
117.410744,64,216.375821
361.327231,154,216.547619
613.001279,186,216.722947
801.076578,262,216.955529
610.220438,188,218.376603
794.486096,237,218.611112
758.57345,237,218.829618
873.096697,285,219.091733
739.497912,216,219.294588
597.537054,188,219.469782
623.374056,213,219.663215
739.552199,227,219.867617
560.728319,190,220.024809
808.146144,249,221.422777
859.477882,267,221.654779
160.882106,79,221.732292
1393.538259,500,222.215029
142.441913,73,222.269284
767.740276,235,222.486111
630.011668,196,222.68414
745.928066,250,222.912546
97.335168,56,222.96832
942.095662,307,223.255239
711.319408,218,224.750433
124.481751,67,224.812716
943.89345,318,225.121325
1313.676579,411,225.515055
873.634921,263,225.732913
545.007467,180,225.863145
709.28979,235,226.045959
750.706452,235,226.240305
805.007324,248,227.725123
749.771388,247,227.974681
566.077881,212,228.171477
1479.828074,500,228.69309
743.080867,238,228.934543
1047.907403,332,229.206899
1039.784952,341,229.501003
1073.986491,355,231.108304
771.46154,252,231.342527
1186.04137,409,231.738119
981.184291,306,232.024603
123.728065,69,232.085632
711.500754,232,232.292036
812.550804,259,232.506847
1071.032415,338,234.094193
1358.145828,454,234.540778
659.70633,213,234.763262
697.802419,263,235.01269
811.994922,252,235.266914
668.457424,213,235.479368
675.98377,204,235.686009
804.610932,253,235.931033
738.231994,235,237.418123
943.001572,291,237.680301
1128.877137,334,237.968672
1339.351455,500,238.441966
994.459278,306,238.750611
766.888193,229,238.930953
708.472942,232,240.402204
854.712079,291,240.686428
588.227465,205,240.895262
774.460388,261,241.129608
840.090086,256,241.367982
795.36171,250,241.606586
735.235568,237,241.806412
861.052148,272,242.043472
782.542942,248,242.278526
584.706819,199,243.638568
867.060877,263,243.862888
682.115285,222,244.060642
1112.42266,348,244.375159
933.922119,302,244.657237
989.153435,288,244.913924
1492.416464,468,246.592655
673.276165,237,246.820879
801.38791,251,247.059471
600.878536,184,247.227723
1057.280551,325,247.566474
994.209893,304,247.862778
738.939114,227,248.043971
570.048209,197,248.223411
943.960725,305,248.487181
949.551939,290,249.998779
855.910711,260,250.238511
805.946676,254,250.492832
751.410434,233,250.736505
1408.611114,434,251.179515
1439.402242,494,251.614949
1476.372221,453,253.275213
717.635262,227,253.476063
1113.039486,323,253.739524
815.945782,241,253.970505
806.99432,242,254.17733
1326.895026,415,254.538936
742.512034,236,256.014892
1610.854031,500,256.503685
846.772168,264,256.74815
1116.454009,347,257.092182
733.328505,223,257.306135
1273.127817,414,257.674923
767.251819,239,257.885427
730.467465,236,259.34002
122.214595,67,259.417084
894.089576,275,259.683857
680.959688,213,259.898784
852.633161,273,260.139703
1317.213674,404,260.573493
856.993171,260,260.814869
523.950366,190,261.003135
685.151618,236,262.47254
910.983889,269,262.702509
817.78056,244,262.923828
758.69405,231,263.154402
617.325168,202,263.342903
793.942224,263,263.579417
795.171099,243,263.802866
837.849235,265,264.015794
592.900989,192,264.198856
806.293141,262,265.755774
1179.685934,363,266.109292
1398.772815,500,266.636884
1148.786071,347,266.973842
929.298494,275,267.260628
757.819166,229,267.489133
852.179154,253,268.965616
1626.667196,489,269.428929
159.750618,78,269.505673
1033.87529,313,269.78515
1416.710916,482,270.254687
707.651661,227,270.450423
811.972912,246,270.682956
788.714634,239,272.122858
1121.917184,345,272.449191
859.761673,268,272.732276
718.387834,240,272.971971
758.085501,244,273.22082
251.792715,106,273.317796
619.63936,198,273.521006
1258.3605,403,273.849895
1234.780974,408,275.478122
729.241756,232,275.697429
781.028716,237,275.925916
901.448539,281,276.191623
1086.168851,329,276.494163
1300.894038,391,276.839663
791.637705,237,277.036098
790.675647,237,278.490222
482.361727,156,278.644444
730.575027,232,278.87246
137.302996,70,278.939288
372.081292,140,279.067927
700.728386,216,279.26898
862.386898,277,279.51195
1069.86716,320,279.809815
126.471804,70,279.874285
833.352381,271,280.101997
815.12323,264,281.585486
961.211496,305,281.829898
732.806792,234,282.04586
798.011944,249,282.29799
673.763566,222,282.494931
1439.026394,500,282.929155
666.977022,215,283.127475
1010.060166,307,284.7076
508.60664,164,284.861711
612.529511,193,285.052609
752.968767,232,285.251891
775.558039,228,285.477979
737.344172,228,285.671374
642.367167,202,285.862165
519.145007,180,286.012738
756.331979,235,286.204066
558.311264,172,286.333102
933.374523,304,287.876241
595.392141,187,288.052773
1391.253055,500,288.481163
785.910161,246,288.702036
1165.424573,350,289.041793
885.647422,266,289.261874
830.063068,247,289.488551
670.150116,209,290.989624
1617.083585,500,291.471196
1102.078312,332,291.793721
716.396446,220,291.997447
898.543009,276,292.265773
842.544807,266,292.496358
985.643367,316,293.973858
1327.428483,404,294.380006
728.461184,227,294.588648
894.154845,273,294.859893
692.427153,219,295.064826
523.283414,164,295.238584
1085.304239,333,295.582522
1373.909093,424,297.261394
685.122761,210,297.482491
1403.039018,500,297.93816
611.479549,183,298.112891
1109.06995,345,298.396653
650.269657,197,298.5603
1503.114497,500,299.03089
705.561434,222,300.441954
802.176444,245,300.686018
1392.558934,500,301.173045
1109.445733,302,301.448731
713.116688,222,301.664623
1286.451142,500,302.109476
696.220554,216,303.50986
1431.546076,500,303.977129
826.264966,260,304.20306
758.334499,234,304.403429
810.243399,235,304.629074
1521.631145,500,305.064931
657.233817,194,305.233825
705.21679,214,306.704974
858.162627,267,306.932877
1448.958279,500,307.404085
672.276589,213,307.590057
1231.756809,358,307.931792
999.830306,300,308.208614
689.770223,220,308.413474
1423.486629,500,310.093076
1400.760724,500,310.536708
1126.239897,326,310.833922
971.837145,287,311.105109
466.46694,153,311.249275
623.010582,194,311.426491
607.512414,192,312.857769
1361.063011,500,313.306648
930.388924,280,313.54738
861.733863,257,313.763295
988.216461,302,314.076457
580.651551,180,314.253456
602.962803,181,314.410599
833.651692,255,314.653811
1056.574046,316,316.223684
1619.585066,500,316.636978
1173.494444,360,316.972571
761.61099,235,317.186736
849.187706,263,317.440009
966.226089,299,317.709221
1317.703142,406,319.300455
1400.728216,500,319.782935
826.145602,250,320.018936
708.996258,208,320.217685
1513.026966,500,320.707453
680.702685,198,320.920868
1313.440216,418,322.591812
1457.285809,500,323.048057
781.38966,227,323.250731
801.860757,254,323.522461
1632.999228,500,323.998709
1292.936038,500,325.769244
1322.575236,459,326.231819
974.430272,287,326.504458
1519.887939,500,327.009387
1394.266758,500,327.487646
1528.235671,482,329.212646
1233.955831,365,329.55263
781.324375,243,329.77803
1304.545218,500,330.247491
1360.041113,418,330.622371
1081.746314,352,332.155244
624.955972,237,332.379287
757.366359,218,332.5876
706.088073,227,332.780477
247.098744,108,332.884412
714.587357,214,333.090842
1416.824333,500,333.577037
707.687615,206,333.755416
1558.403462,500,335.439328
1582.382056,469,335.89316
786.195097,253,336.128067
682.717789,208,336.290934
503.902929,167,336.43243
1374.09951,500,338.14942
739.311293,225,338.341697
1007.835339,308,338.627136
1564.544054,500,339.099021
1613.640855,500,339.539979
1113.097136,320,339.844696
1041.432002,311,341.437245
765.014403,228,341.664683
684.179747,213,341.890201
127.90839,68,341.962524
1268.291225,359,342.29057
687.530795,209,342.496128
708.066197,222,342.704858
855.691083,260,342.962387
1078.942156,304,343.249203
732.119699,232,344.657949
692.771756,204,344.840807
1576.61122,500,345.285233
935.508955,275,345.543525
707.917635,203,345.724378
631.466262,200,345.922405
756.620464,214,346.112605
1638.608555,500,347.846345
627.820325,186,348.043246
849.505312,267,348.283379
977.651497,302,348.556044
1030.449268,302,348.824041
1423.258405,414,349.214522
738.20582,229,349.445618
519.241181,161,350.896107
1500.605966,500,351.379442
1536.337404,500,351.852021
1598.907333,500,352.32425
748.398206,227,352.545723
1414.3633,500,354.264541
552.212637,175,354.44235
1503.731301,500,354.947828
559.353278,177,355.124663
727.143552,224,355.337672
1135.096169,339,355.657258
1440.49802,500,357.464866
1235.190826,359,357.803019
757.547419,231,358.009554
1474.123327,500,358.451151
1335.713606,500,358.915684
860.033341,258,359.186678
1373.700216,500,360.915925
876.815134,277,361.140077
788.473332,234,361.375576
507.395202,179,361.53071
923.720603,278,361.787697
1512.028375,500,362.266727
1111.776063,317,363.842395
261.794409,111,363.947535
1355.60489,383,364.275773
1482.685678,500,364.735251
1416.691193,500,365.191047
1407.004367,500,366.950631
1581.456562,500,367.369586
1117.326026,314,367.653888
275.182287,112,367.772388
1597.604316,500,368.275091
1479.265664,500,368.734072
685.883994,219,370.23292
899.890447,280,370.489003
1438.984457,500,370.902457
1504.175761,500,371.366953
1288.081046,391,371.726218
1439.087556,500,373.464091
1024.307509,327,373.784374
238.588544,106,373.893854
780.337297,238,374.121369
1338.576678,389,374.47628
820.338549,234,374.677481
921.298456,272,374.950963
795.558789,248,376.405641
257.886325,108,376.501477
1538.819197,500,376.946921
228.989143,105,377.057912
887.015094,264,377.311694
216.645624,103,377.408587
1492.598592,500,377.899489
1132.37805,344,378.224684
1535.601608,500,379.963404
1464.299068,500,380.447885
847.216645,255,380.705066
1575.769092,500,381.201905
764.923935,220,381.415144
1108.783557,318,382.988404
1595.71738,500,383.465736
1303.220216,389,383.831822
1281.97836,390,384.212996
1316.780615,376,384.56811
1095.038343,330,386.256559
1148.290857,325,386.593102
1154.147555,326,386.921459
882.336155,257,387.19699
1562.089147,500,387.665265
1465.753592,500,388.130495
864.106922,258,389.640468
854.829735,245,389.848928
1159.332891,348,390.181384
749.841551,209,390.397437
1040.007802,286,390.661211
274.676188,112,390.768899
229.479367,105,390.871366
1099.348912,324,391.169142
1132.295222,318,392.729072
1096.194315,308,393.016609
606.310943,185,393.181684
856.566418,253,393.407223
1653.710319,500,393.892648
830.07338,245,394.121109
1592.166208,476,395.817295
824.762401,257,396.094881
1600.418003,500,396.54212
261.005264,109,396.632566
263.776893,107,396.742787
914.547228,263,396.974215
1446.704722,413,397.321501
1120.803969,317,397.604614
1089.373117,320,399.136813
1607.217295,500,399.630893
1221.058469,350,399.956952
1527.042424,500,400.446339
1102.817729,321,400.719089
98.904691,56,400.761302
1456.634764,426,402.405057
1108.509545,311,402.70678
1579.785522,500,403.149771
1091.614561,321,403.44535
889.133074,264,403.689909
989.275919,284,405.147461
851.337399,255,405.403911
906.746007,265,405.629403
1045.452142,304,405.901486
998.591124,284,406.145019
1368.516438,398,406.50571
840.383004,246,406.702484
1540.175178,500,408.391585
1659.640922,500,408.844153
1365.303201,380,409.141913
1435.649248,405,409.517513
1312.436824,383,409.853184
1119.315904,337,411.394791
1685.029722,500,411.844351
810.6483,242,412.070689
828.797753,251,412.297176
1224.515948,353,412.62009
1245.83062,353,412.932448
1157.400577,330,414.508771
761.630998,218,414.720727
1608.339176,500,415.207929
841.146218,258,415.463503
705.989723,216,415.662199
901.145264,266,415.907799
1019.133934,318,416.236617
496.114899,167,417.655076
619.828794,189,417.793824
1683.843885,500,418.233671
1120.41464,320,418.530065
1732.012253,500,418.956787
1239.389261,348,419.254509
1130.826771,330,420.824703
1009.17566,288,421.047671
1508.290966,500,421.516938
1027.782583,288,421.799243
776.783264,235,422.017576
967.953094,312,422.333632
1072.202199,304,423.852632
1543.743133,500,424.322914
1538.531073,500,424.805463
1641.675928,463,425.251728
1605.31301,500,425.73
901.886217,276,427.273903
1512.132535,500,427.698458
1462.809903,427,428.059932
1498.256498,500,428.517966
1598.521974,500,430.234443
1741.828041,500,430.686351
1293.931029,387,431.040585
1329.804607,395,431.42239
1582.301169,500,431.906963
1573.079135,500,433.625594
1665.407279,500,434.086307
1566.541183,500,434.56976
1493.331511,500,435.040769
1067.630528,308,436.573191
923.279687,262,436.807669
1302.391272,362,437.134562
1595.709637,500,437.576804
1020.45462,289,437.831379
1575.94063,500,438.296271
1541.262886,500,439.959423
1659.01901,491,440.400789
1546.025427,500,440.91959
1116.793178,314,441.221738
496.463195,182,441.378203
1265.569283,368,442.967565
1534.028692,500,443.406013
1453.016062,460,443.822763
1557.934779,500,444.276527
1097.451141,316,445.865763
1595.084569,500,446.374592
1464.057899,500,446.883393
861.149475,247,447.138118
508.951857,167,447.309889
1632.782543,474,447.704233
831.190487,243,449.196961
980.852075,279,449.462839
1186.93424,337,449.777822
1613.966172,500,450.221864
1566.849927,500,450.693443
1175.345338,345,452.221711
1476.181538,419,452.631375
1567.53501,500,453.08724
1552.375687,443,453.45891
1097.507635,321,453.728327
1594.679157,500,455.383932
1595.617565,500,455.828568
801.302799,227,456.049911
906.966294,262,456.300374
1161.674563,367,456.654166
1642.961236,500,457.048313
775.9114,228,458.54
532.413089,171,458.692719
649.995273,191,458.86517
1598.327364,500,459.273912
844.899837,251,459.511015
1085.930465,349,459.814335
1069.832422,308,460.091036
1581.692085,500,461.79432
1042.636288,298,462.035536
1082.313127,309,462.26801
1687.350539,500,462.699257
1527.227335,445,463.143261
946.789097,297,464.620101
983.274312,291,464.854453
1494.422247,436,465.256064
895.588271,267,465.479429
760.016932,230,465.675558
1570.356917,500,466.109174
1570.056665,500,467.786143
1605.960331,500,468.227145
1703.832751,489,468.674869
1581.748232,500,469.148883
1584.104581,500,470.87475
1105.639047,307,471.155654
903.339517,268,471.386347
1204.406267,354,471.698622
1662.223981,500,472.137449
908.662297,264,472.38465
989.292041,292,473.880207
1734.500214,500,474.342435
847.80433,251,474.576966
1127.285017,320,474.885886
1514.151773,500,475.362467
920.109699,272,476.898511
1628.016041,500,477.390644
1568.326132,500,477.836303
1670.02558,500,478.321836
1612.88282,500,480.048987
1214.869233,358,480.381134
1567.880968,500,480.80275
1045.186822,339,481.107699
1608.105607,500,481.56874
1036.738761,294,481.834882
1431.733045,409,483.489311
1117.054109,342,483.758926
1512.329131,423,484.149331
1621.535178,500,484.610714
1684.133291,500,486.398969
1034.855561,292,486.638865
881.944068,268,486.868572
1071.64733,316,487.167406
1618.768284,500,487.673277
1545.788234,500,488.128961
1042.287334,304,489.684649
989.990197,286,489.949755
1593.419469,500,490.385589
1347.87826,410,490.727152
1603.760795,500,491.209244
914.336483,278,492.729398
1617.646717,500,493.192024
1576.141915,500,493.63442
1173.144144,345,493.95713
1272.001531,363,494.26409
809.325293,261,495.683583
804.648183,251,495.914933
1583.00678,500,496.368578
1127.922438,318,496.627803
1584.828136,500,497.06735
981.061293,294,497.314961
1605.519214,500,499.004533
1056.866185,306,499.294455
1360.034992,400,499.661732
1521.433883,500,500.0899
1087.752571,302,500.368135
1566.228199,500,502.055898
1702.999092,500,502.526791
1723.064607,500,502.985723
992.534824,291,503.230337
1654.970869,500,504.917932
994.288607,280,505.18464
1644.810815,500,505.663163
1412.232796,453,506.07961
1535.872214,468,506.508574
1376.656921,400,508.188478
1568.958728,500,508.624346
1510.892105,500,509.038591
1567.156926,500,509.512854
1323.814196,387,509.875348
1661.442903,500,511.510628
1603.346527,462,511.869858
832.197396,244,512.089561
1575.359946,500,512.559605
1624.207478,480,514.289179
791.977763,249,514.514193
1179.006247,340,514.823302
1638.457759,500,515.274335
712.035797,212,515.459974
845.965779,240,515.679769
802.831933,237,515.895146
983.726167,288,517.38166
769.350097,221,517.589514
1045.471374,297,517.870655
1262.520994,359,518.186627
692.940542,213,518.382413
1556.068473,500,518.802311
1597.765939,466,520.513056
841.843968,248,520.719935
1062.295047,311,520.988656
1383.697958,394,521.327962
1436.940389,421,521.712418
1562.878222,500,522.211468
1500.280252,429,523.770428
1554.741232,462,524.196331
1377.681347,388,524.539401
1044.451059,301,524.811525
1568.532836,500,526.523958
726.589736,219,526.722162
1605.957172,500,527.124199
1609.707151,500,527.569863
1553.111871,500,528.000973
1514.902894,500,529.653504
1528.77437,500,530.079446
270.806389,110,530.162442
1551.347431,500,530.642701
1334.707545,379,531.030865
1577.354829,500,532.706412
1621.886885,500,533.160857
1018.803818,289,533.417483
946.908216,286,533.656494
853.391367,244,533.882452
1570.464396,500,534.36192
1577.478462,500,536.141667
1422.238109,414,536.510098
678.635026,234,536.732915
1743.29179,500,537.177221
1102.831299,321,537.498137
1042.220291,297,539.008185
882.225166,263,539.248207
1604.600569,500,539.695493
1374.06687,394,539.999283
1592.854692,500,540.426221
1569.422713,500,542.190802
1559.21857,500,542.64133
1630.225925,500,543.096148
1292.394706,370,543.428631
1718.4891,500,545.136909
1548.444682,500,545.530835
1023.238999,297,545.799117
1652.421342,500,546.199344
1043.024779,301,546.472425
1578.467016,500,548.170153
1224.439889,344,548.48612
1567.822686,450,548.889543
1467.321401,427,549.265366
1071.657934,304,549.563132
1671.038284,500,551.236909
1568.148548,500,551.663414
991.301142,281,551.923737
1651.004466,500,552.365687
1496.551107,426,552.765503
931.586868,262,553.0463
1705.712635,500,554.666497
987.873367,294,554.922318
1246.430417,356,555.230064
613.768532,197,555.411163
1306.718977,369,555.746909
1060.782737,298,556.027347
1627.877695,500,557.741756
1538.508833,500,558.155748
1205.723909,340,558.459997
1690.732902,500,558.930341
604.630079,191,559.106793
1210.008742,354,560.670151
970.330557,284,560.932317
1601.107369,500,561.365129
1488.126328,500,561.809024
886.048176,266,562.067948
1586.922587,452,563.734852
884.894643,263,563.976391
1627.639244,500,564.461291
598.951061,194,564.633963
1648.526494,500,565.144348
1274.604654,367,566.813893
864.321226,246,567.022853
1056.333367,310,567.321047
1212.876539,349,567.658895
672.109101,219,567.85319
864.529408,263,568.092765
1645.060139,500,568.615613
449.708465,159,570.040468
1104.861904,323,570.359629
1658.481319,500,570.831312
1491.913737,431,571.220468
439.849883,156,571.368212
1469.899242,419,571.724812
761.791903,227,573.094313
1452.910565,416,573.453189
1569.566323,441,573.831748
1086.582854,312,574.13276
1716.54253,500,574.599887
1123.388417,327,574.898392
1007.225871,307,576.397079
1593.862285,500,576.8544
985.581159,297,577.131035
1508.279894,500,577.618472
1714.306207,500,579.321438
1719.033641,500,579.761211
1592.16699,500,580.208631
941.924686,275,580.446209
905.384663,261,580.693172
974.338618,307,580.998679
838.341183,240,582.465458
434.441661,154,582.604903
1168.599049,364,582.928672
1556.426311,500,583.39906
412.716573,156,583.543649
1470.223359,500,584.024272
982.803578,282,584.308881
1480.351812,500,585.993307
1431.110853,456,586.444138
1624.566876,500,586.894842
1559.36236,500,587.348638
931.529299,290,588.886717
325.147324,132,588.985824
1458.640896,500,589.424779
1568.825048,500,589.876873
1179.942663,333,590.18691
1479.772973,500,591.930044
1336.103448,432,592.308526
1499.764747,500,592.769725
1154.388412,351,593.078639
1666.957033,500,593.536705
667.646478,222,595.006356
1255.026309,364,595.337824
923.689638,319,595.640059
1544.491482,494,596.121255
638.18819,237,596.355807
1448.247693,500,596.860823
1497.732237,500,598.548796
1184.35525,354,598.857968
1471.011308,500,599.317572
1559.452283,500,599.788311
1426.827693,500,601.475192
1447.446718,500,601.913608
1506.699903,500,602.374001
1479.428177,452,602.794383
1461.027394,500,604.496133
1661.999947,500,604.91281
1542.44921,500,605.378315
839.42793,261,605.637859
1509.716216,500,606.101766
962.551926,282,607.6329
1515.094124,500,608.079155
945.513226,292,608.367012
1523.042196,500,608.889261
1594.394013,500,609.33667
1356.100744,388,610.915977
1017.654929,304,611.196997
811.506508,247,611.430454
1380.059876,381,611.764441
1058.924344,306,612.0521
1216.501454,356,612.404205
1184.315238,346,613.981958
1640.634981,500,614.442576
1304.760837,382,614.772388
1588.217537,500,615.22633
993.45415,283,615.475423
1416.104239,429,617.115437
1060.588069,313,617.41087
1509.910674,440,617.826703
899.182213,289,618.132168
1377.294173,413,618.536246
1161.829476,355,618.865324
1657.169454,500,620.597667
1206.240494,328,620.950071
691.26146,228,621.189409
1100.160559,312,621.4395
1706.419829,500,621.91211
689.246757,221,622.128496
955.228423,289,623.660555
1269.270291,374,624.008673
1186.241345,347,624.3622
964.456542,272,624.634127
956.663737,279,624.919172
1444.721286,422,625.326608
891.467269,268,626.911602
1460.041874,433,627.326133
1036.530344,300,627.594346
1067.84238,322,627.88786
1558.168881,468,628.302662
1052.495877,296,628.577374
1251.341397,343,630.191643
913.035358,265,630.437263
1633.493438,500,630.906787
869.828781,265,631.159113
1610.520147,500,631.618013
916.796534,270,633.087041
1133.941298,320,633.364243
1619.523924,500,633.808164
1296.209364,356,634.146286
1268.686742,355,634.472403
1039.526119,289,634.712928
1683.419053,487,636.430065
1686.744354,500,636.937587
1600.135295,500,637.348942
1356.465325,412,637.724283
726.702819,232,637.929293
1515.544358,500,639.578873
1551.432456,500,640.074686
1482.652907,500,640.511388
1619.407373,500,640.955237
911.913626,264,642.548639
1197.966528,344,642.847869
1633.216551,500,643.319019
1588.882363,500,643.813759
1235.481206,338,644.110065
1558.995709,434,645.736463
1616.643013,500,646.176018
1673.980873,500,646.644917
1186.863729,336,646.946736
1566.616574,500,647.369067
1421.857564,446,649.091525
1527.35588,417,649.472373
1576.953909,500,649.968373
1457.672082,500,650.405723
1123.591962,316,652.01629
983.309739,291,652.300039
1198.407929,340,652.636489
1289.11249,356,652.977691
1640.90381,500,653.493546
1089.617577,312,653.794808
1094.718491,327,655.424036
1094.295122,313,655.750535
881.301383,254,655.997382
887.288526,254,656.244727
652.652637,218,656.467764
1604.715496,500,656.979649
1110.707824,322,658.548117
1549.088979,500,659.040761
1502.143632,500,659.529083
1666.529432,470,659.959825
860.622775,243,660.188167
1641.010024,443,661.82189
1526.773139,427,662.207774
1728.27837,500,662.621382
1177.23118,342,662.933317
1616.567706,441,663.316375
1337.840853,365,664.891925
1113.952351,308,665.181581
961.235287,275,665.439574
1472.23928,423,665.854958
1296.707169,383,666.213816
1546.754895,500,666.666242
888.893143,255,668.141674
1667.472559,500,668.585798
640.337455,200,668.800094
1155.088825,337,669.123614
1049.243178,294,669.374361
906.567597,257,669.587918
1062.743892,305,671.136117
1687.258534,500,671.615708
1497.666355,500,671.991688
1558.649651,500,672.481074
1614.862088,500,674.152721
998.004681,282,674.422928
1264.208606,347,674.754459
801.618954,236,674.9937
1250.073033,374,675.303568
1202.972911,336,675.635341
1237.064467,342,675.941806
1569.284825,500,677.638488
880.747421,256,677.862064
1304.399076,357,678.190562
931.852296,263,678.410841
795.519447,233,678.646783
961.590396,265,678.905302
1104.132278,323,680.416124
871.846472,252,680.638119
1260.490536,346,680.990181
1662.675221,500,681.433812
1690.933295,500,681.882288
873.394775,250,682.1238
1045.573192,291,683.637869
907.832932,276,683.880009
325.978896,130,683.999041
777.276541,234,684.248951
1721.488867,500,684.6995
1316.853507,384,685.058365
1537.588543,432,686.712706
1417.278067,392,687.128924
964.653049,275,687.387515
1593.958876,500,687.829797
1691.194927,500,688.295808
1667.746667,500,690.023124
1439.698359,393,690.354769
1242.426201,349,690.664097
1730.862205,500,691.10929
1034.422544,302,691.397702
1006.856871,273,691.643339
867.142156,250,693.122356
1116.891935,307,693.418197
669.775371,216,693.612459
1744.617856,496,694.097558
1001.970872,279,694.34656
1203.851415,330,694.616117
1575.457194,500,696.343459
1101.126556,302,696.626708
1568.722123,500,697.086709
829.667127,252,697.322871
1627.226894,500,697.774293
1577.674363,500,699.494583
1780.386647,500,699.97161
1593.000131,500,700.434345
1541.990041,500,700.866227
1658.784311,500,702.540708
642.577603,199,702.722507
1399.548634,387,703.071647
1161.607664,372,703.394953
859.947962,294,703.673765
1504.109588,414,704.076319
1135.676101,318,705.66087
1593.56418,500,706.108906
970.255054,293,706.378594
1179.165681,384,706.727144
1606.721473,500,707.161084
1649.15963,500,708.841539
1750.511334,500,709.291474
1639.266156,500,709.727487
1651.908947,500,710.1778
1237.988241,344,711.764841
850.43408,248,712.006398
1658.907809,500,712.454211
1226.512978,333,712.75016
1058.895907,287,713.026177
1677.10268,500,713.480618
1174.719243,320,715.065253
1200.999673,335,715.419248
948.566445,275,715.682287
1595.039319,500,716.151651
940.077333,275,716.397223
1126.830456,316,716.702473
1152.16525,313,718.290334
1555.596559,439,718.694431
1654.752834,500,719.147072
1790.233486,496,719.556555
1681.445648,500,721.263291
1118.311263,315,721.545191
689.641679,212,721.731558
406.442662,151,721.874658
965.27296,287,722.131795
1763.344162,500,722.573904
1560.991581,500,723.008207
1354.69876,386,724.563893
1573.612445,453,725.003729
1056.353478,295,725.2224
1569.505402,500,725.679181
953.785809,267,725.913204
1438.729157,393,727.56093
1052.174679,288,727.841491
1574.678085,433,728.250491
1671.478688,500,728.673258
1228.668976,333,728.971975
1600.539088,448,730.531718
1663.420453,500,730.986939
1706.017331,478,731.394472
1491.280347,443,731.793645
1177.740235,337,732.105831
983.324206,278,733.587506
677.0335,206,733.760378
1724.534923,500,734.189823
1634.061628,500,734.637019
1795.407074,488,735.042373
1613.735797,500,736.713868
1033.410498,295,736.979855
1127.029564,304,737.262239
1549.722316,500,737.728845
1643.221398,500,738.147725
1597.902199,500,739.872137
1562.72717,500,740.352636
612.829584,215,740.531319
1600.153475,500,741.022087
1611.454305,500,742.725173
1614.764862,500,743.220405
1626.096965,500,743.703573
1576.065342,500,744.121866
1355.663939,424,744.512484
1473.142532,409,746.138357
1529.6665,437,746.552112
727.333073,219,746.770137
965.419153,275,747.015843
1577.922432,437,747.417066
1001.456964,297,747.680789
1691.496307,500,749.457166
1043.622139,292,749.71494
1201.592762,346,750.014095
1714.643995,488,750.450125
1665.275123,500,752.11467
1598.317246,500,752.547838
1647.123832,500,752.973245
1127.372725,321,753.269094
1223.651932,357,753.613183
1683.435296,500,755.291471
1643.988773,500,755.724114
1425.649673,395,756.068004
957.189192,283,756.320416
1559.735821,500,756.758544
1432.569248,410,758.314874
1735.97795,467,758.755824
1608.126108,500,759.228721
1437.876579,397,759.605805
1674.092646,500,761.312877
1605.009286,500,761.77083
1599.166976,500,762.223815
1466.295537,410,762.58002
1631.245514,500,763.025782
1184.617803,337,764.585191
1647.495066,500,765.057817
1715.188802,500,765.510203
911.508574,252,765.765168
942.764512,282,766.013233
1651.772246,500,767.694237
1499.407274,435,768.101012
1532.93728,430,768.461962
969.619361,276,768.694367
1602.044505,500,769.167663
1673.589032,500,770.846958
1265.025874,347,771.201535
1226.101771,322,771.497754
1156.603794,316,771.773026
1158.071876,309,772.044616
1658.363518,500,773.75242
1698.874043,500,774.192668
1595.931984,442,774.629626
1715.623493,500,775.097719
1319.398439,372,775.435239
1273.35164,362,777.084297
1749.228614,478,777.536905
1170.165867,347,777.803981
691.308961,214,778.02342
1676.930299,500,778.459903
1144.38982,313,778.745106
1262.797218,362,780.320631
1391.539971,400,780.664378
1762.960316,500,781.102626
1348.245773,376,781.445701
924.797475,267,781.679404
1628.407252,500,783.364381
1705.780316,500,783.800348
1232.197236,356,784.106944
1245.884676,346,784.415922
1632.194067,500,784.881726
1698.015097,500,786.491154
991.836975,278,786.714688
986.854806,277,786.974951
1240.690342,352,787.292631
1042.81727,300,787.558717
1178.844568,315,787.85875
1309.124922,356,789.414942
1649.780591,500,789.843958
1452.863127,381,790.185879
1268.87304,344,790.506168
1594.596217,500,790.955554
1244.840273,334,792.508238
1757.651414,500,792.916476
1497.983525,411,793.311187
887.441097,250,793.556842
1266.842282,361,793.906897
1613.434997,500,795.573067
1677.782645,500,796.026403
1642.045157,500,796.478201
1211.050654,330,796.781404
1695.509107,500,798.468932
989.091549,284,798.706342
1224.651271,353,799.015181
1608.867488,500,799.442695
1806.67097,499,799.881979
1616.297957,500,801.619026
1000.428486,298,801.844337
1227.333308,359,802.165283
1677.395332,500,802.646976
1668.669521,500,803.095818
1042.880952,303,804.566978
702.06,212,804.789446
1375.618753,376,805.128376
664.046212,201,805.32671
1695.615995,500,805.767238
926.991937,272,806.051067
1061.552545,295,806.371933
1651.760629,500,808.144043
1265.411021,368,808.459877
1781.166215,500,808.900798
626.060988,196,809.085726
754.831968,231,809.331105
1692.333336,500,811.04595
1651.0595,500,811.510884
1660.287899,500,811.965819
1225.226691,348,812.30779
995.335543,283,812.558959
1251.954387,341,814.076356
1648.67434,500,814.505657
1688.666131,500,814.987578
1625.732743,500,815.433465
1637.614252,500,817.136344
1646.140266,500,817.583432
1645.270685,500,818.023672
1678.558514,500,818.510747
1629.52409,500,818.937284
1567.338066,427,820.560055
774.23134,235,820.771432
1260.325443,369,821.067698
1410.989916,399,821.441829
1401.94059,389,821.829695
1066.642008,303,823.330346
1187.906202,337,823.646801
955.043715,276,823.907802
1652.19219,500,824.367709
1651.828463,500,824.835743
976.694056,281,825.086829
1678.028657,500,826.744808
1132.370902,318,827.05559
1260.473774,330,827.378992
1035.425811,295,827.631572
1721.136724,500,828.08675
1638.188608,440,829.812987
1820.480983,500,830.25394
1231.607777,348,830.580283
1678.479939,500,831.08602
1709.353289,464,831.539421
1726.685148,471,833.192329
1658.464774,500,833.629555
1054.492991,297,833.919595
949.162209,277,834.134527
1723.184883,494,834.574009
942.545727,293,836.140202
1685.862616,500,836.634021
1566.083149,431,837.03493
1600.984401,442,837.479177
960.201329,291,837.753456
1297.301175,372,839.341897
1689.862234,470,839.734747
1720.313132,500,840.200389
1367.096491,395,840.587393
1200.739058,332,840.899266
1740.891967,500,842.607851
1498.101233,438,842.983741
1670.459193,500,843.430042
1626.611151,461,843.857993
1261.959585,342,845.407889
1431.376019,381,845.73863
1087.691131,305,846.032849
1679.067298,500,846.453192
1242.357976,338,846.722455
1554.447932,438,848.338624
1375.90107,380,848.637496
1767.717876,500,849.07712
1663.834829,500,849.582018
1736.023991,479,850.023942
1179.570716,322,851.542918
1503.699688,428,851.919812
1684.920982,500,852.374018
1670.705784,500,852.807768
1691.900958,500,854.503
1639.731755,500,854.979907
1418.18117,399,855.341639
1726.854747,500,855.794658
1595.927688,500,856.277452
1786.014967,500,857.992186
1498.993897,419,858.365115
1364.455603,375,858.717641
1185.087394,329,859.027883
1187.804703,325,859.326182
1211.739595,345,860.980714
1236.339067,341,861.285446
1231.421994,343,861.629911
1194.100912,326,861.903241
1230.808299,337,862.205105
1357.884106,370,862.555038
1003.313161,280,864.068331
1079.216042,305,864.358448
1675.872613,500,864.822588
978.849984,275,865.109234
1232.960744,332,865.446586
953.814314,266,865.715768
1657.931458,500,867.486633
970.400788,272,867.740325
927.057018,262,867.997557
1653.091285,500,868.477956
1793.951396,482,868.914707
1754.026638,500,870.600508
1029.550732,281,870.868749
1681.685569,500,871.284543
1254.573867,361,871.629013
1741.541824,500,872.146154
1169.785213,323,873.728191
1608.12082,500,874.160941
1504.746194,428,874.551941
1506.34338,415,874.929219
1035.505672,294,875.183306
1228.256974,327,875.499018
1636.810651,500,877.150206
1320.284994,397,877.56398
1254.931807,346,877.873858
1524.872741,411,878.211985
1789.594973,500,879.943545
974.333426,271,880.166137
1000.387098,281,880.416723
1165.929064,325,880.722409
1589.851341,437,881.121793
1284.577487,353,881.479447
1604.110767,437,883.112972
1662.352872,500,883.567801
1636.538645,500,884.053225
955.707494,269,884.298143
1143.038044,316,884.606153
1657.058967,500,886.34582
1203.345768,339,886.647664
1109.586593,300,886.906646
1492.744931,454,887.317369
1750.548854,500,887.763657
1673.959185,500,889.44993
1618.234014,500,889.919313
1409.564734,394,890.258453
1654.653295,500,890.730702
1157.635038,322,891.075782
1625.38646,500,892.744776
1675.285504,449,893.146101
911.526385,268,893.367878
1307.843359,364,893.702831
1527.849361,419,894.090528
1698.136491,500,895.897461
1003.105181,295,896.173346
1041.997632,302,896.471173
1036.438492,280,896.765572
1591.764805,451,897.217221
750.752413,229,897.448838
1763.545436,500,899.143993
713.014356,223,899.322747
1041.763177,294,899.608246
1368.48921,377,899.983441
1532.02623,416,900.359886
1443.396644,398,902.010959
1146.270717,320,902.301114
418.956015,153,902.451315
1314.469332,362,902.804003
724.033596,217,903.009273
1652.923075,500,903.454025
997.814428,279,903.72318
1243.38068,350,905.32151
1174.426298,324,905.603151
1409.203643,376,905.964774
1498.362887,419,906.382268
1626.973283,420,906.760171
1366.310642,369,908.347922
722.392067,224,908.546411
1327.269057,365,908.853629
1519.725098,440,909.286275
1777.200994,500,909.744774
1564.743336,425,910.125559
1641.025087,500,911.820963
1512.745236,427,912.214939
1399.421786,389,912.613197
1044.488149,289,912.867366
999.608152,278,913.12393
1032.212799,286,914.59639
1550.747523,438,914.984183
1677.231991,500,915.475221
1654.67945,500,915.950552
1757.950977,500,916.362747
1073.366029,302,917.852249
1184.219752,340,918.164165
722.518671,227,918.361762
1630.602879,500,918.823966
1392.415555,389,919.194164
1470.946335,404,920.806274
1802.224136,500,921.289297
1534.000592,419,921.680026
1621.423528,478,922.139084
1218.61472,331,922.439814
1667.97849,500,924.131593
1529.354233,427,924.536553
686.950626,209,924.719347
1465.433421,439,925.136436
1865.034204,500,925.637657
1636.512243,500,927.405338
1759.714708,500,927.859143
999.065784,275,928.127847
1261.058221,369,928.453801
1547.135549,431,928.859559
1427.365699,386,930.441831
1724.56316,466,930.866715
1038.187748,301,931.15208
1284.940256,357,931.50923
591.976269,205,931.706161
819.370934,267,931.970827
990.183098,296,933.494769
1691.425549,500,933.941999
1693.622756,500,934.370302
906.513447,268,934.617842
874.711023,255,934.840727
1248.606299,352,935.109493
1707.306119,500,936.854376
953.007467,280,937.086262
1258.848492,359,937.392284
1440.775639,425,937.803186
1570.986627,429,938.221087
1711.013519,500,939.944144
1616.811582,500,940.376403
1422.525692,388,940.720325
1682.226886,500,941.217757
1710.948394,500,942.938432
1666.827712,500,943.418549
1502.619886,434,943.790709
1368.271527,384,944.157948
1588.492339,500,944.631985
1022.622327,295,946.134252
1725.500254,500,946.608136
1605.287587,500,947.076464
1672.660672,500,947.492338
1239.929357,365,949.066093
455.609014,159,949.21121
1280.41881,359,949.523482
726.02058,228,949.747825
1884.811472,498,950.226507
960.028517,283,950.515747
1252.263177,341,950.859348
1258.248421,351,952.430899
893.681665,267,952.669582
1643.469527,500,953.114155
1185.725895,322,953.427713
1647.403401,500,953.89296
1432.853428,384,955.572601
1307.422558,369,955.969002
1013.631107,294,956.263236
1765.043002,500,956.76686
698.229922,211,956.962702
1036.473875,293,957.242522
1024.774815,296,958.803715
1710.450084,500,959.284363
1333.975378,362,959.610646
1249.948652,328,959.905492
932.183567,276,960.154011
959.634331,280,960.388032
1697.388268,500,962.083904
1640.973643,500,962.536853
1573.208636,449,962.956646
684.006514,211,963.150814
698.517251,215,963.342559
1373.165229,376,963.662288
1696.798667,469,965.322477
422.294161,152,965.477919
1267.168164,331,965.743662
1470.534075,395,966.102739
1403.458414,382,966.439134
1255.230209,358,966.785341
1267.082982,352,968.366051
956.099094,274,968.626336
1497.504081,437,969.034893
1761.808752,500,969.484791
1726.771355,500,969.955991
1197.713944,330,971.500366
1740.058633,500,971.961917
782.283338,233,972.198016
1531.628272,440,972.623107
1602.008683,427,973.012709
1804.011895,495,974.692906
1463.557959,403,975.044498
1115.426786,309,975.334693
1761.422185,500,975.793768
1660.968104,500,977.489689
1003.176344,275,977.769961
1323.14985,353,978.082846
1677.552793,500,978.548397
1691.610589,500,979.031514
1681.864654,500,980.779121
1703.913208,500,981.266765
1733.510559,500,981.70874
1852.353819,500,982.146267
1528.730105,406,982.519104
1728.232141,488,984.204888
1394.592799,381,984.577915
599.900577,210,984.791099
1549.578215,421,985.19205
1440.200396,440,985.642204
1647.138279,451,987.337978
1471.891646,395,987.703854
1530.747342,419,988.082166
1225.17432,334,988.399791
1720.735547,500,988.852956
1253.642406,384,990.510401
1731.047376,472,990.995428
1588.534531,445,991.405186
1110.057469,310,991.671887
1668.398204,500,992.099707
1520.116929,476,993.798042
1678.099063,500,994.239269
1678.892597,500,994.697303
1799.551703,483,995.172268
1695.575712,500,996.903587
1736.808106,500,997.384502
1031.890586,294,997.662142
1469.734774,397,998.047631
1714.150187,500,999.734513
1169.325449,317,1000.013136
1649.262212,500,1000.4545
1196.785803,337,1000.771684
1736.836661,500,1001.266553
1834.188357,500,1002.968627
1317.791933,357,1003.300185
948.789674,298,1003.593441
967.457937,271,1003.838448
420.274805,155,1003.986686
954.161798,302,1004.251538
948.24278,296,1004.489066
1626.43421,500,1006.191862
1718.503843,500,1006.665708
1722.424231,500,1007.143684
1676.24433,500,1007.577235
733.587935,240,1007.775933
1225.874449,380,1009.350621
1009.551201,309,1009.610942
728.242368,238,1009.840031
1051.986542,296,1010.12565
1230.155736,369,1010.453454
1820.577853,500,1010.950734
1485.562473,399,1012.543927
1620.709669,500,1013.008113
1660.384431,500,1013.461093
1659.982688,500,1013.870747
1643.174226,500,1015.685249
1642.233535,500,1016.166444
1659.046753,500,1016.611367
1640.038711,500,1017.121681
1662.267501,500,1018.827738
1618.696495,500,1019.280675
968.673712,269,1019.524058
1650.561476,500,1019.975226
1621.552412,500,1021.670833
1675.937412,500,1022.135157
1672.709862,500,1022.609053
1637.728084,500,1023.05664
1668.794748,500,1023.493871
925.370987,302,1025.013088
1782.875274,490,1025.469491
1831.684407,500,1025.944204
1794.36251,487,1026.329197
1776.272387,500,1027.986342
1696.865173,500,1028.404225
1207.698427,325,1028.669299
1263.906901,353,1029.010732
1653.357197,500,1029.485336
1783.622672,500,1031.144468
1291.861789,355,1031.482756
1660.868524,500,1031.937738
1370.594365,372,1032.258224
1686.49753,500,1034.021038
1684.7849,500,1034.454459
1653.291638,500,1034.949275
1697.733879,478,1035.378157
1735.827849,472,1035.842822
1076.512811,294,1037.398029
1718.904326,468,1037.82072
962.95126,271,1038.086372
993.11205,278,1038.343481
1253.03577,349,1038.668413
1148.802704,322,1038.988406
1787.495442,500,1040.709548
1394.065016,371,1041.090045
1339.638885,363,1041.433023
954.643537,296,1041.678978
1206.096533,330,1041.954714
1300.375872,353,1043.511302
1065.952505,297,1043.818979
946.998432,266,1044.045258
1247.558253,353,1044.360153
924.243366,251,1044.577666
1576.597783,431,1044.970387
922.723146,297,1045.22201
902.70055,256,1046.748793
1066.333263,293,1047.05189
638.487667,219,1047.271236
1237.892572,337,1047.596328
1079.947007,296,1047.860815
1099.651275,302,1048.130031
1681.242332,500,1049.791033
1119.460768,312,1050.067505
1238.822735,342,1050.392539
1274.383641,346,1050.712437
1669.758767,500,1051.140913
1226.602911,327,1051.479025
1718.948416,500,1053.23332
1659.899741,500,1053.724999
1280.345082,362,1054.059675
1002.346383,283,1054.258508
1280.78929,350,1054.571607
1683.039087,500,1056.322175
1686.845131,500,1056.73655
1669.267104,500,1057.202094
1515.820196,436,1057.606002
1728.134356,500,1059.330147
1663.486448,500,1059.7681
1666.25632,500,1060.233624
1585.678787,500,1060.710418
1717.827357,500,1062.426305
1632.052238,500,1062.895519
1763.635347,500,1063.346017
1520.041375,408,1063.717265
1100.285866,302,1064.010436
1375.035963,369,1065.571971
967.36983,276,1065.819989
1028.886705,291,1066.074013
1440.784112,393,1066.418876
916.203884,261,1066.665328
1660.346714,461,1067.110721
1000.542813,275,1068.602546
1320.46459,357,1068.941709
926.458088,257,1069.135279
1084.767621,293,1069.423888
1711.985244,459,1069.800097
1556.237074,429,1070.186607
1033.760019,288,1071.743161
947.051033,273,1071.982823
1656.036442,500,1072.439049
1325.864607,359,1072.741778
1126.128158,303,1073.010334
1769.69026,500,1073.454332
1689.550432,500,1075.229701
985.319831,281,1075.495255
958.111779,272,1075.76085
1254.560481,347,1076.07015
1037.041403,292,1076.34939
1347.436346,376,1076.701345
1060.803562,285,1078.243674
1354.122157,372,1078.589517
1163.7243,321,1078.876317
1704.444629,500,1079.335311
938.064782,261,1079.548728
1055.403001,291,1079.832817
1724.789832,450,1081.533447
1197.359407,318,1081.804432
1595.874076,434,1082.15573
1087.221033,303,1082.456492
1173.693111,320,1082.765997
1555.516885,406,1084.346815
1678.341681,500,1084.790708
1145.315906,314,1085.120791
939.479789,267,1085.387954
1637.24336,500,1085.889453
1687.357538,470,1087.627277
1710.437363,500,1088.035431
1509.158526,429,1088.430726
1462.236402,451,1088.842248
1073.452345,292,1089.137976
1640.999975,500,1090.800739
1003.107907,275,1091.05249
1695.74109,500,1091.52313
1778.049765,485,1091.980153
1698.940085,500,1092.414226
1451.513243,389,1094.044655
1685.471245,500,1094.510378
1614.34126,445,1094.902728
1671.067081,500,1095.391846
1133.525431,308,1096.870253
1839.871443,500,1097.29075
1224.489905,327,1097.557825
1895.31178,494,1098.017335
1223.230503,329,1098.33143
1449.90954,386,1099.91062
684.360383,205,1100.094402
989.692115,278,1100.311787
1710.051367,500,1100.774295
1217.279517,333,1101.103332
1578.932051,434,1101.484365
700.984802,209,1101.688134
1704.549851,500,1103.392898
1005.964232,276,1103.64091
1245.178245,332,1103.938782
1755.624189,500,1104.373038
1535.977344,427,1104.743698
1112.431734,308,1106.323846
956.866266,269,1106.559885
862.482237,251,1106.785987
951.478784,267,1107.034637
1769.591953,479,1107.506328
762.163628,232,1107.737352
1722.309135,500,1109.430467
883.880043,252,1109.661904
941.371194,273,1109.880888
1674.465034,500,1110.321011
1662.030555,500,1110.799941
726.912168,218,1111.023783
682.220866,209,1112.450962
688.902675,210,1112.638171
627.963235,189,1112.799765
855.253575,239,1113.024482
1031.562778,277,1113.27965
1131.254661,312,1113.552531
1661.884064,500,1114.040248
1291.98578,342,1115.535422
852.805105,248,1115.753535
1769.607732,500,1116.201426
1108.485638,297,1116.454572
993.918539,273,1116.690723
1683.539439,500,1117.149733
791.860844,232,1118.625409
893.876068,253,1118.838293
943.062953,261,1119.076877
865.516173,246,1119.312746
1079.480752,309,1119.584977
938.107152,259,1119.819192
1151.527885,313,1120.131509
993.650191,275,1120.398695
1008.106589,275,1121.881541
1199.699847,314,1122.15883
1644.01057,447,1122.58899
1798.057431,500,1123.035419
681.087908,210,1123.232322
1668.117298,500,1124.95868
905.585292,253,1125.183183
844.260517,243,1125.398107
1436.557862,399,1125.750111
1142.084552,308,1126.034996
1041.32618,284,1126.32078
839.86563,244,1126.559773
692.778722,209,1127.953362
328.047525,132,1128.07894
927.428393,260,1128.297985
661.687325,211,1128.490369
1194.535558,324,1128.796371
879.388098,249,1129.033383
1089.303124,296,1129.312972
1558.440931,460,1129.748762
1234.944405,362,1131.361934
1270.79615,344,1131.658898
1019.259826,275,1131.905596
1404.109326,370,1132.243584
1520.341323,448,1132.654335
1587.144193,434,1134.285311
1177.549532,355,1134.58663
967.369496,297,1134.859303
1706.676761,500,1135.354481
704.801814,224,1135.574239
1734.167,500,1136.088725
1672.648945,455,1137.771888
1103.618367,301,1138.062711
1714.580132,500,1138.491084
1759.949399,500,1138.981083
1650.786621,500,1140.689611
1670.251872,464,1141.132404
1182.356883,312,1141.432357
1507.064275,440,1141.869913
1170.44436,340,1142.187708
1749.778459,500,1143.921439
970.625895,271,1144.172121
955.500355,295,1144.421793
995.372259,274,1144.682026
1617.271342,449,1145.134091
1074.804152,295,1145.427039
1800.712252,488,1147.161103
1838.22036,499,1147.625655
1789.952523,480,1148.045402
1797.513255,500,1148.52168
1285.902024,345,1148.854106
1678.109939,500,1150.480085
1672.806327,500,1150.944645
1703.279498,500,1151.384228
1194.434298,317,1151.697625
1428.120089,383,1153.307338
1395.142386,373,1153.615573
1697.824775,500,1154.072653
1625.779644,500,1154.547018
1612.410198,423,1154.938155
505.875569,180,1156.418835
1609.897224,500,1156.852198
1658.261948,500,1157.30609
1073.36142,289,1157.598726
1487.763247,395,1157.931528
1682.918,500,1159.6527
530.86606,180,1159.807795
1652.599268,500,1160.26726
980.138221,270,1160.539269
1660.223832,500,1161.068485
1212.131079,323,1161.373246
1642.542797,441,1163.039362
990.103304,280,1163.30373
1673.324942,500,1163.80515
1710.815562,500,1164.319335
1830.960754,500,1166.1499
912.288402,255,1166.397211
1166.872002,320,1166.71212
1173.912333,313,1167.023373
1666.146861,500,1167.502943
1836.71454,500,1167.980005
1729.650463,500,1169.705658
1520.396892,424,1170.11606
1731.748135,500,1170.55134
1644.598783,500,1171.004146
1690.159238,461,1172.694568
1787.863911,500,1173.126077
1701.796532,500,1173.561939
1168.455617,305,1173.839419
1744.415129,500,1175.559467
1228.238693,342,1175.864452
1559.858322,500,1176.313758
1711.037291,470,1176.768724
1598.346354,500,1177.230269
1588.20466,427,1178.917675
1651.022385,500,1179.375691
1678.159277,500,1179.862285
1622.363567,500,1180.314884
1667.974699,500,1182.053862
1755.349938,500,1182.486581
1336.25695,369,1182.828647
1191.53159,326,1183.148406
1318.289966,369,1183.466725
1013.7958,284,1183.745198
1366.86981,373,1185.366908
1492.76385,422,1185.775687
1678.640346,500,1186.252352
887.316579,254,1186.50791
1723.316167,500,1186.94813
1690.247542,500,1188.63077
1525.432274,408,1189.008339
1672.709517,500,1189.493695
1709.969401,500,1189.959063
1120.861833,306,1191.520722
1715.610837,500,1191.989622
1180.523017,333,1192.325279
1706.06567,500,1192.756963
1807.231301,500,1193.199028
1828.784301,500,1194.971699
1651.641405,500,1195.478961
1608.990925,428,1195.922292
1669.587335,500,1196.394885
1042.922805,290,1198.001189
1714.572473,500,1198.457313
1678.28334,500,1198.923108
1709.053365,500,1199.365618
1604.320184,500,1201.028849
1663.231814,500,1201.496917
1656.863108,500,1201.92438
1077.1229,304,1202.170751
1733.859,500,1202.584863
1688.929357,500,1204.301042
1709.273538,500,1204.774628
808.918745,241,1204.988353
1718.785674,500,1205.469404
1685.723069,500,1207.143652
1731.627154,500,1207.609141
1029.792457,289,1207.922248
1686.230941,500,1208.437078
1713.163174,500,1208.912196
1194.297105,331,1210.468516
981.003019,275,1210.692158
1768.940288,468,1211.130252
1656.185971,500,1211.597298
1726.05533,500,1212.003131
1648.701114,500,1213.722155
1687.972411,473,1214.174494
1161.541159,312,1214.473614
1012.213102,278,1214.750181
1688.113029,500,1215.202343
1201.327607,327,1216.749205
1727.627674,500,1217.198968
1723.804851,500,1217.681997
1702.644273,500,1218.153852
1376.26533,383,1218.499665
1650.07355,500,1220.191479
1344.798842,365,1220.557951
1531.907384,423,1220.964792
1830.594048,500,1221.458982
1671.929426,500,1223.214965
1677.525754,447,1223.64177
1276.118612,355,1223.95022
1534.800487,416,1224.331495
1764.142599,500,1224.820529
1658.494221,500,1226.607289
1101.544765,302,1226.930249
968.909763,269,1227.208944
1717.621008,458,1227.635418
1436.261815,386,1228.013113
1348.992065,370,1229.5803
1723.160127,500,1230.029176
1744.426939,500,1230.515783
1700.971405,500,1230.957471
1733.658341,500,1232.679902
1575.982472,404,1233.017429
1225.585812,337,1233.345578
1211.401924,313,1233.636261
1687.36245,500,1234.091964
1613.02989,500,1235.80359
1711.00466,500,1236.210552
1657.743447,500,1236.679558
1166.814279,317,1236.995353
1696.890448,500,1237.444776
1480.103902,383,1239.047733
1658.938078,500,1239.500304
1640.223976,500,1239.971845
1688.436741,500,1240.414104
1660.841628,500,1242.15992
1723.546714,500,1242.638498
1717.500683,500,1243.111607
1798.949024,498,1243.584413
876.26664,253,1243.822593
1692.473789,500,1245.543749
1085.336064,303,1245.846691
1718.111358,500,1246.324428
1836.530024,496,1246.757869
1225.801067,333,1247.062052
1672.539602,500,1248.763571
1698.958729,500,1249.212668
1685.441179,500,1249.650922
1719.184648,500,1250.094727
1829.123199,500,1251.825956
1706.036653,500,1252.269551
1685.265,500,1252.733196
111.312503,60,1252.800515
1803.058766,500,1253.244756
1208.487206,324,1254.769704
1851.636041,488,1255.220757
1671.550999,500,1255.706521
984.838855,281,1255.968166
1732.367566,500,1256.442712
1706.881647,500,1258.178953
1800.053405,500,1258.60096
1693.348496,500,1259.078079
1718.635998,463,1259.548884
1663.638098,500,1261.233023
1065.766191,295,1261.496347
1094.595467,299,1261.768038
1720.459425,500,1262.216137
1726.696556,500,1262.665974
142.264845,72,1262.713208
1232.243688,334,1264.21347
1787.860545,485,1264.652589
1676.181707,500,1265.14584
1627.325778,451,1265.584335
1765.106909,500,1267.29237
1192.196157,327,1267.561341
1784.753527,500,1267.973665
1241.405694,327,1268.281947
1653.119828,500,1268.74779
1277.645159,340,1270.26734
1773.890285,500,1270.710008
961.902555,261,1270.94749
1187.436758,323,1271.263407
961.171951,267,1271.534054
1140.159934,308,1271.784258
979.78573,270,1273.301918
1197.263487,319,1273.588759
1299.19548,356,1273.911828
1174.948696,320,1274.203603
847.251926,245,1274.440185
1697.789124,500,1274.901773
1844.106376,500,1276.625228
1711.838144,500,1277.070574
1541.360004,422,1277.442508
1540.31974,427,1277.824098
1855.456507,498,1279.525486
717.736223,211,1279.709212
1741.085186,500,1280.163006
1119.494265,295,1280.420658
1296.854282,364,1280.762521
1723.779233,500,1281.25687
1707.830596,500,1282.933181
1141.629638,308,1283.197878
1766.23685,500,1283.65182
1309.710094,351,1283.943116
1691.870667,500,1284.457035
738.898286,220,1285.970141
787.985084,230,1286.188057
1667.601857,500,1286.653393
1750.497393,500,1287.120425
1668.247646,500,1287.618984
959.128244,266,1289.165223
1819.545984,500,1289.621774
133.102328,69,1289.689135
1414.75355,377,1290.026348
771.807844,228,1290.214606
1745.981819,483,1290.711698
1725.091022,500,1292.429818
1715.893093,500,1292.871537
1176.892491,315,1293.170841
1686.434795,500,1293.626599
1222.29969,322,1293.95495
1940.235192,500,1295.71265
1679.796661,500,1296.154593
1177.733921,319,1296.424063
1724.574667,500,1296.883115
1646.273429,500,1298.661305
1669.98195,500,1299.142951
1741.399273,500,1299.624614
1703.741096,500,1300.084295
1746.500004,500,1301.839311
1631.776504,500,1302.272624
1761.651137,485,1302.735505
1621.769017,500,1303.188158
1016.858907,273,1303.442347
1507.306968,425,1305.132097
1683.090698,500,1305.601192
1297.813902,343,1305.917662
780.621341,233,1306.144201
1698.000458,500,1306.599012
806.37048,237,1306.816174
1452.827787,398,1308.424919
1724.618121,500,1308.90206
1708.050206,500,1309.348261
1648.232784,465,1309.787115
1224.538484,331,1311.367015
1759.525284,500,1311.811926
1314.733164,355,1312.134478
1765.863923,471,1312.554977
1124.611604,319,1312.863354
1355.770828,377,1314.448015
1698.99047,500,1314.919411
1307.914505,357,1315.277925
1650.193149,500,1315.802793
1563.923962,401,1316.2158
790.456027,237,1317.769732
1750.501926,500,1318.219115
1755.521252,500,1318.687831
1705.005079,500,1319.125001
1512.007322,416,1319.502967
1693.16159,500,1321.219884
1664.803562,500,1321.719469
1709.803556,500,1322.177238
1659.720763,500,1322.665831
1728.613521,470,1324.364754
1548.972384,427,1324.780375
1066.988996,292,1325.02967
1819.202518,482,1325.47755
1744.258988,500,1325.944398
1372.882356,372,1327.61343
1571.559295,432,1328.013265
1852.697468,496,1328.450649
1749.380032,500,1328.886609
1409.586842,381,1330.546963
1189.329056,310,1330.861833
1617.090995,447,1331.292954
1062.285227,292,1331.572269
1835.307631,500,1332.038933
1663.983045,500,1333.800098
1747.523153,500,1334.265269
1645.827336,500,1334.732886
994.728738,282,1334.980538
1170.318984,323,1335.277667
1685.4715,500,1336.961889
1017.24779,280,1337.186271
1113.397132,309,1337.515548
1746.160914,500,1337.988936
1206.486091,335,1338.294911
1125.465954,303,1338.585099
1256.24794,328,1340.124162
1665.608425,500,1340.605383
1705.941562,500,1341.128511
1792.710673,500,1341.571789
1114.379798,302,1341.848062
1786.135694,500,1343.551835
1067.359228,296,1343.841862
1715.739799,500,1344.271735
1699.554158,500,1344.744653
1706.33844,500,1346.591657
1722.123214,500,1347.090768
1729.733128,500,1347.57329
1856.024902,495,1348.025935
1318.072735,355,1348.340318
1714.253617,500,1350.074873
1696.12312,500,1350.530174
1673.087981,461,1350.940675
1681.940904,500,1351.363194
1313.053931,353,1352.963369
1027.54635,283,1353.212278
1680.828021,500,1353.675951
1706.625248,500,1354.118096
847.409043,269,1354.347051
1313.277099,354,1355.953262
550.916286,187,1356.141002
795.869126,253,1356.386605
1314.062614,353,1356.688009
1389.465281,374,1357.030369
1117.591694,305,1357.282605
853.719821,271,1357.532739
580.008461,191,1357.712871
1759.83653,500,1359.364084
1477.420736,382,1359.703534
522.223141,180,1359.869442
1759.269676,500,1360.324368
1610.783159,420,1360.716748
1713.932773,500,1362.434905
1050.239347,296,1362.707536
1247.880148,338,1363.025673
1593.997144,440,1363.395203
1055.05119,283,1363.650496
1755.48603,500,1365.356741
1514.287192,453,1365.754001
1453.018802,434,1366.149251
1689.949617,500,1366.618768
1731.370962,500,1368.319875
1878.447132,500,1368.818863
1760.316954,500,1369.257413
1747.332606,500,1369.716022
1664.553752,500,1371.449875
1638.135197,500,1371.957495
1741.583632,472,1372.358879
1691.058007,500,1372.83799
1375.831087,373,1373.183333
1708.29297,461,1374.862396
1228.75174,332,1375.198171
1658.304651,500,1375.671394
1484.556865,402,1376.029273
1665.009,500,1376.503989
1147.526022,319,1378.110817
1758.030902,500,1378.554984
1251.185747,340,1378.848872
1590.839081,431,1379.213183
1657.48986,447,1379.604858
998.870326,281,1381.109318
730.52562,222,1381.319909
1014.763267,278,1381.587432
1165.038382,325,1381.89865
1722.017342,500,1382.350045
1071.145197,289,1382.611032
1681.962234,500,1384.374176
1712.839542,500,1384.816707
1652.099639,448,1385.178752
1096.467304,296,1385.443469
1099.906167,304,1385.713221
1427.864563,386,1387.270419
1706.080797,500,1387.747222
891.957058,253,1387.963206
783.013255,235,1388.166706
1150.15465,309,1388.443004
1217.859848,335,1388.761931
896.16504,256,1390.242085
809.294832,238,1390.468904
778.378821,226,1390.669376
1063.545591,299,1390.970301
1562.946408,427,1391.36883
1035.332981,282,1391.614819
982.253239,278,1391.861226
1771.308968,500,1393.516563
1624.555478,438,1393.94293
839.986854,246,1394.163661
1087.548769,295,1394.436344
881.39498,253,1394.66879
1017.056725,279,1394.911234
1663.001761,500,1396.638818
1677.606251,500,1397.090355
1790.880554,500,1397.544002
1669.821101,458,1397.946723
1659.124603,500,1399.639251
1666.670307,500,1400.163861
1655.527559,500,1400.600384
1255.421018,329,1400.91438
1773.441383,466,1401.351194
1723.174306,500,1403.023787
1268.905491,338,1403.340628
1101.605888,305,1403.603674
1260.804578,340,1403.921582
1735.672713,500,1404.386273
1126.784911,303,1405.99332
1737.818782,500,1406.496271
1254.53749,349,1406.804212
1137.96844,304,1407.087655
875.842251,248,1407.307999
1145.113362,311,1407.611281
1682.941718,500,1409.336056
1701.377376,500,1409.750509
1706.686601,500,1410.207344
1728.68281,500,1410.659567
1692.293722,500,1412.340849
1378.541431,378,1412.681395
1743.551515,500,1413.161318
1682.2567,500,1413.608432
822.116334,244,1413.822431
1203.237078,323,1415.355761
1667.410171,465,1415.832601
1735.169058,500,1416.263921
1671.509282,448,1416.704288
1711.908236,500,1417.157381
1815.90291,500,1418.875735
1711.430553,500,1419.307691
1667.87003,500,1419.760587
1711.481403,500,1420.259953
1686.594447,500,1421.982121
1731.414626,500,1422.448679
1736.348874,500,1422.916034
1716.82194,500,1423.402278
1748.00854,500,1425.122529
1777.881472,500,1425.57843
1738.427917,500,1425.999019
1841.088233,498,1426.432193
1704.133935,500,1428.178625
1342.349369,358,1428.508178
1674.704077,500,1428.985252
1825.212074,483,1429.405851
1879.954817,500,1431.175838
1707.125057,465,1431.598642
1200.811492,332,1431.888218
1192.023869,324,1432.195352
1347.789101,371,1432.530292
1723.845787,500,1434.25001
1510.393292,405,1434.612489
1520.387068,396,1434.992795
1534.758566,410,1435.370116
1370.445839,371,1435.742353
1199.083095,322,1436.049262
1169.299038,310,1437.632644
1764.710194,500,1438.100202
1704.631047,500,1438.544432
1315.596013,368,1438.901501
1155.169652,310,1439.20989
1497.353066,401,1440.829928
148.447268,73,1440.89429
1281.415496,362,1441.20291
1041.868383,287,1441.450349
981.814078,272,1441.701622
1723.299991,500,1442.166302
1616.633639,439,1443.79543
697.294221,209,1443.984173
684.809389,209,1444.165276
1013.402143,282,1444.41328
1697.837133,500,1444.868263
1502.004184,401,1445.240427
1860.175447,500,1446.917037
1035.721704,276,1447.162592
1057.441435,288,1447.426559
1068.728504,291,1447.708194
1078.294267,287,1447.975149
1528.204862,414,1448.34354
1319.793792,351,1449.913052
1454.837759,390,1450.290456
1697.167069,500,1450.754445
1316.315719,363,1451.068905
1733.395629,500,1451.541784
1526.876962,402,1453.170851
1678.575477,500,1453.609378
842.753767,249,1453.828687
988.539724,271,1454.089556
1617.92384,445,1454.475237
1570.15177,416,1454.845602
714.482594,219,1456.321423
1132.747946,304,1456.578054
886.912355,258,1456.838456
1720.3494,500,1457.293012
1718.634067,500,1457.764646
1264.507892,328,1459.324974
1683.696871,500,1459.711959
1379.844784,373,1460.054951
1192.669066,321,1460.359447
1683.371293,500,1460.818122
1111.067,297,1461.12724
1071.006616,295,1462.686408
1734.22243,500,1463.115445
1709.399814,500,1463.564711
1710.100939,500,1464.013359
1633.437192,435,1465.666963
1618.172495,431,1466.095813
1746.480353,500,1466.588069
1872.086427,500,1467.087077
1811.609946,500,1468.83967
1707.417225,457,1469.306043
1723.61458,500,1469.757007
1660.206225,500,1470.252883
1516.764356,399,1470.609536
1675.392645,458,1472.294037
1739.247679,500,1472.751198
1758.407128,500,1473.237563
1676.644325,500,1473.695936
1594.304161,429,1475.35409
1691.837382,500,1475.831455
1693.818879,500,1476.293126
1693.476683,500,1476.781682
1665.364268,500,1478.61945
1799.624839,479,1479.117995
1671.717178,500,1479.562468
1682.704244,500,1480.010217
1181.241582,311,1480.31855
1814.335603,500,1482.01086
639.731547,196,1482.203618
1493.579023,399,1482.557747
1682.347497,500,1482.989527
838.08075,268,1483.237145
1706.230346,500,1485.000725
1211.448247,330,1485.285931
1711.232364,500,1485.724002
1283.664555,339,1486.025267
1638.627382,442,1486.430144
913.131819,262,1487.880404
1249.131072,349,1488.24642
1691.938216,461,1488.674402
1709.279379,500,1489.120915
1765.6781,500,1489.604616
1774.675562,500,1491.323992
1775.460419,500,1491.754105
849.119993,242,1491.983028
1062.514212,305,1492.229586
1679.133275,500,1492.661997
1724.677171,500,1494.31934
1788.552355,473,1494.764255
1677.484663,500,1495.258032
1526.03715,403,1495.629535
1269.89747,348,1495.965488
1271.884985,339,1497.520937
1216.447832,327,1497.855958
1038.420985,284,1498.101007
1459.578973,393,1498.43602
1033.81976,303,1498.71269
1224.558135,328,1499.028964
1507.458833,401,1500.637621
1720.904395,500,1501.102736
1647.007179,500,1501.57975
1336.823741,350,1501.885511
1687.475754,500,1503.586181
1018.70293,280,1503.84421
1138.872313,313,1504.132463
1186.498437,321,1504.435262
1221.652162,317,1504.744457
1219.859737,336,1505.042192
1050.127405,287,1505.293736
1091.972942,301,1506.829801
1704.166309,500,1507.296297
1426.494335,387,1507.624366
1653.920595,500,1508.06607
1278.881808,349,1508.379907
1495.829273,405,1509.941544
1807.589372,500,1510.394589
1847.788453,500,1510.851383
1431.206532,375,1511.200655
1099.723106,305,1511.503115
1248.240683,334,1513.089192
1270.660002,364,1513.434023
1075.454194,307,1513.708816
1195.584037,332,1513.995987
987.586657,277,1514.26334
1699.233607,500,1514.730869
1222.120165,328,1516.278486
1686.73189,500,1516.706759
1670.967346,500,1517.17485
1176.306753,315,1517.456271
1564.665082,406,1517.801304
1697.527758,500,1519.431516
1670.362409,500,1519.869563
1781.006892,478,1520.303524
990.051179,276,1520.553055
1604.792829,500,1522.344843
1506.680094,420,1522.728684
1782.669454,500,1523.196216
1739.612942,500,1523.629098
1741.926449,500,1525.345303
1730.149195,500,1525.836513
820.841334,233,1526.066486
1011.457059,280,1526.343891
1156.409099,319,1526.644165
1092.357602,313,1526.943451
1225.339338,329,1527.266777
1519.193545,406,1528.928605
611.857727,187,1529.102956
1508.494839,418,1529.495069
1641.89477,500,1529.898949
968.936896,273,1530.169343
1665.074353,451,1531.815508
1301.222776,360,1532.124889
1699.809535,500,1532.549107
1058.549007,287,1532.807854
1291.109349,340,1533.131226
1239.3689,337,1533.447108
1649.757671,500,1535.152404
1205.979091,326,1535.433057
1633.766613,500,1535.881907
1721.05051,500,1536.355275
1296.629872,350,1537.925864
674.086972,216,1538.13942
1344.185856,352,1538.467024
1145.879176,322,1538.774946
1668.371022,500,1539.214587
1675.301353,500,1539.715367
286,1408.568221
1249.286784,352,1408.913851
925.851021,290,1409.17277
1078.229299,293,1409.415286
1755.28688,500,1409.845174
1754.958223,500,1410.324359
1189.321223,327,1411.880832
1322.195583,357,1412.198988
969.171741,276,1412.446724
1004.631003,278,1412.679897
1211.328035,319,1412.960985
1064.631564,298,1413.220512
1273.932363,348,1414.811589
1450.634351,381,1415.139959
1590.630537,430,1415.541977
1135.806843,307,1415.812097
1241.436181,345,1416.12464
943.700105,262,1416.372845
1693.111674,500,1418.145911
1413.415156,381,1418.513335
1710.741805,469,1418.93267
1039.066279,288,1419.179015
803.060211,233,1419.396635
1785.584767,500,1421.127429
1327.749668,346,1421.457979
1735.063916,500,1421.916622
1077.215612,290,1422.208444
1618.060506,465,1422.618969
1029.523582,281,1422.898429
1619.821118,440,1424.614538
1630.837523,500,1425.060213
1430.590118,382,1425.41236
1710.32644,500,1425.883688
1713.616644,500,1427.605047
1386.036632,374,1427.96686
1828.09727,500,1428.426059
927.665759,257,1428.666375
1819.40958,492,1429.142034
1225.709133,329,1430.765859
1330.106184,366,1431.098857
1073.925975,290,1431.378596
1100.121204,292,1431.655287
1311.021508,342,1431.983371
866.758236,241,1432.204214
1301.22502,361,1432.539172
1265.439721,348,1434.13622
1464.577823,395,1434.496766
1366.75333,368,1434.835252
1717.534399,461,1435.255857
1058.315352,298,1435.535555
453.74372,155,1435.689206
1255.145012,337,1437.275413
830.164774,228,1437.483801
1750.430625,500,1437.933625
1711.418726,500,1438.406534
1477.02726,397,1438.78701
1841.955636,496,1440.487817
604.170567,179,1440.657171
1274.551906,351,1440.972051
1205.312088,338,1441.297729
1478.514467,397,1441.630835
1528.763307,426,1442.024075
1758.73587,500,1443.791465
1110.504054,297,1444.056521
1205.139601,366,1444.367079
1676.928958,446,1444.793846
1167.601881,308,1445.062551
1849.354925,500,1446.800961
939.082591,294,1447.084369
1460.713238,389,1447.466808
1324.988657,356,1447.809659
1811.745283,500,1448.297813
1710.595756,500,1450.021509
1704.261782,500,1450.490463
1536.796569,435,1450.939591
1694.397551,455,1451.39267
1193.116227,314,1451.694735
1230.547494,322,1453.305341
838.829872,230,1453.533516
872.174905,234,1453.746488
1667.476624,500,1454.244954
899.951221,245,1454.481964
1012.043401,279,1454.748376
1450.7887,395,1456.388278
878.265408,260,1456.618496
1542.422827,410,1457.000647
739.582494,215,1457.200635
1738.651771,500,1457.623832
1262.534925,336,1457.943291
1072.829457,296,1459.454866
771.120753,214,1459.658895
1370.124759,372,1459.994808
1470.93379,384,1460.353868
1115.41086,304,1460.64128
1538.977148,420,1461.045825
1183.248199,319,1462.624182
1119.589259,301,1462.92633
1704.056503,500,1463.431633
1479.267013,389,1463.827519
119.065904,62,1463.896311
744.028211,210,1464.089208
1381.545043,381,1464.482008
625.507414,180,1465.998386
1277.391303,353,1466.33923
1680.127163,448,1466.768079
1272.662896,337,1467.091035
1374.254045,385,1467.458154
1797.161285,500,1467.919613
1202.829249,329,1469.535032
1842.107759,500,1469.988225
1565.982573,412,1470.372215
942.528534,289,1470.668765
1704.134014,460,1471.143984
962.711131,276,1472.628086
1816.061154,488,1473.041887
1716.212572,500,1473.486809
1669.649776,500,1473.953098
1651.107854,500,1475.687057
1693.089074,500,1476.165808
916.024781,258,1476.416856
1062.875723,287,1476.704726
1693.792548,500,1477.206747
357.151133,136,1477.351685
643.306624,214,1477.557583
1649.433315,500,1479.309941
1686.754827,500,1479.798018
1797.56944,500,1480.275278
1244.920648,339,1480.59311
920.536942,282,1482.219636
1649.582772,500,1482.690485
1203.008624,321,1483.021568
1021.362979,295,1483.335081
895.989446,241,1483.566606
1752.7832,500,1484.058426
1661.039142,500,1485.745654
1026.074106,328,1486.04634
1395.878918,415,1486.454067
1573.567666,423,1486.871664
737.001582,228,1487.079578
1460.928776,404,1488.722688
1738.434699,500,1489.184677
1005.314795,279,1489.454497
1621.593328,500,1489.916226
1706.955323,500,1490.373135
442.857659,153,1491.827499
834.226251,231,1492.043178
1707.661427,500,1492.557739
1714.264246,500,1493.026079
1701.72125,500,1493.495229
1680.073477,500,1495.193467
1359.304288,385,1495.573181
1704.895266,500,1496.053192
1648.366905,500,1496.512654
1496.442882,455,1496.897735
1687.429668,500,1498.627738
1660.345839,500,1499.11504
1539.842164,425,1499.518663
121.793222,64,1499.57633
1679.323301,500,1500.071949
377.037242,137,1501.429399
1650.043259,500,1501.92181
1021.879445,287,1502.193837
1616.207361,447,1502.590909
1620.772871,500,1503.04736
1630.363541,456,1504.768898
1693.973785,500,1505.201979
1763.946418,500,1505.65258
1667.982551,500,1506.090255
1652.474044,500,1507.890537
1649.08429,448,1508.296803
1253.363675,336,1508.638718
1291.308634,347,1508.978886
1532.811646,411,1509.336004
1259.77008,338,1509.637762
1695.924921,500,1511.411333
1675.538042,500,1511.878712
1715.066928,500,1512.352328
1501.42281,389,1512.730622
1715.600148,500,1514.509624
1331.645076,369,1514.821009
1693.287456,500,1515.28381
1795.030513,500,1515.735266
1655.416334,500,1517.414006
1046.104451,287,1517.6826
1733.497282,481,1518.138541
1740.657,500,1518.585829
1270.098696,365,1518.899719
1472.508195,388,1520.528388
1133.128633,316,1520.824746
1731.842055,460,1521.247728
1701.921906,500,1521.705312
1698.239703,500,1522.133072
1661.880921,500,1523.837351
1035.712554,284,1524.093096
868.652852,245,1524.30064
1109.297797,299,1524.561376
1218.707103,324,1524.859344
1568.364592,415,1525.244076
1042.976188,294,1526.795071
1683.820513,500,1527.247656
1205.146454,314,1527.578331
1679.292483,500,1528.081125
1129.69786,314,1528.377448
988.264961,280,1529.893349
1067.205664,292,1530.19104
1718.544237,500,1530.653937
1096.411647,298,1530.904518
1136.781448,306,1531.187037
1667.807503,500,1531.616161
1372.724011,353,1533.184376
1644.186114,500,1533.650576
1158.305979,308,1533.91472
1657.01954,500,1534.376067
1665.784152,500,1534.835628
1693.984595,500,1536.553221
1376.000658,376,1536.89623
1667.632497,500,1537.378347
1285.515081,357,1537.687944
1323.302801,352,1539.285471
967.200937,267,1539.508583
1205.585792,321,1539.83229
854.366168,233,1540.054861
1654.017701,500,1540.496007
1693.816564,500,1540.937044
