#{"t_start": 1775734034.7032666, "env_id": "Hopper-MassFric-Gauss-10-v0"}
r,l,t
8.543353,12,0.02751
8.033487,15,0.044512
7.508006,12,0.057511
4.04834,10,0.068508
8.410994,13,0.082514
18.059232,18,0.10052
72.993423,52,0.15205
7.993865,12,0.16605
8.972202,22,0.19105
20.877818,23,0.216631
29.727524,32,0.25062
17.677288,33,0.287616
6.72027,10,0.299621
10.819948,13,0.317168
14.032829,26,0.341696
4.149666,11,0.353691
27.331375,31,0.384698
7.312028,12,0.398698
59.672003,40,0.440235
21.464684,30,0.466233
11.771577,17,0.485233
16.360752,17,0.502245
5.111825,9,0.512244
20.788492,25,0.537753
5.672106,9,0.548755
5.099188,8,0.556753
21.71457,28,0.584754
10.822344,21,0.602781
3.46577,8,0.608783
21.574019,28,0.639318
8.363074,22,0.661317
44.557819,46,0.705306
8.528444,12,0.717846
14.027276,20,0.736846
21.914577,37,0.77184
4.681911,10,0.782836
8.45655,28,0.813857
5.299065,11,0.825886
10.144996,21,0.852897
29.183262,34,0.885893
22.289329,25,0.902905
14.805031,20,0.91943
8.076418,14,0.933432
23.442569,31,0.966421
17.895176,22,0.991421
11.641555,16,1.006425
20.566389,28,1.027938
12.588671,21,1.045946
9.321168,17,1.060938
10.948043,13,1.07395
11.654856,14,1.088945
7.803197,14,1.101956
17.960462,36,1.137475
4.599218,15,1.155481
4.906597,9,1.16548
57.923473,47,1.213494
24.905825,24,1.239018
12.65197,18,1.253012
35.583905,29,1.273018
12.106811,15,1.29001
3.404109,7,1.299019
9.277942,12,1.313033
5.830705,9,1.323084
10.134043,17,1.342076
7.632858,11,1.354076
6.909093,10,1.366084
8.92956,19,1.386083
9.260437,28,1.416089
12.159448,25,1.441618
8.006698,11,1.453612
9.83489,11,1.465609
8.7083,15,1.480618
94.138268,69,1.545163
7.145314,11,1.558151
15.121295,17,1.574159
71.313266,45,1.620695
14.156549,19,1.640695
8.689534,26,1.658691
14.636715,17,1.676696
19.9102,27,1.695692
11.895973,23,1.717708
14.932839,17,1.734232
5.215318,8,1.742239
61.296064,43,1.785234
6.022492,10,1.792241
6.078295,9,1.798241
20.417612,34,1.825304
14.768212,23,1.847297
13.365373,20,1.862304
32.329393,30,1.883303
6.933317,12,1.892304
37.769817,46,1.929827
7.503473,12,1.938827
6.57484,11,1.946824
12.074383,30,1.968818
5.915427,9,1.978821
20.067825,40,3.296374
9.091369,13,3.311404
125.254788,77,3.39043
10.840139,13,3.403434
15.136851,19,3.423444
101.735091,66,3.494971
13.107908,19,3.515974
31.898236,33,3.551506
10.356832,14,3.566509
17.13728,22,3.580509
35.086463,29,3.599508
6.033291,10,3.609508
7.455299,11,3.622521
7.264799,10,3.631047
6.732856,10,3.642049
17.155705,26,3.669042
21.721031,21,3.689041
11.115207,16,3.705041
63.30902,40,3.743595
8.640035,15,3.758595
10.899773,13,3.771592
8.819492,15,3.786595
10.518573,15,3.801586
22.8135,33,3.835654
13.202353,18,3.856654
22.57202,21,3.881654
7.93391,29,3.911664
9.856467,17,3.929192
8.960178,13,3.944197
5.594282,10,3.955193
20.805929,18,3.974193
36.612502,39,4.01421
2.166456,8,4.023211
15.349847,25,4.049729
44.111853,36,4.077734
7.18131,10,4.086732
13.738795,14,4.101734
8.307237,12,4.111733
22.028563,23,4.135278
9.74648,13,4.150277
42.160841,31,4.182275
29.143875,28,4.211274
6.755499,21,4.232799
12.884655,22,4.256804
102.901997,91,4.343852
106.04801,71,4.417862
7.573409,22,4.438387
5.329478,10,4.445388
8.042466,12,4.453389
12.926474,17,4.465386
9.17362,16,4.476388
10.356187,20,4.498386
24.98706,22,4.522397
34.849492,35,4.559932
163.73702,109,4.673481
7.237836,16,4.691471
78.478711,57,4.75201
62.025792,38,4.792011
53.059184,49,4.840089
10.299021,14,4.854091
8.004895,17,4.871088
38.28953,57,4.920101
23.966392,28,4.94263
82.840623,47,4.978633
110.409476,61,5.032181
9.120246,13,5.050178
29.344273,45,5.094177
9.099316,13,5.108176
17.470287,21,5.131724
24.809609,26,5.157722
80.145566,49,5.202723
26.475326,27,5.233268
11.565463,16,5.251268
9.031812,18,5.272267
38.491193,31,5.306262
90.191587,59,6.653874
96.303244,74,6.720979
31.548193,28,6.750513
30.563725,43,6.792513
14.648705,21,6.812532
23.417579,20,6.832066
9.808566,23,6.855593
6.16756,11,6.86659
153.043381,82,6.944111
116.921735,77,7.016115
15.375474,29,7.043651
88.222738,68,7.10465
75.550632,48,7.151196
13.094697,16,7.167199
24.218913,23,7.191197
4.288115,19,7.209197
26.114545,24,7.235733
10.228155,16,7.246733
30.502769,25,7.271735
38.714827,38,7.309725
19.726405,22,7.335785
105.401873,65,7.391783
62.48905,47,7.434322
16.93601,18,7.454339
13.910189,15,7.471335
22.431614,22,7.495337
23.433377,34,7.534356
77.531146,63,7.595587
8.616121,18,7.614593
31.565107,27,7.641109
13.535562,17,7.659113
17.288941,19,7.678111
20.325929,26,7.703111
15.536844,17,7.720114
39.093194,36,7.757623
102.295369,89,7.836655
48.7545,52,7.891654
11.825422,15,7.906654
9.111038,12,7.918655
265.431806,167,8.067759
123.517213,66,8.132783
19.794935,19,8.153321
9.858137,12,8.166326
13.986995,24,8.192327
104.795159,64,8.247844
20.422313,27,8.275852
20.323856,48,8.324867
37.467319,29,8.350924
27.444971,24,8.375923
17.716557,19,8.396932
8.789513,12,8.409927
22.890659,33,8.446465
36.110746,29,8.479466
80.292196,51,8.538016
69.925871,44,8.586016
18.562002,28,8.616019
132.859178,72,9.986799
76.359139,45,10.035812
120.026675,73,10.110334
130.335725,66,10.182877
162.410474,95,10.249422
10.365285,18,10.268425
79.361568,49,10.320434
147.351256,79,10.399493
157.863245,76,10.470045
81.935604,56,10.528058
85.366123,47,10.580253
77.90265,55,10.629266
22.895671,25,10.655771
45.240793,35,10.69277
12.784574,38,10.734791
43.473414,36,10.770329
113.600192,68,10.843402
92.608939,51,10.885404
28.091801,24,10.908401
74.977123,66,10.963931
214.104085,151,11.118479
56.860229,34,11.157032
64.396974,54,11.212027
98.482957,55,11.267579
67.91993,39,11.307577
82.559214,50,11.365657
228.37341,119,11.471202
128.748353,68,11.524209
13.840013,33,11.552752
96.812614,54,11.607757
109.168254,61,11.672289
56.283224,34,11.707293
82.165081,49,11.754822
119.742148,85,11.837349
102.447728,55,11.89586
131.09989,72,13.246463
114.88475,65,13.311464
147.184767,76,13.390296
99.213571,63,13.447823
214.398644,94,13.513823
54.082172,48,13.574365
129.792507,67,13.636371
55.055181,34,13.6659
140.543252,102,13.773444
22.209647,44,13.822453
97.650774,56,13.876482
66.161277,46,13.922478
64.581858,39,13.960601
99.607591,58,14.021602
179.019741,97,14.115125
21.483766,21,14.135123
66.345196,44,14.179645
137.743293,76,14.260153
246.261081,163,14.414278
11.671154,27,14.437287
109.334461,61,14.497794
22.243488,25,14.522808
146.453275,80,14.601343
135.054115,69,14.670883
147.43763,95,14.753413
19.08095,21,14.770409
136.222476,69,14.841935
200.831372,93,14.920473
94.489333,52,14.961995
127.89879,76,15.028995
57.805641,35,15.063535
67.006168,41,15.104533
20.895801,20,15.125523
79.249798,49,15.173057
230.104169,109,16.563108
203.638331,112,16.676651
209.312097,97,16.763196
112.078469,63,16.818207
80.842645,47,16.847766
102.866026,59,16.903291
87.265072,55,16.965836
60.965029,36,17.004829
194.121506,93,17.104036
62.971817,38,17.143057
137.795404,72,17.196582
180.998597,86,17.268114
100.093914,61,17.329135
212.49681,98,17.434192
132.179108,69,17.482711
67.89615,42,17.525711
89.59424,52,17.579259
78.491003,49,17.62927
71.883837,44,17.668815
93.343039,57,17.710823
201.933056,93,17.796336
73.088181,48,17.832853
58.342888,36,17.85487
113.504194,59,17.903395
217.899367,97,17.981907
169.246153,80,18.05293
174.392159,93,18.149473
76.114134,46,18.196002
161.289761,82,18.281544
72.590857,44,18.325544
156.068019,75,19.699765
77.140768,51,19.756772
63.593491,38,19.793302
94.96664,54,19.844832
51.600505,42,19.879368
219.194665,97,19.964882
223.308193,108,20.065436
110.807774,60,20.108437
220.658387,105,20.213964
175.946443,83,20.292505
231.956264,104,20.383589
213.530869,95,20.482806
63.974484,39,20.523798
137.227587,89,20.59633
248.593269,128,20.715852
186.008988,100,20.795403
208.141252,92,20.877439
180.356556,85,20.949452
160.924614,84,21.030974
107.912829,58,21.088497
211.475327,96,21.185024
115.753093,63,21.248027
27.711465,33,21.277572
116.75362,61,21.314563
247.767931,114,21.429593
158.874214,80,21.506143
203.211587,91,22.869883
196.714366,105,22.97145
135.842426,74,23.036443
147.56375,74,23.099968
215.704371,96,23.195519
175.061662,81,23.281067
220.731539,108,23.389111
171.630858,89,23.48164
212.344191,94,23.581186
183.717078,87,23.670192
44.503619,30,23.698713
178.635494,85,23.77171
202.666217,91,23.848425
202.938019,93,23.938963
64.65314,40,23.97851
169.789516,83,24.047499
209.773887,97,24.120033
224.028562,102,24.202558
189.75592,87,24.287101
166.555992,78,24.366653
211.993159,94,24.45616
78.548039,47,24.503704
212.104989,94,24.601241
177.666741,83,24.684793
210.514879,95,24.768797
202.827898,91,26.088762
98.967671,57,26.138749
207.755447,93,26.225266
194.591886,89,26.301811
204.559508,93,26.399894
119.24826,63,26.468895
189.925575,88,26.564406
200.93519,88,26.65894
135.958413,70,26.724474
118.406912,64,26.78402
208.356968,94,26.873543
214.377666,106,26.978061
204.422687,92,27.074599
74.831374,44,27.120114
184.040957,86,27.189646
95.052466,55,27.224644
218.556549,101,27.293179
216.199583,105,27.386241
199.342629,90,27.473267
222.724899,103,27.551798
226.878331,106,27.656327
241.643164,108,27.758877
161.075662,83,27.848947
186.165957,89,27.941471
227.420553,119,29.226484
219.036853,96,29.294006
200.44273,100,29.39056
73.370637,47,29.438076
79.320595,46,29.481099
197.666678,89,29.570621
80.280328,47,29.617173
215.367375,99,29.699718
149.448018,77,29.746732
225.214846,98,29.826263
209.379523,93,29.885796
245.924986,121,30.001455
217.526797,105,30.105008
213.238839,95,30.194
94.473252,56,30.237517
194.378892,95,30.333075
139.440013,73,30.405125
69.96217,41,30.449133
218.374372,96,30.543721
180.18777,101,30.640237
199.810881,101,30.748773
123.740141,65,30.807325
98.844687,55,30.852515
215.854359,98,30.947053
218.659509,98,32.292921
192.793528,86,32.374983
184.80755,91,32.457337
239.093084,102,32.543891
211.092187,104,32.642429
212.77502,99,32.744974
225.868742,112,32.861047
200.413468,95,32.932576
220.223147,97,33.015121
73.22093,42,33.049111
202.44956,92,33.135626
198.176972,89,33.221172
196.282255,91,33.315701
223.940709,117,33.422749
195.171803,89,33.508287
228.921536,106,33.596284
213.71454,107,33.657795
183.441714,99,33.758323
208.301589,93,33.853404
169.882881,93,33.936955
201.06911,91,34.016491
188.881701,86,34.078486
201.677235,94,35.336602
125.840582,69,35.404127
203.496912,107,35.503671
209.198,93,35.570204
88.452174,50,35.606214
155.262751,77,35.677729
205.496056,95,35.755241
247.802424,111,35.859341
226.531764,103,35.953865
210.717263,94,36.016379
221.602727,99,36.096379
178.525818,83,36.181928
207.773713,92,36.274041
210.981206,96,36.379926
221.265128,107,36.489448
203.007884,91,36.588014
91.220503,52,36.633566
204.878743,101,36.713563
181.418734,94,36.806081
77.484262,47,36.836622
163.305739,75,36.902173
220.961673,96,36.978706
93.923759,53,37.033234
228.196386,104,38.304677
148.95283,76,38.375263
222.146155,106,38.457779
220.451501,104,38.548861
237.084209,107,38.619878
210.29347,99,38.711402
211.116535,102,38.771931
234.504767,104,38.857965
189.853643,94,38.9475
234.965711,103,39.041039
218.040298,102,39.127556
207.907012,99,39.222561
173.180651,80,39.296068
224.190923,106,39.383104
218.867721,97,39.486632
188.27001,86,39.575139
229.053145,103,39.664681
201.814748,92,39.725708
227.140003,107,39.8305
75.321029,51,39.884034
228.647421,113,39.987421
218.769852,99,40.084943
207.666291,102,41.470428
203.905263,105,41.564943
255.86025,107,41.658486
222.727809,102,41.762008
219.083973,101,41.865061
215.349062,100,41.970593
211.792916,99,42.072136
211.984526,97,42.175653
186.389582,92,42.2812
212.944277,96,42.390288
207.285555,97,42.49144
214.99663,105,42.601985
201.428236,96,42.695535
227.104807,98,42.777051
209.841398,105,42.871103
125.81747,66,42.937652
226.252342,101,43.010651
105.623479,59,43.050199
236.528561,106,43.117212
241.820187,116,43.207736
98.501597,59,43.265286
194.605353,93,44.555374
226.487874,100,44.630373
234.096984,112,44.715886
202.534198,93,44.805427
233.436667,112,44.90291
223.852676,106,44.985453
226.513368,101,45.062975
230.857041,102,45.141511
251.027313,112,45.257054
213.295757,95,45.352141
210.760388,96,45.437653
202.878141,95,45.523684
229.459462,109,45.636207
191.355651,89,45.718729
240.726947,114,45.823251
201.051265,93,45.901316
107.197277,58,45.948846
270.653662,116,46.042398
192.216229,89,46.124395
244.785807,111,46.209932
320.331096,127,47.490458
230.716603,108,47.571009
254.425673,111,47.670529
270.558357,115,47.784048
209.639209,97,47.891074
271.161845,126,48.013593
233.926037,104,48.084117
152.939046,76,48.143122
201.130179,93,48.22064
227.605728,98,48.322167
256.015706,110,48.407207
228.178596,111,48.518717
278.469251,123,48.63123
248.484558,109,48.728769
237.399743,115,48.804878
246.887615,106,48.893967
154.68288,76,48.955503
267.542053,113,49.055049
257.131648,118,49.16457
222.36735,105,50.50563
216.832575,99,50.609153
215.29977,105,50.721671
235.29899,109,50.813185
159.578518,83,50.89525
243.418737,104,51.004802
257.049244,109,51.11536
254.10871,115,51.234902
231.000845,97,51.30942
306.092124,124,51.429475
226.392893,101,51.531012
228.439395,108,51.61354
240.747843,113,51.724068
269.499744,114,51.815613
229.164694,119,51.92567
300.389432,129,52.021239
191.368088,88,52.098763
317.958758,129,52.220306
207.437684,91,52.29343
229.199044,106,52.377478
279.200455,117,53.740193
334.002028,140,53.863297
326.027252,131,53.976374
242.036253,109,54.058389
332.843489,140,54.190424
321.95789,130,54.280963
283.565652,117,54.395102
341.502281,134,54.521635
306.865058,128,54.622173
265.76842,115,54.699723
299.474122,121,54.788268
262.5636,113,54.876346
328.730671,145,54.999896
277.148305,112,55.097433
331.942742,142,55.235978
249.918268,106,55.331539
357.369087,146,56.701264
322.23201,130,56.833791
291.282105,117,56.946851
240.071328,101,57.045373
236.529165,115,57.125934
349.595098,138,57.265467
267.459733,106,57.375572
288.746876,121,57.494626
295.065649,121,57.597176
301.472173,126,57.710699
295.168866,120,57.789251
203.361902,93,57.874765
303.684944,132,58.00383
265.138775,119,58.111383
299.360798,116,58.197948
80.566229,47,58.244939
262.714764,118,58.346467
278.064888,119,58.43253
314.56273,135,59.73529
304.815012,126,59.849836
91.152213,55,59.903904
350.191554,133,60.03645
301.330567,120,60.162988
257.296627,107,60.269534
289.813999,117,60.379622
326.973395,153,60.519587
298.63249,133,60.656114
272.01872,105,60.745658
308.879227,116,60.833192
316.110136,125,60.942252
182.235845,84,61.029796
319.046636,139,61.154346
270.063305,108,61.255919
317.42911,134,61.378632
63.243273,38,61.419178
382.020627,136,62.753985
272.081533,120,62.871068
346.236334,138,62.985574
295.477001,129,63.115654
374.733479,166,63.273207
361.952101,139,63.397292
320.75611,136,63.528349
293.767179,120,63.640881
337.315302,146,63.770437
300.479348,126,63.877519
342.29308,144,64.005088
298.136927,125,64.108172
301.167182,117,64.217679
286.105339,120,64.340235
298.908544,115,64.436263
88.077554,55,64.474274
316.466771,125,64.568807
345.475287,133,65.852268
337.583695,140,65.976336
271.90414,109,66.068857
315.868372,139,66.2084
291.303024,113,66.298034
328.323932,142,66.451638
382.310002,153,66.605852
345.314259,137,66.731885
106.715295,59,66.794876
281.081912,116,66.91193
312.157197,118,67.017004
301.291803,116,67.12354
315.26291,128,67.235091
328.174886,142,67.367138
207.568533,98,67.460684
132.252687,69,67.524191
135.638506,74,67.593199
292.378143,114,68.949335
344.220413,142,69.058882
365.273446,138,69.192392
351.061968,123,69.314911
313.419663,115,69.424469
345.420913,135,69.567989
341.166156,144,69.711535
310.533644,118,69.826594
305.731439,120,69.943652
304.603482,119,70.06621
324.617231,134,70.205736
246.219324,121,70.311279
402.020803,148,70.462405
305.787703,128,70.593946
331.609836,129,70.717509
379.39742,131,70.848587
329.972666,135,72.259777
408.996369,149,72.416879
350.841044,142,72.566945
333.937255,137,72.710487
353.617418,140,72.826536
364.640053,141,72.950636
337.373147,127,73.075186
398.675237,144,73.21172
273.960208,109,73.306259
321.483557,120,73.431824
325.880517,130,73.560336
340.182755,126,73.670889
315.436016,134,73.79541
305.36541,131,73.914451
320.494234,128,74.030519
318.476821,133,75.382786
278.869608,111,75.497322
335.430707,120,75.603849
735.681805,265,75.862977
346.525845,132,75.994504
345.622898,141,76.101021
303.466477,127,76.223563
327.648416,146,76.363142
361.315304,136,76.479668
511.913281,182,76.655753
338.052868,134,76.761288
380.835894,151,76.892358
492.973462,171,77.035905
365.688332,134,77.160984
150.849029,78,77.236
343.175016,126,78.587107
350.381429,129,78.68464
352.180196,126,78.79916
360.991712,150,78.911184
329.186429,126,79.037735
383.210747,148,79.179794
333.114427,124,79.288334
372.309032,137,79.422411
341.931439,132,79.563503
238.453363,106,79.65803
416.557914,153,79.795571
335.561856,124,79.893638
334.530576,128,80.005174
374.735883,137,80.135723
363.844071,129,80.250264
366.092407,134,81.624795
364.925328,135,81.75582
566.209786,201,81.951901
335.120278,119,82.069931
356.407596,137,82.213541
412.862744,164,82.383294
385.826044,136,82.52581
594.933503,203,82.719918
578.205389,193,82.905574
68.487297,40,82.943574
297.325508,131,83.072607
343.138609,130,83.192127
296.761542,117,83.305639
414.67153,146,83.440709
357.244706,127,83.565775
302.818252,116,84.912818
430.158557,162,85.07285
448.493745,158,85.219387
461.000941,167,85.371901
364.347841,136,85.500507
404.632443,147,85.651046
344.34703,129,85.775205
339.719383,123,85.898292
541.341224,179,86.069448
394.6977,147,86.197961
301.639905,112,86.306461
499.377986,167,86.483036
370.104715,136,86.60955
645.798423,213,88.057305
319.633313,120,88.169826
340.082235,124,88.298865
414.094908,146,88.432927
343.012502,130,88.567432
326.289877,122,88.694115
383.061983,138,88.829632
212.253921,92,88.916654
395.369803,152,89.070189
381.2352,141,89.210265
414.135977,149,89.344835
202.684977,89,89.424914
559.025656,188,89.598943
343.564039,144,89.732461
333.241842,127,89.85098
323.443084,122,89.963006
419.259946,154,91.365927
322.010315,125,91.45744
348.394552,132,91.587485
359.657232,139,91.718013
605.024529,205,91.887595
377.944256,135,91.978576
609.86669,214,92.201288
345.823476,131,92.317869
373.607909,133,92.425977
344.096257,128,92.552547
540.886557,190,92.736682
368.069276,127,92.858279
566.346126,185,93.024684
360.541513,136,94.436686
372.982339,131,94.568207
361.262152,139,94.699309
491.046696,168,94.869412
364.695859,134,94.990482
408.552311,145,95.13401
213.37795,97,95.208577
566.549289,199,95.420181
422.391797,142,95.543716
565.412568,189,95.718738
446.218478,163,95.88096
325.570907,138,95.998099
585.094917,193,96.175603
352.92136,127,96.271146
620.262501,221,97.73777
115.490493,64,97.780749
327.859821,124,97.87987
340.381645,132,97.997471
425.060987,155,98.152505
348.416251,131,98.256022
340.126609,122,98.373161
479.310557,162,98.527231
540.155235,179,98.694751
306.196428,119,98.809857
220.239887,96,98.902971
507.776922,176,99.076493
367.049873,133,99.196011
615.973534,197,99.37055
251.546599,106,100.749709
367.229269,134,100.879718
617.248508,218,101.07877
362.35293,127,101.204705
330.340835,128,101.333251
397.947934,146,101.466286
327.617856,125,101.5828
170.457225,79,101.653314
490.988483,169,101.81337
324.799442,132,101.941509
482.829927,167,102.0821
582.285166,200,102.281211
432.864703,158,102.434773
334.201467,124,102.553287
388.270547,139,103.90562
349.497167,126,104.00014
411.203831,145,104.122174
403.129032,145,104.261771
794.498881,253,104.491376
355.284312,126,104.622413
335.655324,127,104.745984
344.960099,131,104.868583
653.991914,214,105.077122
853.258229,272,105.310179
396.742119,142,105.457704
235.863987,107,105.561229
214.97209,95,105.653746
566.426881,191,107.027
509.614857,171,107.183594
649.269195,212,107.359688
380.248704,138,107.502757
394.682147,146,107.648782
399.442233,145,107.785319
382.603622,135,107.912335
359.646082,130,108.044426
369.199294,149,108.179039
370.530972,135,108.292609
328.118511,127,108.424792
152.029902,76,108.499348
355.492173,133,108.633351
380.198584,143,108.763864
449.844249,153,108.88796
386.360397,140,110.238585
384.061013,137,110.34516
632.461052,209,110.516168
561.948306,195,110.704196
611.417257,200,110.891775
346.464848,132,111.009291
376.052383,137,111.126824
369.926291,130,111.234949
443.017794,147,111.385121
346.481143,131,111.510693
676.166346,226,111.722763
787.710139,256,111.949856
359.681966,132,113.288995
361.613942,143,113.401082
376.808457,144,113.547112
537.936369,175,113.716703
550.524846,172,113.86287
383.380437,139,113.996914
338.548776,129,114.12543
566.387376,187,114.313488
148.18474,75,114.38662
494.072055,169,114.557763
856.881233,273,114.820881
364.885942,139,114.961419
379.223708,140,115.091936
609.259381,195,116.50197
637.599102,193,116.685999
373.331858,135,116.799548
813.462788,268,117.039285
595.378659,194,117.192323
358.922343,132,117.323836
359.998127,135,117.446892
664.269202,218,117.638936
355.439629,129,117.752544
455.961143,155,117.901214
376.599378,137,118.021807
604.02951,206,119.487603
366.457458,132,119.613143
624.335854,203,119.801278
407.617199,143,119.94141
509.588055,185,120.130495
512.260922,165,120.284553
629.277536,198,120.441655
345.535495,131,120.561173
187.759032,94,120.642682
376.087311,136,120.772717
366.968418,136,120.90077
359.31222,134,121.015365
452.689372,158,121.130939
179.582077,86,121.196512
1006.03154,326,122.718027
398.537002,140,122.855515
348.138045,130,122.982064
170.145062,81,123.052064
635.473409,210,123.227158
320.60506,124,123.330721
751.121599,234,123.542775
364.936503,132,123.642303
355.79764,131,123.765871
401.464196,141,123.896888
379.802011,138,124.030434
446.349747,151,124.160013
346.666326,133,124.258592
570.110058,181,125.653563
516.661439,167,125.81371
862.149149,258,126.073334
771.842836,260,126.317046
772.50936,244,126.552753
613.29156,200,126.739793
651.61481,196,126.91934
564.52101,183,127.101451
630.816367,213,127.295513
562.343007,173,127.429519
424.654426,145,128.812592
486.566662,163,128.937692
319.700064,120,129.045238
799.828244,255,129.259367
400.794491,141,129.392542
386.577176,140,129.528583
606.97354,198,129.703619
440.273508,158,129.845152
369.640508,131,129.977181
544.91043,180,130.155224
556.313203,171,130.326409
393.381047,143,130.462546
718.831889,237,131.948063
607.908968,200,132.154146
375.244002,138,132.265335
531.095424,179,132.414927
580.463072,178,132.57247
709.96141,232,132.774546
569.532955,179,132.930084
785.587088,260,133.158143
584.525579,183,133.333244
485.309625,154,133.478324
802.102865,239,133.703394
596.836363,194,135.085477
199.041257,96,135.182006
634.60729,210,135.350778
691.786817,241,135.578396
190.720539,91,135.658945
765.532427,255,135.857997
703.977038,217,136.049652
530.534765,169,136.177175
231.9987,106,136.271728
360.686097,133,136.372283
718.107233,232,136.592897
341.906422,128,136.717452
636.508513,197,138.110185
213.576686,91,138.1907
576.56471,184,138.334793
489.723238,161,138.469873
660.124825,232,138.671939
152.048159,82,138.745477
599.796208,180,138.906567
395.892184,138,139.035628
495.06263,157,139.167158
628.795685,196,139.371235
670.732365,201,139.53785
480.005915,187,139.705388
547.339645,180,141.125269
531.114638,176,141.277301
105.688079,58,141.339868
217.731606,96,141.434932
636.915015,204,141.625488
762.512565,265,141.846093
475.075401,175,141.998181
461.766294,155,142.12872
603.814133,196,142.308756
170.629916,86,142.396793
233.348856,96,142.492307
505.968342,159,142.649114
229.017643,102,142.740668
573.579621,194,144.081701
590.264353,181,144.242231
584.946991,187,144.418806
477.358224,159,144.555852
609.248493,204,144.742378
626.81934,218,144.914542
513.908798,165,145.07058
554.615143,185,145.230126
581.533076,195,145.399714
615.158855,201,145.57077
369.526024,131,145.683303
609.990361,189,145.831807
807.696245,279,147.289116
1061.616064,342,147.585909
859.020825,278,147.803979
556.324489,175,147.965623
853.640471,260,148.173667
612.520401,196,148.323176
600.530255,207,148.504788
566.553375,183,148.672873
631.209906,199,150.099165
603.351007,195,150.254723
637.213038,188,150.411304
568.464344,187,150.58436
491.655726,160,150.740915
342.958432,125,150.857453
588.844527,194,151.016067
365.272277,134,151.145599
665.05503,206,151.312662
680.577533,202,151.488304
321.346139,125,151.61183
602.059617,196,151.786856
673.60501,240,153.18083
689.687837,229,153.378177
618.918258,193,153.560247
804.403218,265,153.801636
417.170206,147,153.920369
542.454945,197,154.092404
626.142293,195,154.245956
455.528989,155,154.377994
313.357865,121,154.489032
681.736037,221,154.7087
878.629788,261,156.194247
730.204326,231,156.407889
609.713079,193,156.590941
548.248495,169,156.763471
447.57654,157,156.920086
316.053093,123,157.031617
315.835986,122,157.140118
608.221234,200,157.306202
161.27778,83,157.383782
334.591822,129,157.488828
533.498562,176,157.656364
666.129486,233,157.868431
672.240011,204,159.264066
356.950849,132,159.384129
232.527544,100,159.500203
609.084987,190,159.728938
493.936998,163,159.918572
497.042459,158,160.098642
510.223286,171,160.27552
372.933149,127,160.405981
336.655016,126,160.491502
369.056777,131,160.613018
340.734686,130,160.737543
307.21866,126,160.836076
607.58482,206,161.010473
344.891692,132,161.123016
730.983259,241,162.358014
729.892732,247,162.512613
431.563684,146,162.629162
568.049883,199,162.780725
1097.50317,379,163.057557
1123.726323,388,163.323701
693.688579,247,163.509316
363.34595,131,163.599863
593.370646,207,165.047818
538.811041,177,165.20891
748.552012,251,165.420537
624.951004,221,165.629619
558.386418,186,165.793699
553.006761,172,165.95077
650.677483,207,166.145872
818.162137,271,166.414046
481.999998,163,166.569584
701.340567,214,166.773211
583.477306,175,168.14939
446.108051,152,168.240911
588.831004,196,168.416519
118.152294,65,168.476515
385.848728,138,168.605602
512.822579,173,168.767149
781.992554,263,169.014318
661.672899,220,169.214405
740.216112,257,169.448025
246.893209,103,169.550561
658.091523,218,169.749436
300.014163,117,169.846987
616.731476,200,171.354754
849.830507,265,171.605908
854.504755,270,171.873996
423.789276,149,172.01059
660.288007,221,172.217687
589.853071,190,172.393242
609.317524,192,172.574851
459.821157,153,172.715947
574.20809,179,172.8945
464.186854,153,173.043103
673.785233,200,174.507508
611.843085,204,174.698062
623.701984,192,174.875129
525.191804,165,175.026767
1016.354946,324,175.321119
417.658943,147,175.462215
598.29221,199,175.652303
733.681071,249,175.885375
673.760478,210,176.078993
619.308089,198,176.27961
688.151312,214,177.755968
607.248896,195,177.940532
763.792866,233,178.142608
688.517105,238,178.368663
417.17185,150,178.493767
357.844693,135,178.621836
774.339954,276,178.894909
562.343249,186,179.0755
590.696947,194,179.265586
658.424729,219,179.486213
839.271682,255,181.044384
374.205213,134,181.166898
652.126048,210,181.385993
143.7056,76,181.460057
600.099265,190,181.65115
449.476805,154,181.797698
500.650061,160,181.947339
705.708978,229,182.157403
527.247392,175,182.31695
803.022135,248,182.567118
650.308182,225,182.786208
622.294803,204,184.290558
837.738303,290,184.57175
639.90317,194,184.753831
660.333053,237,184.979445
612.959003,195,185.17252
583.712404,189,185.351604
792.228887,248,185.599253
542.279784,192,185.78434
619.378938,199,185.969967
503.968774,165,186.137507
608.590401,187,187.579898
548.82558,173,187.753954
610.131823,193,187.904518
377.612037,140,188.015586
609.21899,196,188.192688
546.620968,185,188.358788
945.369727,303,188.64241
608.805851,198,188.840484
931.702156,311,189.148687
827.882523,252,190.726931
633.89705,203,190.933548
411.937428,144,191.063622
641.93001,196,191.252181
662.287652,216,191.458812
762.101691,259,191.706431
745.390368,237,191.952081
762.94377,256,192.192673
602.885373,197,192.369768
788.717022,265,192.604374
776.898201,279,194.203914
580.502407,196,194.391013
771.684582,244,194.595647
183.704095,93,194.683167
305.893025,124,194.8027
585.89329,195,194.990308
966.69086,333,195.301912
541.088908,170,195.46801
320.729591,123,195.588078
804.373761,280,195.858144
611.233925,197,197.320713
345.547648,132,197.455361
786.681562,262,197.696949
638.831612,215,197.90104
572.598431,181,198.0631
338.828127,129,198.184174
424.55645,147,198.321732
652.794572,224,198.531351
257.11546,106,198.627882
617.647001,188,198.80698
1181.758602,394,200.487934
573.507317,179,200.663015
727.872853,257,200.86912
361.926358,134,200.980205
731.991568,246,201.224842
659.030974,218,201.422466
580.474316,182,201.61255
656.210006,202,201.809616
1470.435568,500,202.264343
605.068222,211,203.73677
712.685584,244,203.985389
631.867756,207,204.174464
1040.261461,348,204.515157
643.110737,201,204.698717
556.628529,185,204.884781
585.287201,181,205.028389
572.029269,189,205.218053
695.906213,234,205.436686
633.964862,193,206.951077
638.439849,206,207.16118
633.673872,208,207.362267
510.485264,188,207.543422
635.915511,217,207.747508
521.007476,160,207.909056
961.473304,330,208.238709
596.507522,189,208.425301
1368.147687,461,208.876507
744.469377,244,210.40566
577.97881,204,210.592273
619.675301,211,210.797365
688.334948,228,211.022481
621.6428,193,211.194572
672.453957,225,211.419664
783.154387,241,211.625342
1199.736942,420,212.034514
671.004398,227,213.558189
905.913932,297,213.839814
729.272725,237,214.057418
527.855671,165,214.193964
936.992793,308,214.480126
617.400007,197,214.681202
662.44513,207,214.880867
615.418936,208,215.068482
632.866982,195,215.244566
562.023223,192,216.708783
609.252828,193,216.888869
584.027559,187,217.063498
625.76596,204,217.259595
643.80354,208,217.436701
626.956743,198,217.625769
1318.430524,441,217.981494
662.97238,200,218.171577
704.563278,222,218.393664
609.127709,190,219.86145
908.047167,286,220.140788
561.388043,177,220.318871
637.869156,208,220.517261
122.052069,66,220.583799
658.759934,203,220.761749
941.188798,311,221.05985
851.470774,285,221.341926
702.95798,237,221.58605
543.716454,170,221.75613
579.059069,184,223.265205
199.777851,92,223.356749
753.64332,272,223.614368
694.900591,237,223.843467
709.924452,245,224.061319
955.445479,316,224.373701
819.006098,247,224.625051
355.938061,133,224.759599
646.936136,216,224.963227
695.845032,239,226.502131
568.728869,188,226.668687
160.915106,82,226.751213
340.827677,135,226.8913
587.867786,191,227.077929
610.193724,202,227.270495
741.304209,245,227.515654
581.221554,185,227.689753
405.238099,142,227.834301
205.810505,92,227.929858
596.924974,198,228.12648
909.551991,331,229.764468
1339.416181,500,230.247717
345.981299,131,230.385621
526.440345,167,230.550212
718.818343,238,230.778299
701.318832,222,230.995315
559.703506,175,231.160848
595.880105,189,231.326546
616.730622,191,231.511922
618.005776,203,232.969089
755.258608,243,233.203666
1370.222793,431,233.627348
508.953657,166,233.781885
556.983264,175,233.94152
333.414816,127,234.071066
794.34583,270,234.343734
989.610386,319,234.64492
1029.506201,323,236.247991
336.323119,126,236.369534
556.929632,169,236.532165
579.802768,181,236.694711
976.140946,306,236.961412
549.607183,168,237.115493
694.278837,229,237.342576
299.403071,117,237.458646
352.557777,131,237.583187
583.038111,189,237.746257
552.934122,170,237.903815
776.887366,236,238.143995
529.104831,166,239.58412
649.520128,198,239.770176
551.221695,178,239.927277
1483.44684,500,240.385973
618.130976,204,240.577562
374.446099,140,240.715126
559.152524,189,240.887197
764.179812,250,241.127368
646.414957,202,241.330463
358.709514,134,242.753295
898.422917,302,243.037446
558.063268,193,243.221009
844.142359,274,243.467153
566.667749,175,243.637246
1003.948329,329,243.974391
617.531288,189,244.160478
620.649108,190,244.34557
597.250253,192,244.50064
617.027968,194,245.954428
499.949803,161,246.105962
1243.110548,411,246.470153
1038.680988,319,246.75678
630.025551,195,246.945409
837.181219,243,247.11494
731.463092,230,247.314081
629.464468,191,247.462779
605.695142,186,247.602389
619.080651,193,248.998785
817.925981,242,249.193864
605.779188,186,249.360962
582.811172,179,249.525014
1061.000413,329,249.82463
788.590388,239,250.063346
659.068016,209,250.249417
598.411383,194,250.428944
871.323806,275,250.696776
715.280881,230,252.205136
646.311785,201,252.403228
588.46352,181,252.57784
590.669674,181,252.752928
622.48926,197,252.939491
616.267109,197,253.130098
617.637189,189,253.307193
733.315443,237,253.532815
568.953142,175,253.70891
985.279762,318,255.352283
940.414235,284,255.628382
357.421329,135,255.747931
728.688627,233,255.961535
837.338376,249,256.215118
601.450163,186,256.399205
634.571064,205,256.59883
956.482035,303,256.890447
756.123608,236,257.115067
1066.356733,329,258.730135
546.193773,174,258.875215
1182.470888,356,259.207341
770.686589,236,259.442437
837.074572,261,259.691424
666.019543,206,259.881518
801.780842,241,260.098145
642.40184,200,260.298232
345.496689,128,260.415776
594.33161,189,261.907666
765.798717,227,262.128294
649.88432,204,262.33137
523.676354,167,262.496516
729.486775,237,262.7386
646.101488,201,262.911667
663.370569,200,263.098311
625.962112,200,263.277855
657.126449,199,263.455476
726.215335,235,263.666536
1015.780963,316,265.312391
993.262337,328,265.641517
627.35257,203,265.842581
626.916953,197,266.04318
949.502959,311,266.352808
321.507353,123,266.470883
1041.096657,316,266.764506
678.514678,226,266.988153
677.49703,210,268.496893
262.840248,109,268.599453
407.100104,159,268.748503
649.49111,204,268.948611
740.121141,227,269.136231
739.335845,230,269.373317
595.344692,182,269.529934
471.399168,173,269.689998
835.113789,274,269.946655
947.872654,313,270.222813
695.760684,223,271.701097
526.650732,167,271.868187
631.862941,202,272.063488
715.699989,235,272.223044
535.569046,189,272.380121
635.990884,196,272.545762
1191.486407,349,272.869354
613.844634,191,273.032987
815.652429,263,273.239071
708.784044,234,274.685328
339.488049,129,274.801877
1243.888777,406,275.180595
735.681851,227,275.391192
647.918236,212,275.588397
696.666188,210,275.780498
614.95837,188,275.932033
951.811689,292,276.179188
730.826045,230,276.382279
291.856947,130,277.71299
957.681152,311,278.014161
673.069301,206,278.223249
1254.914791,382,278.566983
896.546605,285,278.833081
648.663819,206,279.008206
670.945599,214,279.210295
672.034006,210,279.412389
784.421632,251,280.861871
742.020803,233,281.076509
626.36794,195,281.256587
1212.396711,403,281.640781
703.163133,222,281.83787
1002.290218,320,282.109037
575.337817,185,282.243569
594.98357,187,282.384633
701.915722,231,283.733292
763.794546,228,283.93538
615.600701,190,284.092985
691.930464,206,284.286088
344.027996,131,284.403625
633.391134,209,284.595285
953.913249,315,284.887906
1058.200518,325,285.168054
822.917987,293,285.440178
968.223295,327,287.082759
796.563105,239,287.305823
1018.505895,332,287.630965
414.045054,144,287.768006
368.328745,141,287.919562
587.912515,187,288.106172
1024.08326,329,288.420798
981.377657,314,288.710949
1516.109067,500,290.47144
597.624506,186,290.626987
888.695702,306,290.935589
630.026146,203,291.1242
887.091689,269,291.389817
1217.791637,352,291.713993
686.376413,212,291.881069
1006.400821,311,293.422975
1549.90877,498,293.907426
512.278298,163,294.070585
709.858417,226,294.27376
948.643087,324,294.591445
630.552038,187,294.753984
692.556586,218,294.961117
1283.181636,414,296.634964
983.79238,309,296.932591
1057.77616,323,297.219758
704.089628,208,297.427848
934.666508,303,297.701022
433.15105,157,297.837564
966.078703,294,298.101735
930.299963,317,298.389834
721.66321,220,299.847537
731.546835,231,300.03916
466.913793,167,300.192695
872.366444,271,300.439937
727.564459,222,300.654091
414.549103,144,300.789609
986.155583,320,301.083762
657.373284,198,301.256815
247.556904,108,301.361358
984.046993,330,302.977874
914.261723,282,303.206979
1508.538552,495,303.67125
264.555872,109,303.789792
985.334373,318,304.076668
648.37352,206,304.249738
862.839575,257,304.488493
914.842303,299,306.071773
1031.663447,327,306.385403
904.767012,285,306.67259
292.685788,117,306.775134
954.780585,315,307.078264
869.532022,287,307.348895
1356.844269,500,307.738601
1574.397422,492,309.457888
622.3159,204,309.656521
1450.195884,467,310.10678
585.373683,185,310.287831
801.74941,241,310.48841
747.805675,229,310.691465
812.457927,240,310.911129
600.044514,190,312.347215
850.560976,267,312.595794
725.931099,222,312.779846
648.430876,210,312.971886
1037.363272,327,313.245001
1014.057881,327,313.528655
613.864919,194,313.671686
762.716488,228,313.884755
1346.533743,500,315.597785
693.3328,223,315.798846
1465.404291,500,316.264023
719.364008,222,316.479071
988.272034,315,316.740648
1078.616674,327,317.019816
791.492532,252,318.438265
1286.684541,500,318.859594
1473.461377,500,319.281745
659.575553,218,319.48183
578.319222,194,319.641874
619.125213,187,319.801912
1299.381328,500,321.447315
1356.074279,500,321.901779
1388.020881,445,322.328623
1227.729024,500,322.759463
1376.432732,500,324.422927
793.8657,252,324.674651
1032.448732,350,324.970346
1252.07907,500,325.393253
1151.688468,364,325.714151
874.167658,280,325.937322
1245.424014,500,327.675279
1297.935678,500,328.165784
1063.447383,345,328.501122
1323.545158,500,328.981049
1017.543947,306,329.261236
1551.790096,500,330.882708
1516.729618,494,331.350197
753.621842,237,331.558048
1364.680759,500,331.997788
1281.244637,500,334.101521
1319.622146,500,334.7015
1565.164329,500,335.232257
1289.373655,500,335.764108
1362.833707,500,336.19035
1382.280106,500,337.279947
1344.272189,500,337.656182
1009.847442,333,337.84928
819.26621,272,337.994806
718.351722,233,338.148421
616.885543,184,338.296953
971.420357,335,339.184434
1110.778801,368,339.361093
1047.32666,334,339.511844
1064.544199,318,339.70191
650.602855,202,339.814463
1107.583644,334,339.979527
1347.303437,419,340.916907
1331.097683,500,341.189014
772.119587,250,341.310098
1288.833222,424,341.493037
852.583738,270,341.641629
1177.351809,378,341.867392
996.332908,342,342.754173
738.161298,224,342.879711
1276.989327,396,343.100198
1124.701976,354,343.278257
588.775685,185,343.3778
799.50935,244,343.509867
1582.504516,500,344.447674
927.925711,287,344.592751
865.074271,260,344.725303
862.428752,276,344.882337
824.25105,249,345.020396
1173.090869,366,345.201436
692.023183,212,345.307002
1590.730592,500,346.206747
1395.544327,500,346.488363
691.390504,208,346.589404
1335.05171,500,346.858999
1313.288144,500,347.104584
726.376949,233,348.556968
1135.706356,355,348.911592
1591.375542,500,349.413361
1528.208019,500,349.943685
858.767554,252,350.187285
1650.63397,500,352.015321
931.695283,316,352.334958
1319.093455,500,352.837124
1510.182599,500,353.371403
1253.550519,423,353.813525
1520.234222,497,355.753193
1609.850353,500,356.271221
1368.218289,414,356.756807
1346.330071,435,357.246041
1207.58643,364,359.123905
901.164178,274,359.406526
932.12936,317,359.731705
1419.791753,443,360.167824
1091.220664,337,360.497418
1441.491038,500,360.930043
1315.862775,500,362.636127
692.164114,227,362.853689
1340.161795,500,363.306367
1391.139555,500,363.751663
1001.036498,354,364.110178
1045.64724,348,365.777709
1372.958936,500,366.257875
1522.422011,500,366.75651
1405.183785,500,367.214669
1340.61864,500,368.990093
1000.307654,316,369.306714
737.261486,242,369.519333
1417.825224,438,369.97096
769.959271,250,370.229583
1544.254043,500,370.733762
1438.859766,500,372.535728
947.933147,292,372.824351
1291.730612,386,373.176665
852.5913,269,373.422748
1307.944011,500,373.860436
1560.25219,500,375.602103
1197.183472,376,375.951708
863.453771,271,376.167287
1677.030654,500,376.659541
1476.596463,500,377.128284
1468.577211,500,378.875365
1368.110268,500,379.345517
1584.279942,493,379.80971
1530.566676,500,380.297918
1475.515681,444,382.016109
881.53767,277,382.261734
1543.204479,500,382.749948
1276.106987,384,383.10564
798.012283,240,383.343725
1390.2222,500,385.179006
1137.195424,345,385.570154
918.745704,269,385.897095
731.06743,233,386.205734
786.865555,250,386.502863
555.027028,182,386.71118
1057.313189,321,387.0223
1419.846865,427,388.823871
761.256446,238,389.040459
594.417302,235,389.270506
609.812082,240,389.513092
1590.06772,500,389.989528
1606.098837,500,390.464711
646.199971,238,392.003034
1316.586444,429,392.428307
956.197462,289,392.700049
286.852325,115,392.828591
231.081112,102,392.945697
740.876937,232,393.185276
1147.45055,364,393.534931
379.429605,147,393.685456
622.069657,234,393.928054
1209.875741,354,395.701014
1688.088285,500,396.203887
1427.034336,500,396.726091
1027.958712,303,397.028213
1608.108391,500,398.796258
1165.576303,341,399.13588
1495.38278,500,399.65652
1420.996903,500,400.162731
885.730716,268,400.430295
1142.344659,369,400.825762
885.151826,279,402.536457
685.153296,213,402.709316
851.507659,261,402.882835
1061.889134,328,403.167982
942.73486,285,403.525115
806.964612,237,403.759689
873.188549,264,403.998425
874.381276,265,405.563107
816.140256,246,405.775168
907.435296,262,406.004251
1050.682018,313,406.308378
1176.356261,360,406.666038
1190.668006,353,406.982621
827.686,247,407.220764
384.793573,145,407.36029
856.703635,249,408.892936
385.435906,149,409.030022
927.777596,285,409.275619
1029.941312,313,409.607285
862.51841,253,409.834909
853.209182,260,410.100526
789.519266,234,410.313601
755.27823,234,410.523221
1017.162592,298,412.128959
1144.814028,343,412.438573
837.885096,251,412.670177
880.978143,267,412.93478
646.53288,206,413.134342
635.763266,203,413.334415
879.454732,276,413.579985
817.288671,240,413.823087
1171.352181,353,415.512666
835.044826,258,415.780769
928.620661,284,416.075561
709.843237,221,416.294131
821.772786,249,416.552912
686.058289,215,416.769068
643.134081,200,416.96842
1015.493716,301,417.248167
827.990065,237,418.800385
1639.813834,500,419.321173
385.765204,145,419.456233
708.039033,216,419.633809
840.744796,249,419.849883
637.831032,204,420.038469
896.611778,271,420.287518
139.127694,73,420.349061
779.482777,235,420.566635
897.796709,273,422.098393
732.493573,220,422.30042
881.411461,265,422.55456
906.560098,279,422.805269
830.41211,243,423.038994
1067.543715,314,423.344853
863.109725,265,423.602448
1239.45487,369,425.271014
1246.71766,383,425.627162
860.03724,250,425.86176
769.577813,236,426.083333
584.663773,184,426.269401
1043.87244,325,426.573556
931.37168,282,426.818624
803.515659,249,428.373083
1020.509261,310,428.663653
1578.112883,471,429.079854
1715.079629,500,429.587075
835.414755,249,429.833169
718.362401,217,430.045323
1536.748329,467,431.820683
877.896532,257,432.069799
1065.548004,312,432.385042
1162.45612,342,432.741776
857.757261,261,433.014366
858.975965,250,433.247449
1638.390313,486,435.012635
793.467129,236,435.23421
1447.387332,423,435.628859
1036.23692,312,435.944513
812.451232,236,436.136121
1476.577844,442,436.590929
835.930667,254,436.827012
647.635918,204,438.33665
897.167262,269,438.598763
847.569395,256,438.846839
933.254649,281,439.113943
911.038863,273,439.366507
378.671584,142,439.510031
790.096438,235,439.729617
878.479047,265,439.98623
981.329198,292,441.586553
789.648536,240,441.820625
1198.253952,361,442.168864
1173.77616,358,442.524451
836.169707,258,442.754023
974.12319,293,443.026265
673.924012,217,443.212851
860.809867,269,444.808052
1502.927201,443,445.232817
717.656563,214,445.4469
818.594685,244,445.67407
803.495749,243,445.866606
1118.956235,335,446.219308
913.087457,268,446.508469
795.153455,243,446.75806
1498.076479,442,448.418443
1456.927124,438,448.858078
1479.622467,439,449.266731
903.728262,269,449.514313
1127.239853,341,449.833446
823.330386,247,451.352094
1611.408202,500,451.815303
1584.747453,500,452.287152
973.24206,310,452.576395
817.80981,241,452.791986
667.260036,209,452.982539
819.519291,249,454.472244
1630.009641,482,454.895434
904.172633,276,455.171049
861.456121,253,455.415653
931.883545,286,455.669245
870.414895,266,455.914844
1082.350994,318,456.225991
1447.469074,420,457.927551
1543.300377,500,458.392765
904.869129,263,458.644346
1216.776762,356,459.003046
1254.576044,378,459.375143
1598.641109,500,461.146172
895.626996,264,461.412807
1345.139439,393,461.768953
893.813343,269,462.052597
1143.834573,334,462.38445
847.048354,257,462.638588
1578.985413,500,464.400968
1097.663898,325,464.693565
811.347507,245,464.888633
1700.708708,500,465.397472
988.117077,288,465.737833
1173.190246,352,466.103604
724.369594,221,467.626698
1499.677501,444,468.018819
742.768787,227,468.252421
863.541942,257,468.489466
966.22153,287,468.738586
802.373524,240,468.982649
819.620978,241,469.216786
769.766485,236,469.454839
822.833862,249,470.969071
870.797405,256,471.220171
940.37034,280,471.452236
1178.187954,352,471.800337
801.832036,238,472.069381
354.317141,136,472.245447
1264.777462,375,472.744908
923.240721,272,474.554785
706.859581,216,474.775555
797.985816,241,475.049131
861.666369,265,475.344678
605.264726,191,475.552208
856.783708,246,475.795706
855.423687,259,476.079427
901.696195,271,476.390071
1435.784275,421,478.232102
901.663674,282,478.509197
910.115565,272,478.791145
933.56431,277,479.070277
929.698698,278,479.324874
824.635583,241,479.571067
973.472092,303,479.862677
801.800195,248,481.47927
1495.404082,500,481.971491
1420.116771,500,482.490297
940.239255,285,482.77605
1059.042513,309,483.083827
1010.483632,298,483.369126
1317.996403,393,485.032793
1430.141274,437,485.442459
853.829326,250,485.678079
896.419226,277,485.925143
1548.954223,500,486.415272
1455.230294,500,488.22848
1525.982368,500,488.691249
874.575688,267,488.958875
1419.235702,500,489.459105
1186.705546,374,489.820256
1569.064736,500,491.693833
589.167598,193,491.874881
822.082446,275,492.17303
1590.601962,500,492.69898
954.418129,280,492.979584
1663.202979,494,493.434571
898.974805,266,494.928104
1275.526776,379,495.308015
1511.691572,500,495.726728
840.147581,252,495.958329
818.175896,248,496.19596
1054.378618,319,496.501519
855.434007,262,497.979934
1357.372329,415,498.416449
1547.693537,500,498.868606
1587.185669,500,499.353823
999.916865,295,499.610471
856.560662,260,501.114202
589.534331,183,501.27326
949.545944,294,501.556844
1072.73339,329,501.87896
1579.816408,500,502.352168
1095.546564,319,502.641772
1373.756705,401,504.217471
911.931279,280,504.444505
1115.903764,323,504.768082
1116.513723,334,505.093193
1079.656002,317,505.415783
1131.310373,345,505.713659
496.707176,186,505.893712
365.244653,137,506.021224
631.953653,199,507.517553
1559.898214,500,508.071647
1636.270223,500,508.616264
1451.408803,425,508.964314
661.593826,204,509.169864
775.112294,228,509.384581
917.092432,280,510.998767
879.846535,265,511.265317
887.692042,264,511.55185
961.880361,286,511.838907
829.046679,254,512.084986
863.370505,254,512.341021
818.110949,243,512.54105
892.280141,271,512.803109
1393.18305,414,514.460088
883.910023,271,514.734133
1342.323026,408,515.14772
931.301461,274,515.415271
1205.430987,372,515.75902
1450.970421,500,517.615706
931.683616,281,517.92125
273.098022,113,518.041766
311.699185,121,518.171791
1538.714047,500,518.613889
1551.442169,500,519.07095
939.282093,287,519.334996
1325.288062,385,521.069468
866.27057,256,521.318545
1186.74637,367,521.679659
1153.267227,342,522.00879
665.700131,206,522.201393
881.11171,256,522.442444
760.717981,234,522.660218
1560.861896,461,524.319463
368.64429,140,524.458006
1571.302353,464,524.874718
371.339378,141,524.987254
886.340615,269,525.233365
1229.193887,369,525.565934
1239.822809,403,527.146
1335.54636,500,527.565104
1658.795901,500,527.964764
362.820315,138,528.08429
891.024958,266,528.304358
1364.483015,435,528.656483
1503.291726,500,530.332094
1227.2939,381,530.649239
906.421521,276,530.885299
1538.353775,500,531.345978
754.427979,228,531.563853
1404.179916,500,533.268975
1545.455762,500,533.735037
958.825559,366,534.053622
1330.581568,500,534.498285
1345.113548,500,536.176593
1432.032251,500,536.60276
1391.414746,500,537.0484
1432.702632,500,537.444011
1284.65737,500,539.10165
1481.648225,500,539.556295
556.072589,222,539.755905
1265.978965,500,540.230141
1178.818966,384,540.570734
1051.572239,320,540.8715
1238.345168,500,542.505508
1377.831801,500,542.951706
1461.396917,500,543.391369
1166.419835,377,543.70411
1459.241062,500,545.44629
649.003344,240,545.656872
1129.550938,415,546.057006
1035.897546,372,546.420128
1423.823532,500,546.882304
1342.640385,500,548.574618
1311.705576,500,549.046836
557.719094,221,549.257462
112.712825,60,549.316488
1438.768741,500,549.757694
1462.224441,430,550.176381
1359.51718,500,551.95552
1348.667017,500,552.450722
1372.904331,500,552.921088
1359.503006,500,553.372296
1362.072885,500,555.106308
900.302764,266,555.326392
989.682508,339,555.617571
1036.099218,388,555.995723
1417.25026,500,556.470537
1347.169497,500,558.15394
1333.20411,500,558.63038
1320.966399,500,559.102579
1101.07328,325,559.425856
1292.587424,500,561.145169
925.821492,272,561.361204
1412.249514,500,561.76786
1392.642091,500,562.177487
1440.843262,500,562.648143
1568.538448,500,564.390558
1433.35394,500,564.863675
1542.76496,500,565.258297
1045.384651,306,565.532376
1485.188805,500,567.201677
1390.792164,500,567.676423
1439.198585,500,568.119138
1552.545335,500,568.579923
997.68178,352,568.889572
1480.938433,500,570.539612
1462.674339,500,570.989201
732.563622,231,571.213825
1192.786394,353,571.511166
1534.525376,500,571.944418
1105.983259,351,573.447856
115.535314,62,573.494385
929.424312,283,573.712982
813.083783,247,573.939053
1152.448397,336,574.269734
1418.924999,423,574.691404
638.860779,195,574.870475
1003.686802,311,576.595586
612.503347,191,576.818162
1501.654952,500,577.389899
1527.306147,492,577.811548
1476.599369,500,578.203232
1455.068967,500,579.919937
1477.740395,473,580.335561
1470.019901,500,580.808336
1148.124219,359,581.165433
1529.607864,500,581.653204
1101.548028,344,583.223296
1595.332878,500,583.638004
945.697822,286,583.873103
1559.200803,500,584.305366
1619.269,500,586.044721
1546.57045,500,586.510944
659.035592,209,586.71355
1331.454915,395,587.062143
1627.419196,485,587.484516
621.630472,197,587.646547
1458.234338,500,589.296091
1024.401968,319,589.591665
1099.11716,337,589.869272
895.842458,264,590.091883
1030.950254,311,590.363461
811.297828,242,590.565531
1075.117852,326,592.081132
920.438047,281,592.350306
937.115374,273,592.590389
706.15199,216,592.812514
1582.336173,500,593.286146
1212.776284,360,593.589733
1023.978443,302,593.855881
1058.869082,316,595.379085
1416.807376,500,595.849703
1090.951783,318,596.110359
852.278957,263,596.347507
1067.327274,331,596.641602
1485.726733,500,598.296842
1562.079481,500,598.720037
914.693149,277,598.977998
1605.187904,500,599.406621
1431.805144,425,599.791266
1365.325693,415,601.363473
1073.188225,320,601.628597
671.589976,211,601.798118
828.661277,262,602.060756
868.451754,260,602.287308
1463.577641,431,602.665542
1037.118531,320,602.932123
965.572572,287,604.445092
976.762714,292,604.705772
1510.364472,459,605.124915
756.679316,237,605.317457
1474.313431,500,605.744592
1032.205364,304,606.020719
769.631672,229,607.466143
753.795566,233,607.653737
1555.296206,500,608.094868
1450.990647,500,608.540045
1178.67131,359,608.820287
749.970082,236,609.029364
1503.121221,500,610.73603
1546.457205,500,611.17969
1490.913069,500,611.665765
1408.519363,500,612.105462
1427.94571,458,613.712265
1560.230977,500,614.171455
1578.539436,500,614.590551
791.691729,238,614.812117
1171.929247,343,615.088714
1562.002219,500,616.80639
1002.246382,294,617.075966
1659.208288,500,617.521625
1567.847482,500,618.000406
867.575812,252,618.207015
644.301953,195,619.624701
977.198887,329,619.90587
1264.045937,411,620.256083
1540.825063,500,620.704782
1469.611314,500,621.162038
1543.820421,500,622.853872
1011.133134,293,623.122956
946.547373,289,623.389956
993.031283,293,623.642544
634.080913,199,623.812601
880.114124,267,624.016656
1587.997917,500,625.665688
889.840414,272,625.910745
805.472912,249,626.135343
1392.645666,413,626.479482
653.709075,208,626.661044
1471.82369,444,627.070179
1549.534446,500,628.670516
659.3424,201,628.859055
771.410035,237,629.084642
1473.529488,500,629.5513
930.836574,275,629.787408
1621.056082,485,630.223067
848.26626,255,631.667948
1083.566676,325,631.920543
650.872107,202,632.085593
1234.333726,361,632.403701
1480.796167,500,632.860348
986.26029,289,633.096493
1316.121644,390,634.69949
1537.464112,500,635.151203
1578.421281,500,635.597915
1515.62112,447,635.952926
1563.078284,461,636.383193
879.766952,270,637.890496
1226.540077,369,638.176116
927.892595,276,638.43073
1504.230678,443,638.833448
1253.998192,373,639.140284
1125.681865,326,639.457881
1518.482677,500,641.177438
894.092577,259,641.408998
1519.536435,500,641.868631
981.304624,285,642.129225
1405.655595,412,642.547853
904.705033,268,644.005452
771.266277,234,644.202066
1123.673712,348,644.498636
1670.381068,500,644.948316
1249.315062,376,645.318003
1564.751935,500,645.808176
1646.713254,500,647.519656
1708.357089,500,647.98815
932.802182,281,648.228307
1241.175855,375,648.599427
1290.264866,380,648.982539
903.769024,269,650.538344
1183.554847,356,650.843451
932.433797,271,651.111637
1669.300461,484,651.582288
1635.638895,475,652.019526
1161.554312,354,653.535243
925.918759,278,653.779831
971.658645,289,654.051464
1171.955705,347,654.363145
924.711367,273,654.607757
899.865047,262,654.854391
931.444607,267,655.094496
869.693787,257,656.588124
904.317373,272,656.832212
1593.434212,500,657.290881
1683.633972,497,657.751799
1190.264546,359,658.031422
811.058135,245,658.242067
877.774843,261,659.680224
854.687291,262,659.925863
902.065974,266,660.188478
1649.727505,500,660.644176
819.356897,242,660.856744
758.063538,229,661.034816
908.242679,275,661.277422
657.737487,202,662.725813
954.736805,276,662.987916
874.612712,262,663.234054
1591.903653,500,663.699758
670.155932,207,663.872846
1276.473637,372,664.176801
1610.432091,472,665.785021
898.682908,266,666.023111
1622.952723,500,666.483886
946.165901,282,666.763999
898.932162,265,667.019115
1585.103136,500,667.484127
854.300722,249,668.896712
1149.937082,334,669.221799
1305.696193,382,669.562021
1660.488413,500,670.081217
1573.772705,500,670.570449
1232.44436,359,672.23278
1578.098857,500,672.686989
923.555763,274,672.964619
1231.603486,364,673.319737
935.642508,277,673.589345
941.873874,283,673.862425
582.348352,196,675.303473
1606.342805,500,675.76071
1586.859597,500,676.224343
1158.955503,341,676.51996
1159.889192,338,676.831084
980.239217,288,677.067657
1264.945055,366,678.631989
1101.704164,317,678.936164
1581.443327,500,679.406362
1635.119435,470,679.866515
1346.294612,385,680.21461
1611.825493,500,681.915522
1479.241103,439,682.334866
1050.157983,308,682.644485
828.389669,246,682.88765
851.205299,248,683.119705
1298.506643,379,683.487504
1583.686495,500,685.225651
874.9424,255,685.464272
646.379267,197,685.651827
965.005158,288,685.945958
1262.301818,382,686.290672
1585.509255,500,687.931471
1555.896234,500,688.284146
1165.415861,338,688.498206
1554.277548,500,688.920892
1581.171277,500,689.25905
1521.910343,455,690.617163
1140.368548,332,690.872797
1718.591032,500,691.254941
1096.500152,321,691.482544
1545.750349,500,691.804687
950.355499,290,693.121724
1287.444876,375,693.444551
1114.378596,324,693.729713
1148.64368,332,694.013252
1422.661685,421,694.368418
941.893674,281,694.568505
737.867182,220,696.008415
1425.446647,414,696.386101
1246.793981,380,696.717187
1585.826666,500,697.176892
906.968408,275,697.422492
853.306696,257,697.619537
1078.178311,319,699.074705
1153.738901,336,699.38436
1031.272531,303,699.692524
1222.739149,367,700.046149
1161.90522,343,700.369584
900.577977,267,700.63114
1575.477513,500,702.422382
1579.076309,500,702.893704
957.822566,292,703.15681
1579.405751,500,703.590028
1042.233109,304,703.841617
917.768295,267,705.439333
1569.74655,500,705.887031
1568.94507,500,706.356237
1001.410736,299,706.65186
1129.631658,329,706.939553
1303.50243,379,708.558413
853.464458,246,708.760968
566.402553,176,708.90205
930.121712,280,709.130109
651.785067,204,709.342699
1653.086002,500,709.802887
1206.083298,357,710.125483
908.097294,276,711.639002
922.812444,276,711.863199
952.962277,283,712.08725
947.330061,287,712.359147
1048.771625,302,712.648765
1599.709252,469,713.059619
1361.087089,395,714.707479
892.606591,265,714.953839
954.558238,278,715.185415
1592.913008,500,715.605562
906.266708,274,715.909232
898.041417,273,716.173828
792.595992,236,716.395447
632.322755,200,716.568189
1140.605857,338,718.152589
1177.762183,348,718.410186
775.714635,229,718.645741
1151.02713,335,718.934847
827.271194,239,719.132871
925.011426,278,719.392066
1496.314144,500,721.123209
1654.666978,500,721.567875
1544.03996,500,722.073091
1538.855868,500,722.503815
1598.048936,500,724.232631
1019.301522,309,724.49069
1483.162262,448,724.948931
1525.034642,500,725.409647
1589.66748,500,725.85991
1353.416633,393,727.504169
1155.808148,337,727.835822
1453.111462,487,728.319489
1610.692736,500,728.767427
937.957491,274,728.989511
1680.53313,500,730.742737
1515.096699,500,731.245933
1591.319749,500,731.733241
1615.970989,500,732.214419
1532.827573,500,733.989236
1133.14302,326,734.266711
1179.408053,348,734.576249
846.93838,247,734.796797
1522.602391,500,735.205394
1127.525091,339,735.490948
998.911839,298,737.023039
930.194651,281,737.2982
1679.970478,500,737.764362
1181.970113,348,738.060942
1205.404429,345,738.362089
1592.372079,500,740.112273
718.380181,219,740.31788
1220.077659,363,740.673635
910.626355,267,740.914
983.909062,289,741.185098
1326.006255,385,741.512692
1610.809396,500,743.202562
1604.652872,500,743.666909
961.6258,283,743.904479
1254.497958,368,744.243149
695.555901,214,744.414791
928.482862,282,744.67806
932.724374,273,746.186114
899.01074,266,746.465795
863.805101,257,746.734048
1173.874134,342,747.059665
1078.983074,321,747.355772
993.895515,300,747.62035
1677.234529,487,748.029983
1530.254948,500,749.737897
1204.15377,398,750.103478
1613.889753,500,750.571082
1123.702413,324,750.87815
893.943824,265,751.103184
629.155004,198,752.519623
1418.247779,467,752.954197
1478.539028,500,753.401081
1489.609932,500,753.861676
1090.647931,314,754.141224
891.267743,310,755.698587
1466.529952,500,756.175317
922.81101,280,756.441118
1572.503985,500,756.947984
1470.313938,500,757.382204
1544.061124,500,759.050419
1480.715774,500,759.49456
1512.483446,500,759.963245
1392.694682,401,760.351871
628.72611,232,760.543955
1532.958543,500,762.334307
1464.150199,500,762.825483
1481.789119,500,763.299647
1516.472905,500,763.73033
1515.288622,500,765.380172
1518.978792,500,765.820337
1566.828141,500,766.228719
1408.67433,500,766.625837
1450.775725,436,768.188819
1135.942284,329,768.495924
1231.813833,373,768.84258
1532.632547,500,769.271266
1398.608244,405,769.645431
1091.803164,322,771.102425
1320.722993,388,771.414018
1216.583512,364,771.732177
1136.037227,345,772.042766
1089.224048,319,772.328884
1623.663652,500,774.02552
1525.510557,500,774.444207
1584.535774,500,774.889872
1557.710168,500,775.353687
1617.919815,500,777.023905
1136.070538,332,777.325043
1610.167481,500,777.802746
1060.006267,309,778.06134
1471.084982,437,778.448056
1591.956941,500,780.06807
1625.489261,481,780.44969
1521.734627,500,780.871407
1090.163169,314,781.136205
1599.746641,500,781.578851
1672.61778,500,783.132169
1148.879753,332,783.415358
1158.272896,332,783.713482
1213.014141,360,784.032606
927.74879,286,784.289229
1188.284301,347,784.600844
1652.608597,500,786.21989
1695.408371,500,786.711591
1597.072338,500,787.13884
1130.259596,330,787.405485
1152.089758,332,788.875177
647.094172,206,789.060266
1205.278465,355,789.360367
1662.952239,493,789.828335
921.805054,272,790.08991
920.719801,268,790.360683
1631.287832,487,792.114505
1071.225052,318,792.421477
1129.489396,329,792.793136
1645.273678,500,793.227816
945.069113,286,793.469017
1128.889588,333,793.778157
958.610494,282,795.26674
1222.003757,361,795.613117
1603.963687,500,796.053333
1454.167261,440,796.441452
1605.975703,465,796.87767
1113.628341,323,798.407285
1710.786407,500,798.821931
1528.873724,450,799.2013
1664.539599,500,799.654472
934.159412,281,799.931093
1417.739298,421,801.532135
1159.100625,344,801.863789
936.119871,277,802.123873
874.293582,263,802.374027
1236.617771,360,802.725172
1617.547224,500,803.205876
1319.135621,397,804.790534
1632.391929,500,805.233186
1223.561985,367,805.551797
1561.077011,500,806.062947
965.195756,301,806.340076
1493.918796,447,808.005253
1593.763367,500,808.472465
1573.653957,500,808.980691
916.324779,282,809.2403
971.358913,289,809.503894
1414.913774,423,811.113079
1579.026195,500,811.604328
1458.087254,425,811.972483
1176.300975,356,812.286163
940.249567,279,812.557236
1562.620825,500,814.238431
852.085095,274,814.502053
1562.344197,500,814.972712
1241.72119,366,815.303855
1561.150249,500,815.742525
1551.672866,500,817.524303
1606.527483,500,818.053057
1576.018009,500,818.563306
1578.484335,500,819.047479
899.102345,268,820.651857
1573.030852,500,821.12767
1595.260715,500,821.598216
1074.063148,312,821.913952
1192.114768,352,822.273641
1520.625375,500,824.01844
1127.263597,329,824.344523
963.086308,299,824.634027
1573.825371,500,825.102172
1671.557908,500,825.565781
1574.695494,500,827.18278
1614.665601,500,827.600986
1566.919366,500,828.044194
1151.440279,342,828.385381
908.095663,269,828.597706
1596.466208,500,830.265312
1446.206817,422,830.634333
1575.509628,500,831.074795
1595.406556,500,831.5321
1567.63321,500,833.221672
952.30472,284,833.503329
917.071917,274,833.756481
1562.730642,500,834.223861
1211.80635,359,834.548967
1409.482649,465,836.156759
1558.806905,457,836.529937
854.138974,247,836.765517
992.457152,297,837.031132
1500.960545,500,837.455818
1591.992136,500,839.132181
1529.998787,500,839.566806
1544.907655,500,840.020037
1607.471336,500,840.497451
1136.821653,327,840.796542
884.563078,271,842.281031
1167.850289,339,842.612598
1220.613952,365,842.963552
1577.959185,500,843.462738
1445.345083,430,843.912468
1616.312435,500,845.649029
1614.168718,500,846.044599
964.839701,284,846.312138
1557.034209,500,846.818764
1022.437984,301,847.072313
1101.080309,325,848.6105
1566.011356,500,849.058264
1151.253506,338,849.384811
1570.957385,500,849.883431
1544.331306,500,850.366534
908.968166,269,851.882875
1003.974678,302,852.159423
841.135533,250,852.418718
918.063809,268,852.682263
862.835542,258,852.948812
1628.805961,500,853.402392
563.307423,196,853.591424
888.752719,264,855.070754
1604.47953,500,855.512346
1571.904951,500,855.977462
1580.602515,500,856.416049
1701.867279,500,858.118006
1585.591391,500,858.575983
1128.481568,322,858.860044
1603.690561,500,859.296615
1600.902925,500,859.770703
1614.141666,500,861.512976
1606.316516,465,861.92857
885.804203,261,862.160826
678.876982,208,862.350358
1562.0407,500,862.825925
1080.508014,315,864.337875
1573.863363,500,864.818029
1554.924009,500,865.273222
1211.228765,358,865.608355
1600.03743,500,866.053511
870.045953,253,867.473561
1557.431749,500,867.898824
1523.41192,500,868.341456
1534.345794,461,868.720563
1577.062736,500,869.196282
1581.783586,500,870.893491
1582.625441,500,871.350191
861.283693,253,871.604786
1068.239638,310,871.904494
1553.287171,500,872.360127
1115.952711,323,873.995294
916.859459,269,874.231334
926.629706,271,874.460888
690.111948,211,874.660923
1049.360892,308,874.947048
1151.310062,334,875.256195
1632.854433,500,877.177864
909.376712,268,877.461497
923.705713,268,877.695122
1414.295712,415,878.076753
868.660738,255,878.318366
1019.525453,298,878.57598
1166.800315,337,878.875155
891.616143,268,880.359167
696.725237,215,880.56026
1540.977348,500,881.048263
963.606078,286,881.326449
1537.048634,500,881.832699
848.753268,250,882.086318
942.12127,282,883.613921
903.104632,270,883.859529
1605.898743,468,884.250154
934.767019,278,884.513715
1671.322727,500,884.996543
1049.820157,308,885.238585
1605.994567,500,886.971718
931.563005,275,887.228353
876.546948,271,887.412928
1614.995603,500,887.804616
1067.79536,313,888.106199
1045.391536,304,889.641219
1562.323674,500,890.130439
1143.674604,331,890.332307
1557.359108,500,890.638895
1545.298162,500,890.935617
1680.989503,500,891.931624
1209.087971,353,892.08715
1572.677531,500,892.307215
1541.413759,500,892.53126
1590.885357,500,893.439082
992.050792,291,893.583599
934.585705,279,893.729646
1569.519349,500,894.032988
1138.091785,329,894.235034
1684.241548,500,895.636828
917.780468,278,895.833153
925.657445,277,896.024853
870.211988,250,896.19138
1558.945671,500,896.522114
932.838959,276,896.769401
927.955407,280,897.051009
1129.718986,330,898.707796
1048.941406,302,899.057946
1496.516047,439,899.606636
1571.226036,500,900.161871
1600.097434,500,900.711598
135.338648,68,900.784128
974.470145,287,902.541795
1007.891929,296,902.826892
1586.601097,500,903.320002
1587.200458,500,903.891719
1552.390867,450,904.398784
1625.782396,500,906.277889
1536.126954,500,906.745577
1059.428074,316,907.108259
1559.746419,500,907.602371
916.519304,272,907.849922
1549.382293,500,909.5019
1574.031405,500,910.02764
1579.484946,500,910.562275
1522.536564,500,911.066445
1623.870688,500,912.909018
1545.773264,500,913.404816
1074.618118,311,913.711933
877.453672,262,913.968518
1593.20965,500,914.468711
1545.295414,500,916.239223
1069.828311,311,916.542338
990.481588,291,916.815538
1150.578103,337,917.135179
981.507633,292,917.411778
1594.284629,500,919.173179
882.233518,262,919.418428
1294.055624,377,919.735572
1039.223769,302,920.017759
1604.118295,500,920.467986
1230.495705,367,920.762586
1092.423761,317,922.265729
1562.349256,500,922.751981
961.844067,283,923.028152
1070.542368,313,923.320596
878.651815,267,923.563217
1121.248097,326,923.874374
1270.355606,376,925.509675
1022.886151,295,925.818856
1552.254951,500,926.33958
1556.501303,500,926.852751
1025.095724,299,927.134898
879.30099,260,928.74762
1592.25817,500,929.267277
1555.586512,500,929.783405
1626.290271,500,930.278226
1243.678218,367,930.656309
1598.311376,500,932.443764
1497.065204,440,932.900167
925.800378,269,933.182522
933.651875,282,933.479664
828.26648,239,933.695746
1621.278361,500,935.359025
1558.199874,500,935.826241
1548.141701,500,936.301363
928.463639,273,936.541912
1219.470692,364,936.910972
957.838553,290,937.186526
1045.660893,315,938.773676
1528.426171,500,939.271834
1539.335006,500,939.731572
1094.277661,316,940.036696
1541.899078,500,940.498906
1418.27664,421,942.253136
1545.007212,500,942.731785
1577.61385,500,943.232814
1595.02455,500,943.690053
1543.559942,500,945.538559
1562.434721,500,946.015755
783.746573,232,946.247806
1565.877201,500,946.734641
1633.462829,500,948.489145
1437.482814,418,948.897807
1553.12594,449,949.327477
1299.462723,415,949.772225
1536.41386,500,950.275462
1567.942941,500,952.201929
1559.69032,455,952.690208
959.501963,281,952.944833
910.79779,265,953.206396
1649.808028,500,953.661621
1259.632802,369,955.241049
1575.076407,500,955.742857
1598.343536,500,956.180088
1612.210773,500,956.651267
1414.564169,408,957.030895
715.323253,219,958.456782
917.776338,271,958.726397
1095.569031,318,959.024554
1621.178747,500,959.448208
1598.870134,500,959.893374
910.900861,273,960.15645
140.115663,69,961.468622
1624.700642,500,961.882815
1392.862816,415,962.251436
1611.488072,500,962.672074
864.118034,258,962.870619
1008.627434,297,963.11619
1604.089502,500,964.797199
1564.026556,462,965.199909
1563.241449,500,965.654555
1301.623459,376,965.979725
1135.72014,327,967.500837
1589.042171,500,967.963517
898.65139,265,968.235123
1161.722124,349,968.545274
1133.579804,328,968.837968
1435.884258,416,969.223144
1639.081889,500,970.985469
1662.262355,500,971.48323
1027.446155,301,971.782836
1683.630877,500,972.273632
1036.475053,303,972.556743
1618.268144,500,974.281022
1628.244426,500,974.72891
1298.3549,382,975.105553
971.445103,284,975.356139
1022.876358,298,975.625762
1618.669616,500,977.287169
1038.366039,303,977.552264
1709.218574,497,977.981889
1710.707467,500,978.426907
1252.535174,364,980.009915
1580.818206,463,980.420553
1614.913953,500,980.886189
1163.10854,342,981.213369
731.342112,220,981.391475
1099.725801,323,981.662632
1577.952342,500,983.350731
1604.591691,500,983.778868
1358.90303,394,984.147532
1544.712741,500,984.601856
1567.542813,500,986.255024
1552.514952,500,986.662691
1574.071763,500,987.127901
1523.37374,500,987.561585
1315.046163,385,987.911711
1638.705897,500,989.540043
1544.661925,500,990.014322
1580.415725,500,990.477667
1607.6007,500,990.90736
1009.429389,297,992.435548
1719.072379,500,992.883221
1299.581912,377,993.220816
1585.912144,500,993.677004
1571.262507,500,995.371224
1488.74395,427,995.770401
1654.282668,480,996.17906
1087.491396,316,996.454134
1030.153923,298,996.746743
1617.726284,500,998.399316
1537.128001,500,998.855473
1588.276055,500,999.281622
1599.430837,500,999.694282
1594.720886,500,1000.166112
903.687911,271,1001.694656
902.097533,268,1001.962797
127.96351,65,1002.037331
1000.558387,292,1002.32193
1582.047063,500,1002.80914
975.11212,283,1003.068745
131.631677,67,1003.136295
1002.529293,288,1003.373893
1377.775071,398,1005.009076
1208.034586,353,1005.320822
1464.385465,432,1005.697964
1636.98729,500,1006.162748
892.113131,271,1006.393382
1614.676032,500,1008.066023
1444.016962,426,1008.472293
934.735689,285,1008.716326
1101.08087,324,1009.008458
1571.360985,458,1009.422131
1476.734902,472,1011.032202
1635.433028,500,1011.484326
1593.643593,468,1011.875966
1575.13597,500,1012.35525
1570.518256,500,1014.003352
1160.09301,338,1014.316479
967.684202,287,1014.548589
936.797047,279,1014.803192
1090.562898,317,1015.069365
1573.070859,500,1015.55558
1606.760451,500,1017.319566
1576.021067,500,1017.798285
1148.979105,337,1018.119965
1615.519438,500,1018.574195
1619.683789,464,1020.262423
1366.28933,411,1020.663112
1628.003295,500,1021.151302
1619.823258,500,1021.599508
1597.287298,500,1023.060069
1610.006986,500,1023.311167
1136.760122,339,1023.475218
1574.979249,500,1023.730263
1147.685461,340,1023.891686
1433.512802,420,1024.671072
920.09191,313,1024.819149
1557.131778,500,1025.057029
1203.611734,393,1025.230063
933.758106,307,1025.381634
1605.760584,500,1026.187067
1448.877913,433,1026.415351
1058.477564,319,1026.576645
1590.423822,500,1026.846751
1041.820849,305,1027.003811
1277.467945,376,1027.144323
1588.105715,500,1028.018697
1613.793547,500,1028.265367
1575.131113,500,1028.488443
1606.976302,500,1028.744117
1526.698305,500,1029.704416
1607.616192,500,1029.918707
1573.337316,500,1030.174534
1561.315473,500,1030.418121
1585.55994,500,1031.257256
1601.716898,500,1031.495367
1614.997035,469,1031.701968
1231.676297,356,1031.886181
1187.143892,357,1032.039719
1582.988454,500,1032.935698
1290.456679,378,1033.103742
1592.98591,500,1033.39685
1654.972105,497,1033.621915
1594.660045,500,1034.627059
1599.471916,500,1034.86345
1481.357118,429,1035.09887
1628.663926,500,1035.351135
1046.23559,304,1035.472662
1690.482508,481,1036.653001
1681.268241,491,1036.934085
1440.783924,416,1037.186403
1138.80851,340,1037.436963
1561.082029,500,1038.539998
724.703275,225,1038.629521
1133.928626,333,1038.873095
1032.421435,307,1039.107642
1275.951517,377,1039.347192
1156.322767,335,1039.564229
961.283383,278,1039.75528
1565.998135,500,1041.006567
985.632469,287,1041.210209
1405.861038,403,1041.543269
1135.577687,328,1041.774308
1446.402379,421,1042.151711
1075.365934,308,1043.639356
1688.532131,496,1044.072754
1254.4538,368,1044.3729
1459.416991,428,1044.772001
1624.970954,500,1045.262196
1123.133522,329,1046.76286
1606.86067,500,1047.246052
1565.484857,500,1047.708272
1562.525339,459,1048.129969
871.512015,267,1048.384592
1567.492919,500,1050.135744
1529.426953,500,1050.591257
1552.054554,500,1051.08035
1656.436599,478,1051.539458
1573.828873,452,1053.166307
649.932859,200,1053.353725
1082.444402,312,1053.648049
1604.330902,500,1054.090637
875.290804,261,1054.352504
1347.375671,392,1054.70356
989.218067,292,1056.234873
893.113391,264,1056.488425
891.267639,257,1056.707971
1519.597355,450,1057.101042
1608.402358,500,1057.566137
885.286228,267,1057.827814
1596.742464,500,1059.502614
1575.41979,500,1059.973329
921.271261,268,1060.231654
843.112802,255,1060.4892
770.167457,230,1060.71476
657.697529,198,1060.918227
857.361408,249,1062.437151
1538.896347,500,1062.918749
1590.036396,500,1063.382422
1620.657079,500,1063.878601
1492.439325,439,1064.259723
1034.522356,304,1065.802391
1360.154214,399,1066.173013
1087.362075,319,1066.464106
1385.469091,416,1066.822201
1030.721579,302,1067.085799
1539.549296,450,1068.67912
1585.057896,500,1069.155282
1168.760669,342,1069.487377
1064.552748,314,1069.769996
130.399886,66,1069.840041
957.348042,280,1070.066066
1147.099124,334,1070.394179
1466.012723,433,1072.012091
1267.133348,370,1072.355825
1105.616845,322,1072.660413
1702.035689,497,1073.11708
1579.472173,500,1073.640799
1609.990761,500,1075.368025
1573.049468,500,1075.830675
1554.536991,500,1076.287346
1324.054111,387,1076.619526
1621.710963,478,1078.265756
1203.968494,358,1078.623574
1653.354372,500,1079.088225
940.60636,281,1079.341361
944.311204,281,1079.597397
1615.392134,470,1081.367646
1588.542546,500,1081.857635
1073.279012,309,1082.117698
862.514799,250,1082.335903
1258.15442,371,1082.684506
1015.224609,302,1083.001702
1675.083524,500,1084.857759
959.236529,288,1085.143538
1232.713147,364,1085.514997
817.979028,241,1085.821365
1265.089885,372,1086.303629
1299.138573,383,1086.771472
1410.240277,421,1088.59734
1550.627741,500,1089.114514
924.779619,293,1089.423973
1392.890532,412,1089.81303
1309.18716,391,1090.245562
1570.452771,500,1092.368918
1576.930821,500,1092.968758
1584.900812,500,1093.537102
1290.254163,383,1093.941214
1614.334141,500,1095.712551
1597.071928,500,1096.183725
1596.513876,500,1096.693103
1558.690997,500,1097.19896
1551.537938,500,1098.945592
1615.540331,500,1099.456754
1653.015683,482,1099.895604
1588.809089,500,1100.359301
1428.212742,423,1100.753722
1562.812044,500,1102.478374
1566.806525,500,1102.951679
1567.413732,500,1103.434201
1020.197357,300,1103.667946
1695.675178,498,1105.37079
1642.899656,490,1105.791985
1184.081564,345,1106.094344
1231.705997,364,1106.459172
1058.014867,311,1106.719845
1190.670607,358,1108.370171
1135.7288,336,1108.682225
1574.652493,500,1109.149182
1588.204554,500,1109.61061
1197.180962,355,1109.898876
1572.829127,458,1111.520247
942.112361,285,1111.750437
1596.579659,500,1112.266342
1599.55735,500,1112.77118
1557.516124,500,1113.237972
1673.46017,500,1114.98283
814.516475,240,1115.23069
1582.807247,500,1115.708356
1588.687058,500,1116.19006
1584.414055,500,1117.982162
670.139793,227,1118.182709
1587.984134,500,1118.675761
1527.216668,446,1119.093898
1589.817597,500,1119.541895
1285.05071,375,1121.226052
997.129963,294,1121.516001
1214.016634,356,1121.89346
1669.409757,500,1122.348568
1546.737279,500,1122.831229
1117.330155,334,1124.429736
1111.242498,332,1124.71154
1071.880375,312,1125.032798
1145.429036,342,1125.348957
1438.461858,430,1125.7339
1379.307455,404,1126.093279
1284.781947,374,1127.649609
1397.72503,409,1128.045194
1152.387389,338,1128.371465
1252.643552,372,1128.712925
1012.558002,295,1128.999776
1675.60386,500,1130.736721
1368.722462,405,1131.094644
1613.369088,500,1131.515842
1299.518815,379,1131.829657
1516.846184,449,1132.252517
1159.993068,349,1133.90514
1596.559021,500,1134.394559
1425.624971,410,1134.779924
1637.789375,476,1135.226525
1554.207464,500,1135.706397
1168.713715,340,1137.284757
725.935217,221,1137.501554
1159.992221,350,1137.84786
1124.420639,332,1138.14799
1258.342201,373,1138.462085
1139.321804,330,1138.729687
1309.926127,384,1140.307619
1574.313096,500,1140.78232
1231.949486,362,1141.113975
1564.947479,500,1141.596686
1125.899222,332,1141.881842
1574.4537,500,1143.584476
847.835906,247,1143.815076
1545.546447,500,1144.24577
1589.567272,500,1144.717375
1144.84821,341,1145.022813
1172.189681,351,1146.661988
1015.927253,297,1146.956847
1624.712139,500,1147.403682
992.840927,293,1147.673497
1042.308346,307,1147.964655
1603.695362,470,1149.706944
1029.253612,299,1150.01393
775.253386,230,1150.258651
1727.650223,500,1150.811238
1216.527925,359,1151.169361
1019.477433,302,1151.461105
715.130629,249,1151.693763
940.483635,279,1153.316354
1583.717905,500,1153.750192
1638.101978,500,1154.191553
1360.714692,395,1154.561221
1476.83825,436,1154.952149
1683.765127,500,1156.67949
819.336843,237,1156.905509
1641.051848,500,1157.348083
294.780644,120,1157.470348
1042.146829,304,1157.73941
1027.299236,303,1158.006954
1026.58914,298,1159.564786
1623.99688,500,1160.014776
1246.076679,369,1160.363304
948.340027,281,1160.629615
1580.220456,462,1161.068494
764.638005,227,1161.292177
970.158252,285,1162.827956
1175.123697,345,1163.13266
1228.555012,362,1163.465642
1064.832476,312,1163.756741
1035.094242,302,1164.036952
1730.302455,499,1165.7928
1597.656084,500,1166.246847
1093.368063,316,1166.546558
1243.239087,370,1166.903226
1587.172511,500,1167.376801
1568.530006,500,1169.141067
973.506479,292,1169.399427
958.292193,278,1169.673076
625.888507,195,1169.861238
823.825293,238,1170.058784
1098.843523,326,1170.359192
1658.795291,499,1170.833363
874.656514,256,1172.335421
1644.455931,500,1172.813556
1714.519189,500,1173.248931
1125.411255,332,1173.560254
1234.463027,359,1173.877387
1579.947692,500,1175.630886
1598.864262,500,1176.109275
875.212012,261,1176.368822
1382.447488,406,1176.735563
1594.806761,500,1177.190722
1581.646026,500,1178.950805
1590.289973,500,1179.409679
1178.141756,349,1179.748454
1639.298582,500,1180.258976
1573.581749,500,1182.093567
969.298421,289,1182.382812
1063.456486,315,1182.69837
1463.741669,432,1183.137069
1388.716849,405,1183.52623
1649.405383,500,1185.263222
1135.000736,329,1185.60559
1690.477012,494,1186.103901
1587.500806,500,1186.585006
1056.185318,307,1186.85942
1649.952678,500,1188.560143
1583.842064,500,1188.994325
1011.905026,295,1189.270452
1389.461013,418,1189.632282
903.940086,268,1189.88886
1192.093721,351,1191.482556
1290.322541,378,1191.821703
1597.509676,500,1192.289298
1317.23596,381,1192.63729
822.865015,243,1192.825818
1581.117196,500,1194.546048
1049.380509,351,1194.86154
540.743374,196,1195.028571
1588.051108,500,1195.481761
1617.456571,500,1195.934059
1582.614456,500,1197.707536
1342.349558,395,1198.054409
812.179529,236,1198.285937
1574.481282,500,1198.753612
895.832554,264,1198.978371
1603.447268,473,1199.420083
1589.661551,500,1201.17386
1592.806092,500,1201.628377
1521.739997,448,1202.04647
1271.223575,374,1202.385475
1605.754644,500,1204.072237
926.088498,273,1204.314997
873.900726,256,1204.556634
795.266264,234,1204.773904
778.046315,229,1204.975036
880.606067,267,1205.226002
1082.019319,312,1205.482554
628.607029,196,1205.662344
1381.135796,404,1207.293753
1624.851778,500,1207.737681
834.363631,240,1207.957495
1585.9088,500,1208.413528
1421.42838,407,1208.811197
831.695963,240,1210.271603
1441.027964,415,1210.677834
1321.181538,398,1211.069709
908.918111,265,1211.329508
996.015679,295,1211.631309
1177.688988,354,1211.994006
1163.220807,344,1213.588913
1410.697806,424,1214.003284
940.487132,272,1214.257895
1046.959593,309,1214.54529
1314.637051,386,1214.912614
1113.966456,321,1215.222685
1021.88896,301,1216.787532
1383.843046,419,1217.170053
1691.927456,495,1217.643787
1159.601685,349,1217.959943
1174.388923,345,1218.29635
1564.882455,500,1220.046953
1352.344362,396,1220.418508
1040.478557,308,1220.709427
1579.012483,500,1221.196498
1570.155808,500,1221.621334
1540.738866,453,1223.349226
1099.127231,318,1223.631277
1555.172438,500,1224.08925
1193.500999,363,1224.429602
1609.192765,500,1224.887974
1673.013829,500,1226.645595
1606.630067,500,1227.131508
900.474684,275,1227.369566
1434.700965,414,1227.745105
1027.335774,304,1228.012651
1545.885412,453,1229.723881
1553.768765,500,1230.222676
1567.765948,500,1230.683686
850.06567,255,1230.909437
931.944232,275,1231.167884
1238.377174,360,1232.786842
1175.805684,348,1233.092211
1651.363612,500,1233.588106
1496.860229,437,1233.979458
1601.190149,463,1234.402928
1648.395355,500,1236.106256
1022.516767,303,1236.370301
1138.866536,347,1236.750412
1648.740992,500,1237.256691
1609.966405,500,1237.716263
1368.159597,408,1239.4758
1226.789451,359,1239.824507
920.382012,275,1240.091221
1621.045387,500,1240.584896
1560.192325,500,1241.066212
1591.584284,500,1242.899676
1651.893136,500,1243.356689
1566.645841,500,1243.859048
1552.654534,500,1244.336733
1560.500873,500,1246.129792
846.89197,245,1246.330542
1207.37771,357,1246.682305
1326.399145,387,1247.056891
1569.120832,500,1247.506785
1245.526436,366,1249.152514
1522.965813,456,1249.602388
947.448084,282,1249.868738
931.235512,280,1250.139734
1494.702494,451,1250.563721
1277.575178,376,1250.913036
1457.819523,427,1252.619128
925.346128,306,1252.892256
1371.977679,407,1253.256976
693.530779,229,1253.4834
1192.956114,379,1253.813994
1080.659034,316,1254.10579
1586.668981,500,1255.887858
1628.177734,500,1256.346723
951.297765,279,1256.602284
1041.996775,301,1256.936065
1617.173719,500,1257.408668
1227.074042,363,1259.045645
1596.654163,500,1259.509909
1346.005578,389,1259.878502
1726.905496,500,1260.315175
942.748819,307,1260.576974
1575.627678,500,1262.308425
1562.787778,500,1262.698662
1591.889925,500,1263.17988
1157.444222,345,1263.482022
1601.706609,500,1265.28158
1494.849704,436,1265.687254
1186.409977,340,1265.991416
1459.139873,434,1266.38796
1586.598643,500,1266.825393
1539.234902,500,1268.532689
1680.93003,499,1269.007933
1540.919912,500,1269.481231
1504.804,500,1269.922412
1624.541367,500,1271.738867
883.735455,260,1272.004856
968.575606,284,1272.286051
1422.912349,428,1272.686601
1157.510277,345,1273.000595
1406.327878,409,1274.683409
1432.399132,421,1275.103645
920.099164,273,1275.374103
959.630355,283,1275.633692
1621.632188,500,1276.078047
1571.440007,500,1277.799178
1603.532931,500,1278.257166
1583.803504,500,1278.713531
1579.366809,500,1279.183376
1561.666219,500,1279.597452
1442.549412,415,1281.274519
1371.987884,403,1281.631293
1594.167011,500,1282.090617
885.010646,293,1282.353953
1533.16241,500,1284.049193
1534.623839,457,1284.454675
1662.575118,486,1284.894299
1628.821366,500,1285.32559
1588.333974,500,1285.757486
1622.705669,500,1287.504613
1171.993111,340,1287.810921
1603.350618,500,1288.245288
1503.202135,446,1288.633113
1658.672231,500,1290.326913
1317.744822,388,1290.676707
1297.751441,417,1291.06357
523.238336,191,1291.209844
1106.271539,324,1291.487942
1256.284998,374,1291.799869
1610.483549,468,1293.473677
1026.720075,299,1293.760789
1186.801731,356,1294.107161
1586.494857,500,1294.55964
973.652487,291,1294.832433
1044.750026,313,1295.127078
900.153697,257,1296.620842
1631.980927,500,1297.124917
1032.156152,302,1297.397786
1329.946197,385,1297.693186
1535.91072,500,1298.143364
1566.48592,500,1299.915614
1668.514625,500,1300.407396
1441.118325,427,1300.841987
1087.612314,315,1301.147218
1667.480466,486,1302.947462
1601.380848,500,1303.428583
1540.949145,500,1303.886485
865.774356,259,1304.101096
709.056564,215,1304.302211
1271.836579,373,1304.650981
1035.793421,304,1306.185728
1594.059094,500,1306.630529
1712.645006,500,1307.09842
1540.418701,500,1307.563284
1538.420266,446,1309.271856
1576.960498,500,1309.754513
1183.954788,346,1310.084338
1185.398647,356,1310.375461
1189.11532,353,1310.665872
1556.256596,500,1312.409683
1020.152414,303,1312.710387
1559.595657,500,1313.181089
718.258363,216,1313.372677
1609.905672,477,1313.778676
1283.831437,384,1314.138426
1577.14546,500,1315.816522
1005.411779,296,1316.095348
1487.876593,445,1316.466327
1122.367686,331,1316.752333
1583.391678,500,1317.212818
1582.384592,463,1318.918851
1123.096072,332,1319.238661
1105.25797,320,1319.510149
1606.397299,500,1319.94007
1045.695792,310,1320.211426
1387.320477,408,1321.830916
972.73416,290,1322.108576
1676.705262,498,1322.552039
1024.734647,301,1322.823296
1272.203202,375,1323.187812
1246.466051,372,1324.77231
1340.898535,395,1325.140372
1554.981311,500,1325.580146
1657.204461,500,1326.015088
1001.123135,296,1326.263139
1596.978103,500,1328.002279
1541.319304,500,1328.450054
1552.975722,500,1328.885303
1568.064162,500,1329.352012
1568.802891,500,1331.137186
1214.780421,391,1331.497768
789.78302,233,1331.714882
1530.531201,500,1332.201267
1274.371585,377,1332.554895
1670.910376,500,1334.311955
1552.471432,500,1334.750859
1263.473166,370,1335.046639
1586.940718,500,1335.486512
1624.212484,475,1335.900495
1621.275507,500,1337.603866
1054.586065,313,1337.874621
1606.684815,500,1338.327521
47.19597,31,1338.35705
1016.82426,300,1338.619121
783.954229,261,1338.818157
1590.397171,500,1340.576187
1114.855827,329,1340.883575
1553.774413,500,1341.316308
938.359118,306,1341.607564
1648.318845,477,1342.050471
1406.716741,408,1343.736362
483.497038,178,1343.914061
1050.684366,351,1344.247721
987.723248,292,1344.525063
1189.966775,394,1344.840804
1563.164718,500,1345.346237
1365.739931,404,1346.933628
864.052251,254,1347.161765
1623.954762,500,1347.590684
1202.519457,356,1347.88048
642.154201,223,1348.079034
1061.818814,310,1348.379622
1075.482259,316,1349.909622
1643.267954,500,1350.381938
1636.492605,487,1350.79902
1520.015876,500,1351.241669
1593.802372,500,1352.970901
1585.666598,500,1353.43921
1602.358444,500,1353.914542
1661.881925,500,1354.409962
1567.438573,500,1356.098832
462.298057,167,1356.249258
728.997507,247,1356.474134
1570.7769,500,1356.970687
839.336845,279,1357.260855
548.471793,195,1357.443551
252.349119,107,1357.544475
509.425228,181,1357.721873
452.124332,168,1357.889381
1564.216451,500,1359.607616
1611.649885,500,1360.079841
1298.08546,377,1360.438477
1677.479696,500,1360.929153
1557.610489,500,1362.742213
1546.3487,500,1363.218142
789.853855,270,1363.462371
1556.011809,500,1363.952535
1590.300607,500,1364.430855
980.259229,292,1365.967082
1206.90689,350,1366.291149
1590.075702,500,1366.749069
1581.009868,500,1367.180899
1600.287775,500,1367.651422
1607.612423,500,1369.378173
1384.064654,435,1369.823265
1125.359179,335,1370.150301
1361.359878,395,1370.49279
539.714697,190,1370.645168
1262.64781,368,1372.252792
1674.078769,495,1372.655271
1587.508155,500,1373.0911
1252.841679,370,1373.453189
880.637845,258,1373.704545
1082.063553,314,1375.269348
918.252834,279,1375.529818
512.050073,185,1375.69009
1560.657548,500,1376.111128
46.108246,30,1376.138136
968.075161,290,1376.397893
1615.650156,500,1376.88281
1325.334757,386,1378.600471
1036.266377,308,1378.859669
1422.349522,417,1379.238206
976.633474,287,1379.521137
1592.933712,500,1379.978321
984.52846,289,1380.286348
1541.051116,500,1382.045165
1467.505845,466,1382.504296
1113.611466,327,1382.832678
983.839167,293,1383.104537
1568.900412,500,1383.570586
1316.210669,388,1385.174636
956.380636,282,1385.432001
937.721843,285,1385.71016
931.497106,283,1385.951828
1063.39323,307,1386.233144
930.379128,281,1386.491561
1543.682049,451,1388.207976
882.713593,260,1388.449361
1471.52509,431,1388.841586
1577.623981,458,1389.260305
687.690558,211,1389.46903
657.83819,207,1389.679551
1588.14376,500,1391.590815
1066.8831,308,1391.881403
952.49527,282,1392.163816
1149.759337,337,1392.527748
1327.946379,388,1392.90054
1598.693218,467,1393.38485
1199.065672,348,1394.994889
1069.207282,311,1395.266266
1210.303276,359,1395.603265
1581.804052,500,1396.014699
998.548827,293,1396.306952
1030.683676,302,1397.870825
1234.049772,371,1398.243243
1571.808078,500,1398.70082
1612.234912,500,1399.172332
1555.204172,500,1399.665831
1213.435411,353,1401.278014
1093.125297,317,1401.589977
1536.399311,500,1402.047562
1561.696004,500,1402.504124
1452.366819,426,1402.864942
1563.679814,500,1404.537062
1524.78482,500,1404.987597
889.980417,262,1405.262134
1566.656523,500,1405.695668
488.337655,175,1405.870108
1285.395104,416,1407.500232
1285.821603,377,1407.847727
1601.755721,500,1408.323691
461.390043,169,1408.486775
1606.520023,500,1408.916181
895.593299,274,1409.177734
1556.393697,500,1410.947785
1558.471414,500,1411.423949
1623.305889,500,1411.849925
1559.163383,500,1412.337314
1210.539377,362,1413.966521
1203.189848,347,1414.311096
1656.984164,485,1414.765473
1709.323952,500,1415.24447
1566.93164,500,1416.963284
1566.201234,500,1417.436842
1740.176887,500,1417.920928
1643.783148,488,1418.354003
944.239936,287,1418.641135
1024.310556,304,1420.175378
1384.24251,403,1420.590655
1563.699446,500,1421.105166
1133.382829,330,1421.447289
1213.584373,355,1421.802408
1569.582185,500,1423.569273
1496.735681,479,1423.978334
1566.035276,500,1424.46959
1057.069564,309,1424.729319
1554.978295,500,1425.179538
1629.889947,500,1426.936249
1586.436432,500,1427.418733
1650.149546,483,1427.868061
1135.227866,329,1428.173064
913.056129,260,1428.399731
1067.874935,313,1429.949485
1557.968018,500,1430.452905
1260.214701,366,1430.815072
1271.73017,373,1431.153595
926.058935,280,1431.433462
917.479581,274,1431.693822
1569.642433,500,1433.413501
1501.522825,439,1433.804928
1639.417907,478,1434.215395
1599.703562,500,1434.680122
1051.643087,310,1436.220062
1624.351568,500,1436.652749
1021.589637,301,1436.935367
1469.78675,428,1437.281223
1154.236464,342,1437.598871
1677.181239,500,1439.359935
988.343622,317,1439.680213
1278.967569,376,1440.011336
1238.743628,389,1440.414665
1513.586727,446,1440.823322
1610.911909,475,1442.503319
1575.837227,500,1442.960002
1067.703006,317,1443.265141
1590.294718,500,1443.730113
926.75906,277,1443.999597
213.289388,95,1444.095493
1664.598876,490,1445.834324
810.856686,238,1446.071232
1466.811004,436,1446.495441
1579.777108,500,1446.944862
1549.590749,500,1447.394924
1626.854058,479,1449.137166
1069.286335,309,1449.429106
1323.61721,394,1449.818027
907.193241,296,1450.120157
1672.821288,490,1450.614141
1604.768448,500,1452.384682
1707.119328,500,1452.893991
983.469441,285,1453.19861
1696.085775,493,1453.633316
726.771989,219,1453.807602
862.250685,252,1454.043212
450.181624,170,1455.499744
1578.56523,500,1455.981712
1543.922058,500,1456.466075
1563.620043,500,1456.916175
1544.845585,500,1458.675217
1545.157788,500,1459.124827
1551.811958,500,1459.562967
1596.702425,467,1460.034615
1542.245452,500,1461.751149
1366.350961,401,1462.101583
1274.954445,378,1462.485303
1649.052577,500,1462.966383
1593.210962,500,1463.401834
1536.173641,500,1465.105161
1517.782952,500,1465.579084
1599.614347,500,1466.02836
892.171466,277,1466.29932
1260.583772,376,1466.64062
1518.742021,500,1468.32136
1546.744275,500,1468.774366
1567.045655,500,1469.235661
1552.982319,500,1469.699511
1597.33528,477,1471.393229
1538.706982,500,1471.868886
1586.952018,500,1472.273306
1579.379622,500,1472.746288
1453.037006,439,1474.444892
1205.660918,351,1474.766002
1542.5002,500,1475.198174
1570.771326,500,1475.704504
882.790551,263,1475.918262
1581.814237,500,1477.66574
1554.966959,500,1478.133293
1580.769629,500,1478.603762
993.805801,294,1478.866731
1597.025878,500,1479.366878
1082.463699,313,1480.936695
1514.97843,456,1481.413815
1564.602287,500,1481.916151
1541.846203,500,1482.390514
1034.968377,307,1483.997004
1587.047528,500,1484.476815
1530.488169,500,1484.970511
1601.481719,500,1485.484602
1557.773469,500,1485.975691
1709.224534,500,1487.648555
1499.821318,439,1488.05393
1584.064155,500,1488.491274
1074.194023,322,1488.802474
1185.481732,341,1490.392397
1592.622962,500,1490.858341
1620.65015,469,1491.289991
1602.09577,500,1491.755934
1379.826517,409,1492.133071
797.767811,244,1493.634916
970.106881,290,1493.905689
1566.00706,500,1494.346499
1123.436857,323,1494.645884
839.19471,246,1494.866869
1132.061375,331,1495.172472
972.4083,286,1496.748292
1243.27774,368,1497.075667
1662.56596,500,1497.539929
902.313881,266,1497.806214
763.3642,228,1498.014451
783.45308,233,1498.200213
929.482996,282,1498.469389
684.89611,213,1499.931623
1459.423203,444,1500.346506
906.857884,280,1500.624154
1601.834741,500,1501.121212
1542.900237,500,1501.581331
1638.292209,500,1503.291763
972.797484,293,1503.589727
1097.533312,361,1503.939043
1593.221515,500,1504.406939
1054.608015,306,1504.687615
1589.988731,500,1506.412497
1576.325542,500,1506.856717
1611.786564,500,1507.287408
1522.47759,452,1507.710663
1580.073277,500,1509.440344
978.827786,290,1509.708195
1711.231432,494,1510.202571
1095.518318,319,1510.548876
456.341852,166,1510.720925
1610.5101,500,1511.254742
1556.00531,500,1513.023186
1556.5058,500,1513.53628
1596.17177,500,1514.019851
1546.06589,500,1514.512561
1301.942729,385,1516.161884
1513.47249,500,1516.602994
773.446701,233,1516.790492
1538.764462,500,1517.237684
1566.754396,500,1517.717727
1663.467848,500,1519.405492
1606.645083,500,1519.849272
1376.202306,403,1520.232062
1678.163797,487,1520.696713
1587.302931,500,1522.420117
1174.637132,357,1522.766376
1561.293795,459,1523.225434
1114.161693,323,1523.523204
1587.401713,471,1523.954418
8,500,1422.898983
1145.107127,337,1423.241133
1044.221682,302,1423.554281
1621.194173,500,1425.393751
1616.411129,500,1425.889225
1586.022952,500,1426.31502
1285.005043,384,1426.660132
1406.815134,411,1427.025537
1635.530802,500,1428.711416
1583.10662,460,1429.159501
1048.990396,312,1429.43882
1639.375928,477,1429.89105
1537.601633,447,1430.326748
974.588017,286,1431.84674
1360.29075,403,1432.244846
942.402558,283,1432.505042
1013.674563,300,1432.798174
1210.830141,354,1433.142662
1585.119736,500,1433.614269
1625.832032,500,1435.351212
1682.942529,489,1435.806027
1643.619897,500,1436.277128
976.461512,310,1436.572472
1444.914429,434,1438.270528
977.353272,288,1438.550444
1582.972288,500,1439.010029
1561.414542,500,1439.499892
979.535968,292,1439.767502
1090.316305,339,1441.382817
1052.00713,311,1441.661569
963.428531,279,1441.943626
1559.135572,460,1442.339679
1292.08074,383,1442.729802
993.243139,300,1443.029408
957.152084,280,1444.51636
1312.378308,385,1444.880121
670.970705,205,1445.074267
1578.854851,500,1445.522171
1033.639258,307,1445.820086
1603.488767,468,1446.252995
1034.049381,303,1447.808048
1255.279626,364,1448.148502
951.12944,286,1448.424985
1426.934731,416,1448.812771
1275.763465,372,1449.163803
1628.651229,469,1449.588714
1189.927527,351,1451.185972
978.962716,296,1451.460343
845.488093,247,1451.674042
1205.615692,357,1452.024003
982.482158,293,1452.331865
1074.995739,314,1452.616953
1241.967219,358,1454.29405
1233.427477,370,1454.687033
1210.681094,364,1455.083794
1231.826566,361,1455.442316
1516.977132,437,1455.894268
1137.503672,332,1456.182694
1393.118964,403,1457.865628
1323.195539,387,1458.247069
1605.604272,500,1458.728976
1396.437833,407,1459.113887
1029.803438,305,1459.408451
1169.006861,342,1461.031
1035.067756,307,1461.328597
1643.330413,500,1461.78929
1050.987885,310,1462.099331
1608.242174,500,1462.562436
940.173297,279,1464.119513
1619.566489,500,1464.564789
1097.046543,322,1464.84037
1473.781718,437,1465.243232
1188.431014,345,1465.569978
946.038958,284,1465.81038
1388.707249,408,1467.474065
1628.403741,478,1467.900939
1151.288221,336,1468.222286
1600.047101,500,1468.632402
1159.933676,342,1468.936947
1390.420376,405,1470.592113
1627.068098,500,1471.046021
1306.820503,381,1471.410483
1519.128881,458,1471.863906
1044.90552,311,1472.13913
1584.123149,500,1473.858452
943.542135,281,1474.113128
1052.248031,312,1474.408414
1433.263474,413,1474.814975
1272.78011,390,1475.166345
1653.814941,500,1476.877015
1603.913077,500,1477.303008
1569.576189,500,1477.784091
1589.731812,500,1478.252194
1561.701268,500,1480.048871
1585.724363,500,1480.495708
950.170168,285,1480.785635
1588.627829,500,1481.241352
1565.599446,460,1481.65976
846.514985,247,1483.198911
1146.604109,334,1483.529366
1482.209866,432,1483.972378
1272.71185,370,1484.338088
1715.31379,495,1484.810034
958.968787,285,1486.379372
1097.512049,322,1486.684919
1343.351273,394,1487.071414
998.369506,295,1487.363537
1431.180877,422,1487.774053
1477.350251,430,1488.208148
982.880912,294,1489.729568
956.214725,285,1489.996634
1180.289982,345,1490.325062
1131.483013,329,1490.645704
1506.466334,442,1491.052642
1528.722757,454,1492.693561
716.02283,218,1492.908239
1078.061049,313,1493.204074
959.738298,288,1493.483062
1595.256893,500,1493.950511
866.520512,252,1494.168921
1578.875282,500,1495.914598
998.843489,295,1496.19992
1550.169848,500,1496.673769
1587.748873,500,1497.161098
1559.869669,500,1497.628181
720.100988,241,1499.088017
1558.905307,500,1499.509823
1573.201922,500,1499.992593
1582.970777,500,1500.493182
1345.73433,397,1500.880443
1548.253796,500,1502.627573
1274.288903,374,1502.990144
1563.673844,500,1503.51438
1686.456188,500,1503.964119
919.026232,266,1504.225613
1550.084081,500,1505.988121
999.281097,311,1506.278003
1538.942747,500,1506.755232
496.299659,179,1506.913217
1526.729875,500,1507.353733
1423.606652,423,1509.016485
1115.570345,325,1509.305872
1557.414351,500,1509.799237
1573.554254,460,1510.254119
1561.938077,500,1511.998782
1640.992715,483,1512.48192
1166.835476,336,1512.81401
1464.534712,430,1513.265446
1139.335981,327,1513.600544
1103.98345,324,1513.929605
1405.761875,413,1515.669546
1627.006819,500,1516.196754
1299.732099,383,1516.565712
991.811487,297,1516.855336
1584.416894,500,1517.346478
1338.050681,396,1518.966731
1576.81464,500,1519.428286
1675.39329,494,1519.896432
1009.521262,301,1520.180421
1630.741794,500,1521.891236
1570.148263,500,1522.369069
982.270219,287,1522.653152
1576.278659,500,1523.129858
1215.315063,357,1523.46627
1202.575574,354,1525.058424
1510.622401,448,1525.474247
1478.934927,435,1525.886208
1384.646067,410,1526.284498
1012.095569,295,1526.550071
989.718163,298,1526.804618
997.532434,302,1528.359792
956.455592,289,1528.630439
515.51709,181,1528.808389
1578.231181,500,1529.302544
1696.297556,499,1529.795094
1572.623804,500,1531.513832
1431.234266,420,1531.911114
1573.586538,500,1532.375346
1589.901853,500,1532.828203
1588.27474,500,1533.288676
494.489495,177,1534.745763
790.216706,269,1535.001966
1575.308993,500,1535.453692
489.205378,177,1535.600399
1539.652056,500,1536.081097
