#{"t_start": 1774300805.2802181, "env_id": "Hopper-MassFric-Uni-10-v0"}
r,l,t
17.614243,30,0.044162
11.569306,21,0.065784
26.050078,27,0.085351
6.524763,12,0.098372
7.652078,14,0.112921
20.184701,20,0.133997
5.30353,9,0.139531
8.180741,15,0.151007
7.704966,13,0.163541
5.900009,13,0.176607
45.89534,32,0.21018
4.097079,11,0.221725
14.077395,15,0.236784
9.678126,17,0.254347
7.087408,15,0.268034
19.113717,21,0.291118
5.938535,11,0.301657
9.666808,16,0.318753
15.985544,26,0.346095
8.300688,11,0.357603
13.472296,22,0.380664
65.120337,52,0.430864
7.272639,10,0.441411
16.844766,18,0.460202
15.009976,27,0.490086
19.729217,22,0.512186
8.80388,14,0.525249
9.928388,15,0.539819
11.424803,17,0.557897
4.528111,10,0.564425
7.207532,21,0.580518
22.030824,32,0.602614
2.858145,9,0.610159
9.090539,12,0.622706
10.938476,33,0.660493
9.110969,14,0.674036
9.42575,12,0.687104
9.124964,12,0.69865
8.156735,16,0.716726
11.45544,17,0.732847
22.499221,30,0.763078
8.204438,11,0.773624
13.930133,22,0.796875
10.543432,21,0.813433
7.60568,34,0.847547
7.583807,11,0.857073
19.77785,18,0.873637
9.148869,12,0.886708
6.871474,13,0.900265
9.560159,21,0.913803
14.356338,19,0.931502
7.116898,14,0.946563
7.883227,11,0.955568
29.484526,33,0.988707
12.761954,22,1.009773
21.387723,28,1.034432
10.052081,21,1.05603
9.977424,18,1.07113
55.737116,47,1.100768
9.028719,14,1.111907
12.40383,21,1.131996
8.625028,14,1.142543
5.120677,24,1.165149
5.559644,8,1.173908
18.379868,23,1.196522
8.406749,19,1.21962
16.95709,17,1.237695
22.625201,26,1.266176
10.503615,25,1.293927
2.856701,26,1.311005
7.536576,11,1.318545
6.008145,11,1.326058
5.907454,12,1.338637
15.060371,22,1.356704
57.452601,64,1.408144
6.801168,14,1.421692
12.421229,24,1.445882
21.508742,31,1.476533
10.249082,14,1.491089
6.491795,10,1.501637
7.23728,12,1.514177
10.398644,13,1.522709
7.173305,18,1.535769
11.799054,17,1.554418
7.027687,11,1.569031
7.045802,10,1.583149
8.686979,18,1.60024
15.605604,22,1.617903
8.491406,16,1.628466
16.308478,17,1.64552
7.722966,12,1.657595
8.458082,30,1.686213
6.039462,10,1.695738
8.423319,24,1.712305
4.395063,8,1.717842
14.617759,24,1.739515
13.470494,22,1.75884
6.698011,13,1.766941
8.704094,15,1.780084
5.191458,20,1.793618
6.029055,16,1.806686
7.548947,13,1.818235
8.542153,11,1.824236
8.403195,12,1.832775
42.060922,33,1.862565
12.501393,29,1.881581
8.167989,11,1.888129
9.843951,15,1.898673
17.962046,28,3.201857
84.170759,51,3.247516
8.386182,12,3.255576
118.82328,75,3.331401
7.014041,10,3.341909
15.5705,27,3.368052
8.669212,13,3.380599
6.919932,10,3.390141
179.622,95,3.482561
39.496898,40,3.519715
10.43137,15,3.531265
13.345839,16,3.54381
128.306024,84,3.623155
10.958716,14,3.637858
6.888281,19,3.657479
9.177076,23,3.681572
22.363801,20,3.702659
24.143807,30,3.732289
15.778346,21,3.753909
17.972336,29,3.786051
10.569429,16,3.802619
12.99144,28,3.831268
16.271118,21,3.852893
9.342311,14,3.868987
11.256589,17,3.89108
7.700955,12,3.903614
14.156704,25,3.929224
5.511219,10,3.938765
12.342146,24,3.961376
56.963848,45,4.0111
11.83218,20,4.030182
5.444448,9,4.037328
64.181829,52,4.083579
25.871131,33,4.115726
27.430447,31,4.146381
25.695321,25,4.172005
72.59309,55,4.231267
7.486881,14,4.243807
15.301796,17,4.25941
8.501953,12,4.27295
15.061728,22,4.295041
9.331883,12,4.307121
10.128347,12,4.319677
10.356694,13,4.33223
10.412089,13,4.345284
19.014495,20,4.36591
24.99051,38,4.403185
6.187977,10,4.41172
7.767647,15,4.426796
79.579497,47,4.475181
12.88558,16,4.492052
8.347316,11,4.503597
9.051512,13,4.517671
55.160912,40,4.559382
15.191057,18,4.57801
7.876477,12,4.591556
19.451155,20,4.611637
105.602628,58,4.663892
6.290676,14,4.673437
18.348298,26,4.696037
14.507475,34,4.730677
8.812273,24,4.753259
187.625471,107,4.848246
8.612589,12,4.859318
62.899437,62,4.919111
16.85199,28,4.945192
14.364194,28,4.973343
7.853113,11,4.985402
10.333542,16,5.000982
4.651684,9,5.007121
3.02034,14,5.019682
12.108467,18,5.037778
93.9569,57,5.087026
49.016915,44,5.125722
15.196184,24,5.149836
43.930556,56,6.471026
86.176406,50,6.512202
55.596802,40,6.54283
7.356792,10,6.549362
165.378862,102,6.631299
11.584485,16,6.645341
8.72823,12,6.658409
15.531288,23,6.6855
10.773823,14,6.700592
20.826404,41,6.743322
5.649536,9,6.751375
4.076921,7,6.758934
84.997409,49,6.812247
151.842534,101,6.912834
127.177481,65,6.982816
20.117368,45,7.027461
72.552159,44,7.068679
12.012808,27,7.09327
102.251811,82,7.168023
99.841902,54,7.221691
30.068384,38,7.258417
10.813425,15,7.273961
36.021113,32,7.306119
34.964304,29,7.323699
6.380727,9,7.329242
104.729766,61,7.370929
11.79693,28,7.394008
6.605487,13,7.409092
8.855803,15,7.424634
61.712064,40,7.463022
37.381018,29,7.493588
8.140682,22,7.515685
23.01157,23,7.533778
20.976257,27,7.559939
16.003648,18,7.578576
13.68672,22,7.601319
82.869726,60,7.664121
115.793971,87,7.749614
9.648215,11,7.761695
78.30529,52,7.811893
30.227775,25,7.837518
201.008904,116,7.940443
54.14435,47,7.986014
44.148443,33,8.017873
13.75572,24,8.040971
106.287094,77,8.103837
40.930025,36,8.130457
31.659449,40,8.167867
88.688681,61,8.227106
24.814262,41,8.270366
40.947777,36,8.306527
106.19155,62,9.599976
97.850512,60,9.660564
26.710289,37,9.697733
50.98865,43,9.737535
16.663734,17,9.753621
35.679398,31,9.783026
71.636507,55,9.841284
48.461959,42,9.886523
65.394122,42,9.928647
100.273667,58,9.984552
90.852541,62,10.046314
212.694172,91,10.134731
92.11909,58,10.185505
144.156891,119,10.291004
56.605648,41,10.325606
25.795468,34,10.359308
18.764345,21,10.379884
54.343221,48,10.426566
29.746418,52,10.478759
111.85653,72,10.55399
24.416848,35,10.589612
108.186556,67,10.658506
45.141784,34,10.693133
116.964207,70,10.767
20.176053,20,10.785886
22.508412,21,10.808519
9.654509,18,10.827586
109.539006,59,10.884837
13.881422,15,10.900504
18.969631,36,10.936671
8.009888,13,10.947185
15.405752,18,10.960219
135.657695,90,11.046062
80.333809,47,11.080769
139.448654,73,11.136992
75.198587,46,11.175657
18.957759,31,11.19574
14.246088,32,11.224843
25.474155,38,11.251047
44.473758,37,11.282172
58.085165,47,11.327862
9.346279,13,11.337402
14.582735,16,11.35254
145.551293,96,11.435678
7.987552,11,11.447759
12.940385,15,11.463822
91.093687,52,11.511529
147.107827,72,12.851588
119.26728,74,12.924437
101.094792,89,13.014416
180.691721,111,13.124948
165.400043,90,13.209133
103.397495,63,13.261377
232.414413,117,13.377089
149.386417,75,13.450868
227.74133,104,13.551837
165.647318,99,13.647198
55.654496,37,13.68598
223.621839,99,13.770496
81.225091,52,13.815671
14.501877,18,13.832759
29.604373,27,13.85285
220.743347,115,13.954339
21.99163,34,13.990526
77.330328,54,14.043867
96.591453,56,14.096138
135.145503,70,14.145857
39.768926,51,14.184986
245.060105,134,14.314509
166.87209,81,14.387992
16.177046,20,14.407067
124.283143,66,14.461892
257.222226,131,14.569342
96.724015,67,14.634131
218.064326,98,15.949883
125.070615,67,16.006595
70.174266,42,16.046778
78.785305,51,16.094551
243.314298,118,16.199077
75.514277,50,16.251776
91.991498,78,16.322036
205.017379,92,16.414465
221.496051,104,16.498843
202.395491,100,16.573646
182.111774,100,16.659029
44.768693,34,16.692659
142.245546,76,16.770531
120.791286,93,16.854395
165.024352,81,16.933712
158.927133,75,17.008579
90.296616,50,17.050761
17.116391,17,17.068366
111.495596,61,17.125606
82.343988,53,17.177373
44.63127,36,17.213009
247.528079,120,17.347887
243.405343,136,17.492468
170.071503,86,17.577101
104.518637,76,17.653443
112.657598,63,17.71621
77.153162,47,17.765452
103.851809,60,17.824158
83.955454,48,19.146914
80.93627,48,19.19063
176.817201,85,19.276025
222.863382,99,19.372477
187.474056,87,19.455857
174.59071,81,19.537185
219.880188,96,19.640483
91.680419,58,19.691676
218.580924,100,19.7807
216.646064,97,19.880309
235.880271,100,19.981294
222.224552,107,20.088822
61.504233,40,20.122447
105.011533,59,20.181149
230.184992,107,20.272536
120.182149,63,20.328811
214.71989,95,20.420176
205.577723,94,20.510067
216.971324,95,20.603567
210.152796,92,20.694692
225.717391,99,20.796511
231.233538,108,20.9031
77.569665,50,20.95131
221.898071,108,21.052242
171.914701,80,22.393821
233.796561,101,22.492668
213.524966,95,22.578102
233.905069,102,22.679934
205.057585,94,22.772289
165.271052,77,22.850624
187.329796,84,22.937037
129.277597,85,23.031691
217.489239,98,23.12334
219.4963,104,23.214366
236.573088,114,23.321902
214.378699,93,23.417434
145.6133,76,23.49071
59.522836,36,23.526419
98.376729,56,23.576644
212.432094,95,23.665115
218.712672,95,23.740003
196.61537,91,23.824127
161.06751,85,23.904626
162.062012,78,23.975127
177.513053,87,24.054587
133.858292,69,24.127897
199.521737,93,24.214294
180.810661,85,24.279205
161.471828,81,25.617764
154.249674,75,25.688518
189.13185,85,25.762468
203.42739,94,25.851267
125.184589,67,25.918292
222.372606,97,26.017552
181.580856,83,26.093361
213.975023,99,26.186296
215.822803,105,26.278847
210.020606,95,26.370903
216.741844,99,26.465786
131.803986,69,26.514554
79.716182,47,26.547725
204.79297,95,26.623639
212.402423,97,26.701449
173.338041,83,26.770401
224.931214,108,26.862386
201.516615,90,26.93813
211.217029,94,27.032138
122.791779,66,27.084386
86.897168,49,27.119555
224.461399,101,27.202983
167.16304,81,27.271288
212.470755,97,27.367138
199.565358,93,28.734347
212.620802,94,28.819703
217.462554,99,28.909065
211.924472,93,28.997422
182.63179,87,29.07482
221.35435,104,29.17076
80.835654,46,29.208933
197.772036,94,29.290401
212.023323,94,29.384166
224.157034,100,29.481095
238.612293,116,29.586642
217.164336,97,29.675127
223.087459,103,29.773713
214.342352,95,29.870652
222.366465,99,29.966629
220.278077,112,30.072559
152.894978,75,30.140887
215.662048,96,30.225819
233.399673,106,30.3348
217.254442,96,30.428741
208.821018,94,30.526123
216.764913,98,31.863572
213.563806,93,31.95147
215.665038,98,32.044043
214.84679,103,32.13395
214.2826,93,32.218776
61.265654,40,32.260636
208.844205,94,32.344606
177.824472,86,32.41963
223.897665,102,32.513084
210.728718,102,32.614532
213.831709,95,32.687984
190.22583,87,32.761796
209.641117,94,32.856793
222.724763,106,32.957193
220.67169,106,33.059272
225.847052,110,33.170402
214.371431,102,33.261297
203.97439,93,33.357193
212.361635,97,33.451593
197.417361,95,33.546111
215.08051,98,33.643123
208.866224,94,33.740616
38.670087,31,33.774739
139.524675,71,35.142271
216.735326,96,35.245001
221.46319,97,35.346496
205.401266,91,35.439135
108.968901,61,35.495385
217.280997,95,35.5913
229.748585,106,35.691184
208.924404,93,35.7878
211.26727,105,35.892243
239.035475,114,36.014876
206.327086,97,36.103747
166.072796,79,36.172008
224.981954,100,36.253354
228.57051,103,36.348924
209.199569,96,36.436725
150.442926,72,36.504182
82.802353,47,36.552896
91.504478,51,36.606167
248.658413,127,36.744313
209.76432,93,36.819786
209.202719,91,36.906557
211.202031,93,37.005535
176.983163,83,37.08539
222.775118,98,38.504213
235.714829,110,38.612623
230.050934,103,38.715592
230.713196,110,38.828136
121.574611,65,38.893455
200.495908,93,38.983858
213.938379,95,39.078787
229.12726,103,39.17894
239.199657,103,39.279913
229.569233,107,39.379886
214.723439,100,39.476804
228.257101,100,39.570258
223.987997,100,39.670758
240.98986,109,39.780855
235.711785,105,39.895337
211.175745,94,39.986566
152.93573,74,40.060005
227.518794,100,40.163471
209.982998,94,40.25036
200.051205,95,40.348299
244.43882,109,41.69669
211.627168,99,41.801308
220.06665,99,41.890717
252.264679,114,42.004221
193.634583,90,42.095324
239.001715,105,42.200785
234.606383,102,42.30075
230.403256,104,42.407271
223.100469,105,42.503717
213.16366,94,42.585181
243.28369,108,42.687831
198.069006,95,42.755628
217.642931,101,42.846557
206.57141,94,42.931468
208.708709,96,43.015134
216.557531,98,43.099078
234.755256,112,43.204013
232.32772,120,43.327174
206.617686,93,43.402526
109.398384,58,43.451249
242.572889,109,43.562764
219.667754,101,44.878053
260.588219,115,44.993385
246.946824,107,45.090265
235.499954,109,45.189696
248.287152,108,45.275146
238.216571,101,45.375117
280.02182,118,45.479579
216.929892,99,45.579358
232.61578,98,45.676251
162.885292,85,45.753538
239.055448,106,45.856965
247.250408,111,45.947378
72.259755,44,45.98255
239.211002,112,46.081042
199.995556,92,46.161912
66.466373,40,46.196967
280.80061,127,46.313782
219.20581,105,46.411718
227.221084,105,46.508239
238.782074,105,46.624634
216.329535,95,46.726541
231.257976,113,48.123307
250.629999,106,48.232818
246.305911,109,48.328725
248.963641,108,48.430708
243.367909,107,48.533658
234.248182,106,48.638714
223.022736,101,48.74467
269.269319,112,48.861708
212.91802,95,48.957655
272.390834,115,49.073642
201.357949,92,49.170109
209.959012,98,49.267039
250.053497,110,49.374634
206.503886,101,49.479141
285.640838,137,49.613045
288.297699,117,49.727624
264.781384,111,49.825685
241.104984,112,49.948297
252.57524,120,51.322829
225.371211,105,51.424328
211.335932,93,51.503818
311.693541,122,51.615482
282.865093,125,51.71954
290.649414,119,51.829638
278.977628,117,51.930066
247.961165,104,52.022126
248.073767,106,52.124587
236.712329,104,52.245174
272.157676,126,52.374322
279.531203,117,52.490878
278.301746,115,52.57934
84.226639,48,52.631067
307.905388,138,52.753668
263.778293,112,52.863147
113.812185,64,52.919567
200.191399,90,53.007936
239.444446,103,53.113922
263.393972,112,53.233936
303.094555,131,54.639012
269.473957,114,54.740976
277.109604,119,54.843881
266.980448,117,54.938774
306.773329,130,55.058011
118.516653,64,55.114731
263.26016,115,55.230781
312.624909,131,55.34781
263.353513,116,55.464342
287.755945,120,55.592035
238.965579,112,55.700679
282.518298,117,55.808083
247.690282,115,55.9156
303.336089,131,56.033553
306.381486,128,56.145747
271.720555,114,56.261293
267.59491,117,56.373667
313.249902,138,57.735242
290.729226,125,57.862816
301.098073,128,57.987321
316.744919,130,58.105196
309.947425,130,58.205965
286.465025,122,58.319782
283.025363,128,58.431889
267.242611,121,58.555896
290.798783,127,58.678965
256.215444,108,58.785
294.884133,124,58.89572
328.006208,134,59.035239
297.825459,129,59.164337
334.91343,144,59.297067
264.840724,117,59.424597
311.349952,125,59.548842
229.516069,104,60.855719
312.178013,134,60.995322
320.432512,132,61.114935
295.420629,123,61.237186
332.998628,137,61.360035
307.561029,125,61.45589
310.62305,127,61.575013
303.345934,131,61.704557
322.607439,137,61.82706
313.188057,127,61.938474
335.592556,137,62.057316
316.218952,135,62.177437
203.891446,101,62.279975
294.789899,136,62.426815
344.288427,138,62.557898
303.975298,131,62.683935
326.28232,148,64.041141
318.400069,130,64.163728
310.270842,133,64.289809
316.20585,130,64.40332
316.288121,133,64.511795
278.402583,135,64.64695
289.643431,124,64.761417
295.498073,126,64.873084
270.65414,117,64.979614
317.089013,125,65.108742
314.67895,135,65.235798
324.911413,132,65.364987
325.517364,131,65.489093
306.958832,130,65.612488
328.695557,136,65.762165
323.523366,133,65.891298
330.818403,141,67.287244
321.473115,133,67.387531
311.262893,135,67.521691
325.783459,140,67.647274
333.795963,145,67.79744
312.617859,135,67.948154
316.650626,127,68.072154
316.492178,133,68.179204
319.878426,129,68.305254
296.685317,121,68.422325
305.573191,128,68.54636
326.689722,138,68.677977
328.331631,139,68.805815
311.664783,129,68.914159
175.204576,86,69.00117
318.815922,134,70.363441
301.436452,128,70.476691
340.118859,137,70.600773
321.247355,140,70.73337
336.226596,140,70.852675
327.295043,136,70.977773
325.502864,136,71.101393
309.634264,131,71.215024
315.30301,131,71.343026
296.495503,122,71.465589
307.132984,129,71.602915
317.806247,133,71.738119
310.737965,133,71.877639
323.217925,135,71.984891
317.637856,142,72.125419
320.417432,136,72.256198
342.081145,150,73.663905
304.139956,132,73.781009
333.119826,138,73.903688
306.184915,130,74.03145
315.154683,137,74.155518
312.778778,131,74.267771
317.974779,140,74.397145
305.227111,129,74.495523
303.17917,129,74.614017
323.951781,139,74.76504
325.665739,138,74.876304
325.814877,137,75.017028
311.989278,130,75.139068
311.505155,133,75.268981
312.913824,134,75.384351
315.306093,138,76.732134
312.180874,134,76.867229
320.038693,142,77.014748
304.506989,130,77.148155
345.545719,135,77.281544
319.087757,134,77.415673
320.81713,143,77.54963
308.872449,132,77.670734
290.991357,126,77.807406
317.588313,133,77.938047
336.755211,145,78.095995
326.734381,136,78.249787
308.017075,131,78.388488
304.256779,134,78.521089
327.450861,144,78.674919
334.042221,147,80.124874
316.989094,135,80.248459
201.338333,96,80.342862
314.96942,135,80.480645
337.203039,144,80.609282
313.382953,129,80.73901
296.096311,124,80.85618
329.810003,143,80.98631
324.211188,138,81.112511
332.927368,137,81.223722
320.521461,133,81.343745
333.821217,142,81.48795
308.990193,135,81.6106
329.382035,143,81.752295
318.326812,139,81.877785
281.764671,130,83.259518
301.256721,131,83.384103
310.272516,134,83.501125
319.456853,142,83.636544
326.970809,135,83.760116
329.483663,141,83.895168
329.158213,138,83.998656
307.61405,133,84.132205
335.308718,144,84.283594
357.322102,147,84.438057
322.851551,138,84.577648
294.044355,126,84.706403
309.874616,131,84.828525
310.943004,133,84.957607
307.16567,133,85.095796
319.679893,133,86.525403
304.51743,135,86.639407
318.86981,136,86.763145
324.794529,138,86.881149
327.848238,132,87.006685
314.762547,130,87.132377
324.533154,138,87.25738
359.808753,142,87.402627
305.576747,131,87.518588
313.221994,130,87.653794
313.055339,132,87.760276
324.152532,139,87.889608
344.252205,139,88.02669
310.391889,127,88.150279
335.767368,137,88.281312
333.143777,133,89.648154
312.248331,135,89.75303
323.675809,138,89.880561
317.82599,134,90.0177
357.4968,144,90.171426
308.003088,132,90.313643
329.068176,133,90.445175
312.540539,130,90.568804
312.572704,133,90.701338
353.198502,142,90.826113
345.660961,137,90.954707
335.992773,135,91.080879
331.611411,139,91.210467
307.605283,131,91.329825
360.023902,145,91.468219
331.811061,145,92.897806
330.653306,141,93.04844
382.928574,151,93.205943
198.120946,93,93.304888
312.076452,133,93.44053
245.93883,108,93.552571
412.137487,153,93.709665
338.75673,140,93.853832
339.595868,144,93.980276
305.55162,130,94.102083
321.142244,136,94.235869
309.582601,132,94.366494
341.743127,138,94.48449
336.888296,134,94.604907
353.643957,145,94.745564
319.366628,134,94.867731
353.203042,139,96.314826
363.640534,142,96.45291
335.194794,139,96.585566
313.946845,133,96.718019
341.129564,138,96.854098
374.282775,147,97.003539
299.849855,128,97.133139
334.918256,139,97.255594
321.095675,134,97.380088
309.649129,124,97.492613
369.704658,139,97.630174
331.314882,136,97.746401
311.160409,130,97.872023
347.013182,131,97.986488
362.63803,144,98.104138
347.160946,140,99.50564
314.171152,134,99.630774
353.222239,134,99.750202
354.028301,142,99.869805
449.876235,159,100.02336
367.121834,136,100.161918
318.287254,134,100.294682
322.243717,132,100.400654
346.823335,138,100.532278
294.715492,122,100.652458
316.126718,128,100.783474
317.612193,123,100.900359
275.218515,122,101.012771
351.720785,139,101.124218
349.489904,136,101.244699
347.263428,131,102.616866
392.604887,152,102.751454
366.597874,144,102.886608
408.351737,153,103.044378
344.664476,133,103.173405
365.908095,141,103.302546
342.785243,135,103.426027
379.450598,135,103.560121
418.547164,166,103.695202
342.466161,137,103.827768
367.867349,145,103.993057
386.548695,147,104.140795
389.831924,139,104.273283
352.935874,139,104.394182
548.721057,198,105.845598
379.218436,144,105.978363
358.335774,138,106.090453
594.702151,204,106.307947
403.542001,154,106.449928
427.381953,149,106.598097
335.611946,131,106.715669
438.453223,159,106.880565
389.690713,145,107.009174
428.043579,152,107.133267
557.788429,201,107.330244
342.511968,136,107.462841
393.946544,145,107.596884
443.908401,155,109.023187
390.214019,141,109.165834
520.505179,182,109.349203
376.640876,141,109.486796
603.318976,205,109.690437
590.219295,215,109.91501
398.855269,149,110.0663
348.064153,138,110.201946
372.218131,140,110.334012
399.710383,145,110.478195
366.844188,136,110.618912
224.721437,106,110.725602
399.021071,144,110.845737
362.724746,135,110.976674
387.550316,151,112.38256
429.497893,152,112.530911
363.190417,143,112.67107
571.127239,209,112.858732
415.410501,150,113.019738
510.288221,187,113.196418
635.045731,222,113.386515
594.700113,206,113.583305
449.324351,154,113.712371
359.67496,137,113.828845
532.813621,180,114.010151
485.904352,171,114.152186
565.043892,193,115.612369
510.098034,168,115.782006
548.041153,191,115.927406
198.150737,95,116.020838
499.932986,172,116.193058
301.327199,130,116.326368
523.705198,184,116.480565
484.035536,176,116.634674
386.147045,142,116.772347
570.03167,209,116.962772
422.371478,151,117.09887
591.177673,191,117.263199
608.155035,205,118.727377
373.765205,131,118.844014
865.571099,287,119.103728
599.579672,210,119.299287
600.960251,209,119.484271
551.345232,183,119.662761
430.456869,160,119.801162
423.173666,157,119.935367
501.249625,166,120.081338
356.570725,143,120.227038
473.023674,166,120.377263
523.371422,186,121.757215
382.339794,151,121.903812
630.101708,206,122.076537
675.069844,222,122.258969
440.256989,150,122.4011
577.629251,188,122.565822
486.091764,169,122.722547
353.190954,139,122.842011
364.81241,138,122.970554
480.296265,171,123.111701
740.409772,244,123.341428
482.285728,164,124.707282
383.42153,136,124.836961
402.020223,139,124.981093
366.577413,130,125.107134
376.567369,132,125.247087
489.453937,175,125.423087
368.95509,135,125.555177
405.678826,140,125.696531
625.336103,203,125.856832
572.425475,205,126.029237
360.12622,130,126.148756
358.759961,127,126.272369
561.593892,195,126.467345
669.3612,215,127.929403
531.58303,193,128.126363
583.27846,202,128.325753
578.248708,183,128.509631
275.530788,130,128.642789
590.704689,205,128.848455
726.878231,237,129.070988
331.639592,125,129.193516
675.97366,218,129.395266
630.623482,202,129.57261
553.441552,186,129.744355
462.844331,156,131.154813
626.913537,220,131.350231
617.618602,204,131.527471
545.367693,189,131.711072
437.270616,149,131.837519
518.437139,174,132.01683
641.031071,223,132.219399
381.334769,144,132.355121
594.226638,210,132.502355
498.361891,175,132.655677
521.348699,194,132.846023
219.975588,98,132.929402
760.467106,254,134.42765
601.665912,209,134.597976
378.274754,135,134.704021
353.655148,140,134.824589
564.546373,187,134.967239
575.009676,190,135.139962
499.880329,175,135.311701
500.404984,173,135.458811
662.133874,215,135.640803
633.893137,219,135.84723
510.129288,176,136.014853
675.855049,213,137.506914
491.828242,162,137.681053
891.319463,288,137.981216
614.239673,205,138.169139
602.015426,225,138.375699
682.228772,229,138.582239
574.598474,179,138.756921
548.397298,187,138.917238
716.383872,229,139.138471
361.003523,131,139.262545
532.520576,178,140.700202
515.359027,180,140.861792
1103.902566,354,141.195891
398.577427,136,141.316375
488.370508,164,141.471356
763.340109,241,141.702331
1123.836707,397,142.062437
598.222281,205,142.267529
529.620813,196,142.447036
615.746099,201,143.927206
949.746904,308,144.177233
624.494393,203,144.3699
375.928948,133,144.498698
1335.940677,438,144.895433
406.682534,142,145.023531
233.033268,103,145.117178
206.642572,93,145.196214
380.611456,136,145.319407
636.405025,209,145.521685
366.739031,131,146.902246
229.8589,102,147.006718
322.337038,121,147.104731
550.835926,217,147.30372
906.924267,291,147.575896
601.931116,191,147.755952
484.880778,167,147.879475
464.413341,186,148.047319
340.478574,143,148.183509
235.843943,104,148.283256
1108.349998,345,148.582884
941.103915,294,150.146097
1271.289044,418,150.537652
494.466574,171,150.669529
622.00987,217,150.848938
615.802691,200,151.034869
909.033261,272,151.276646
1444.085383,478,151.705205
920.516138,292,153.217576
1019.264526,337,153.550743
713.350409,242,153.781513
845.590745,271,154.039089
679.266856,220,154.248996
738.774932,244,154.479827
814.165947,251,154.706262
198.131199,90,154.793669
1147.143255,371,156.400364
740.727655,234,156.606975
481.606437,170,156.777812
821.888965,250,156.996615
693.406451,223,157.157929
569.247687,201,157.325329
653.243611,212,157.52221
871.341817,267,157.777501
552.434919,179,157.949863
648.846471,219,159.412457
303.35117,135,159.539545
675.38858,221,159.730768
966.445824,304,160.025053
917.023225,295,160.290456
1293.806309,432,160.647861
551.059273,179,160.805541
579.921561,198,160.964298
721.189377,293,162.441542
591.497434,195,162.62485
628.151667,204,162.803773
839.457477,281,163.082523
569.340544,214,163.287017
352.97493,152,163.451324
483.878713,174,163.613764
311.755416,136,163.742904
683.335786,219,163.945601
453.497181,157,164.078604
866.543793,282,164.349185
996.547071,321,166.141012
210.655639,101,166.255536
505.125782,167,166.430228
615.035692,202,166.636481
785.561894,235,166.888197
565.071509,191,167.105536
214.534086,92,167.207561
268.430417,104,167.317503
839.030212,269,167.595806
484.370415,172,167.769518
575.421462,189,168.017964
856.201979,270,170.129443
648.484056,197,170.367484
924.663744,293,170.694633
668.38032,219,170.913996
789.086247,250,171.193187
662.544365,225,171.446706
456.542613,156,171.61744
589.239538,195,171.852426
387.806325,160,172.039263
631.185705,195,173.755006
704.379345,223,174.22576
890.926208,278,174.552324
646.549282,214,174.774362
809.945829,262,174.966786
607.761944,219,175.163822
566.546967,181,175.260711
614.901544,206,175.440546
723.706045,243,175.647398
874.684033,280,177.110156
1202.359561,390,177.439641
814.318774,254,177.649796
627.206497,207,177.856683
356.837488,134,178.001394
617.976729,191,178.178287
651.134931,218,178.372716
552.769009,176,178.557081
596.086317,199,178.753228
565.443713,197,180.225928
794.758979,256,180.452795
813.230721,276,180.714151
593.896848,197,180.871815
485.034813,162,181.004159
716.234512,232,181.224064
720.649354,227,181.443183
651.977476,209,181.62604
666.370436,215,181.814969
828.455968,268,183.285672
690.173388,223,183.514407
700.052117,233,183.721404
738.408484,246,183.943415
591.634004,197,184.145587
553.307139,175,184.293929
512.007647,178,184.474644
402.531444,139,184.613773
426.147109,144,184.768994
991.677954,306,185.074444
663.126216,214,186.6034
849.63364,276,186.854545
670.490082,218,187.065004
639.131072,211,187.259969
601.847725,191,187.44734
664.223166,214,187.664346
602.986543,198,187.823555
944.844358,295,188.124263
591.495416,201,188.328724
667.541947,208,189.870173
820.595381,262,190.117397
723.960551,228,190.333948
526.552954,182,190.518795
799.217736,248,190.762062
661.728684,207,190.958486
864.543624,259,191.227367
834.109507,273,191.503691
599.346634,200,191.707609
789.376541,242,193.238372
678.177252,211,193.441755
628.858057,202,193.644693
482.018586,160,193.813431
601.848455,191,194.0018
742.422858,228,194.222302
836.440124,249,194.455286
628.156928,200,194.651221
617.667612,195,194.812613
570.453844,199,195.011568
675.104124,211,196.55531
618.700315,194,196.738156
405.303732,139,196.86112
659.490954,212,197.071487
616.785282,195,197.269245
903.106637,295,197.568072
767.953691,251,197.836822
941.739298,304,198.036658
199.397642,88,198.11868
696.512189,228,198.258041
1125.717773,371,199.282675
1076.356,336,199.468623
641.265899,203,199.587587
388.82071,137,199.668655
1171.04915,361,199.858925
893.721434,320,200.010816
827.846409,254,200.161106
591.655215,188,201.048404
258.091859,104,201.107579
855.934042,262,201.273136
1211.437405,379,201.666694
796.243893,243,201.928428
787.707802,238,202.163564
923.162108,301,202.502
387.668438,139,202.624212
950.400324,300,202.952182
611.732793,208,204.461552
626.460756,204,204.643584
663.645868,216,204.83544
993.974771,305,205.142851
805.651067,251,205.359206
755.674366,232,205.590715
886.862495,276,205.857845
656.499282,207,206.080288
1302.236024,414,207.81658
600.594866,226,208.027003
807.68474,255,208.256451
940.966983,322,208.589414
1222.410569,409,208.999272
942.365778,312,209.29702
686.498093,223,209.497014
567.855174,201,210.926897
730.982658,295,211.195158
1053.872526,382,211.557399
774.75708,257,211.803681
569.299764,216,212.04494
755.227095,259,212.279483
781.300296,244,212.530901
847.621647,276,214.046504
929.802498,316,214.321128
1172.184928,500,214.825526
903.25873,298,215.176562
774.189442,291,215.43823
370.481005,133,215.570443
719.415963,211,215.756504
579.261128,219,215.957489
1077.867563,381,217.642209
971.699864,327,217.959796
778.922043,265,218.194762
1052.524521,326,218.466868
600.027391,200,218.683889
532.696741,209,218.884877
715.428074,277,219.137325
543.650938,222,220.594539
534.274536,212,220.823441
814.997068,249,221.077472
1261.572902,500,221.537614
925.693962,298,221.794348
668.079971,215,221.982784
1233.324341,465,222.431365
1271.253672,404,224.062713
1121.004302,358,224.417128
777.356701,260,224.67728
956.051329,300,224.967537
1511.009566,469,225.404674
936.984169,293,226.93123
1070.615171,328,227.279451
496.41245,221,227.502627
1134.396557,385,227.930808
772.249023,233,228.14807
693.014348,223,228.362083
1020.978509,314,228.690645
645.139008,205,228.90916
788.185989,243,230.493799
396.962846,150,230.629413
801.423268,249,230.920919
1492.645546,500,231.426969
985.483212,322,231.740214
867.452524,286,232.003384
867.727099,263,232.265852
1110.176547,343,233.871763
1431.19745,491,234.362103
860.403751,280,234.61127
965.284225,293,234.868481
587.602051,183,235.041404
1444.517255,500,235.505627
1379.800299,426,237.167433
1576.041495,488,237.623549
1020.226133,318,237.92113
1035.498253,337,238.23795
664.832949,213,238.456032
623.347596,205,238.671844
870.902509,263,240.180351
1340.464026,500,240.641607
1260.048641,500,241.110193
1476.341441,495,241.564653
661.062419,214,241.757418
846.889586,249,243.262792
876.07412,255,243.533755
1249.320811,500,243.990546
215.209722,94,244.077456
1041.034746,378,244.408488
836.335285,255,244.658313
1293.20718,415,245.075829
1085.619864,354,246.699969
794.93511,236,246.951919
773.526279,258,247.194745
1029.616847,341,247.484976
760.470166,237,247.687055
1111.874858,348,248.026617
1562.635704,500,249.770541
1442.901228,449,250.163556
774.002905,252,250.409955
1023.199201,340,250.716086
620.192978,210,250.913603
204.50656,96,251.006652
615.788938,186,251.202015
1279.465836,419,251.582809
1325.598068,421,253.273933
1021.831573,330,253.59926
880.367442,303,253.873322
1375.497742,415,254.24501
828.807673,265,254.496161
1237.93744,500,256.168688
852.398965,275,256.429229
1311.64288,433,256.836118
1401.645524,441,257.270224
939.568961,295,257.534744
930.894453,325,257.85428
827.309115,262,259.425267
1394.455765,470,259.919638
1518.88384,469,260.403495
1505.703803,500,260.853232
537.412457,176,261.016984
1380.511137,428,262.736239
1025.300993,335,263.115206
1559.511107,500,263.580596
1568.843167,469,263.995728
1600.085609,500,264.43741
686.911126,223,265.929863
1046.867478,332,266.2391
1541.974555,497,266.685836
1333.745772,500,267.15725
1022.216965,327,267.431808
1306.365021,395,269.050564
1337.968319,426,269.446916
1028.273656,374,269.735281
1378.350087,500,270.202465
1479.930198,500,270.689789
1548.890904,500,272.443942
864.302968,262,272.675668
1352.602484,500,273.102367
118.378243,64,273.173096
1162.56941,361,273.493721
469.174274,172,273.643389
894.080807,278,273.920645
1261.756053,436,275.557532
1498.807382,500,276.043548
1576.002724,500,276.55197
849.28696,271,276.824369
861.284999,277,277.053007
1353.220977,418,278.770278
1142.417099,375,279.136821
1156.133157,374,279.450384
1358.48666,500,279.890363
1249.841558,435,280.294109
679.068888,207,281.729505
1475.492233,500,282.176378
1447.711364,500,282.646139
859.605282,252,282.872527
1410.597662,500,283.330984
1545.132442,500,284.964817
655.939933,198,285.150045
870.977872,255,285.390988
1072.077764,333,285.684731
851.104467,277,285.933056
217.528482,97,286.022217
1482.965895,500,286.504646
770.006209,246,288.06265
1045.549775,330,288.396697
789.350298,234,288.639744
830.289898,251,288.868504
1303.231776,410,289.276286
501.587041,212,289.492459
1487.402894,487,291.250673
1251.37891,380,291.615299
942.295989,303,291.911648
911.097312,290,292.165647
1095.4471,337,292.492963
1248.709773,399,292.944742
944.730774,295,294.557958
972.310121,297,294.862668
934.373263,293,295.169414
1129.545707,353,295.468406
748.427673,242,295.694188
849.043679,252,295.898851
1128.297901,349,296.226206
828.385299,242,297.741023
1359.522844,425,298.093447
1157.788018,363,298.439521
1280.680749,441,298.825357
691.736873,215,299.009093
1407.761027,500,299.463525
1254.961756,411,301.167892
761.037233,231,301.365679
1052.01018,320,301.639883
715.878509,236,301.86556
1333.614877,495,302.314113
1511.057782,500,304.084777
1487.215018,446,304.500052
728.30918,239,304.734555
1041.461667,330,305.025823
1285.136105,407,305.411398
627.99881,209,305.60822
1545.981133,500,307.315344
1357.783354,413,307.725108
1230.893745,386,308.045024
1509.623087,500,308.468709
1480.844246,500,308.982813
821.595979,269,310.4753
1092.72143,333,310.766251
1436.067053,500,311.208872
873.134176,269,311.466476
899.502612,296,311.729176
864.853859,277,311.988838
542.965916,184,313.411799
1149.563155,371,313.724605
1557.268851,500,314.177175
1425.278187,500,314.578403
902.210372,278,314.828138
1078.421591,337,315.11369
734.948214,229,316.58651
1032.12917,320,316.841107
1125.749423,354,317.173342
1052.567691,338,317.494085
658.774774,211,317.696705
881.708033,271,317.982972
1000.348464,308,318.301282
849.957122,259,319.866368
1043.802406,317,320.168962
901.042228,290,320.473004
1569.285029,500,320.949443
1062.840071,331,321.278662
757.409553,234,321.484048
1562.013825,500,323.216057
1240.467549,378,323.572575
790.34358,240,323.78384
1391.877996,439,324.186129
1379.379268,415,324.572745
216.616883,99,324.670555
1561.696938,500,326.380955
1579.564797,478,326.887817
896.755075,260,327.164924
1377.021911,500,327.681202
1432.577373,441,328.091376
1462.414078,500,329.83236
1337.16319,405,330.174163
999.875618,308,330.485597
1167.584033,349,330.778311
1055.180406,324,331.095786
1199.081388,438,332.806556
1591.961435,476,333.202065
225.1014,102,333.31254
709.47843,220,333.509099
721.491601,235,333.7203
896.284352,265,333.992548
820.450557,249,334.215849
1155.728891,353,335.788093
1086.787711,328,336.069355
894.546299,275,336.298024
1453.701509,431,336.711668
813.397938,247,336.920218
1087.910102,328,337.227165
1316.841486,500,338.996957
1331.173241,398,339.359035
299.906227,128,339.486044
1065.232831,337,339.799467
1258.831962,500,340.248173
1489.483893,457,340.696881
1427.213386,500,342.375733
1205.475694,369,342.710367
1438.169055,500,343.123008
957.479894,285,343.402566
1320.88513,386,343.731603
630.66757,196,345.193833
1209.028196,350,345.504026
898.4216,314,345.831993
1152.728586,350,346.174823
993.531625,302,346.481262
1579.867698,477,346.940147
1371.815169,447,348.676299
855.084632,258,348.950464
920.58982,268,349.230088
1398.439505,422,349.642199
1388.886324,500,350.182556
1506.888711,500,352.027309
1132.700936,338,352.312911
1251.507092,375,352.664314
1432.507547,500,353.208537
1156.914425,352,353.579228
810.192995,246,353.828193
772.956699,228,355.301232
1225.765533,364,355.636114
724.35245,226,355.826736
1329.105304,403,356.174468
136.701695,70,356.244302
162.826242,77,356.330163
964.016035,294,356.578591
1309.271825,388,356.937566
1096.580814,350,358.537443
1026.716365,308,358.817765
684.699946,209,359.026885
131.912728,73,359.106316
131.256628,68,359.178611
89.817435,50,359.217319
625.043252,201,359.409058
1308.077099,390,359.805679
154.710775,77,359.882039
843.776383,248,360.11518
629.514654,189,361.628858
1132.941331,347,361.959621
982.803308,287,362.228395
1493.172546,500,362.746541
919.261522,276,362.995896
880.393243,262,363.234184
708.290931,212,363.454202
583.248631,195,365.002565
166.24049,82,365.077577
775.458086,237,365.308106
950.584762,284,365.587786
148.012334,73,365.653037
1523.612769,500,366.187329
628.281841,200,366.388192
1073.570238,319,366.692142
1178.600263,370,367.957221
698.013606,216,368.076566
860.319468,283,368.218191
1188.322589,353,368.381206
676.900411,207,368.46762
973.890811,296,368.600426
1476.190684,477,368.821993
1439.171055,434,369.766909
956.317234,323,369.912335
1673.809739,500,370.311532
1074.206975,317,370.537985
801.786504,245,370.725266
1356.956016,406,371.961474
1460.10449,500,372.316364
698.83072,216,372.470909
134.076027,71,372.551748
1231.073855,365,372.805855
1297.205516,384,373.136184
951.065541,292,373.355254
170.01737,88,373.41048
671.945396,217,374.515785
1068.930147,329,374.810722
587.297962,193,374.957794
1396.973867,500,375.356606
666.172828,206,375.53265
1123.0583,357,375.7725
511.568697,167,375.916118
947.340288,296,376.935244
1434.386936,500,377.20471
777.049602,230,377.410729
826.902118,251,377.612414
559.166689,186,377.740658
1245.517495,380,377.946285
1327.163776,397,379.192686
1250.100761,373,379.435791
682.202814,212,379.600674
1131.522491,344,379.858917
680.001028,206,380.036617
888.613286,264,380.231928
683.004268,211,380.398638
749.161648,226,380.536652
644.431842,204,381.806311
1163.605198,361,382.096046
1083.79149,330,382.401512
704.441486,215,382.614951
962.700407,292,382.857124
939.567803,272,383.094846
1109.495234,326,383.339309
1550.571543,500,384.844446
904.339967,261,385.149431
620.066924,196,385.314909
980.048341,300,385.539827
1023.840507,316,385.74306
1515.027413,444,386.043658
991.933796,309,386.968692
1220.418044,373,387.179305
799.120235,236,387.311002
1457.62405,439,387.578337
1647.514551,500,387.819957
1499.446394,435,389.195616
846.656269,250,389.357101
1465.895896,442,389.739195
794.65988,241,389.921941
1702.5915,500,390.361341
892.691287,266,390.608248
1487.614818,455,392.174109
744.059476,228,392.367179
674.445847,214,392.537057
776.9833,230,392.750257
881.141695,270,392.974875
912.863985,273,393.209289
1630.896951,500,393.629923
938.542557,289,394.985067
1311.485306,398,395.345097
949.672286,273,395.609246
792.241405,236,395.819338
875.461886,257,396.070093
920.331851,290,396.282785
1549.65412,500,396.698397
1044.780556,311,398.11103
722.600101,219,398.296034
1401.51507,421,398.662146
1357.849364,425,398.99526
793.814647,245,399.200924
1216.72735,372,399.504154
817.299133,238,400.900436
654.524334,204,401.076124
812.801848,248,401.283495
944.523708,290,401.53636
981.617094,286,401.779569
1354.231608,398,402.112689
927.231963,276,402.349863
733.424918,213,403.816379
908.83083,273,404.088636
673.729066,208,404.264491
993.261127,293,404.525169
875.265481,296,404.77693
879.309245,253,404.979355
1366.927606,429,405.335877
1062.582215,341,406.860867
971.474794,290,407.117733
1107.988506,357,407.477807
1553.826532,500,407.94138
957.587569,281,408.205583
1510.331365,500,408.687697
1461.576073,436,410.416662
1257.295861,375,410.799529
652.854992,201,410.981405
1377.153145,500,411.41141
1532.848625,500,411.848346
766.0854,226,413.336368
1016.905788,294,413.623803
945.452387,285,413.914115
1101.434199,341,414.166331
842.860194,257,414.398308
711.005541,217,414.58825
769.895626,232,414.790271
797.971623,234,415.017815
1504.153046,451,416.627861
693.62242,213,416.790336
1062.24542,311,417.034808
828.719097,240,417.260493
961.603472,282,417.490325
997.179696,291,417.750007
1096.275735,316,419.21652
716.401925,221,419.388532
1680.577997,500,419.856032
1223.414548,354,420.152406
825.445507,246,420.34253
1142.989588,331,420.637946
856.960827,253,420.840641
762.856944,225,422.209144
764.927155,228,422.406286
947.543022,303,422.701448
1380.669417,413,423.047023
791.337851,238,423.223082
793.981062,241,423.426584
1368.46831,413,423.788378
570.515041,194,425.19788
1378.337483,500,425.667472
1447.875096,500,426.124945
1173.124601,352,426.421073
1540.954872,500,426.804827
834.285412,243,428.231014
849.598831,244,428.410304
1500.844393,439,428.819909
1223.720403,357,429.1098
1287.280996,390,429.411298
1427.065392,500,431.156318
1516.792681,500,431.626168
1599.799931,500,432.080895
827.032816,247,432.299909
1699.775116,500,432.704544
1519.301628,500,434.344915
917.533737,284,434.587102
836.570056,241,434.801575
656.487982,204,434.992402
1167.182367,338,435.312289
1142.785446,325,435.593848
727.2778,212,435.745174
773.413789,228,437.207467
1598.38902,500,437.757334
1416.167486,500,438.202112
1133.474021,329,438.495289
1214.655699,351,438.83547
1042.57321,307,439.128088
1283.853148,371,440.83997
1036.870917,296,441.148968
1503.379273,500,441.737795
1376.401174,398,442.115511
1503.47633,500,442.50722
859.770674,264,443.812443
1448.27893,500,444.180138
1062.414632,316,444.403758
1241.339692,373,444.665856
767.329447,227,444.845505
1210.355367,367,445.147118
1000.987535,304,446.484314
1673.42312,500,446.851483
1368.216778,388,447.12989
1325.400478,395,447.406051
1597.287588,500,447.721692
1464.588454,438,449.122425
991.779955,293,449.378581
1061.047756,317,449.638682
885.406453,263,449.816787
900.803524,264,449.993398
1595.229262,500,451.34767
1273.338115,376,451.663292
1366.015211,409,451.971459
866.810379,248,452.148031
999.103051,297,452.387191
1624.52496,500,452.803345
1045.162946,301,454.016441
1565.002292,500,454.356151
866.715867,256,454.517234
1239.229665,356,454.778333
1398.71747,417,455.049479
1199.319786,353,455.342651
892.637353,273,456.464213
1017.144459,303,456.656283
1567.532861,500,457.059998
975.690872,293,457.314162
948.431215,273,457.551777
1553.608129,500,458.885995
812.541533,246,459.107103
929.597693,274,459.264638
870.704611,255,459.395272
726.482127,218,459.565811
747.158015,223,459.758894
881.73225,254,459.950505
806.034128,238,460.115585
725.635536,223,460.237117
842.835884,247,461.038054
865.45536,253,461.157589
1489.373362,500,461.428706
1587.839524,461,461.666767
883.581474,260,461.81439
907.87506,255,461.941473
1498.596786,500,462.819657
1626.31859,495,463.072272
960.967086,276,463.219343
1430.788111,425,463.417954
1393.021483,408,463.619685
1500.678892,500,464.499085
1393.293578,403,464.704131
1081.381433,318,464.842208
112.038881,61,464.875216
678.818803,202,464.973742
1030.11999,297,465.121814
955.635808,273,465.281354
794.222432,243,466.205558
789.249709,233,466.326102
629.593849,204,466.427144
829.707049,247,466.543386
887.818222,261,466.668925
734.906832,227,466.780475
684.055788,211,466.865249
1085.875404,318,467.006305
919.335184,269,467.867671
717.937462,220,467.97219
816.742569,242,468.072716
706.732994,217,468.176267
673.853045,202,468.26568
781.243978,227,468.378774
1579.067746,453,468.58936
1094.021766,323,468.750905
658.953886,202,469.590848
1212.836365,348,469.781382
923.716355,261,469.939994
979.857861,286,470.09306
859.165236,271,470.194595
1082.843206,321,470.387698
875.604575,258,470.51575
896.946195,273,471.404025
692.529117,214,471.520139
1668.358341,500,471.814292
924.920892,280,471.971364
829.622756,247,472.130152
878.46306,269,472.257688
880.371194,264,472.370752
1464.33929,431,473.573525
735.841045,220,473.778623
553.918589,175,473.923213
1159.558247,338,474.163309
920.445066,268,474.366945
911.425211,283,474.573021
811.767347,240,474.764097
846.391702,250,474.927722
1414.521699,429,476.338253
1607.037371,500,476.744948
1149.054005,346,477.015097
1410.55375,415,477.359266
1677.512546,500,479.12572
1062.4527,313,479.428897
824.239567,248,479.669998
1233.430995,368,480.028704
1662.045347,500,480.479152
1740.6244,500,481.020981
919.763348,286,482.610268
817.335742,249,482.856895
864.010982,252,483.1
1532.553469,448,483.573782
915.842499,270,483.824394
1643.932884,500,484.270101
1062.170555,311,485.879706
1205.9208,360,486.266859
1128.411141,333,486.598027
941.758012,282,486.868161
980.76554,286,487.132759
683.506864,215,487.313825
983.369471,284,487.559441
1575.880218,500,489.298333
1532.304741,500,489.740568
1389.453202,424,490.095601
1429.556093,405,490.436272
1063.678384,323,491.885446
885.547244,259,492.113536
1419.928488,422,492.504239
1205.422775,358,492.825391
1638.727803,500,493.26713
1196.955719,343,493.590307
1232.491654,362,495.164654
1625.646295,498,495.61736
837.247052,265,495.871523
922.66691,265,496.122634
1578.980085,472,496.541848
1582.952447,500,498.322731
920.997012,278,498.593878
866.528171,255,498.844517
951.310145,276,499.094114
794.200769,246,499.322201
1012.65604,301,499.578336
1263.197178,374,499.927305
861.989224,262,501.445418
1574.213932,500,501.884116
963.845327,276,502.114159
928.493063,262,502.327262
1379.832919,400,502.674942
1058.843419,314,502.963123
640.952214,196,504.422177
1215.195163,339,504.723806
880.033999,307,504.954983
1635.126835,500,505.416681
1251.09492,374,505.749869
1200.852234,359,506.073011
1448.042508,500,507.813865
1533.76571,500,508.249073
1497.265719,500,508.703736
1410.285448,407,509.060429
1039.437399,306,510.594655
809.940781,247,510.816742
953.249125,284,511.088871
1663.28054,489,511.524847
1669.094984,500,511.956105
1540.553654,500,513.536744
901.649651,276,513.806885
1290.910912,402,514.20113
1619.100829,472,514.589829
919.655914,272,514.842908
1521.924916,500,515.29016
1484.377024,439,516.847724
974.403571,288,517.127883
910.703103,272,517.309963
1642.196586,500,517.708674
1593.5093,500,518.164263
1624.470753,500,519.877147
1497.004281,500,520.325295
1482.897441,500,520.766994
1108.246037,310,521.021099
974.201224,282,521.229197
909.54813,266,522.66835
944.255331,279,522.924469
797.864775,238,523.119567
1546.130444,500,523.544532
886.712971,267,523.75761
690.18145,211,523.94222
1004.61268,288,524.160309
1080.440882,317,525.641986
1050.518616,305,525.91115
1511.366851,500,526.318306
1557.326205,500,526.74398
1426.79098,407,527.121281
992.372767,291,528.717206
1093.453953,318,529.016936
906.807587,273,529.271027
1619.085714,470,529.713304
1653.214214,499,530.218594
1562.144562,450,531.915007
988.771861,290,532.185121
1733.358853,500,532.55982
949.132225,274,532.80246
1533.082232,500,533.340729
886.450881,263,533.57837
1557.519638,500,535.231131
877.184035,257,535.4754
1624.627941,500,535.910669
1255.147923,355,536.254301
876.178943,249,536.491931
875.201416,296,537.987661
975.221834,286,538.258291
1216.000669,405,538.711561
1221.130988,351,539.149808
1077.998459,309,539.484
1572.790772,500,539.974223
1280.308852,369,541.59347
651.264659,208,541.785542
1535.957486,500,542.185241
1444.984941,500,542.629471
1586.104039,500,542.989759
816.627851,241,543.771442
990.772731,313,544.054635
1225.024969,350,544.360278
1501.386319,500,544.80599
981.425053,282,545.058128
1494.975681,500,545.610978
1172.016968,383,547.312935
1122.243752,319,547.627657
1491.972634,430,548.019856
1177.740096,352,548.318481
946.173514,266,548.554639
895.380463,256,548.794709
733.627081,221,550.332263
1532.500898,500,550.875646
1007.366337,296,551.147274
1545.121735,440,551.561997
964.890252,302,551.84826
1687.166439,500,553.54344
1549.193307,500,554.006585
989.304771,288,554.282014
1056.960507,301,554.549722
890.158055,254,554.790728
991.391925,290,555.053841
927.85534,263,556.526279
1251.58247,361,556.89312
910.927133,262,557.137229
919.272299,264,557.413563
935.340757,270,557.627965
972.880746,286,557.906381
896.326733,257,558.141308
1577.111745,500,559.960984
982.762561,286,560.215131
995.954663,296,560.485712
1591.696547,500,560.930685
1506.70058,500,561.391404
1482.516826,500,563.17798
702.052612,214,563.387382
736.011207,216,563.583496
868.169085,250,563.827725
962.72536,275,564.088774
919.89127,277,564.337115
1733.504087,500,564.812757
1618.422264,500,566.588936
978.685227,274,566.838161
1603.388459,500,567.289593
980.782953,286,567.502825
1202.562389,385,567.807294
1633.955971,500,569.508151
674.083826,207,569.685968
1576.917959,500,570.141867
985.815846,289,570.393815
1451.057038,416,570.763174
1109.680497,366,572.341713
1004.170572,293,572.597595
821.587174,242,572.807301
882.07082,255,573.039409
832.997764,243,573.274192
1011.513496,298,573.539986
926.09108,269,573.801657
901.867372,260,574.040795
853.039796,246,575.513597
1003.047962,303,575.783334
1540.954421,500,576.218224
905.944887,261,576.44828
1038.405262,304,576.74267
1152.434751,326,577.041992
1559.642952,500,578.708634
1565.324183,500,579.191517
849.025076,248,579.422423
1042.447632,313,579.692081
147.424984,71,579.755219
1096.296981,339,580.073974
1549.189745,500,581.700892
944.47535,281,581.960388
1022.76068,291,582.232491
1519.115964,500,582.687701
978.867645,281,582.962631
896.251374,260,583.197192
1170.528144,352,584.767301
765.248951,224,584.957597
1132.878145,326,585.223098
1612.391237,500,585.684182
1599.551224,500,586.123564
809.13083,234,586.330021
1154.386845,343,587.910237
1683.325754,489,588.364117
650.088097,200,588.550961
1158.411686,330,588.854476
906.341514,266,589.113185
914.259977,264,589.352266
830.499317,244,589.585769
1548.486275,500,591.308222
1232.943387,368,591.63087
1114.301165,320,591.935903
1352.695627,388,592.263603
1542.026715,500,592.716463
1548.06346,500,594.437955
1353.909172,408,594.814576
1595.421975,500,595.255219
1608.960753,500,595.697571
1214.32877,368,597.243346
1627.959617,500,597.671759
1449.998071,423,598.068986
829.117304,240,598.29352
1134.63858,345,598.604556
1173.712407,334,598.933437
804.003514,240,600.395777
1573.680976,500,600.825518
1246.173977,347,601.134403
771.992256,234,601.340792
1591.786721,500,601.793629
894.273193,270,602.045605
1071.57678,311,603.536622
1712.957956,499,603.925439
930.962699,280,604.162403
1040.664996,304,604.454441
1588.564974,500,604.92152
680.771625,209,606.435826
1174.143702,349,606.737642
1076.821601,304,607.020133
989.79742,289,607.280528
1436.38138,440,607.612265
1504.465263,441,607.974713
1013.308453,300,609.50638
965.629416,288,609.758266
1218.61914,356,610.066872
859.913242,257,610.317003
1717.247646,500,610.724871
915.950468,275,610.981661
1056.29099,305,612.433165
1307.66371,385,612.764236
1121.261583,322,613.048067
1440.015518,427,613.442889
1277.76665,375,613.798503
1641.230502,500,614.274819
1236.237601,349,615.824669
1168.190061,337,616.129611
1110.03445,334,616.428036
1651.900149,500,616.870954
1536.189821,500,617.340684
1585.571408,500,619.065624
1477.453084,500,619.530126
1546.804346,500,620.01571
1544.301268,500,620.516014
998.495966,291,622.042035
812.618039,235,622.252805
1003.216613,292,622.50034
1629.196833,500,622.925664
1725.422815,500,623.454616
1666.09598,500,625.199411
1523.125857,452,625.616764
1097.938082,314,625.909462
1232.584954,354,626.258549
1576.217438,500,626.725082
1185.974418,328,628.225635
947.190698,272,628.47664
1075.048295,301,628.70834
882.611457,255,628.934342
1574.514987,500,629.400287
1356.942769,420,629.799229
1051.695265,300,631.289132
1627.223494,500,631.744536
1207.309659,350,632.06475
1691.706261,500,632.521216
1218.192423,358,632.878779
1720.926024,496,634.585711
1052.700599,302,634.866484
1152.182612,328,635.213737
1588.521738,500,635.703554
1635.710825,474,636.202512
1413.19902,402,637.907687
1557.920555,500,638.368812
1299.291263,378,638.721296
1604.008346,500,639.199857
1596.29711,500,640.90428
1006.674942,294,641.186718
1629.579491,500,641.695918
1582.686776,500,642.12283
1584.532626,500,642.560093
1251.568075,360,644.174623
1299.713018,373,644.513183
1364.118259,391,644.847436
1631.556662,500,645.299523
1379.375728,406,645.670144
1636.355849,500,647.361244
1399.433942,398,647.75212
1174.0255,339,648.086204
1624.349918,500,648.592612
1464.107062,406,648.981426
887.098436,266,650.571304
1289.006615,368,650.939861
1616.761454,500,651.46998
1545.634721,500,652.009241
876.414994,285,652.29163
1274.425316,366,653.922443
1548.062179,500,654.42364
1581.044604,500,654.904951
1389.696889,393,655.295752
1536.352638,500,655.750105
1649.562477,500,657.441956
1356.481935,388,657.813604
1228.873604,360,658.12243
945.776287,269,658.382671
1487.904616,421,658.766747
1698.978032,500,660.468193
1217.153446,341,660.781369
1616.715051,500,661.232291
894.494354,263,661.449722
1611.819799,500,661.901252
1581.047081,500,663.629879
1357.226454,398,664.003133
1007.017881,287,664.280555
1500.139375,500,664.722611
1588.1249,500,666.349484
959.966432,267,666.618342
1552.245658,453,667.040623
1100.358584,314,667.32556
964.341969,289,667.61934
1615.814374,500,668.130571
1420.246918,397,669.72148
1125.096917,316,670.001792
1039.016403,308,670.292727
1585.104999,500,670.782003
1067.876995,305,671.06674
1461.905402,432,672.68127
1685.47331,500,673.156561
1222.315413,350,673.50801
1579.378888,500,673.959523
1623.432161,500,674.412536
1018.672943,295,675.906057
875.954123,247,676.105989
799.101724,233,676.327965
896.995011,251,676.594287
783.623832,231,676.812004
931.812469,274,677.040539
1405.456959,403,677.408235
1719.213855,490,679.170954
933.281428,271,679.424157
995.713281,285,679.68782
712.1421,214,679.897192
1619.600343,466,680.355412
899.036295,257,680.599321
1247.822319,354,680.915009
1427.440795,500,682.604408
1622.980926,500,683.064531
1487.692273,500,683.533988
174.101174,79,683.616878
1577.401709,500,685.248696
1561.864312,500,685.733962
1725.448172,500,686.183923
902.789753,263,686.435368
802.619326,231,686.652833
999.486324,296,686.887337
1705.595957,500,688.558353
1594.366342,500,689.007924
1723.979376,500,689.485743
1269.547929,366,689.824575
1648.479257,500,691.50571
1204.920289,348,691.81082
1684.791472,500,692.245528
1564.543155,500,692.701473
1581.079734,500,693.110905
1027.049241,297,694.634099
1161.574106,337,694.929703
1633.710993,500,695.379763
747.473843,217,695.601522
1215.690694,349,695.973859
1539.441762,440,696.417405
1331.76388,380,697.991078
1550.858079,439,698.421039
1544.155933,427,698.788234
1133.757411,314,699.08373
1610.835927,500,699.544616
1148.090523,330,701.046371
1613.180453,500,701.486238
1566.104887,500,701.890083
982.397389,284,702.148018
1618.221365,500,703.832011
1544.687343,500,704.228586
1510.633044,500,704.707136
1682.334853,500,705.172695
1609.963266,500,705.652031
1257.639091,361,707.18862
1631.189754,500,707.641219
1435.747329,434,708.045501
1642.155515,500,708.516053
1524.568707,500,710.310716
1657.080591,470,710.760305
1658.462005,500,711.219126
1567.445204,500,711.683244
1630.077703,500,713.370242
1643.397699,500,713.773063
1127.89988,318,714.071921
1773.507482,500,714.546348
1312.391639,365,714.878227
1409.977546,406,716.474123
1452.492033,403,716.835259
1644.457757,500,717.279514
1538.169953,500,717.691212
1176.655418,334,718.00803
1673.252363,468,719.655765
1295.900677,385,719.979325
831.538984,238,720.19538
1209.158497,341,720.524297
1106.461945,321,720.834674
1716.435071,500,722.490596
862.279569,249,722.723728
1595.780348,500,723.17414
1635.703261,500,723.618665
899.047686,251,723.836604
1323.033198,383,724.183109
1161.705276,322,725.712557
1101.863506,312,726.005979
1028.546925,300,726.291624
1472.171324,413,726.642293
1725.704197,498,727.118349
1631.714983,500,728.788275
1573.28434,500,729.203998
1658.069949,470,729.657976
943.427328,269,729.880898
1403.868016,397,730.23476
634.995592,198,731.658303
1127.868299,321,731.931186
1626.094591,500,732.338785
1091.339917,310,732.620578
1157.447855,320,732.918507
783.267004,227,733.137497
1497.783921,422,734.753805
962.747709,271,734.988523
1079.721114,308,735.249172
678.155616,203,735.422503
1307.30833,361,735.771436
888.741204,251,736.005478
1602.344136,500,736.479077
1570.996686,500,738.1382
899.04065,253,738.38678
1541.964223,434,738.803738
1531.178405,500,739.280179
1089.923096,302,739.578546
1062.029063,299,741.154768
1644.47666,500,741.593611
1178.710061,337,741.898492
1524.489758,444,742.311259
1351.156017,385,742.654166
1581.595347,500,744.369368
1296.54296,379,744.703655
1547.199807,443,745.114188
1533.588634,500,745.5934
1565.635656,500,747.405754
1484.054485,500,747.869154
1519.597534,500,748.294021
1567.356464,435,748.681283
1426.51073,408,749.041866
1075.74923,304,750.568907
1556.130847,500,751.038771
1645.559066,500,751.522659
1515.965985,500,751.978651
1692.646417,489,753.738993
1608.921392,500,754.174055
1457.515551,500,754.678051
1680.480077,500,755.146353
1621.104892,500,756.853325
1514.053169,500,757.295211
1491.897954,500,757.782883
1565.182897,500,758.254918
1592.712233,500,758.698292
1513.896877,500,760.31488
1571.823247,500,760.800572
1597.506258,458,761.239998
1269.220051,349,761.536185
1542.639565,428,763.148202
1605.938751,500,763.624034
1225.002968,351,763.921481
1351.971045,386,764.222548
1241.278397,356,764.543972
1337.05074,394,766.172118
1617.940865,500,766.66245
1567.746455,500,767.143214
1572.670212,500,767.687217
1594.084986,500,769.603808
1391.747662,393,769.997744
1602.316926,453,770.434197
1017.360378,283,770.753144
938.235129,266,770.970941
1054.411633,298,771.213547
1762.169396,500,772.966315
1248.791335,344,773.310342
915.3919,270,773.57249
1620.393821,500,774.04934
1261.849579,366,774.383296
1451.004295,414,776.003321
1220.026828,349,776.343825
1608.568162,500,776.828479
1173.351536,329,777.135965
1543.576668,442,777.526911
1588.773043,500,779.271077
1704.24439,500,779.752392
1638.302583,500,780.192856
936.756405,267,780.452367
1354.75379,375,780.798379
1097.316239,316,782.297611
1251.356446,341,782.626535
886.333044,256,782.877625
1173.737293,325,783.171051
1674.77265,500,783.59961
1551.606714,447,784.026662
1346.664592,389,785.695214
1137.118256,308,785.97766
1210.896547,335,786.254863
980.038344,279,786.531921
1560.765187,431,786.924543
880.886599,254,787.162225
1072.505265,309,788.668561
1630.837303,500,789.120991
1598.173147,460,789.567356
1683.636339,500,790.032891
1377.545592,383,790.348621
1648.856532,500,792.096263
1102.597065,307,792.373447
719.459397,213,792.568431
1071.564111,297,792.820902
1272.894933,356,793.162955
1027.457548,287,793.423009
1655.857512,500,795.129565
1137.868245,327,795.413811
1598.62214,500,795.856141
1442.343311,410,796.184411
993.725638,277,796.42089
945.577257,267,797.924741
1301.738057,362,798.26057
1367.986851,373,798.633774
1655.68991,500,799.127335
1363.871872,382,799.501347
1149.528233,321,799.814712
1744.581036,500,801.545882
1504.733593,500,801.998369
988.643184,278,802.273664
1592.030966,500,802.721478
1597.33923,500,804.390458
1595.450515,500,804.800827
1580.159231,500,805.177079
1507.796247,411,805.577965
1519.323838,500,807.175728
1096.623506,296,807.421143
1240.422054,348,807.75091
911.381118,262,808.008201
982.991319,277,808.257248
857.827524,247,808.451458
930.203558,261,808.689842
650.794755,201,808.901412
1723.796332,479,810.558897
1050.821803,297,810.847965
1551.157539,500,811.291929
1543.010593,500,811.712776
1046.986201,287,811.962891
1693.15838,500,813.584295
1675.607122,500,814.035059
1273.097984,369,814.331261
1660.91367,500,814.766052
1595.109897,500,816.433939
1530.393742,500,816.920894
1637.951637,500,817.38921
1544.541636,500,817.833663
1644.858136,500,819.495465
1593.103382,446,819.913853
1048.406908,297,820.184282
1145.942383,318,820.418644
1682.128837,473,820.851149
1481.438266,410,822.438512
1036.820836,287,822.716522
1601.855847,500,823.17009
1053.244451,301,823.440561
1654.661402,500,823.863124
1657.079016,500,825.53472
575.524941,183,825.702333
892.272238,254,825.946609
1746.200817,500,826.400291
1629.15037,500,826.876182
1242.61649,356,827.176584
674.23325,219,828.639073
1249.249106,348,828.980632
1180.994577,319,829.280081
1617.72513,500,829.744728
270.667184,110,829.853184
1632.063013,500,830.329618
472.027151,171,830.480844
1155.075321,320,832.04969
1551.537569,500,832.526105
1571.333742,500,832.975486
672.128039,211,833.14572
1119.348818,322,833.459206
1667.734085,500,835.153941
1482.187766,428,835.536357
1573.972356,440,835.947068
1314.362866,370,836.274474
1276.765293,353,836.611987
1662.913936,500,838.372602
1380.718712,382,838.703612
1692.201742,500,839.179619
1100.215138,308,839.503606
1516.012204,424,839.897923
1374.738752,392,841.560062
1674.42399,500,842.044972
1203.04839,339,842.338354
1522.016037,432,842.722394
1139.676165,309,842.998188
1498.189393,415,844.611041
1633.03993,500,845.054165
1680.9069,500,845.491654
940.4158,271,845.724217
1573.98754,459,846.146889
1741.02379,500,847.794586
1094.455886,299,848.072295
1590.727495,500,848.476286
1622.521411,500,848.900876
865.076453,260,849.148685
1033.549824,284,850.619587
1682.469566,472,851.055865
1443.091643,398,851.44285
1011.378729,291,851.691714
1075.464818,300,851.967512
1627.033413,456,853.628126
1590.756706,500,854.067835
1339.303128,371,854.410493
1687.819568,500,854.873847
1511.105257,417,855.268627
1512.540201,419,856.863081
1122.307245,302,857.129258
750.206264,227,857.324037
932.536291,266,857.583878
1013.791311,291,857.849627
1519.552631,421,858.24087
1103.03227,315,859.821846
1679.175285,500,860.304555
713.205778,213,860.4924
993.016764,277,860.75396
1015.638305,292,861.006535
1305.303089,365,861.359009
1162.788938,318,861.614566
1002.530902,280,863.081425
1144.793261,310,863.372721
1275.631699,367,863.749474
1126.196354,344,864.104078
1665.389735,500,864.549461
1282.528872,364,866.130733
997.316957,273,866.368824
1635.571509,500,866.8116
1042.769082,293,867.085952
1711.341326,500,867.509905
1540.712061,425,867.873121
1221.599394,337,869.433011
1055.716584,297,869.690566
1669.558568,500,870.176818
1412.451035,401,870.537366
1822.899218,500,871.004936
1059.776903,289,872.472487
1119.312783,313,872.748797
1175.422892,321,873.039052
1071.918158,304,873.325723
1266.695623,367,873.660966
1138.76651,313,873.929552
999.5444,289,875.436219
837.798648,239,875.643497
845.467823,247,875.872253
1200.573114,333,876.164387
805.475139,235,876.377292
939.610747,263,876.606154
938.199328,272,876.852379
731.799438,219,877.058118
936.001586,260,878.502569
1022.818734,284,878.746056
1276.518818,356,879.064595
862.626717,249,879.287724
906.133671,259,879.501406
1036.930057,284,879.76314
604.128037,189,879.944901
1769.596476,500,881.67298
748.564435,218,881.840738
1018.580147,281,882.109508
713.877537,220,882.280766
554.59234,174,882.445522
967.631099,266,882.714421
999.413327,282,882.954731
946.864421,263,883.195509
1160.344592,319,884.69303
1022.068762,278,884.952987
903.354285,254,885.217701
1100.205788,296,885.489369
1456.361317,406,885.85433
1766.858334,500,886.344891
1091.676856,309,887.91909
1017.845893,283,888.198266
1312.378531,366,888.533686
1177.122387,329,888.864473
1068.311115,301,889.174423
565.672116,180,889.363287
1155.485877,316,889.631122
1615.223279,500,891.359151
1225.034554,332,891.687691
625.072394,199,891.860346
1698.378926,472,892.295438
876.149812,254,892.535633
757.418458,228,892.782737
394.32473,140,892.918892
1182.964606,323,894.449357
915.462336,254,894.656965
926.848739,271,894.920682
947.492878,260,895.156428
1432.575806,400,895.540084
1173.412851,320,895.84333
981.58822,271,897.351296
1059.218949,296,897.610349
1706.167816,466,898.026202
1101.356156,301,898.310428
1699.945371,500,898.756081
788.758361,228,898.959392
1408.407683,380,900.470895
1034.596845,287,900.7308
932.445206,261,900.963421
694.198878,205,901.17583
800.040701,230,901.389663
809.961476,228,901.620712
689.191378,203,901.802477
667.549797,205,901.982283
808.108979,231,902.19021
1379.08869,394,903.818295
1670.284956,500,904.275909
1137.288233,320,904.578943
871.723261,242,904.806968
1509.04116,500,905.271853
1246.977997,336,906.852628
1688.413188,500,907.324905
1667.878374,500,907.811034
1009.232252,273,908.047861
1309.06209,361,908.405837
801.205463,221,909.833878
1671.85398,500,910.27675
1715.052773,500,910.755607
1182.88221,333,911.078986
1328.475737,427,911.469311
561.170409,177,911.650185
1019.95955,331,913.223559
937.292929,259,913.458512
1633.695239,500,913.92155
1427.82666,403,914.262428
1102.308385,297,914.52703
1648.370199,500,916.195802
1618.046877,500,916.67044
879.505266,244,916.909976
1657.614871,500,917.392608
938.852797,256,917.628448
1607.258424,458,919.358382
1631.153021,500,919.852651
957.38035,267,920.115234
817.070478,229,920.334178
828.123288,236,920.56119
1242.146994,345,920.883056
1023.981313,283,921.125345
984.437897,269,922.582251
1760.489049,498,923.020672
1040.582824,294,923.284415
1734.253759,500,923.751204
1682.935776,500,924.233374
1570.803086,500,925.928092
1049.815703,282,926.163652
1612.694967,500,926.600225
953.032293,268,926.81658
1629.512234,500,927.278713
1306.770894,369,928.897512
864.595869,251,929.130342
810.917961,231,929.373344
1430.732937,388,929.768671
809.235094,241,929.959499
1071.404128,311,930.240961
1152.819083,331,930.515593
1084.032255,300,932.072084
1035.282544,286,932.343852
1642.136637,500,932.815855
1177.780091,318,933.107591
1236.713535,347,933.443859
1760.458722,500,935.034472
1757.244748,500,935.507349
1327.418932,364,935.843215
1142.361697,311,936.131649
1450.599611,420,936.502358
1167.559975,324,938.085981
1757.707458,489,938.520339
1677.070096,465,938.94907
1456.883096,404,939.304669
1082.39833,297,939.540299
1621.263827,500,941.246132
1041.502388,289,941.51288
1044.130522,296,941.781094
1662.563108,500,942.246081
641.250421,187,942.414807
1464.304624,426,942.770906
1748.606435,500,944.420954
1668.394181,500,944.864892
1199.875746,339,945.181967
1527.230096,432,945.568348
878.247315,242,945.788686
648.561362,196,945.936322
1787.459516,500,947.691834
754.698502,215,947.880219
1840.500166,495,948.337799
1192.3711,332,948.694552
1224.947898,329,948.996908
943.267212,262,950.515117
1183.072442,326,950.829562
1697.352044,500,951.27703
1000.329801,282,951.542518
859.664894,240,951.768703
1357.052728,373,952.093861
1051.856798,290,952.325322
1637.977243,500,954.08947
1649.695764,500,954.573199
1488.310027,403,954.960047
1642.015625,500,955.405315
829.933649,233,956.86679
814.41033,228,957.091685
1349.497574,368,957.443714
1057.934164,290,957.72401
1731.288817,483,958.148742
826.779519,241,958.386327
1662.901598,452,960.012824
967.005803,268,960.25109
1300.814377,357,960.566452
1026.027851,283,960.824212
1086.526963,296,961.106546
1057.620661,295,961.407899
1010.025984,280,961.680605
999.337982,271,963.201972
1132.130247,319,963.488016
881.571092,246,963.704824
1628.898507,500,964.128934
1650.17891,500,964.593606
1314.061261,364,964.918394
995.651819,280,966.41948
1663.682594,500,966.889569
1794.146174,500,967.332073
1052.501107,302,967.602305
1147.504512,321,967.900958
1683.750286,500,969.62518
1719.264084,500,970.092689
1715.494962,500,970.536876
1270.606172,359,970.86712
1108.069222,297,971.131423
1748.066613,500,972.816814
1036.741158,289,973.089498
1101.844223,306,973.358602
1423.211649,395,973.701941
1095.946222,293,973.953074
1299.412968,363,975.465784
1061.395295,296,975.717021
778.933735,227,975.8951
1351.382098,372,976.2155
1009.035992,290,976.502798
1323.79007,375,976.829736
1100.887072,308,977.077736
1112.232595,317,978.645118
1777.610657,500,979.091757
1771.77681,500,979.55413
1652.783516,500,980.033113
1696.911922,500,981.771345
953.251502,263,982.01875
1684.957643,500,982.510435
1305.658302,369,982.799967
1302.204683,362,983.143217
872.210787,250,983.377796
853.467682,236,984.856109
1137.339285,318,985.129226
1102.688199,309,985.419155
1051.960497,289,985.699288
752.70956,219,985.927336
1687.755496,469,986.343318
1666.902076,500,988.048842
1005.442637,273,988.312048
988.82121,273,988.54316
929.496395,262,988.795627
1730.097371,500,989.246967
1275.499608,348,989.55233
925.895619,254,989.768863
1177.100103,323,991.35565
1668.027536,500,991.792153
1657.94363,500,992.237379
1152.187483,323,992.54871
1653.773125,500,994.200677
1186.481353,332,994.500074
1627.13738,500,994.93354
1137.294711,314,995.192997
1688.108358,500,995.721656
1141.519664,313,996.039628
1613.939714,500,997.823623
1507.567468,417,998.178028
1113.186565,302,998.438776
933.099265,255,998.658231
1660.614624,500,999.148934
1691.199499,500,1000.831446
1118.115449,304,1001.10611
1109.590241,310,1001.387384
1500.535519,410,1001.793168
1405.572192,381,1002.174306
1784.062357,473,1003.831818
1698.586072,500,1004.271274
1503.961562,403,1004.625757
1625.959534,500,1005.058964
1668.916074,500,1006.723704
1624.634598,500,1007.157459
1678.18307,500,1007.637993
1658.416063,500,1008.121827
1610.535759,500,1009.885268
1257.740582,343,1010.220626
1615.200816,500,1010.695666
1688.130161,500,1011.164263
1679.781142,500,1011.64581
1602.628247,447,1013.30498
1348.224506,367,1013.622405
1666.194454,500,1014.094024
1127.480041,308,1014.39288
1694.69235,500,1014.8756
1717.804242,483,1016.546627
1621.002282,500,1017.018825
1057.566253,296,1017.289505
1712.31468,500,1017.7937
1335.513567,379,1019.389829
1380.626695,383,1019.693859
1661.192778,500,1020.152385
1039.666408,282,1020.400352
1699.724153,500,1020.860829
988.261199,275,1021.10461
1132.042287,312,1022.589555
1661.280003,500,1023.061451
1655.198096,500,1023.552689
1659.997671,500,1024.032412
1738.403687,500,1025.746092
895.055577,296,1025.986533
1712.966337,500,1026.396741
1687.648634,500,1026.876127
1646.788155,500,1027.295963
1613.842834,500,1028.963928
1727.638805,500,1029.392193
1685.882953,500,1029.870763
1635.333865,500,1030.35438
1447.910581,386,1031.87794
916.948825,254,1032.103018
1066.381246,296,1032.396808
1077.852778,289,1032.670118
1708.555656,500,1033.120917
784.347666,219,1033.320389
982.866274,262,1034.803927
1601.10882,427,1035.202307
1832.446547,500,1035.669942
1702.096096,500,1036.140794
994.998297,268,1036.389132
1691.413845,500,1038.111525
1692.457787,500,1038.596627
1644.1886,500,1039.066311
1647.527814,500,1039.572797
1236.81,324,1039.892686
1091.974103,300,1041.437499
1439.09729,412,1041.841104
1106.37106,296,1042.123721
1009.622975,276,1042.412071
937.263909,252,1042.658643
1309.10195,347,1042.979545
1696.917677,500,1044.742682
1413.664392,394,1045.078594
1208.296476,332,1045.360762
1431.570154,395,1045.730247
1735.33151,500,1046.205196
1053.236376,300,1047.756942
1588.597879,442,1048.215318
1428.350264,399,1048.553485
1687.35807,500,1049.002236
1608.427187,500,1049.504041
1686.117626,500,1051.221302
1056.759006,279,1051.503586
1684.810355,500,1051.946393
1465.302983,408,1052.311689
1659.713552,500,1054.051548
1662.122831,462,1054.486091
1699.445597,500,1054.959619
1351.484877,387,1055.334863
1775.079946,500,1055.749975
1396.560001,389,1057.348764
1660.098977,500,1057.823443
1021.683717,280,1058.093711
1685.56735,500,1058.567273
1689.000713,500,1060.293729
1683.862005,500,1060.784035
1693.749703,472,1061.229208
1482.827765,406,1061.599273
1047.502326,291,1061.838356
1588.257722,434,1063.469097
1405.735791,383,1063.847156
1820.280321,494,1064.310097
1069.473297,303,1064.547141
1149.64328,322,1064.845228
964.025667,268,1065.060664
1671.250777,500,1066.795934
1735.146345,500,1067.26637
1768.817147,480,1067.731877
1511.40616,417,1068.141612
1302.803332,361,1069.762209
1574.84007,428,1070.187471
868.082342,242,1070.403115
1274.324862,346,1070.742156
1590.185199,431,1071.13282
1031.922976,284,1071.38213
1434.190472,389,1073.064567
1023.418343,276,1073.323469
1638.928889,500,1073.782079
1638.888528,500,1074.239444
1375.877501,382,1074.63117
1699.398535,482,1076.315403
1716.760248,500,1076.80138
1568.669818,418,1077.217309
1463.427738,401,1077.590766
1045.066657,281,1077.831412
1664.408233,500,1079.558035
1626.43111,452,1079.978499
1807.403598,500,1080.455034
1714.534059,500,1080.933946
881.876983,237,1081.182118
1694.643667,500,1082.843231
1393.448555,375,1083.186427
1656.350068,500,1083.622694
1682.930475,457,1084.036698
1609.853503,500,1085.736395
1702.236007,500,1086.210303
1664.576729,500,1086.629867
1623.281709,500,1087.095792
1273.054902,350,1087.422184
1054.495746,290,1088.961934
1755.318352,489,1089.420219
1725.75585,480,1089.826532
1347.648571,368,1090.138273
1230.155464,345,1090.440703
1625.087325,453,1092.024969
1187.918712,324,1092.311885
1372.378801,372,1092.660829
1394.827816,376,1092.990174
1007.804155,278,1093.225721
988.989728,276,1093.464195
1578.579298,437,1095.078507
1088.181766,292,1095.321629
1725.275952,500,1095.786552
1644.158133,457,1096.2455
752.423411,212,1096.423146
1751.916904,477,1098.128314
1051.904853,291,1098.41455
1107.736567,305,1098.707798
1666.709221,500,1099.19739
1069.470117,296,1099.500723
1728.051894,500,1101.250258
1825.251117,500,1101.679748
1508.286969,409,1102.05069
1140.401059,319,1102.349933
1585.966779,422,1102.717631
1654.933813,500,1104.428395
1592.611099,500,1104.885163
1724.912608,500,1105.356972
1131.918366,304,1105.622921
943.357975,269,1105.863024
1735.910729,459,1107.524248
1694.78616,500,1108.003248
1692.116984,461,1108.453881
1710.86497,500,1108.930477
1705.527997,474,1110.610123
1709.134307,500,1111.081684
1705.30391,500,1111.55579
1033.397842,280,1111.809938
1711.116523,500,1112.27533
1494.905686,405,1113.903592
1362.778419,376,1114.230173
1171.540854,321,1114.509957
1183.023247,318,1114.79318
1133.094871,319,1115.098795
1130.794466,309,1115.395658
1711.17603,468,1117.041244
1683.636713,500,1117.515528
1738.408643,500,1117.993593
1769.832705,500,1118.438052
1750.03146,500,1120.128496
1028.227993,279,1120.380502
1298.512941,365,1120.720205
1160.235772,320,1121.032525
1170.667794,323,1121.315674
1832.409888,500,1121.779198
1095.181587,293,1123.270404
1829.717617,494,1123.700202
1273.08176,343,1124.038791
1737.139931,500,1124.488912
1198.445513,325,1124.783857
1091.828477,311,1126.357955
1183.140916,325,1126.641955
1672.980425,500,1127.10883
1648.036355,500,1127.611462
1723.901836,500,1128.076504
1627.889546,500,1129.866419
1243.961469,332,1130.187542
1660.079521,500,1130.685925
1717.76216,500,1131.138953
1717.1447,500,1132.824082
1320.805327,356,1133.171251
1711.408864,500,1133.559389
1768.157107,500,1134.02435
1112.989036,314,1134.323878
1140.892896,311,1135.803313
1133.674671,307,1136.100966
1040.061848,296,1136.359453
1172.908093,312,1136.63901
893.8656,239,1136.859554
1095.907091,310,1137.14773
1364.244846,378,1137.501334
1715.122168,500,1139.218931
1610.289305,500,1139.679326
1794.240662,500,1140.141956
1626.962217,500,1140.566357
1696.793007,500,1142.2665
1768.413747,493,1142.709747
1832.056841,500,1143.168319
1688.628602,500,1143.626236
1725.538635,460,1145.26777
1721.731783,500,1145.721138
997.112615,285,1145.988359
1742.840962,500,1146.457993
1772.703927,500,1148.17639
1686.971945,500,1148.636266
1737.138938,500,1149.086883
1483.171208,398,1149.439758
1651.644417,500,1149.926668
1197.101778,327,1151.401065
1657.642792,500,1151.816259
1723.909796,500,1152.272164
1637.808585,464,1152.71017
1665.587049,500,1154.463857
1081.112076,294,1154.721406
1730.464691,500,1155.157887
1617.543518,489,1155.639058
1689.38317,500,1156.091748
1673.036309,467,1157.837325
1678.074491,500,1158.347488
1652.845552,500,1158.845788
1699.425322,500,1159.36255
1666.211288,474,1160.741806
1353.755145,367,1160.929346
1669.707465,500,1161.229846
1663.799849,500,1161.513943
1462.916112,397,1161.716826
1448.168995,399,1162.543655
1352.240112,381,1162.727136
1699.414971,500,1163.005424
1747.443547,500,1163.239217
1679.954254,500,1164.142114
1702.414361,500,1164.415275
1339.934529,368,1164.565734
1640.305965,500,1164.788694
1280.850548,348,1164.941906
1091.883189,305,1165.753482
1510.848714,446,1165.981499
1713.120254,474,1166.205064
414.059211,143,1166.283369
1804.983141,482,1166.53693
1702.522288,500,1167.503834
1727.559272,500,1167.774652
1754.903141,500,1168.058707
1304.344099,347,1168.227031
1791.602783,486,1168.484617
1667.967627,500,1169.438556
1668.187806,500,1169.674015
1288.625988,356,1169.840484
1260.25726,348,1170.001593
1120.073599,302,1170.135005
1689.796667,500,1171.044939
1126.318624,308,1171.185348
1685.740069,500,1171.391696
1647.587848,500,1171.611449
1180.473264,319,1172.443064
1661.036345,500,1172.642648
1682.975476,500,1172.883091
1724.094908,467,1173.121412
1338.30536,377,1173.296929
1714.146232,500,1174.190014
1686.871437,500,1174.408202
1701.182857,468,1174.618285
1670.611643,500,1174.819474
1685.251601,500,1175.728149
910.39826,252,1175.827256
1711.136389,500,1176.074876
966.296908,258,1176.190781
1312.662374,375,1176.339132
1690.654984,500,1177.188271
1684.539647,500,1177.440493
1687.215842,500,1177.704056
1666.663334,500,1177.926666
1651.881309,500,1178.775263
1686.922594,500,1179.024329
1735.820698,500,1179.261678
1656.668043,500,1179.512632
1199.97315,390,1179.732936
1673.987588,500,1180.699372
1666.430376,500,1180.928637
1720.49803,500,1181.13759
1683.87145,500,1181.348285
1687.597275,500,1182.241803
1697.524519,500,1182.437333
1621.271332,500,1182.647341
148.846977,74,1182.686117
1746.364897,500,1182.929944
1057.712561,302,1183.718862
1754.071303,500,1184.053302
1810.168517,500,1184.375369
1718.249485,500,1184.687605
1740.428551,500,1186.088717
1506.27297,418,1186.418612
1718.69286,500,1186.746453
1710.32649,500,1187.051101
909.276271,248,1187.179371
1042.478527,292,1188.379698
1519.295512,404,1188.683736
1748.053099,484,1189.012746
1358.0258,373,1189.298737
1776.616361,500,1189.670705
1863.42533,497,1191.046855
1727.811193,500,1191.342637
1741.312837,500,1191.664314
1720.436521,500,1192.046973
1339.792092,355,1193.316136
1672.711673,500,1193.731188
1129.202546,310,1193.932152
1709.856254,500,1194.290563
1751.516105,500,1194.585814
1776.874926,500,1195.921317
1721.651858,450,1196.212229
1709.178722,500,1196.553779
1304.754424,366,1196.784257
1287.264814,372,1197.052498
1680.387344,500,1198.279426
1266.008554,367,1198.524471
1730.288539,500,1198.851453
1654.522124,500,1199.217763
1672.825146,500,1200.39976
1211.92947,325,1200.59082
1725.222983,470,1200.816078
1463.952757,409,1201.045326
1759.258512,500,1201.281516
1710.998004,473,1202.178157
1718.659554,500,1202.412933
1669.976556,500,1202.615088
1168.777301,315,1202.766354
1884.054657,500,1203.638795
1715.591665,500,1203.861558
1207.913839,320,1204.003106
1712.736899,500,1204.238585
1750.838945,500,1204.556764
1747.844509,500,1205.98963
1717.923108,500,1206.325557
1136.959955,313,1206.483359
947.512001,257,1206.605438
1717.430236,500,1206.856375
1691.060282,500,1207.747953
1682.496132,500,1207.962257
1710.639038,500,1208.172661
1710.147782,455,1208.57338
1670.403954,500,1210.142519
1721.926729,500,1210.416901
1664.861645,500,1210.668993
1594.03907,418,1210.920161
1001.687358,276,1211.044728
1740.692357,500,1212.021093
1549.302841,419,1212.223034
1769.093758,492,1212.437833
1191.525584,324,1212.593513
1093.920249,303,1212.730214
1729.729408,500,1214.225703
1691.558663,500,1214.708741
1644.715581,500,1215.218548
1345.280537,376,1215.580223
1714.535075,468,1217.397193
1677.473905,500,1217.906441
1743.78837,500,1218.411891
1668.138697,500,1218.89933
1277.35599,358,1220.574924
1686.62519,500,1221.088745
1721.800285,500,1221.551106
1755.676877,500,1222.056069
149.107798,72,1222.117572
151.745922,73,1222.174812
1674.107775,453,1223.973016
141.976674,70,1224.047059
1704.528733,500,1224.542036
1710.020912,500,1225.051306
1529.592278,399,1225.454768
1620.848391,442,1225.868076
1732.699923,500,1227.660662
1668.76935,500,1228.158857
1139.76109,304,1228.458863
1779.811039,500,1228.939468
1681.954343,500,1230.74282
1739.101545,500,1231.201432
1708.477103,500,1231.684799
1469.267496,386,1232.064383
1751.664173,500,1233.783527
1178.593649,317,1234.077368
1549.818546,434,1234.451277
1793.121312,484,1234.907918
1055.152349,298,1235.183432
1756.228786,500,1236.975986
1712.863621,500,1237.487311
1683.097238,500,1237.966778
1150.253097,313,1238.261775
140.993385,70,1238.325988
1765.020855,500,1238.8564
1490.891384,407,1240.565315
1163.998581,318,1240.868523
1159.601336,311,1241.12194
139.197258,69,1241.194437
1800.412527,479,1241.645923
1281.096004,354,1241.985218
1648.748275,500,1243.721745
1663.537904,500,1244.214048
1697.562792,500,1244.68346
1591.129796,421,1245.038167
1771.142271,500,1246.671493
1247.923371,342,1246.962477
1025.89254,284,1247.222563
1050.496695,282,1247.48474
1829.837384,500,1247.95222
1178.312032,327,1248.26526
1669.759413,472,1249.974218
1804.572501,500,1250.440597
1309.971513,360,1250.771467
993.95179,278,1251.025707
1092.242885,304,1251.29932
1000.225759,274,1251.558715
1016.167264,275,1253.055718
976.328406,286,1253.294896
1174.123522,322,1253.577479
147.475162,71,1253.643533
1609.441341,437,1254.044001
151.861769,73,1254.116572
994.307812,275,1254.325686
1120.303468,321,1255.811224
1003.950027,275,1256.059078
1131.49418,308,1256.314862
1066.03,299,1256.578109
1062.322572,285,1256.803478
1305.366498,361,1257.132047
1054.165648,286,1257.355193
1361.825662,374,1258.954194
1650.854937,455,1259.379393
998.163559,274,1259.622261
1744.450146,500,1260.081665
824.436993,239,1260.304273
952.528425,277,1260.562301
1061.747441,292,1262.038473
1087.186562,294,1262.317075
989.937332,274,1262.570355
1390.182019,375,1262.919867
1694.598696,500,1263.343823
1277.652922,352,1263.676347
1040.470424,300,1265.220604
1269.441398,362,1265.550215
986.121447,275,1265.794532
1338.487774,358,1266.141602
1794.902654,500,1266.579978
1316.527343,369,1266.918398
1469.253176,390,1268.5488
1338.200117,354,1268.895281
1763.422778,500,1269.333959
1725.042932,500,1269.796082
1695.052448,500,1271.264607
1116.030337,304,1271.54506
1356.645915,363,1271.879058
867.859992,249,1272.111845
848.115633,245,1272.356662
723.710237,213,1272.555594
1715.826116,470,1272.98733
1180.210578,321,1274.55056
1622.435924,435,1274.974466
1660.78647,500,1275.437935
1024.763623,291,1275.719341
1769.540041,500,1276.195139
1314.849953,368,1277.771168
1296.022806,359,1278.108908
1384.315621,373,1278.436134
1713.00473,500,1278.910966
1744.292266,500,1280.601498
1068.548613,287,1280.859557
1193.802798,319,1281.168966
1675.7005,500,1281.636879
1334.522091,357,1281.961453
1500.847957,393,1282.288926
1249.154453,331,1283.766809
1471.646941,397,1284.129744
1697.822064,464,1284.560135
1682.958711,500,1284.99575
1748.462185,500,1285.45445
1598.198112,429,1287.115055
1705.633138,500,1287.576419
1017.854555,284,1287.848334
1037.188985,277,1288.094695
1291.416621,341,1288.394803
1478.415735,393,1289.985373
1779.072949,500,1290.46533
1677.173698,500,1290.924739
1701.393764,500,1291.393238
1723.603718,500,1293.07216
1186.233989,324,1293.371028
1105.345383,300,1293.631312
1026.479808,287,1293.904806
1684.738571,500,1294.339736
1659.061385,500,1294.796776
982.902136,272,1296.253269
991.374815,275,1296.514866
1319.884259,349,1296.80024
1344.860587,374,1297.143282
1154.58096,309,1297.427579
1332.965438,354,1297.742287
1684.678518,500,1299.321761
1640.266099,500,1299.757373
1706.251635,500,1300.201425
1641.193696,447,1300.609418
1688.686288,500,1302.289606
1019.367884,282,1302.557013
1683.928928,500,1303.009342
1701.423931,500,1303.48408
1715.899472,500,1305.270196
1681.764997,500,1305.733353
1668.078026,500,1306.189934
1080.939905,300,1306.461357
1634.259585,500,1306.948292
1634.34746,500,1308.703934
1652.925633,500,1309.180788
1702.340514,500,1309.663675
1304.485821,407,1310.075048
1718.081687,500,1311.785589
1773.848093,500,1312.260857
1682.379609,500,1312.733026
1623.523648,500,1313.215716
1770.7689,489,1314.896882
1637.205691,438,1315.270835
1790.603956,500,1315.710443
1430.839587,382,1316.039156
1735.274335,500,1316.485404
1709.21378,500,1318.232263
1699.338065,500,1318.699652
1662.407275,500,1319.158829
1462.709233,389,1319.499632
963.981443,263,1319.735145
1669.653566,461,1321.400119
1676.037554,500,1321.851909
1751.612322,500,1322.346913
1141.594967,309,1322.60253
1671.523093,500,1324.327575
1061.47192,289,1324.573895
1162.368802,313,1324.861758
976.850507,262,1325.094037
1725.08402,500,1325.538173
1068.276724,292,1325.796536
1233.109233,329,1327.342143
1720.347926,500,1327.768889
1089.335942,291,1328.014223
1625.052015,450,1328.424697
1383.874656,377,1328.768615
1361.843951,367,1330.327986
1366.563567,373,1330.659315
1864.817341,494,1331.073488
1532.155571,421,1331.449974
1036.529653,293,1331.72128
1069.225307,292,1331.990795
992.001999,273,1333.427149
1773.69801,500,1333.874446
1066.868931,292,1334.144768
795.453434,234,1334.351504
1687.35621,500,1334.774461
1603.984603,432,1336.434315
1026.41434,285,1336.701153
1297.080372,349,1337.005545
1716.976547,500,1337.458013
1142.067161,308,1337.752248
926.266253,256,1337.990609
1076.494041,293,1338.258973
1713.24574,500,1340.022099
1348.197372,359,1340.359797
1784.904278,500,1340.831026
1390.59501,368,1341.131106
1769.839849,500,1342.767251
961.582049,269,1343.010377
1033.526272,284,1343.24618
1550.186605,409,1343.606313
1380.322157,371,1343.949741
825.285459,237,1344.147961
1677.199542,500,1345.814598
1173.290816,313,1346.076044
1693.064382,500,1346.552815
1726.77131,500,1346.962
1501.408503,405,1347.329488
1691.278522,500,1348.949664
1686.191866,500,1349.39465
1675.605108,500,1349.873926
1238.103615,338,1350.196771
1739.656299,460,1351.906366
1754.426673,500,1352.357546
938.58714,263,1352.602304
1457.650855,393,1352.931319
1229.327475,341,1353.257987
983.187964,267,1353.503994
1675.66722,500,1355.238981
1726.283745,500,1355.708253
1686.1488,500,1356.153483
1612.992522,460,1356.583086
1066.46723,299,1358.136864
1519.518212,401,1358.517779
1360.263099,370,1358.872027
1454.329078,426,1359.288538
1434.592885,430,1359.710274
1451.669844,396,1361.371222
1800.683247,500,1361.846077
1716.870052,500,1362.319208
1722.638004,500,1362.794285
1660.594747,500,1363.24733
1577.914901,429,1364.904876
1726.447994,500,1365.358478
1692.02807,500,1365.828384
1190.315905,322,1366.116633
968.892147,316,1366.387576
1742.069987,500,1368.178839
1794.458266,500,1368.633693
1738.224628,500,1369.123115
994.341657,270,1369.384906
987.586339,270,1369.657703
1664.179272,500,1371.378111
1751.285122,500,1371.838501
1711.303584,500,1372.314751
1676.453213,500,1372.781924
1628.441436,500,1374.52576
1699.292117,500,1374.988866
1852.499077,500,1375.456648
1595.809484,427,1375.86704
1655.573809,500,1377.573797
1818.840431,500,1378.04906
1199.213521,325,1378.328948
1377.54604,370,1378.6912
1634.975748,500,1379.157266
1687.479316,500,1380.858379
1228.426332,329,1381.144478
1658.669475,453,1381.558519
1160.726529,317,1381.846923
1268.573941,349,1382.175155
1830.222765,500,1383.925435
1022.875182,283,1384.191269
1660.004801,450,1384.617929
1707.984557,500,1385.067127
1729.98868,500,1386.793345
1671.387137,500,1387.233944
1727.889265,500,1387.694665
1828.54145,500,1388.159582
1802.98063,485,1388.608318
1029.947877,281,1390.158612
1534.051735,411,1390.553094
1514.954071,412,1390.93416
1737.957228,500,1391.399531
1839.031648,496,1393.121481
1715.09122,500,1393.611305
1617.183908,454,1394.045816
1638.082434,431,1394.456222
1666.666413,500,1394.927377
1682.73179,500,1396.694574
1204.909618,324,1396.992717
1733.267627,500,1397.484018
1680.974625,500,1397.975991
1246.127274,324,1398.29809
1705.537065,500,1400.080189
1667.683028,500,1400.569573
1683.841211,500,1401.075594
1794.286149,500,1401.552578
1707.115386,500,1403.320596
1708.716965,477,1403.751525
1793.668136,493,1404.202747
1701.326069,500,1404.697126
1823.330236,500,1406.46425
1624.892442,500,1406.961622
1701.44551,500,1407.427628
1830.147169,493,1407.908603
1676.517044,500,1409.644285
1691.010498,500,1410.13844
1321.981561,357,1410.483008
1753.510318,500,1410.949804
1712.788517,500,1412.680539
1842.958453,500,1413.129627
1646.549655,500,1413.587686
1648.275088,500,1414.031797
1665.651517,500,1415.798676
1629.759969,500,1416.265563
1697.560393,500,1416.738365
1687.732441,500,1417.193249
1712.923344,500,1417.648885
1831.487046,492,1419.39535
1178.812891,315,1419.695418
1422.153647,391,1420.061689
1610.259606,437,1420.487884
1030.028151,282,1420.757983
1717.541446,500,1422.511222
1684.279453,500,1423.012855
1662.142018,500,1423.47888
1712.552691,466,1423.90046
1085.085074,294,1425.482492
1098.008523,301,1425.793428
1365.575071,372,1426.148073
1330.624158,368,1426.462633
1741.869364,500,1426.94935
1606.292026,500,1428.73284
1731.521135,500,1429.228187
1240.225411,377,1429.61415
1735.41395,500,1430.133344
1738.121936,500,1430.624763
1778.952195,500,1432.433347
1687.546711,500,1432.899834
1762.776043,500,1433.398167
1705.584186,500,1433.845839
1695.017598,500,1435.624399
1724.729714,500,1436.073563
1675.105126,500,1436.588409
1474.90037,396,1436.960679
1714.419004,500,1438.698655
1688.743583,500,1439.201619
1737.22027,500,1439.710287
1653.215948,500,1440.198232
1649.753146,500,1441.95002
1626.302713,500,1442.438207
1720.416696,500,1442.88532
1651.986788,500,1443.335829
1771.098926,500,1445.105486
1684.766051,500,1445.578894
1326.139972,358,1445.911017
996.70027,277,1446.167189
1710.872271,500,1446.626349
1830.48647,490,1448.400274
1272.451359,346,1448.720841
1283.354753,353,1449.044347
1744.472735,500,1449.500975
1779.736594,500,1449.991217
978.275769,269,1451.56179
1061.001648,294,1451.855092
1700.043967,500,1452.364269
1424.49259,389,1452.737082
1478.271678,392,1453.114764
1670.593709,435,1454.827359
1741.396142,500,1455.316911
1751.878197,500,1455.835877
1175.182965,311,1456.10339
1673.635472,500,1456.575066
1388.059763,362,1458.244067
1441.38265,382,1458.623284
1773.658884,500,1459.124655
966.132177,267,1459.371299
1368.696256,366,1459.708666
1384.491323,372,1461.403679
1015.263599,275,1461.682027
1004.203213,275,1461.943253
829.158252,236,1462.171791
1739.68638,500,1462.646458
1229.079265,333,1462.973384
1474.610655,401,1463.344998
1404.158555,378,1465.034471
926.919639,259,1465.265822
1725.034417,500,1465.754649
1761.484972,500,1466.227137
1074.810362,296,1466.502865
1222.87336,323,1468.07002
1755.246566,500,1468.567227
1517.580052,402,1468.952067
1222.307619,326,1469.269644
1112.860152,300,1469.546289
1248.22297,331,1471.172526
1683.05273,500,1471.64969
1771.343185,470,1472.102379
1433.007392,398,1472.489735
1763.265526,500,1472.933738
1086.163006,293,1474.502856
1726.764395,500,1474.976477
1663.608356,500,1475.444593
1654.728801,500,1475.939344
1699.777363,500,1477.686913
1482.007645,393,1478.044017
1403.988024,380,1478.392273
1150.563638,306,1478.677159
1690.300207,500,1479.178053
1735.030478,500,1480.932811
1711.509248,500,1481.429733
1156.270998,308,1481.736527
1192.593436,322,1482.03292
1018.564739,279,1482.300545
1449.828906,393,1482.675095
97,286,1463.504013
1171.856999,353,1465.181207
1558.171846,500,1465.644576
1539.743332,500,1466.140136
1592.725681,500,1466.633422
1529.917651,500,1467.088572
1702.578945,500,1468.860508
1594.252406,500,1469.341425
1520.704572,500,1469.820551
1546.377738,500,1470.316509
1630.227253,500,1472.05533
991.546786,296,1472.315547
1593.810296,500,1472.81076
1292.053071,375,1473.183702
1199.575914,364,1473.499088
1585.637751,500,1475.274331
1638.92531,500,1475.76367
1651.674335,500,1476.218394
914.432735,269,1476.48011
907.420349,288,1476.771923
1570.645253,500,1478.516703
1030.307192,309,1478.799025
1613.390816,500,1479.255606
1063.31199,310,1479.530841
1260.138529,374,1479.9018
1342.785393,393,1481.552225
1549.947987,500,1482.047492
664.534145,205,1482.255196
1629.897104,500,1482.685196
1666.063318,500,1483.171833
1557.553165,500,1484.920104
1550.664715,500,1485.439882
1657.605749,500,1485.930662
1594.880093,481,1486.385623
1593.82854,500,1488.083836
1108.444841,319,1488.391743
1566.136938,450,1488.834821
1234.76692,367,1489.174327
1551.668517,500,1489.645938
