#{"t_start": 1775738677.450772, "env_id": "Hopper-Fric-Gauss-20-v0"}
r,l,t
7.400711,14,0.031792
1.882596,20,0.050318
9.113686,11,0.062836
4.442044,12,0.075535
11.637046,17,0.093057
10.816357,13,0.106076
4.736362,20,0.127067
4.277412,10,0.13861
22.316358,23,0.162675
9.965957,16,0.180707
21.791097,28,0.217823
23.097682,25,0.245357
7.242464,20,0.268397
28.257968,31,0.304685
18.209345,19,0.324743
11.561738,13,0.339301
18.980146,21,0.364833
8.299706,11,0.37784
6.746456,13,0.39184
21.825615,23,0.414896
9.199428,14,0.431415
3.742385,14,0.447461
9.674991,13,0.461984
25.656731,30,0.49507
7.28941,10,0.506603
5.524663,13,0.528195
23.797864,23,0.55482
9.298893,13,0.57336
61.29093,48,0.622997
17.963694,18,0.64303
10.860628,17,0.654571
31.705339,26,0.688755
16.208872,18,0.711278
66.061485,47,0.747338
5.006061,9,0.756845
57.754219,61,0.815483
11.72568,14,0.829027
5.752451,9,0.839566
7.393036,12,0.854628
9.667716,13,0.869181
23.363969,31,0.90078
8.252638,11,0.912828
7.780027,15,0.928869
4.746031,11,0.940396
6.237801,13,0.954928
22.260905,21,0.977475
36.734906,49,1.023361
7.417918,16,1.035413
9.675317,13,1.047548
3.655953,8,1.057088
16.056354,18,1.07611
4.726464,12,1.088658
15.330844,42,1.12891
3.236599,10,1.136336
9.817716,18,1.153853
8.218074,13,1.165894
10.109673,14,1.181407
8.71012,14,1.196477
14.172374,21,1.217688
5.086785,12,1.228221
21.212608,20,1.249116
5.568991,10,1.26066
9.083994,14,1.276723
6.011091,9,1.287269
5.316538,21,1.308315
7.87654,13,1.320345
9.192046,12,1.327877
8.675254,33,1.351569
4.937799,10,1.363078
20.999113,28,1.388608
10.814895,25,1.404622
10.722913,23,1.420656
11.821459,18,1.435693
31.46837,26,1.45937
158.60081,91,1.543078
2.374623,24,1.568603
67.66807,56,1.618754
21.218933,27,1.643294
14.209718,17,1.663336
11.708141,20,1.685884
11.08382,20,1.707947
19.075468,21,1.729476
14.643322,19,1.749527
7.060589,10,1.761069
9.364569,22,1.785666
21.50299,20,1.806318
5.647227,11,1.817363
9.455773,22,1.839383
8.771894,26,1.868945
8.611588,18,1.887992
5.312279,8,1.896507
14.899426,29,1.928593
70.211194,47,1.969234
18.296664,18,1.987256
19.799121,21,2.007988
7.005405,10,2.017005
5.760457,11,2.028523
5.123651,8,2.037047
7.968237,14,2.050593
5.810698,14,2.068618
12.91626,15,2.082131
9.944802,19,2.100183
23.238875,22,3.381887
6.3625,12,3.39336
16.604699,26,3.422418
4.822205,8,3.430943
13.839742,17,3.449963
13.612995,21,3.473033
33.151841,54,3.525637
12.107931,14,3.537876
48.203812,37,3.571434
79.328566,52,3.617563
20.289503,24,3.63812
18.103486,17,3.655182
6.289052,15,3.671702
37.932599,34,3.70875
16.402147,17,3.726317
12.158409,17,3.745868
25.492185,22,3.770495
10.344126,17,3.788565
76.725818,45,3.833158
13.009342,15,3.849228
25.360042,25,3.87783
134.112122,81,3.968572
15.269744,16,3.983077
6.837761,10,3.992592
11.182353,35,4.023736
25.560202,34,4.056397
27.894083,23,4.073941
40.794564,41,4.114893
23.912102,31,4.150514
49.888718,64,4.213463
21.21064,23,4.237624
10.062682,18,4.258696
15.591507,26,4.280731
94.537841,61,4.338825
23.31059,23,4.362852
61.829219,46,4.412949
27.159555,26,4.438152
20.123483,20,4.46022
6.300322,9,4.469767
145.589363,72,4.545381
15.251912,24,4.568996
7.256597,13,4.582505
96.467391,58,4.641371
117.414992,69,4.702827
42.12829,34,4.739398
7.936316,13,4.750929
37.066004,36,4.772949
15.103292,17,4.790984
9.123848,14,4.806621
39.081105,36,4.843728
39.221453,28,4.864745
8.496059,11,4.873253
8.034021,17,4.888273
5.436868,10,4.895782
33.329832,27,4.919955
36.439315,32,4.953506
69.353482,54,5.022918
15.933307,26,5.050842
6.271145,13,5.063351
6.308783,10,5.072867
133.363548,86,5.135235
16.346992,21,5.159145
86.175398,51,5.216002
80.337193,53,5.254749
6.780736,10,5.261757
47.364613,38,5.290277
7.496098,11,5.302786
30.567957,34,5.338202
8.218748,12,5.352708
45.470227,46,6.867498
15.044183,15,6.884567
62.137062,38,6.922677
37.419068,31,6.956797
150.594894,111,7.092244
78.095404,46,7.15853
16.745901,25,7.189108
112.891606,73,7.263366
11.066195,14,7.279394
22.27888,26,7.311976
81.414035,49,7.366735
20.739773,24,7.395364
176.729213,113,7.503206
14.216907,30,7.535852
26.073259,25,7.563949
26.905404,24,7.581008
152.40053,98,7.679968
145.945823,79,7.784754
6.740856,11,7.799824
14.821826,31,7.836092
43.297737,42,7.886733
8.325432,15,7.903255
19.706865,22,7.929355
156.324285,90,8.03979
135.978593,91,8.150796
14.892136,25,8.184932
23.356912,21,8.21904
99.094023,55,8.278686
24.503183,23,8.306295
85.534371,55,8.359475
107.117253,74,8.443701
28.965144,32,8.473294
120.370133,66,8.543489
8.06624,23,8.567528
4.716608,10,8.578044
154.109477,81,8.671906
18.295729,28,8.695455
4.197983,16,8.713974
20.089054,22,8.738574
80.519774,62,8.799678
17.825668,19,8.815296
15.54269,16,8.825309
36.630992,30,8.853391
32.534091,31,8.877939
123.515016,65,8.930036
29.966591,27,8.949106
88.403383,53,9.005075
78.887153,57,9.050345
38.528677,31,10.343678
23.097997,21,10.366266
21.565225,32,10.397896
22.312147,21,10.411396
114.996188,87,10.487841
59.070401,40,10.527491
73.748452,45,10.573635
61.882746,38,10.622383
115.980831,69,10.68935
104.580397,58,10.747097
46.749807,33,10.779164
48.161754,48,10.830817
96.294286,57,10.88501
13.077208,18,10.89956
22.173207,19,10.920092
111.905847,62,10.988297
63.868393,39,11.031915
55.571801,34,11.069973
14.20927,24,11.099414
115.323775,77,11.182125
96.322877,53,11.238374
176.541647,97,11.335101
92.155627,66,11.404957
90.759624,59,11.465661
7.072624,10,11.471661
86.279139,58,11.532342
8.458055,23,11.556621
164.629976,109,11.650823
73.180138,43,11.685264
67.871909,41,11.723808
13.641533,19,11.746369
57.331145,41,11.785446
142.531226,71,11.865053
82.732285,62,11.917606
8.628068,12,11.92865
133.784179,73,11.99143
82.595628,47,12.029678
100.132543,55,12.091454
90.63082,63,12.152251
21.16849,22,12.16831
89.050168,59,12.223679
57.859246,36,12.258739
75.456437,50,12.312366
44.194109,35,12.340541
92.5673,54,13.717363
10.404779,18,13.739424
74.936075,45,13.793348
217.224745,97,13.895808
241.240588,122,14.002105
73.700249,47,14.034699
50.545446,31,14.066159
31.223664,28,14.096598
126.089163,66,14.162849
113.333279,71,14.21352
65.149884,40,14.255621
74.859509,44,14.30241
71.088818,43,14.341455
83.013946,49,14.375521
84.699559,50,14.429138
136.062225,92,14.508347
145.336258,88,14.586469
65.360814,41,14.615593
71.060401,43,14.653792
179.069276,104,14.766085
221.552407,99,14.86549
102.472144,56,14.925153
86.154773,59,14.978689
76.487466,51,15.017437
90.025097,59,15.076635
77.159509,47,15.124158
75.838277,46,15.173717
17.512007,18,15.195243
81.014696,53,15.253368
13.108168,16,15.271368
20.888365,26,15.296876
94.569887,53,15.351924
16.329217,19,15.372876
110.614095,60,15.433911
76.116467,46,15.473944
19.411515,19,15.488973
65.984975,40,15.523502
80.540533,52,15.57563
87.46487,50,15.623663
108.159027,64,17.016751
124.270296,70,17.086895
195.041909,98,17.187442
119.810551,82,17.261188
82.18163,47,17.302872
88.982064,51,17.357966
97.934283,55,17.416127
72.125943,44,17.463741
212.691998,104,17.567667
223.987246,108,17.661033
112.042474,66,17.736312
130.389924,72,17.817973
86.217524,51,17.87415
111.68094,69,17.948921
84.509081,49,17.999528
74.91829,60,18.062209
50.185591,34,18.100302
27.308882,27,18.127913
156.324025,81,18.198751
168.692611,85,18.285981
135.365464,73,18.360132
95.585463,56,18.419313
206.262837,96,18.520753
48.195895,30,18.551864
67.026779,39,18.590935
172.1529,93,18.681369
106.765686,80,18.747571
145.309236,71,18.826495
101.073169,59,18.886081
128.183161,68,18.95056
120.646588,63,19.009754
150.812531,85,20.409318
125.597057,72,20.48144
293.963682,174,20.66202
244.921658,110,20.763247
271.3456,119,20.883276
49.462048,36,20.919444
81.554859,48,20.97374
156.624292,89,21.067962
157.533934,85,21.155237
52.56082,32,21.177274
194.498342,112,21.287726
9.70287,12,21.296229
92.866469,57,21.339786
77.560877,46,21.387034
256.475657,124,21.488014
226.414298,102,21.577306
41.461677,32,21.606875
248.283014,114,21.713489
113.148947,62,21.783278
95.680445,57,21.848746
213.938068,103,21.960843
220.531098,112,22.075234
54.092555,33,22.103295
99.377077,58,22.162511
58.420992,36,22.20039
231.686609,105,22.305162
228.572998,109,23.765017
133.360139,69,23.834367
161.229919,83,23.925786
215.171398,106,24.009613
92.173756,58,24.065351
258.746344,110,24.169372
177.98672,88,24.240184
217.25359,102,24.335333
98.653058,55,24.391938
217.626362,104,24.475797
227.408488,104,24.570705
124.489629,69,24.641942
80.996157,47,24.689613
188.977632,104,24.789297
62.578622,39,24.83021
114.120538,62,24.887949
222.289098,103,24.991595
214.863398,99,25.083331
205.100689,97,25.17424
228.58285,112,25.293026
117.307071,65,25.360362
234.84594,109,25.471732
168.665826,80,25.559444
122.19497,72,25.617899
143.90799,75,27.057784
252.030927,123,27.18146
164.505572,81,27.266733
199.756557,102,27.38217
208.754605,100,27.484096
130.648267,74,27.536874
79.080006,50,27.581977
37.045028,28,27.615083
224.259674,101,27.714375
216.816614,117,27.830387
210.188132,101,27.933749
204.36104,96,28.029317
251.13557,123,28.151501
232.048918,112,28.256388
137.29886,73,28.332287
163.525607,94,28.417822
225.58835,106,28.524222
200.061732,111,28.619925
225.984049,121,28.744313
215.055965,101,28.843697
136.597393,74,28.920341
236.666171,112,29.024456
190.438591,91,30.411918
274.594455,116,30.525767
260.051202,118,30.631739
209.379214,104,30.731503
175.126765,85,30.81722
90.490446,52,30.874393
225.965734,110,30.993692
221.557997,109,31.092527
221.153232,100,31.186233
134.081307,70,31.255784
86.971255,54,31.300876
242.892711,113,31.420054
237.095367,114,31.517268
154.596048,85,31.596968
223.606682,102,31.676769
257.024528,115,31.78685
233.993087,107,31.903463
149.329408,76,31.974683
75.933903,44,32.022307
231.200568,103,32.133969
110.825469,62,32.197198
144.868847,74,32.273435
77.517995,51,32.330657
267.841532,126,33.830213
197.403724,92,33.920253
131.712642,75,33.992277
216.756572,103,34.085229
278.161327,119,34.165566
237.614364,110,34.273428
248.155723,113,34.377806
222.333314,104,34.486872
234.835026,108,34.579806
230.061399,103,34.687468
233.96463,112,34.815394
79.068026,47,34.867633
239.81214,121,35.000695
142.876555,77,35.08245
269.663324,125,35.200424
250.984158,118,35.332099
217.311323,97,35.444453
250.843328,113,35.565354
253.477322,110,35.686796
205.319549,104,37.170607
257.171057,122,37.286032
239.515576,112,37.407082
263.297276,121,37.535466
192.600479,90,37.630488
219.108916,101,37.727278
222.893154,102,37.838625
233.71182,102,37.953554
93.49267,52,38.010489
243.473193,116,38.134622
211.379314,96,38.239002
249.387322,110,38.363752
207.291126,97,38.474081
246.279813,106,38.587727
265.306435,127,38.732283
231.264362,110,38.854369
108.549954,60,38.919832
216.819499,96,39.022519
239.777486,112,39.131222
229.581801,100,39.234668
246.401738,121,40.751743
201.905251,98,40.85099
245.389536,110,40.961805
135.353632,76,41.052584
225.509445,109,41.166559
234.573667,106,41.272679
225.001627,107,41.370527
249.896523,122,41.49086
243.780453,106,41.614256
193.266439,92,41.722049
242.99896,109,41.842864
219.566413,99,41.957139
262.505443,120,42.049937
307.281206,130,42.154742
219.546968,100,42.248698
238.488916,106,42.353904
263.067299,122,42.482243
279.893908,116,42.593747
241.73143,112,42.694035
234.667549,116,44.144866
245.11067,104,44.219794
272.15477,121,44.337494
262.76048,115,44.437959
249.420006,108,44.553627
266.239647,119,44.65696
230.856364,108,44.758428
264.167144,129,44.877253
147.100147,75,44.958022
264.847864,122,45.079509
297.07649,130,45.190715
236.605434,105,45.278942
218.160662,97,45.36837
300.368289,123,45.493315
245.855282,119,45.609245
248.289884,109,45.699183
250.057711,111,45.802855
261.960767,117,45.900915
232.615451,105,45.995525
239.92224,113,47.403509
308.865978,134,47.540194
248.924493,115,47.644387
82.156741,48,47.687471
305.452863,139,47.839497
270.569209,114,47.96789
249.751013,126,48.117565
306.667538,131,48.266917
307.776113,135,48.400295
304.495471,137,48.553714
272.891887,124,48.697623
261.236734,124,48.839537
254.712818,108,48.954798
222.814873,108,49.075442
291.431006,129,49.223557
293.534715,128,49.36683
317.590323,136,49.519905
306.63061,133,51.142219
256.169201,117,51.272681
285.020807,130,51.390544
284.324389,125,51.522696
310.873539,126,51.65657
251.310935,122,51.774384
282.214774,125,51.902527
254.06776,119,51.990793
289.033677,122,52.101314
285.881255,128,52.232562
264.873825,115,52.350872
330.799922,141,52.480049
207.343754,95,52.559193
103.952135,59,52.609842
274.245273,122,52.717148
328.082604,132,52.858001
281.298341,126,52.96075
306.227322,134,54.366173
294.478573,128,54.487774
321.044646,134,54.624279
310.135927,136,54.760562
190.642144,97,54.856314
317.011985,145,55.012185
266.221199,124,55.104844
301.247873,135,55.24577
296.891822,124,55.335122
301.747924,129,55.485116
260.461101,127,55.601296
325.720936,137,55.722281
243.178511,113,55.816839
306.742509,131,55.944382
301.75304,125,56.059834
304.944762,123,56.17667
299.581929,127,57.61046
287.123562,128,57.729056
293.653134,127,57.834659
279.510275,130,57.960121
294.224317,115,58.078927
323.729176,123,58.19052
330.740467,138,58.296385
309.720776,124,58.40368
296.933608,131,58.527483
219.31395,113,58.650906
318.056724,134,58.786425
284.67723,114,58.898736
247.210303,114,58.994091
297.218098,123,59.100156
350.1835,147,59.223043
332.274655,145,59.346424
311.757922,135,60.794259
302.532828,121,60.942657
85.800303,50,61.005947
323.685582,133,61.154954
286.985448,118,61.284858
103.425422,60,61.352652
330.912884,149,61.461147
90.487954,51,61.50796
319.097523,133,61.603242
324.410874,136,61.722693
237.812964,106,61.794001
131.814071,71,61.861717
326.993297,138,61.993906
279.419167,120,62.107842
294.086933,123,62.19066
298.040547,126,62.308523
311.387463,136,62.442916
324.881854,133,62.533688
282.702281,126,63.962354
307.720901,126,64.084082
186.921448,90,64.180171
333.84518,140,64.333747
312.727456,140,64.426623
316.515175,131,64.533223
328.736234,131,64.646738
283.930823,130,64.791486
294.447444,120,64.907287
319.043507,137,65.044554
349.474606,142,65.19715
281.809909,119,65.325034
296.788395,127,65.451079
194.981991,94,65.532639
310.010753,124,65.653618
334.946832,130,65.749801
324.296997,140,67.14216
343.345446,135,67.328158
290.3521,128,67.492339
281.148065,121,67.617907
331.810864,133,67.750582
386.941747,160,67.954526
317.9075,134,68.125918
289.634537,131,68.280896
324.845042,142,68.454036
200.533002,100,68.55809
399.190005,161,68.736572
308.155205,137,68.892164
345.610125,135,69.024363
344.414772,139,69.140797
334.173539,146,69.279897
334.06165,125,70.673103
122.90459,71,70.749389
313.89582,127,70.843899
350.515341,132,70.949643
340.881103,152,71.096536
413.760207,181,71.288371
257.982286,112,71.398661
329.48199,130,71.527186
377.321425,135,71.644465
327.445045,141,71.752012
313.911898,131,71.873008
223.856192,115,71.998599
110.258243,64,72.057747
468.193204,182,72.229656
321.89205,143,72.355516
325.066994,138,72.491697
325.054964,136,73.929075
330.585083,137,74.048928
333.941344,156,74.198191
311.851455,128,74.322558
331.127737,140,74.458196
213.700679,103,74.563539
615.310605,232,74.789796
266.317352,118,74.90104
349.536354,148,75.050592
348.345399,146,75.179673
353.052501,141,75.276715
360.476448,149,75.404966
303.00743,129,75.52788
437.754034,164,75.68833
359.315472,153,77.119353
247.412309,119,77.246626
355.929247,160,77.400521
313.724607,125,77.523762
366.194746,157,77.697156
336.415244,141,77.834517
304.921211,127,77.95988
365.186728,159,78.108281
242.565814,113,78.225127
89.449283,52,78.274643
341.583287,148,78.424878
309.004407,137,78.55935
344.293817,135,78.687008
380.272398,156,78.819838
176.071662,92,78.889578
331.239507,139,79.002914
366.323474,158,80.480405
356.687105,136,80.63181
398.023174,151,80.770044
384.106008,149,80.917008
364.182431,163,81.074008
330.531558,127,81.201949
397.962965,150,81.354143
461.394422,183,81.540073
348.483593,152,81.67669
343.678212,134,81.791862
344.221375,149,81.933954
328.301292,134,82.046515
301.507217,149,82.164411
309.802304,127,82.286427
301.867655,119,83.665088
150.696042,81,83.75343
197.074203,96,83.844189
261.450949,119,83.95646
93.026031,54,84.007543
353.770649,168,84.139774
304.966595,122,84.231739
358.412123,133,84.348427
105.522652,61,84.40477
305.840661,132,84.538277
370.459794,153,84.684627
172.885221,89,84.773186
525.678614,205,84.946757
493.642211,177,85.121129
411.238634,169,85.275149
361.572587,156,85.430246
157.882211,89,86.783727
318.786826,127,86.917287
310.033162,135,87.043565
350.207818,147,87.205771
307.902262,128,87.347705
398.744922,166,87.50492
556.657842,202,87.685295
329.003324,141,87.814663
264.114487,119,87.927545
560.694364,207,88.123108
170.831275,90,88.209993
270.319225,118,88.313254
346.401824,138,88.452874
530.571862,180,88.623565
531.438207,198,90.033998
544.280766,213,90.262043
361.014012,151,90.419414
362.787683,142,90.551763
375.508275,157,90.712005
361.454767,141,90.838498
344.707823,154,90.967219
392.19976,148,91.094637
335.956062,144,91.228852
464.494642,178,91.383765
99.860452,58,91.440974
388.481263,163,91.592216
439.654539,157,91.736836
306.929014,127,93.119852
317.84932,136,93.250463
585.777164,211,93.454021
268.725867,117,93.556731
312.822685,141,93.694747
298.469472,126,93.800914
331.987946,136,93.924365
340.960672,139,94.038471
406.165886,155,94.17335
355.856651,146,94.305433
352.401442,151,94.446956
569.671752,202,94.636978
324.350754,137,94.737271
343.16902,142,94.858538
471.078917,161,96.285535
353.771291,135,96.40371
467.565093,166,96.577112
376.230626,155,96.736672
352.151539,136,96.864347
234.112297,103,96.95817
681.270627,226,97.171941
695.298525,238,97.36975
456.430179,170,97.517786
278.479516,125,97.631961
372.049865,138,97.765383
452.309903,157,97.903357
327.676099,129,98.004671
571.716264,209,99.4461
459.207395,157,99.602065
323.512326,138,99.74356
319.895971,140,99.870449
348.767868,139,100.007743
750.800748,251,100.230943
353.214795,152,100.367339
440.389402,160,100.518172
506.101868,174,100.685807
286.459866,122,100.777967
315.527075,136,100.888835
377.272641,135,101.008549
415.234897,166,101.156913
122.51125,69,101.225219
310.09474,128,102.565557
507.725824,168,102.743733
365.224254,142,102.865042
381.475085,157,103.01068
271.502449,112,103.124798
221.680587,99,103.218147
278.779977,110,103.316794
242.858156,103,103.412291
222.597006,117,103.526208
260.526138,109,103.632573
109.467863,60,103.693726
467.089629,171,103.850814
362.713483,140,103.966143
383.285887,139,104.082944
320.965402,126,104.208973
371.69468,145,104.342438
493.930282,177,105.788111
388.985363,138,105.915478
347.146869,133,106.034401
287.054324,129,106.145429
537.638146,191,106.340185
325.402206,132,106.462429
663.729691,216,106.659192
393.819929,145,106.785188
375.320285,144,106.909653
395.239498,139,107.042647
344.320776,129,107.152339
273.558023,118,107.249238
353.0189,144,107.381913
526.724132,178,108.851505
264.918308,108,108.961977
295.136557,128,109.092709
418.145357,163,109.252101
511.725303,187,109.451648
363.265963,146,109.588716
364.598348,137,109.723592
458.100472,170,109.887266
600.185815,203,110.05506
362.061565,145,110.197046
429.508658,149,110.346871
530.994187,181,110.509885
282.146837,131,110.643881
564.614884,196,112.076391
528.692148,190,112.246295
528.468163,172,112.415948
365.274746,142,112.537368
556.904349,183,112.725518
357.715046,144,112.841521
442.150656,169,112.978051
367.596741,133,113.100473
310.200387,127,113.218694
578.688184,203,113.37955
475.72659,173,113.535519
334.716522,139,113.664511
637.80501,198,113.854933
440.812133,167,115.245044
494.689296,192,115.425203
408.091302,158,115.584664
582.782997,201,115.764553
366.073841,135,115.883117
620.330179,214,116.035859
377.017843,148,116.150289
348.055446,144,116.284072
403.445111,144,116.397285
590.080821,213,116.582948
148.37898,79,116.656692
391.05183,138,116.7929
330.660309,134,116.919245
378.155918,135,118.248862
627.254085,222,118.437662
298.368477,118,118.55749
186.452585,95,118.642045
697.228525,220,118.855554
577.529414,211,119.037915
354.55555,137,119.165819
452.639935,172,119.316596
451.499397,156,119.454098
563.349296,176,119.598586
453.750859,178,119.769599
531.663651,189,119.93966
410.602893,143,121.261149
326.516254,139,121.400398
609.999464,208,121.617665
406.778386,141,121.745629
715.612087,235,121.94174
555.209065,193,122.101831
489.037903,174,122.254949
442.834852,158,122.391716
476.738234,172,122.542708
722.908311,251,122.749738
418.929903,157,122.899067
440.365002,152,124.245423
543.920957,190,124.430539
710.602207,243,124.659531
599.143676,192,124.84355
583.50222,183,125.006372
626.286524,225,125.214941
179.114229,91,125.299196
319.74352,131,125.411232
285.268792,113,125.51541
390.708675,142,125.654766
402.049808,150,125.7733
406.911481,164,125.930637
697.985803,236,127.379108
558.430284,188,127.529133
440.999587,150,127.67621
113.410598,62,127.733953
283.816418,120,127.853822
602.015193,197,128.010283
587.146164,199,128.200911
178.429998,94,128.291614
449.45232,146,128.414249
467.816694,171,128.567801
731.20974,251,128.775995
596.750566,207,128.967577
484.570827,165,129.140065
406.739674,140,130.488962
550.659089,188,130.648042
588.038599,189,130.799726
606.917939,201,130.995241
618.770267,193,131.172907
475.018162,180,131.345773
142.882564,76,131.416253
290.005747,118,131.51112
634.500742,215,131.68659
548.850069,199,131.859208
418.655955,144,131.993831
590.026355,212,132.197727
672.898435,214,133.635688
588.999988,190,133.808017
420.711469,144,133.946502
726.237403,239,134.158073
249.307477,127,134.274756
620.812054,205,134.448384
517.640462,166,134.602732
352.267606,132,134.718143
589.470439,196,134.9079
548.831511,182,135.068177
559.888077,173,135.227993
511.527309,190,136.631164
566.842762,178,136.80294
157.663213,85,136.866085
547.599238,190,137.041119
821.237482,253,137.283435
531.19684,173,137.450996
644.172412,204,137.654369
761.667683,255,137.898179
353.757983,128,138.025167
555.520577,190,138.20308
521.195286,187,138.391831
652.387839,220,139.888211
619.588179,194,140.063193
420.763706,148,140.198115
323.054586,131,140.329663
549.487554,190,140.506969
564.65562,199,140.692413
357.103053,126,140.813796
290.849867,123,140.936044
625.895214,199,141.145478
389.733885,147,141.263391
532.320851,162,141.405957
535.680055,169,141.536878
723.570983,237,143.011684
286.178001,115,143.116454
297.381303,121,143.238808
164.788907,88,143.326793
427.774473,163,143.474323
548.845555,181,143.664037
612.587128,209,143.858848
772.09229,236,144.066505
395.435687,152,144.20674
412.060666,168,144.35128
700.200995,237,144.546173
609.712149,193,144.71939
640.8176,194,146.074412
577.929464,200,146.251413
318.825894,129,146.350952
482.698649,183,146.499864
620.208801,191,146.675143
443.614024,151,146.810451
407.803173,163,146.949424
579.607836,187,147.101319
597.558309,198,147.270422
691.067908,226,147.484815
765.206167,244,147.733238
515.10311,188,149.071216
746.565761,242,149.282167
689.822478,230,149.471672
720.721746,254,149.704882
301.041184,124,149.817199
448.463044,175,149.979901
309.991233,125,150.093066
319.794854,117,150.209215
372.945206,148,150.334261
712.156764,221,150.532692
357.616778,145,150.673441
328.236996,130,150.803165
693.557543,237,152.190656
571.147566,188,152.335442
457.155828,149,152.481186
673.82326,235,152.711617
532.338438,176,152.86743
625.131746,222,153.066359
757.745164,245,153.30505
690.743612,245,153.539291
115.94972,64,153.610554
361.520203,131,153.730766
342.717791,134,153.852812
341.277777,134,155.21011
634.40526,197,155.406158
488.667733,155,155.544098
774.771811,232,155.756252
247.37996,110,155.862368
549.712794,179,156.031142
698.537708,224,156.253053
606.76837,208,156.462276
695.556886,243,156.680168
604.83855,200,156.883067
603.336037,205,157.07202
611.17514,181,158.517385
538.462297,188,158.693951
834.286774,274,158.961092
519.91633,160,159.082368
496.681264,187,159.256339
634.866533,221,159.481791
427.595027,155,159.629702
348.071437,125,159.762258
456.354621,154,159.883344
534.402856,172,160.056217
727.776746,234,160.294399
340.814176,130,161.638889
617.44659,200,161.805377
787.959176,268,162.031793
744.279402,231,162.222426
598.131321,194,162.385868
728.090766,241,162.593122
386.229246,136,162.709707
463.393395,161,162.861673
393.02485,145,162.988145
401.963941,143,163.08144
645.392306,201,163.276523
587.093423,185,164.635467
581.816254,198,164.80252
668.01639,203,164.98499
351.526812,136,165.113307
648.766654,202,165.27247
375.573213,131,165.385665
652.060911,203,165.564655
645.334687,199,165.743326
402.382642,137,165.871792
171.872955,88,165.926413
359.075455,130,166.034823
629.92487,194,166.211903
684.527759,211,167.537259
368.713268,133,167.640282
563.451749,193,167.824811
581.927459,175,167.959413
651.163228,204,168.148506
587.622159,183,168.31713
537.913151,165,168.454946
597.30278,198,168.653424
597.895635,180,168.820139
431.457307,146,168.965012
629.672154,193,169.155578
555.539513,177,170.616772
570.045123,180,170.786294
690.601161,225,170.977256
508.725284,164,171.131385
473.908344,149,171.265049
378.924725,137,171.389692
599.324985,176,171.545429
498.688951,165,171.715032
470.609582,154,171.848521
591.144147,183,172.021856
567.328727,196,172.201112
606.388076,188,172.362706
498.607896,162,173.749456
782.976383,249,173.967639
492.378636,164,174.125757
560.682765,180,174.286113
488.690946,171,174.439878
550.37975,178,174.591442
485.13857,158,174.748789
559.026292,184,174.930954
588.29159,181,175.100016
580.432139,176,175.268754
519.648139,179,175.437422
452.285235,147,175.572433
363.374442,130,176.998962
359.466945,133,177.130342
486.499585,156,177.266696
387.013082,136,177.390735
587.731611,180,177.536992
519.197254,168,177.684055
521.786504,162,177.835692
658.215855,205,178.029443
316.794282,123,178.158442
426.40986,160,178.304787
585.667558,180,178.484421
283.480377,114,178.587373
353.680563,134,178.716932
494.521701,158,180.163784
173.110394,86,180.236601
453.801389,147,180.370563
337.970521,128,180.490782
514.38135,170,180.650047
544.684903,190,180.82318
468.365844,153,180.95059
332.863573,126,181.07554
552.757713,167,181.243765
579.130237,179,181.415827
474.046394,154,181.549485
581.574447,191,181.681251
654.041209,229,181.888367
574.277433,181,183.316334
684.155515,228,183.549071
555.347943,172,183.724291
623.629796,200,183.906491
407.687083,138,184.034025
660.703818,206,184.245434
516.39831,159,184.405023
570.473493,180,184.589752
615.677661,206,184.780283
526.232529,163,184.944884
443.859663,148,185.095909
556.677594,175,186.594818
412.167934,139,186.72733
599.272255,178,186.897154
488.592363,154,187.033727
508.721719,182,187.21102
544.146898,167,187.372859
562.389199,175,187.544546
373.965288,135,187.683196
507.70947,164,187.842457
367.034039,149,187.99298
568.696317,178,188.159975
423.08129,158,188.30344
538.859938,187,188.494847
517.096305,171,189.905197
564.590623,185,190.057754
546.075814,175,190.21385
585.737391,203,190.387931
264.869297,108,190.485246
455.899696,151,190.64146
570.28894,178,190.83228
724.163017,237,191.069558
516.282377,159,191.212181
545.864956,198,191.3787
567.663944,176,191.55865
576.307764,201,192.99023
433.830868,142,193.118655
424.156825,155,193.267297
547.286442,194,193.44723
561.877634,190,193.628885
520.482041,181,193.801632
352.559151,151,193.957125
542.289634,191,194.141083
599.772217,182,194.317731
554.071697,193,194.505612
450.423182,165,194.665641
531.410427,173,194.83087
570.487275,195,196.269245
587.013593,190,196.432541
458.433741,152,196.570039
652.007623,217,196.776215
575.379978,180,196.932938
520.801637,176,197.10738
680.254274,226,197.309348
470.422299,152,197.423373
667.59891,215,197.632005
583.203789,197,197.81918
548.039717,189,197.99111
521.090353,182,199.46639
637.058513,218,199.676214
561.105987,185,199.863397
596.333071,184,200.048014
615.01368,197,200.241144
509.631941,185,200.429242
629.152701,199,200.622677
606.101208,208,200.83733
363.582268,141,200.974082
601.867,177,201.152484
458.755864,150,201.306065
559.285272,172,202.703699
542.000775,180,202.871243
571.080551,171,203.032454
220.2636,101,203.125916
502.447422,160,203.275044
631.628353,198,203.467738
633.24048,208,203.668136
511.453028,192,203.846825
351.229423,130,203.97746
641.427236,221,204.183879
523.294446,181,204.353351
575.905593,176,204.522069
530.509167,180,206.005429
528.677679,163,206.141608
588.194873,187,206.321938
416.321646,144,206.462967
640.835233,218,206.679791
286.650175,115,206.785223
568.759047,175,206.955729
462.036031,152,207.085877
595.452885,178,207.262505
691.303242,219,207.475817
525.482332,162,207.624786
676.968093,217,209.099417
543.774382,168,209.259246
623.738412,191,209.436558
519.577986,164,209.581295
639.910544,215,209.784943
595.175107,207,209.979222
538.405833,185,210.149875
594.339833,184,210.315833
409.643891,154,210.466864
566.969927,176,210.619781
821.755,277,210.885664
626.872895,213,212.399328
638.454439,207,212.586466
521.213956,164,212.745974
655.050633,232,212.952378
647.859813,202,213.138417
514.959843,164,213.290602
519.150717,194,213.446375
535.508622,162,213.603274
650.832549,215,213.814781
335.20642,128,213.933673
484.422326,153,214.079732
487.016726,156,215.537758
629.984806,197,215.706599
758.348474,237,215.929488
711.555282,228,216.147355
693.838623,227,216.372705
588.058716,180,216.539941
385.527113,141,216.671335
541.925721,168,216.834748
619.226236,193,217.005919
434.081779,146,217.15001
729.450712,230,217.378063
564.876782,167,218.810641
566.886649,190,218.990169
759.164233,244,219.217157
593.05788,183,219.375274
699.28707,224,219.601826
548.382902,167,219.767143
568.661014,178,219.930363
701.076552,233,220.145612
513.827849,164,220.30872
543.635279,187,220.483203
340.084136,127,220.596772
529.608404,168,222.072308
379.748064,154,222.223049
576.784136,191,222.411758
602.048197,205,222.614341
487.061569,182,222.775122
543.127668,175,222.939492
676.759572,230,223.177479
720.949302,229,223.378284
565.168815,168,223.535023
562.090693,176,223.693626
544.360632,199,223.905334
608.827689,188,225.34163
482.37605,181,225.514826
688.682929,233,225.739778
558.955994,169,225.906167
590.840497,179,226.07324
562.35301,178,226.247511
310.557353,121,226.362375
571.525077,193,226.557726
449.11665,154,226.697637
556.77846,204,226.896815
544.034224,181,227.078367
578.284818,182,228.508243
550.367874,183,228.695178
479.750761,156,228.842763
562.544659,180,229.022062
275.919921,111,229.129923
547.745822,168,229.302398
459.837962,170,229.469712
570.388234,180,229.649533
565.658812,181,229.835702
595.915044,180,230.027785
559.261306,184,230.200837
501.827913,170,230.375831
513.572598,179,231.835022
493.25213,176,232.005599
587.015993,176,232.177914
568.533758,201,232.357705
670.74509,242,232.571222
277.241155,110,232.662392
638.272867,213,232.856302
658.175528,214,233.04566
686.357383,231,233.257933
534.150187,181,233.41294
595.842543,193,233.570997
580.384175,177,235.018837
559.205194,176,235.178791
606.359193,208,235.38028
566.990785,174,235.55211
543.623167,182,235.726801
598.942209,189,235.924692
563.891933,172,236.081623
691.198731,224,236.318649
633.703029,199,236.500956
131.778144,70,236.575908
589.657136,192,236.750467
489.778812,183,238.202207
599.945389,185,238.364692
727.054406,229,238.60936
334.478874,129,238.725252
621.933491,205,238.91485
672.587443,236,239.132552
812.535097,239,239.354056
636.916659,193,239.537639
660.279843,220,239.740068
621.571018,192,239.907224
606.817077,181,241.367484
709.918149,234,241.561212
641.267854,194,241.74645
581.802906,176,241.910205
377.631986,146,242.050998
708.044428,229,242.27316
78.775007,47,242.324214
408.178089,165,242.49594
739.573548,230,242.714603
694.738265,214,242.923071
679.729958,228,243.135038
404.555915,162,244.60556
613.21262,189,244.77461
602.362614,185,244.968214
583.622042,185,245.154477
699.734593,248,245.423633
619.66861,217,245.672157
591.102985,189,245.875612
768.366597,240,246.092846
566.45981,176,246.239477
677.721178,224,246.437157
939.283474,326,248.017823
732.376349,225,248.22254
972.496765,300,248.501184
546.807716,188,248.682039
549.634803,197,248.859551
939.045322,308,249.135677
679.428138,224,249.321057
748.894887,246,249.532063
964.560028,308,251.203686
566.945648,203,251.448613
630.189179,187,251.629643
651.136826,204,251.81969
537.389848,189,251.990198
549.857723,177,252.146183
579.101559,198,252.317719
603.697784,199,252.512128
889.344155,301,252.786187
653.009872,210,252.972301
622.418245,196,254.378731
555.602649,173,254.530752
535.060613,171,254.686252
494.348755,176,254.845212
560.136119,178,255.004384
656.100392,223,255.203344
625.642131,191,255.384827
343.058193,129,255.505289
663.02075,208,255.694819
573.115395,184,255.861851
677.704415,217,256.054221
434.661292,169,257.430353
518.195212,164,257.602325
903.646641,308,257.888806
362.305148,144,258.025339
634.104536,215,258.230379
564.521555,175,258.394215
705.412969,222,258.600771
334.21683,127,258.713883
938.530609,294,258.975633
689.376663,240,259.208879
648.828095,221,260.72683
763.253574,245,260.968868
383.274438,136,261.10654
691.539005,220,261.319531
546.346856,168,261.485237
519.831676,190,261.663688
746.20966,238,261.909133
622.202088,202,262.087874
838.261549,260,262.31863
475.016895,156,262.466482
722.294469,220,263.955787
625.756176,194,264.153951
539.504489,170,264.313504
575.601304,181,264.468376
565.771006,177,264.646359
670.203647,228,264.880697
671.72885,221,265.104928
821.770366,277,265.380572
610.539066,197,265.567525
677.009891,222,265.769374
891.506981,293,267.322076
354.334977,132,267.453617
560.460391,199,267.614494
559.787759,177,267.773366
940.518465,312,268.053504
647.324146,209,268.262512
554.613267,190,268.443642
656.627024,214,268.641358
567.450951,175,268.815941
367.537304,131,268.938689
628.715513,187,270.379769
1096.717954,333,270.68589
725.236751,253,270.91848
1177.997928,394,271.301612
967.14182,325,271.605551
753.266906,228,271.808643
581.923571,186,271.985612
762.605355,241,273.481999
674.323453,212,273.69415
1261.606134,419,274.109761
688.970435,208,274.315127
945.446039,311,274.61416
712.852973,226,274.838191
663.472859,206,275.010101
588.27505,181,275.19462
744.410237,230,275.401139
656.408167,197,276.898628
580.638094,203,277.091851
556.468292,169,277.253234
1015.643775,311,277.569538
822.482537,244,277.816446
646.957199,210,278.034339
632.803419,192,278.231609
103.926486,59,278.286199
836.853419,270,278.559273
360.667541,134,278.697258
731.015402,251,280.194637
693.042212,236,280.387747
967.08112,312,280.679252
957.138424,328,280.98485
729.622192,226,281.211799
711.958542,235,281.433404
637.653565,198,281.628471
646.04197,190,281.802531
1160.139546,356,283.377656
939.392747,302,283.633385
1443.78319,457,284.064077
444.925502,151,284.204347
609.35947,197,284.396106
623.94452,193,284.566885
777.073455,231,284.786227
694.472364,218,284.981038
592.780183,183,286.351932
772.554761,241,286.544614
699.962925,226,286.742613
483.424833,159,286.875004
702.325565,233,287.091546
326.73356,127,287.209662
901.516179,275,287.471473
975.076336,302,287.758422
510.086547,181,287.91671
946.880827,302,289.448519
615.835044,180,289.62613
911.145318,293,289.909006
506.599905,166,290.055545
650.092248,194,290.219001
915.619724,286,290.49797
641.623498,186,290.68701
927.331301,311,290.993906
566.262354,168,291.170894
926.61322,289,292.744967
705.71583,227,292.950297
629.964568,196,293.127932
928.365212,286,293.353564
1024.881521,323,293.665891
681.493175,213,293.87691
619.830574,192,294.05646
644.104204,202,294.243359
981.582125,329,295.84002
609.913744,195,296.033592
1329.198175,409,296.416492
1423.165411,475,296.882467
706.368697,229,297.111978
1005.872098,317,297.416972
579.973211,174,297.559003
1048.353224,330,299.145002
356.744586,129,299.261342
625.201227,196,299.455126
625.271014,190,299.610101
813.989805,250,299.822949
774.486143,250,300.049407
645.457992,201,300.235476
1106.453145,474,300.670307
739.945432,226,300.897984
761.275341,235,302.373276
363.539559,132,302.497195
902.055046,310,302.779653
962.741239,320,303.087401
631.715397,210,303.272863
1157.054796,374,303.632797
154.567871,77,303.709054
899.431438,283,303.99763
609.417376,191,305.468226
112.146251,63,305.532928
826.569915,250,305.740059
57.183151,36,305.776675
829.892892,248,306.005688
601.166763,193,306.186733
452.328209,173,306.367857
643.10115,187,306.551626
854.24454,267,306.803341
759.734205,254,307.030157
1010.22774,301,307.337451
1046.206612,313,308.848999
61.350181,37,308.883041
824.728404,251,309.110791
793.247748,249,309.346034
928.410164,303,309.637144
769.634894,252,309.886011
988.906346,332,310.208729
520.553653,174,310.37412
960.574487,295,311.889032
891.455909,267,312.140807
953.153418,295,312.426229
797.090301,244,312.664651
1450.517675,455,313.049419
475.65534,172,313.204315
982.96327,324,313.508333
1034.834229,317,315.093391
1400.77825,454,315.525089
989.239925,299,315.795217
1518.228467,494,316.255883
1132.859928,334,316.586964
1028.961789,310,318.190484
936.217903,293,318.462772
977.635077,316,318.760504
136.050449,71,318.831812
1055.558466,332,319.135448
727.892434,230,319.368006
592.257366,184,319.550797
626.168253,202,319.749259
685.720315,208,319.96402
581.914985,197,321.463692
569.39685,187,321.636466
554.369436,177,321.798224
547.153641,183,321.96403
1294.011402,395,322.333213
1291.997054,414,322.752617
912.15451,296,322.998632
954.488138,297,323.295279
633.652869,200,324.759274
646.557253,212,324.957822
584.309455,186,325.13012
949.388119,293,325.428064
433.318022,154,325.567519
739.223939,225,325.766486
1232.459118,389,326.141068
963.937695,301,326.434508
909.241085,279,327.97904
1020.739851,325,328.250669
806.894713,246,328.469515
1042.317027,339,328.792836
1184.283843,363,329.121229
1243.156912,403,329.524228
627.174809,193,329.703327
597.464038,192,331.189414
1033.972941,317,331.481908
1247.678168,424,331.854901
1030.609816,315,332.16873
762.814044,229,332.394905
827.331382,255,332.63362
835.094135,256,332.875016
1151.258744,357,334.484483
909.529592,278,334.737384
644.805626,204,334.911435
697.646968,220,335.134948
924.541191,289,335.42154
589.748044,184,335.600794
1036.02316,325,335.943896
867.940358,292,336.192958
639.291403,210,337.674502
1216.11985,366,338.005156
394.46813,140,338.138674
757.939906,239,338.358114
632.570844,202,338.567418
1382.087518,421,338.954587
771.920896,237,339.180805
599.522429,190,339.352872
1453.254197,441,341.02164
1361.644684,500,341.497589
677.106201,215,341.677731
1087.418809,337,341.982555
1299.532382,500,342.482231
961.016479,304,344.002938
547.761079,176,344.157547
669.975424,212,344.340971
381.704555,134,344.464966
1129.913793,376,344.822618
987.295888,302,345.130445
595.684791,202,345.311204
1431.843302,452,345.728634
629.342956,206,347.222938
1259.110683,500,347.657554
780.77442,245,347.897525
1068.467175,346,348.244648
609.904683,192,348.427056
582.934573,183,348.614769
1104.434029,369,348.969157
1314.740607,450,350.727427
331.073108,131,350.855957
1011.945532,312,351.182348
343.687279,139,351.309802
607.062774,208,351.520458
931.613799,301,351.807139
1491.174039,499,352.281197
1264.101638,453,353.924333
953.781072,306,354.214009
727.266316,224,354.430247
796.803406,252,354.661506
677.562852,214,354.877648
615.594722,193,355.070715
596.985435,196,355.28675
1393.853013,500,357.073855
1419.566636,500,357.592926
475.288622,171,357.786258
976.61255,319,358.127646
1009.058152,338,358.449583
970.917573,299,358.734566
918.064699,293,360.367286
1003.755032,315,360.688328
1035.576626,324,361.015318
1443.592394,500,361.530896
1429.003371,500,361.966012
1342.991917,441,363.703309
1429.838486,464,364.14938
761.286193,258,364.386971
1456.023654,461,364.834126
749.302587,247,365.061558
1493.979157,476,366.821881
1085.98656,354,367.166606
1157.81418,345,367.470396
1453.354152,448,367.916387
600.171808,196,368.102822
1209.755298,386,368.435935
1074.481296,323,369.981743
781.340503,241,370.227344
621.653693,205,370.412787
624.027952,204,370.601313
521.393411,178,370.749701
938.984298,297,371.015602
771.914827,248,371.244009
1116.23741,346,371.534065
1185.730427,385,373.143558
643.796867,197,373.347408
863.402767,270,373.593447
567.686053,189,373.769044
779.587412,236,373.981424
677.027475,212,374.154888
867.440094,267,374.404909
908.984348,276,374.681875
912.657446,290,374.924102
1081.305339,331,376.522863
747.505583,231,376.775077
1190.227821,371,377.124147
922.778519,308,377.387473
972.828091,307,377.810176
824.051777,249,378.331217
1047.219749,328,380.270281
708.240247,240,380.543091
668.187947,211,380.792221
660.194173,211,381.05692
714.569804,235,381.35896
686.878164,232,381.661119
877.305989,275,382.024336
1149.252786,363,382.486442
867.508819,276,383.979566
757.25285,238,384.123296
949.834543,289,384.29931
797.542202,245,384.43525
972.932875,310,384.63696
1092.117168,349,384.798396
1075.165445,347,384.986127
987.232087,307,385.799549
1110.087017,332,385.971032
1120.755607,338,386.169573
655.616792,205,386.279264
757.267139,240,386.415807
1364.555105,436,386.649608
949.21692,305,386.81556
701.812045,222,387.825494
750.121238,230,387.961299
1249.46308,393,388.171334
1024.324367,333,388.371492
905.040835,284,388.509281
908.407491,296,388.665304
1182.647369,369,388.879733
869.260113,257,389.842816
819.259076,246,389.973136
882.11678,274,390.124593
578.297985,184,390.228338
869.842305,264,390.336391
818.509314,250,390.464008
1499.176341,500,390.933594
714.240595,229,392.54424
1071.394014,336,392.835687
919.880328,281,393.128665
1002.76968,308,393.443132
622.632157,195,393.619649
763.477679,241,393.850409
1367.390448,460,394.306787
1147.286881,357,395.983056
499.979873,169,396.151623
1001.488684,299,396.463138
1304.931057,500,396.958633
807.46573,243,397.205045
910.91535,278,397.503325
945.093777,281,397.800219
1302.834959,398,399.465667
819.375616,246,399.715306
716.25954,220,399.950177
927.571224,290,400.247345
881.785121,287,400.5399
812.918285,239,400.819928
1014.548767,316,401.128099
1118.396617,339,402.772876
798.109076,243,403.017168
1400.421589,422,403.449926
772.997033,240,403.689809
930.360286,276,403.977896
844.688431,253,404.235539
977.591858,301,404.516448
1011.076893,300,406.112952
906.33075,291,406.395875
885.630607,278,406.638138
834.517341,254,406.88694
951.377676,289,407.160494
984.557872,298,407.479753
698.534145,215,407.698951
857.997698,299,409.454883
973.030971,294,409.757619
1479.704186,500,410.315127
900.591894,287,410.620696
833.540032,250,410.907109
437.392303,157,411.081698
880.446428,284,411.404636
825.550578,263,413.051909
821.688467,244,413.294461
638.4056,202,413.500255
1453.598293,438,413.966115
861.120239,250,414.224247
1209.886389,366,414.612032
870.764958,266,414.862597
900.69473,269,416.482037
892.33181,278,416.800351
832.933605,250,417.058233
951.767526,287,417.345005
960.842923,294,417.660274
1293.985413,395,418.05951
1387.4627,417,418.502439
1140.569972,358,420.443884
1025.1379,307,420.915464
1078.831038,349,421.411199
1169.713253,360,421.967713
1272.677937,379,422.453612
1348.446128,500,424.36094
808.781016,240,424.576732
752.734958,231,424.825575
958.065333,291,425.149508
614.396045,194,425.365899
1165.57462,352,425.706959
1670.312869,495,426.213864
902.219089,301,427.9064
983.495756,298,428.190132
785.833069,238,428.433623
778.434168,234,428.677502
933.390528,281,428.949359
611.474206,198,429.14121
1229.402243,381,429.56242
1459.431807,441,431.44612
1099.96748,333,431.824305
797.038519,249,432.094312
771.397117,236,432.341584
868.926092,286,432.619617
878.716699,256,432.871991
782.098036,238,433.097682
928.709287,270,434.6861
870.462796,265,434.992723
1452.154922,454,435.483993
919.877027,269,435.74646
1141.074381,340,436.083559
818.265996,243,436.295265
1026.33391,322,436.586778
988.579889,300,438.211674
896.922672,267,438.488834
1351.098737,417,438.961069
851.990641,254,439.23069
1595.507001,500,439.732657
870.448833,257,439.99606
814.154372,247,441.627712
1266.9859,402,442.068988
1060.354774,324,442.409327
1436.1876,457,442.908478
1397.926134,440,443.377038
775.647595,234,443.641717
790.318651,238,445.235086
835.496618,267,445.501275
872.942975,255,445.751025
1213.863372,356,446.120415
728.887241,219,446.359976
814.99668,240,446.587275
871.026926,258,446.872384
1039.184972,313,448.483226
887.674147,273,448.749542
997.09783,311,449.06671
706.585034,216,449.279524
832.074921,251,449.506299
973.945138,297,449.821546
873.384807,257,450.096615
846.344553,255,450.36773
900.712862,271,451.988691
637.211307,205,452.179117
1642.884775,486,452.66052
1102.471217,333,453.002859
966.451478,293,453.313077
851.856661,255,453.5855
696.806107,213,453.778313
978.468239,293,455.396276
999.300458,323,455.688392
889.40281,262,455.950392
1167.985403,361,456.333428
1144.025377,347,456.68547
1004.254631,306,457.010584
1351.710507,500,458.844109
979.38614,287,459.114162
956.737901,284,459.390574
984.817474,301,459.774962
817.597207,243,460.030957
943.641771,288,460.342585
1382.282079,500,462.235097
1163.450111,356,462.586539
978.556778,295,462.894502
943.030199,280,463.170327
898.599903,266,463.440963
748.625404,229,463.694236
615.408547,196,463.865359
925.283664,274,464.144251
1494.487213,500,465.992347
1585.077186,485,466.477588
752.584622,227,466.718763
1514.533285,473,467.163735
1020.741752,308,467.478515
1363.853917,500,469.329568
1150.33392,343,469.698781
862.860784,252,469.980145
643.186455,201,470.213658
1224.779671,364,470.627455
1536.409209,455,471.10736
1286.442101,500,472.90257
845.598049,255,473.147896
948.627239,279,473.42301
786.188954,246,473.676896
1343.320291,413,474.107324
1231.055336,375,474.492125
911.884451,274,476.063416
1334.68014,500,476.552778
1479.08292,455,476.975954
1459.61309,438,477.433885
914.361475,328,477.759531
1404.303052,430,479.537937
978.429769,296,479.859841
1063.23183,314,480.157993
1349.222769,406,480.568523
984.743035,309,480.897153
1504.699916,455,482.694764
763.367341,239,482.918732
958.948115,292,483.198899
1248.572495,373,483.519873
1049.265588,323,483.840996
1221.69145,367,484.202884
848.429656,253,484.470979
615.890338,193,486.049187
1085.711809,316,486.371048
1447.817003,464,486.841981
1399.87373,500,487.340298
889.362135,265,487.620696
726.434358,220,487.840789
940.239599,277,489.456228
1663.139987,500,489.938341
764.014167,229,490.168378
1024.129186,315,490.488105
1311.412852,395,490.86851
967.512879,320,491.229987
980.376491,302,492.878255
1162.071001,341,493.225183
882.818001,263,493.497081
1379.778491,432,493.915795
1458.116763,500,494.406165
1417.281949,434,494.838455
993.461141,296,496.461989
1326.163721,500,496.903321
1502.399245,467,497.377023
1337.344833,500,497.90971
923.182579,272,498.190475
1258.194571,373,499.952487
915.587494,269,500.225126
826.070086,244,500.46859
1411.354462,418,500.906008
1149.482006,340,501.297136
906.361151,273,501.569643
991.173067,293,503.207601
1352.674749,500,503.719373
1491.200671,500,504.258778
1555.124409,500,504.802074
1180.551227,346,505.162888
758.45862,228,506.780748
1652.759408,500,507.273607
955.101684,281,507.560335
938.653801,283,507.84384
865.078769,264,508.125648
924.109652,281,508.430497
1413.360452,500,510.381261
1555.693206,467,510.866569
1532.869735,473,511.363708
165.038808,79,511.452436
954.413186,281,511.729222
940.808204,278,511.973886
1206.543278,357,513.720037
928.896842,278,513.997478
1480.519003,500,514.528428
976.800354,287,514.824427
724.098068,238,515.06954
1518.638026,450,515.532367
967.880085,283,517.146787
1623.229568,500,517.668646
1598.424658,500,518.159049
1382.154026,500,518.688012
1025.701771,332,518.985553
817.03642,247,520.576907
1398.594584,500,521.075875
1407.359967,500,521.571852
1341.173582,402,521.98925
1407.127436,500,522.466763
938.129126,285,524.056334
1169.430964,342,524.398618
1106.656167,327,524.70271
1131.721127,335,525.008317
747.541822,228,525.226641
938.519357,282,525.478163
823.922347,247,525.730121
969.217535,287,527.3699
999.986334,296,527.684677
964.764486,300,527.972141
940.165135,311,528.311158
818.884415,250,528.581421
952.007627,290,528.883558
898.337498,265,529.108131
1497.162266,500,531.011918
962.621587,305,531.323634
884.431031,259,531.640548
1094.567004,324,531.996351
1582.163105,500,532.465094
1580.369791,479,534.266103
1548.930656,500,534.750932
956.360812,294,535.038802
960.512185,288,535.323994
1419.707886,500,535.821354
894.461879,260,536.063471
1165.633191,445,537.831309
904.512823,278,538.068284
1129.848278,380,538.454838
670.792699,204,538.691803
1344.621414,500,539.19109
989.266343,301,540.839859
1499.002836,500,541.303267
1511.569236,500,541.834259
832.755926,248,542.086451
912.351223,289,542.396285
842.674442,252,542.634302
923.375111,275,544.230718
991.003589,290,544.500198
966.793721,298,544.765064
808.339372,260,545.056515
1512.594861,500,545.473799
904.658877,267,545.724833
1030.277538,302,545.98882
1585.422848,500,547.787434
999.079527,298,548.093013
976.805402,283,548.366744
1518.373904,500,548.841782
969.867783,305,549.143424
749.382408,224,550.705494
933.811261,277,551.007117
1663.312801,500,551.5145
900.816598,271,551.787892
765.212195,235,552.012024
869.454481,269,552.292518
1551.455593,500,554.060965
923.968578,275,554.34656
1489.170592,500,554.899979
813.657592,240,555.14191
958.582327,289,555.415469
1482.860597,436,555.82084
754.339328,229,556.034282
882.160493,263,557.638717
1268.938147,373,558.038824
555.152291,194,558.246264
944.932066,277,558.518327
958.668145,291,558.81314
691.747444,222,559.039498
868.184743,259,559.30846
803.179666,247,560.889553
1038.485213,312,561.20629
867.282977,257,561.487031
621.722336,189,561.688174
953.078659,284,561.966945
610.729353,202,562.176465
936.311626,288,562.479535
1483.155241,500,562.989148
887.926132,263,564.559913
819.394161,245,564.798715
672.584701,209,565.011333
495.056755,166,565.1501
625.050246,201,565.3399
861.585112,250,565.573389
872.033481,273,565.848404
881.414664,261,566.105078
1083.406966,322,567.75469
714.671221,216,567.966852
935.845672,273,568.252511
1025.026815,307,568.550469
914.039868,273,568.800869
897.304051,275,569.077586
1464.198376,434,569.517489
894.446377,260,571.092633
685.952138,209,571.307188
506.880542,177,571.508375
1108.21197,348,571.855508
672.870422,213,572.046902
761.647651,230,572.274061
674.731091,211,572.502181
796.191664,236,572.753423
1642.604244,500,574.587051
683.432476,212,574.803788
783.953044,235,575.033332
899.565346,276,575.285365
1434.230542,500,575.765319
891.128631,283,576.0472
869.535771,255,576.295192
899.04486,275,577.830335
984.680086,291,578.112734
1480.2697,500,578.58548
633.522368,189,578.765959
1469.128236,424,579.162827
946.822514,282,579.428171
1004.177689,305,580.944273
1228.053646,408,581.345476
1297.444273,500,581.825205
855.154096,328,582.134355
858.734158,337,582.457363
914.514917,315,582.76235
972.259934,288,584.358572
976.856678,326,584.705964
1150.415958,351,585.043747
1385.749788,476,585.503102
1252.351254,500,585.96551
598.624967,202,587.425699
1330.434853,500,587.885637
896.395084,319,588.152057
1189.707789,344,588.499684
601.641525,208,588.700483
1372.492107,500,589.195381
1544.438351,500,591.003522
1240.035716,370,591.365661
1388.023462,500,591.860906
968.850279,283,592.143853
1085.233637,317,592.442336
884.627624,311,593.994568
865.826267,255,594.246379
852.282826,263,594.474972
1569.251253,500,594.944229
1230.378848,364,595.305671
1607.358678,468,595.790503
803.457559,243,597.248097
1453.630087,425,597.663808
1215.777532,389,598.035833
713.688902,215,598.201988
675.607158,235,598.435312
792.625145,306,598.75378
876.473443,259,598.993557
990.324187,403,600.617594
967.116414,314,600.908706
1317.543517,414,601.3058
702.078445,215,601.514832
1562.827744,463,601.941391
1364.119204,500,603.677232
889.235956,263,603.929258
1117.009375,335,604.257697
1370.548045,500,604.742873
1458.096817,437,605.180603
894.728098,269,605.432634
787.605898,236,606.963516
1068.245378,321,607.297778
912.125244,282,607.570768
1482.514118,500,608.029873
1561.066748,500,608.527453
801.134834,241,608.779479
1239.588502,362,610.389119
914.040105,267,610.654198
1355.547473,500,611.16459
1411.401822,483,611.653659
1552.497121,500,613.387765
967.124031,283,613.673372
1442.583356,500,614.132025
831.159959,246,614.37061
1100.710311,332,614.690023
751.3823,233,614.901947
1602.563635,500,616.570077
931.720514,284,616.840196
1594.823875,486,617.316462
1590.798839,500,617.756427
903.882644,270,618.032723
1155.23856,338,618.370104
812.949108,249,619.928474
795.073099,237,620.179638
874.250321,255,620.424704
824.428211,244,620.674063
843.737689,250,620.928865
663.18675,204,621.132836
932.305839,272,621.404541
1181.40931,362,621.751802
838.393013,250,623.284931
888.179138,266,623.566238
982.138956,295,623.845207
812.817835,241,624.062757
1122.94498,332,624.394617
690.470825,213,624.609678
961.06763,282,624.878165
906.397034,272,626.384006
845.746148,249,626.635782
759.553179,230,626.841083
829.014249,253,627.088105
887.940915,269,627.359886
838.749507,244,627.599648
922.891081,267,627.853777
742.388251,229,628.072407
1001.052375,299,629.639479
1175.246352,364,629.991093
956.422342,304,630.269322
911.307278,267,630.520512
1146.402458,341,630.854829
1477.10974,500,631.320966
637.233729,201,631.522863
942.661467,280,633.040729
1451.34876,426,633.461397
1232.970449,373,633.819534
868.910566,257,634.042553
872.067796,258,634.293373
1220.943431,368,634.626716
1191.240742,350,636.255924
966.129363,287,636.526913
1556.133987,500,637.032403
1625.431983,500,637.53932
663.435636,209,637.739964
843.289601,259,637.996207
962.741459,297,639.558441
1349.925503,400,639.959975
1037.553155,310,640.252509
843.491813,247,640.475299
1556.24822,500,640.969253
1375.681693,403,642.592135
962.69624,292,642.861332
1123.847821,351,643.202336
928.882621,271,643.466314
879.534203,258,643.715856
1320.007906,387,644.086147
1063.932373,320,644.395074
942.761925,276,645.963539
1371.729663,500,646.464114
886.639464,267,646.722558
1398.051512,500,647.155385
1116.677539,348,647.464418
1428.753745,500,649.232511
1471.370278,500,649.758742
1315.644224,390,650.131484
1439.772303,500,650.627089
995.307341,300,650.93341
974.181078,318,652.461572
937.257319,280,652.769722
935.952235,295,653.03957
957.519176,303,653.330939
912.250648,268,653.544775
824.731704,266,653.787061
1531.523982,500,655.548533
1285.291265,500,656.018638
1142.937599,345,656.352681
1470.880247,500,656.810232
1351.042172,500,657.278506
1470.373614,500,658.963553
1356.943795,500,659.404385
938.852923,295,659.664644
1463.486804,500,660.12284
1394.930398,500,661.813191
947.479197,283,662.097672
832.553885,249,662.313266
1490.730103,500,662.780713
982.543334,306,663.042834
980.499581,292,663.304709
1390.602522,500,665.031415
1235.428747,369,665.366625
1420.836852,500,665.847873
1059.954203,309,666.100362
1548.402124,500,666.583335
931.903546,278,668.111617
902.73959,264,668.312176
1035.494957,308,668.584995
973.540075,283,668.843284
834.541446,246,669.064269
863.979415,258,669.303123
1102.311911,323,669.624715
740.427755,222,669.831572
643.677928,202,671.267118
650.399424,206,671.464942
1542.350825,466,671.907387
1394.606285,411,672.289614
811.992081,242,672.520762
961.92602,285,672.789597
879.86789,257,673.042795
1505.234933,455,674.727174
1008.272907,308,675.040463
950.767958,284,675.331716
860.155424,264,675.592985
963.388464,280,675.871409
978.79929,293,676.152384
1482.755452,500,677.855255
931.708121,269,678.114413
904.527115,269,678.371831
1437.070237,500,678.891887
909.61214,275,679.178353
622.328411,210,679.392396
1502.471185,500,681.173032
905.628969,277,681.443657
1544.618739,500,681.89412
1228.923112,384,682.260617
1010.210857,296,682.542999
1287.712672,396,684.224108
707.383533,216,684.414819
839.288553,249,684.643039
859.766421,251,684.860698
899.24729,275,685.100502
695.119498,204,685.307472
851.554095,250,685.559219
647.387047,203,685.724475
640.919961,201,685.930379
719.806698,221,687.381293
957.243919,285,687.639899
923.074616,276,687.896058
848.631565,247,688.121137
947.03574,274,688.395666
716.779563,214,688.589362
798.774419,232,688.830773
856.199672,252,689.065673
814.166221,240,690.55676
902.347166,267,690.791203
839.542931,246,691.01397
977.375349,291,691.290665
617.20655,209,691.496295
1205.229731,361,691.813335
864.737482,251,692.015174
632.525788,199,692.202293
883.701945,259,693.726313
660.801744,211,693.919965
662.000613,209,694.114804
922.418625,276,694.377538
978.499166,294,694.674901
842.38072,245,694.911734
798.898147,234,695.119841
1460.331837,432,695.503956
881.53342,256,696.982151
1187.7876,348,697.313214
855.121851,249,697.531883
870.269797,254,697.780953
612.567291,199,697.974623
785.385751,234,698.221961
896.205743,268,698.420682
868.504515,252,698.658434
791.388744,234,700.136468
873.778229,273,700.385544
882.563703,258,700.626136
838.777752,258,700.861256
873.613705,252,701.122016
845.734216,245,701.367697
911.782173,273,701.627323
845.395077,255,701.876529
644.92671,202,703.306849
1509.313573,500,703.752048
800.675709,238,703.992496
949.50513,289,704.269808
1580.668116,470,704.708152
801.934152,239,704.953197
1271.564329,373,706.543351
818.438299,243,706.772321
1068.270105,315,707.068751
988.43826,286,707.34823
1505.583097,444,707.769881
1150.662956,353,708.131368
918.226849,272,709.708187
1137.968915,330,710.007712
1347.685161,434,710.411461
933.871639,269,710.684105
980.641721,320,711.020911
907.593932,263,711.30367
961.912092,282,711.580679
1664.14158,500,713.338674
958.768433,278,713.601707
1469.225895,500,714.080251
1585.948585,500,714.568926
1482.72381,500,716.313181
1571.435434,500,716.766768
1256.347635,425,717.170055
935.496398,302,717.477781
1469.318811,481,717.954801
1442.191493,500,719.766418
736.717303,254,720.041605
465.975652,169,720.232002
659.608392,216,720.435061
1032.625411,362,720.787405
953.885374,288,721.076344
1393.001841,500,722.84352
727.514619,245,723.076951
1448.331578,500,723.553982
876.796728,263,723.792305
860.79298,318,724.066197
1216.742113,421,724.463347
1084.709453,322,726.062373
1468.36422,500,726.549086
1445.405762,500,727.057672
989.716877,314,727.340206
1418.890048,500,727.797664
617.500392,194,729.250664
846.858324,248,729.471061
525.189967,182,729.647155
823.446047,242,729.894311
1500.605818,479,730.35269
936.510248,280,730.602622
1349.709115,443,731.028692
1548.937121,500,732.8313
935.020638,277,733.100888
1048.540109,313,733.4094
1050.573723,339,733.748679
906.762444,262,734.008604
1677.12442,500,735.731049
1606.923454,500,736.227077
915.069765,302,736.536244
1491.501505,500,737.016758
723.572066,240,737.2464
1050.636915,309,737.553423
1497.369346,500,739.36388
1544.378499,500,739.877509
926.890978,273,740.163732
1024.188174,311,740.46432
939.399127,276,740.731017
695.323319,247,740.982647
1088.234499,317,742.62426
844.803102,258,742.915445
915.649447,274,743.197127
1505.129284,500,743.723866
960.186695,285,744.001594
650.10461,201,744.192715
619.307969,210,744.401704
1439.729097,500,746.162894
1175.928781,361,746.526876
725.710177,240,746.752914
1019.853342,304,747.048772
984.891573,304,747.319385
836.882456,246,747.555435
1002.392719,319,749.117022
1114.700638,327,749.427871
700.552846,214,749.652458
911.253908,272,749.921437
925.980272,267,750.134511
868.60901,257,750.375257
1473.187025,441,750.794863
1514.545283,500,752.551732
1141.271698,343,752.852443
1185.3534,347,753.188716
1376.386741,408,753.550801
1042.53124,309,753.833183
732.999468,215,754.045075
414.813099,153,755.497151
438.784866,160,755.658956
959.750539,287,755.955393
1081.480628,338,756.269168
1632.875532,500,756.677575
1548.136841,500,757.177754
883.671204,264,758.682002
448.230072,160,758.839722
1527.565201,500,759.315066
787.838235,240,759.530052
915.491463,278,759.756676
1210.933414,368,760.097032
1552.85897,468,761.840214
944.067589,284,762.123012
604.858427,201,762.31776
1092.061515,320,762.622586
1032.65042,306,762.91992
1250.016941,417,763.286909
957.51315,278,763.540971
1656.096749,500,765.30769
1073.988266,321,765.612087
967.754527,299,765.896086
1534.461406,500,766.345827
1003.382016,302,766.633101
1232.424243,378,768.248287
767.758564,227,768.470095
1542.587446,500,768.993316
1167.758539,406,769.381354
944.012157,288,769.647795
1314.839358,385,770.011122
245.466619,105,770.111874
253.332932,105,771.520221
867.023965,252,771.756351
733.695852,250,772.00016
699.818516,235,772.225276
1107.123979,329,772.533875
766.210803,266,772.783844
477.865891,180,772.959621
970.10277,296,773.206053
892.500463,257,774.738703
1109.073931,320,775.051905
1007.009944,298,775.334246
1101.442671,326,775.658279
982.857267,291,775.916113
1227.648997,364,776.259745
921.877704,273,776.537419
705.583619,220,778.022867
1452.104652,500,778.483267
454.086297,167,778.631644
738.442188,237,778.866348
1573.780999,500,779.329039
981.51042,289,779.565017
971.720765,303,781.111208
618.365466,207,781.308735
866.300113,254,781.56168
1026.612852,301,781.836719
1569.977624,475,782.256347
956.264029,279,782.516071
965.362326,284,782.764347
1187.904699,353,784.316389
1021.726432,314,784.615464
1475.413544,493,785.088783
899.126645,266,785.320485
936.720846,284,785.556668
1005.047385,299,785.824063
995.808772,292,787.36709
828.877966,245,787.605156
446.044614,160,787.762614
1312.604566,385,788.140355
1084.500497,312,788.401508
815.278662,237,788.609513
974.338018,285,788.863243
1064.122171,309,789.146533
1180.696549,345,790.737507
1208.272465,363,791.080103
766.045821,231,791.306033
952.21746,276,791.564697
890.413286,264,791.813548
777.645166,231,792.014893
940.111031,275,792.268475
962.164339,286,793.817288
1267.956306,368,794.149181
1177.838396,356,794.48677
1350.387431,399,794.888625
814.975183,242,795.144597
930.589596,270,795.394125
893.621464,269,796.907615
672.418734,202,797.114101
1004.740256,288,797.362535
924.242875,271,797.60828
954.482616,296,797.888793
1264.17779,367,798.261691
606.282509,225,798.465155
612.897476,200,798.660016
559.465901,192,800.158427
1354.303954,388,800.523236
1107.012804,387,800.904365
1190.554699,355,801.256706
795.708137,230,801.497507
1479.887848,500,801.936627
933.594145,267,803.426076
831.052619,238,803.645303
849.772404,248,803.865942
944.998291,275,804.140338
1106.831927,323,804.441835
871.772269,285,804.709527
632.554468,195,804.894969
1516.751474,500,806.603927
1010.094187,290,806.856148
690.260224,207,807.037335
1569.168828,500,807.526609
906.740531,261,807.768799
682.868235,207,807.931778
1529.955389,500,809.677624
1565.323657,500,810.126356
861.594722,244,810.339054
916.827993,265,810.603026
1474.117211,426,810.996359
197.207762,87,811.081169
972.598327,293,811.354293
981.214709,289,812.851962
629.869511,203,813.03964
1028.072234,320,813.302201
1543.747836,499,813.784478
651.791947,243,814.015853
1010.629727,303,814.292349
1446.908039,500,816.023216
1516.537952,500,816.480682
939.702476,283,816.751937
1439.801356,500,817.249199
1283.099734,441,817.663903
1670.155863,500,819.383443
886.294347,267,819.659222
1027.880809,301,819.93064
1080.634149,315,820.231326
924.943019,264,820.474409
1592.94576,500,820.967325
1637.963369,500,822.708846
492.66373,181,822.886685
919.362003,281,823.165159
1137.699402,325,823.45705
963.167831,280,823.737711
1066.89493,299,824.016601
1531.154394,500,825.799824
655.791084,203,825.992622
1623.446167,500,826.460619
984.255834,289,826.740945
1015.979389,299,827.038344
924.517354,265,827.297207
1436.5113,415,828.947921
1368.29992,500,829.438784
1541.052251,500,829.913492
1010.653224,294,830.220317
1364.500019,401,830.615425
748.998389,236,830.854437
1698.797471,500,832.59976
870.34059,251,832.82059
1606.01118,500,833.293613
1423.972923,500,833.774678
600.269219,207,833.964381
1486.734996,500,835.678349
932.510024,266,835.932615
990.180348,285,836.187854
725.254047,224,836.408794
915.394004,261,836.658696
869.219107,251,836.895293
1291.142382,374,838.541616
1217.921969,400,838.898981
680.210995,214,839.0995
1115.664837,340,839.436789
915.979907,279,839.720879
1247.193276,358,840.085752
1478.39321,500,841.854207
1275.857118,366,842.188757
1004.694749,285,842.462714
1345.878349,390,842.82585
901.178993,262,843.102884
859.641158,255,843.352893
1744.566689,500,845.140774
991.643233,290,845.412824
1489.547024,443,845.83652
974.330322,287,846.13665
1574.244454,500,846.681541
905.161998,269,846.951099
950.306195,278,848.530782
1220.719579,362,848.888187
1016.507694,294,849.151794
1451.520955,500,849.618999
1717.753973,500,850.08129
784.250081,232,850.270705
1674.782208,498,852.083068
925.231008,284,852.363305
1705.66948,500,852.860496
1715.308137,500,853.333548
1012.549098,289,853.5769
1577.512383,445,855.333265
974.577016,294,855.621408
1312.198693,398,856.016665
1395.334163,395,856.380314
974.222784,272,856.637061
1352.724798,397,858.334239
1242.608866,354,858.701383
986.514527,286,859.007333
1307.718106,382,859.373255
977.191719,279,859.661521
928.608296,283,859.94133
1004.812687,284,860.2083
1268.4581,354,861.89534
1726.030508,500,862.408419
989.272732,285,862.655702
1052.304862,303,862.905011
1529.650955,439,863.244875
1121.050271,320,864.855199
1216.311277,368,865.20767
933.368,328,865.504001
1468.592553,500,865.961946
1526.834167,466,866.383614
1561.991768,500,868.117038
1581.792873,500,868.60385
1574.154634,462,869.056064
1481.146435,500,869.522098
1581.433939,500,871.325677
1221.71298,366,871.68504
1461.082521,500,872.148243
1444.560452,500,872.630221
1499.492469,500,873.089318
804.10594,245,874.572288
1403.119089,500,875.044837
1396.282815,500,875.510565
1235.892891,364,875.8505
1563.430931,500,876.301705
1717.428534,500,878.06905
975.190604,293,878.328609
1033.766747,316,878.639201
1452.134926,500,879.093568
1652.071987,500,880.773698
1525.229433,500,881.231933
1057.44553,306,881.526737
1491.358594,500,881.990855
1390.198001,500,882.434244
1205.316889,435,884.130587
1001.486776,311,884.408487
1584.011593,500,884.919331
1499.913894,500,885.387692
1546.415348,500,885.828988
1533.591892,500,887.632522
1598.515403,468,888.054577
1201.921024,368,888.382616
1603.885025,500,888.834919
913.264252,304,890.457598
1378.318177,409,890.862628
949.713027,292,891.150086
1622.654174,500,891.646456
868.016447,264,891.877692
1618.585292,500,893.602851
1623.011975,500,894.095204
1427.044923,419,894.479041
936.597105,291,894.733817
1415.467,500,895.176857
1641.212456,500,896.886802
1714.820069,500,897.359474
953.283609,275,897.614896
1675.798498,500,898.093838
1558.851537,500,898.530277
994.918804,295,900.056492
901.96511,268,900.302917
1453.377508,420,900.660019
1160.375913,334,900.949376
1581.474657,500,901.38485
1619.661588,500,903.135265
1013.73858,299,903.425083
1589.910525,500,903.830571
1594.248637,500,904.262719
1230.58786,349,904.558594
1426.944421,415,906.193923
1591.843622,449,906.58789
1372.219215,389,906.918192
933.057555,278,907.181769
913.610187,269,907.402435
1510.929037,500,909.074121
1560.891401,500,909.572739
1627.221843,500,910.035796
1625.516651,500,910.50687
933.078324,287,910.773463
923.969846,284,912.321275
823.728444,239,912.562082
1576.010691,500,913.005664
917.535093,266,913.239399
1013.381784,288,913.508025
1345.764125,392,913.864494
755.003827,226,914.068935
959.002367,286,915.649781
982.157687,291,915.917583
1285.302332,367,916.255924
1566.029869,453,916.688059
993.735911,285,916.962705
1658.320713,471,918.670943
1528.74386,500,919.160444
1376.688709,396,919.562955
1151.238998,328,919.869261
1631.818666,500,920.351298
1561.651651,450,922.077557
1540.94144,500,922.54149
1632.550118,500,923.012693
1283.337161,380,923.34437
1667.154668,500,923.792477
1572.776309,500,925.534475
1571.779882,458,925.953418
1589.516383,500,926.449697
1466.388668,500,926.896219
1595.938491,451,928.598091
1425.043739,500,929.06156
852.853172,264,929.31003
1597.973959,500,929.77687
913.448481,277,930.022545
1323.948135,416,931.65031
983.94881,294,931.938853
1482.040024,417,932.301533
923.115175,308,932.589186
1138.918798,329,932.889004
1224.638951,350,933.216769
1676.041515,500,934.945642
1623.704018,474,935.388994
1618.405097,500,935.846388
997.611486,289,936.099559
1530.64771,500,937.879919
1022.300911,296,938.161885
1323.857305,376,938.473274
1091.263622,335,938.764033
1674.024229,500,939.211979
960.205294,272,939.464689
995.657113,298,940.978448
1245.670179,372,941.318851
1460.680065,500,941.775884
1567.682353,500,942.255034
1590.475396,464,942.69912
873.850689,256,944.176941
1612.147155,500,944.646182
925.986146,265,944.899685
1640.136143,500,945.354029
911.574975,274,945.611064
1628.034836,500,947.340796
847.662732,244,947.569965
948.145356,275,947.796993
1545.554492,442,948.253091
944.32122,268,948.523412
1662.397514,477,948.987017
812.945827,237,950.581999
1268.427447,375,950.962837
1542.256597,431,951.379524
1708.618422,500,951.845282
1121.411403,319,952.140768
1049.44305,298,952.42639
1663.312307,500,954.078295
1199.024585,362,954.428181
1607.092018,500,954.869664
1218.125535,352,955.182061
1389.56892,418,956.804188
882.764937,269,957.06395
1331.339056,399,957.443622
1596.019153,500,957.927226
1759.325753,491,958.375157
1631.949902,473,960.108707
1629.952081,500,960.579818
1430.715183,408,960.967771
1002.101177,296,961.218206
1594.760459,500,961.696631
1575.208101,500,963.436003
1584.514633,500,963.870925
1473.456328,448,964.275638
1569.500095,500,964.744246
1272.030124,379,966.372038
1622.775512,500,966.838732
1356.702204,387,967.153378
952.681176,284,967.392147
1581.728523,500,967.855485
1563.64673,500,969.610998
1378.25349,397,969.986678
1552.405304,500,970.45449
1584.409048,500,970.918585
1139.318057,326,971.20884
1302.444102,382,972.838767
1691.189047,500,973.289228
970.841835,288,973.563053
916.258301,268,973.824247
1597.760874,500,974.30041
1594.192426,500,976.020538
1608.626429,500,976.494916
1143.558608,334,976.812777
1259.324681,365,977.143465
1617.720143,500,977.62403
1580.40771,455,979.371108
1223.226058,362,979.7266
1615.858525,500,980.20318
1576.456525,500,980.694816
1007.290935,337,981.049967
1557.978571,500,982.806661
1003.01566,302,983.087867
1655.862069,500,983.553349
1563.007777,500,984.063002
1606.266474,500,985.782633
971.616858,290,986.050027
1721.647116,486,986.498025
1596.946067,500,986.992584
1642.658076,500,987.48201
1721.013077,500,989.254678
954.629267,331,989.571525
1588.371665,500,990.041045
1502.459021,500,990.524836
1663.170496,500,992.281273
953.836933,271,992.531343
1558.209356,452,992.961799
1095.83696,308,993.244438
834.552103,244,993.472237
993.855253,291,993.772348
528.744955,169,993.922905
1029.890661,294,995.484993
1505.279702,424,995.889657
1151.110268,322,996.220495
987.535478,287,996.515209
906.501704,261,996.788067
1631.771769,500,997.23497
948.775603,289,998.769385
938.14667,276,999.042307
1324.291315,384,999.399053
1335.009953,381,999.772822
1291.406806,364,1000.11509
1096.471185,315,1000.386491
979.511285,290,1001.95868
1054.841925,294,1002.247185
1049.462323,300,1002.50771
1633.41053,500,1003.011846
1252.093152,363,1003.364218
1692.601378,500,1005.106289
1711.976267,500,1005.588349
1276.454933,356,1005.919295
1587.943581,500,1006.405051
718.715767,219,1006.614967
1158.045671,330,1006.948861
1513.67935,444,1008.639674
1335.889049,378,1009.017505
940.117402,323,1009.31832
1725.458503,500,1009.826579
1107.271426,319,1010.134146
1649.835779,500,1011.957684
984.920466,292,1012.233999
1611.347951,500,1012.742057
1179.328498,333,1013.078116
1266.351508,367,1013.427921
1636.893982,481,1015.195203
1397.245905,405,1015.597831
1264.222567,359,1015.935048
1260.709699,359,1016.295232
1121.254479,323,1016.57864
941.98359,281,1018.033687
1191.497619,354,1018.374148
1584.266491,444,1018.824647
1443.396789,421,1019.257067
1330.493792,367,1019.601013
1455.172424,410,1019.976919
1578.076823,500,1021.763058
873.994364,267,1022.026579
1548.417256,500,1022.526696
1599.604259,500,1022.993607
1773.599773,500,1024.744536
1624.5224,500,1025.23149
1493.8314,500,1025.724029
1660.150932,500,1026.1606
1493.98774,438,1027.886638
975.607072,291,1028.132835
1598.402977,500,1028.671621
1691.0863,500,1029.106711
591.119968,199,1029.272155
1245.753063,362,1029.598296
1195.414976,351,1031.185444
1263.776849,363,1031.554426
1667.593326,500,1031.981113
1469.655722,413,1032.357134
1158.852839,351,1032.671816
865.640965,281,1034.168374
1464.143213,500,1034.649386
1480.708672,500,1035.136799
890.905793,260,1035.381735
1577.27811,500,1035.829577
1533.375744,500,1037.595461
1557.825786,500,1038.051765
1405.019634,401,1038.428982
1608.892427,500,1038.895954
1485.941123,500,1040.671116
1557.977858,500,1041.194109
1558.768026,500,1041.687597
1646.463618,500,1042.153932
1602.889138,500,1043.962182
1541.814546,478,1044.416386
996.686801,292,1044.671616
1508.863845,500,1045.144394
1544.77937,500,1045.574265
1596.904365,500,1047.370262
998.815738,292,1047.632148
1114.565182,318,1047.929787
1619.808592,500,1048.349968
1069.206783,323,1048.650509
1621.440445,500,1050.40124
1628.630416,500,1050.879791
1666.092714,500,1051.316025
1722.100733,499,1051.746612
1203.638868,345,1053.25238
1609.831497,500,1053.711697
1074.228138,303,1053.986152
924.70031,261,1054.19439
1628.079057,500,1054.594736
1585.876732,457,1055.008675
1752.417134,500,1056.742076
790.488843,233,1056.944727
1630.395968,500,1057.400694
1668.851209,500,1057.872886
1639.412653,500,1059.609545
792.417448,231,1059.810881
1528.847275,500,1060.273609
1034.40319,294,1060.537999
1562.890236,500,1061.00189
1091.204415,318,1061.266495
1025.410619,309,1062.846509
1596.001048,500,1063.330437
1627.083706,500,1063.802336
1590.207473,500,1064.259131
988.602654,291,1065.741374
1047.969361,300,1066.035815
922.329631,268,1066.306511
1311.484886,366,1066.642673
803.442209,236,1066.860555
766.729153,233,1067.06579
1012.246635,288,1067.30008
1082.496212,304,1067.55909
625.839731,196,1069.021234
999.943021,281,1069.266242
749.951005,225,1069.488701
1179.24584,345,1069.824545
833.968889,241,1070.057558
1324.004966,383,1070.410467
1061.986714,332,1070.740886
1161.282781,339,1072.392128
1329.754707,382,1072.745221
1603.899324,500,1073.211144
1274.738494,369,1073.550646
1119.546833,330,1073.830437
628.690026,202,1073.998067
1038.154819,301,1075.561336
980.836313,285,1075.832481
1650.214751,500,1076.290573
812.90652,238,1076.500515
735.674582,224,1076.7132
779.234249,229,1076.92172
1576.75702,500,1078.532921
1033.199684,317,1078.825195
1156.141179,326,1079.116479
766.825695,228,1079.31019
1347.630034,383,1079.646087
1035.792993,302,1079.926698
962.020932,270,1080.185652
1464.728397,423,1081.836752
1583.246329,500,1082.306345
1631.588546,500,1082.741127
1640.3472,500,1083.198151
1559.269967,458,1084.808719
1615.943878,452,1085.22857
1632.893535,465,1085.629762
975.744251,285,1085.874548
1216.327884,361,1086.215315
1245.539282,349,1087.792449
1208.490328,340,1088.113991
1151.310497,335,1088.415567
1233.694764,363,1088.745254
1772.022322,500,1089.202471
1597.221642,500,1090.938294
1219.56964,365,1091.274242
1651.966513,500,1091.726848
1376.549999,388,1092.075302
1108.694404,315,1092.36916
1765.098075,494,1094.054734
1112.754304,316,1094.345085
1650.91845,500,1094.799442
1308.578411,379,1095.099865
1183.587616,342,1095.40327
1281.556791,377,1096.993044
1182.49079,331,1097.292871
837.312407,254,1097.532527
1388.887597,406,1097.907191
1329.258758,376,1098.260872
1112.431576,323,1098.579078
1080.150115,310,1100.155829
1495.807257,442,1100.551177
1652.588476,500,1101.030079
1311.325069,367,1101.405649
1625.394509,464,1101.826426
1699.426113,500,1103.552246
986.039024,287,1103.811551
1046.455257,335,1104.11167
1689.249009,500,1104.559032
1235.21875,354,1104.893413
1580.843052,500,1106.659832
1176.393589,338,1106.988659
1068.575346,307,1107.247074
1637.970318,500,1107.73289
1382.015497,388,1108.102372
1039.976715,350,1108.454286
1027.268757,287,1109.991337
1654.087778,500,1110.448874
1646.751503,500,1110.870148
1395.25909,393,1111.240571
1319.612245,375,1112.840739
1619.732002,500,1113.315719
1578.314632,500,1113.789343
767.648301,231,1114.018695
743.503847,233,1114.216166
1592.566696,500,1114.682088
1546.217274,500,1116.403001
1511.588087,500,1116.878671
1648.15692,500,1117.345993
1673.936399,500,1117.801285
1653.873041,500,1119.526518
1684.042971,500,1119.95745
1615.009852,500,1120.415856
1109.592861,317,1120.726725
1450.768589,406,1122.369973
1260.331384,354,1122.686689
1077.036284,309,1122.93764
1092.314325,315,1123.202023
1643.983015,500,1123.677222
1698.661257,481,1124.172498
1120.762663,314,1125.7142
1717.437457,500,1126.172199
1595.48471,500,1126.627263
1565.730439,452,1127.045435
1623.93154,500,1128.814421
1043.740997,297,1129.097092
989.351892,274,1129.327445
1608.053475,500,1129.79496
1725.757923,500,1130.302116
1628.170375,484,1132.079041
1094.291962,317,1132.372587
895.237865,262,1132.577822
1595.326645,500,1133.028355
1675.215998,500,1133.496552
1606.74761,500,1135.277586
1558.58216,441,1135.657687
998.198447,279,1135.91168
1621.895011,500,1136.416681
1000.669655,293,1136.698265
969.189755,273,1136.957843
1424.730829,414,1138.652314
1020.563665,290,1138.893885
1046.665125,301,1139.175256
1296.75954,364,1139.523791
1407.739306,391,1139.90231
1062.848062,315,1140.208444
1053.451957,300,1141.745425
1694.833425,475,1142.196562
1329.906437,377,1142.570663
1643.791832,480,1143.044511
1158.157288,327,1143.351441
1622.888996,455,1145.099546
1518.339263,423,1145.484897
1412.857747,400,1145.856862
1019.173176,284,1146.159983
588.684867,191,1146.317173
1010.645706,279,1146.586662
1436.498555,412,1148.241189
1737.352508,500,1148.709846
1575.452147,457,1149.158568
1062.311637,301,1149.454354
1390.27695,384,1149.812263
1154.993435,331,1151.420633
1609.146385,500,1151.842129
1684.59163,500,1152.341263
1367.951112,381,1152.715118
1272.446781,358,1153.064672
897.777102,264,1154.580503
1652.779534,500,1155.067775
641.838096,200,1155.272264
1587.398382,500,1155.773439
1649.968937,500,1156.203547
1633.757318,500,1157.946705
1627.34971,500,1158.434309
1581.114311,451,1158.897022
676.129996,207,1159.121893
1689.701226,500,1159.61346
1145.665682,320,1161.287137
1033.265711,297,1161.61043
985.250781,287,1161.902107
665.842951,203,1162.098395
962.942817,279,1162.386437
1482.553511,419,1162.773337
1497.20567,419,1164.49106
1649.713627,500,1164.978548
1617.240161,500,1165.498547
1678.015661,500,1165.982692
1245.904818,367,1166.328702
1230.310412,359,1168.000239
1599.829644,500,1168.466122
1126.544762,321,1168.763123
1072.970419,306,1169.043421
1311.868201,362,1169.374061
1009.67563,287,1170.932164
1365.425147,381,1171.341858
1693.071909,500,1171.834471
1587.035302,500,1172.279114
1600.680721,500,1172.716721
1552.551561,441,1174.411986
834.240931,236,1174.615179
1567.105272,500,1175.036939
1445.175382,429,1175.420169
1691.39163,500,1175.899158
1585.2592,500,1177.693499
1455.695464,419,1178.109261
1259.588908,417,1178.503756
1669.086346,500,1178.951138
1548.920846,500,1180.643721
913.878941,313,1180.948711
1572.337646,493,1181.391617
907.704287,316,1181.678054
1609.414297,500,1182.126738
1563.219444,500,1183.858841
1628.262016,500,1184.30531
1544.022695,500,1184.78454
1252.135999,349,1185.102598
1280.718334,411,1185.472577
1222.475498,352,1187.088734
1654.021603,500,1187.566221
1011.620966,348,1187.888832
1634.903736,500,1188.340796
1221.210213,406,1190.025936
1628.63659,500,1190.521643
1317.244602,431,1190.962934
1606.903316,500,1191.468976
1288.769121,374,1191.832181
990.054295,340,1193.371135
1644.797041,500,1193.855407
1418.339138,409,1194.229375
1635.429621,500,1194.678649
1162.679855,343,1195.009212
1613.790627,500,1196.748903
1553.293162,500,1197.242631
1491.39248,500,1197.718061
1505.385508,420,1198.104921
858.816634,255,1198.342778
1607.588881,500,1200.073281
1194.441842,344,1200.371372
1261.136781,352,1200.692354
1573.418473,500,1201.150656
1660.493363,500,1202.890812
1614.243903,500,1203.359643
1426.533116,401,1203.687518
1600.338878,500,1204.142835
988.806619,290,1204.407573
1632.117641,500,1206.181894
1654.146029,500,1206.641316
1784.27321,500,1207.111748
1155.418566,330,1207.409789
1529.940964,440,1207.821532
1613.626587,500,1209.596905
1618.965867,500,1210.040972
825.169932,248,1210.277209
1030.593546,298,1210.533933
1181.182852,327,1210.822536
1443.478581,422,1212.515144
1588.693164,500,1212.991205
1365.869863,384,1213.338955
1147.321626,324,1213.641949
1076.566364,305,1213.93085
1157.997196,327,1215.504203
1414.33496,409,1215.871743
996.612219,291,1216.145481
1347.377766,372,1216.462275
1426.892973,434,1216.83806
940.611358,265,1217.084114
1625.438283,500,1218.841248
1739.192854,496,1219.315473
1671.107563,500,1219.794003
1621.414185,500,1220.279611
1190.814826,337,1221.935921
1509.435339,432,1222.343884
1727.021174,491,1222.759449
1129.961369,321,1223.055647
1633.897242,500,1223.535745
1605.159305,500,1225.247445
1027.78051,302,1225.501703
1022.020918,290,1225.763598
1393.603674,385,1226.108654
1317.875862,407,1226.470114
1660.230398,500,1228.209018
1620.175473,500,1228.670471
1383.105083,395,1229.032154
1088.367305,311,1229.334291
1589.309155,500,1229.818402
827.825125,239,1230.057905
1677.966994,468,1231.728284
1132.579561,321,1232.013547
1609.019864,500,1232.490207
1641.892079,500,1232.940139
1427.32948,403,1234.552643
968.284012,273,1234.803343
1209.482059,338,1235.122857
1627.867915,500,1235.59176
1549.889959,500,1236.065832
1761.253308,491,1237.834708
1605.845949,500,1238.268333
1658.30342,500,1238.760184
1618.452241,500,1239.233958
1391.050123,414,1240.907548
1081.650125,306,1241.183794
1049.551051,298,1241.480392
1662.048969,500,1241.9345
1618.833967,500,1242.372855
1423.902293,414,1242.765605
1349.604231,382,1244.348734
1333.453205,369,1244.70065
1100.895478,303,1244.993175
1016.349646,291,1245.254255
1629.145886,455,1245.670359
1146.110581,322,1247.234338
1662.073237,500,1247.660257
1443.812454,403,1248.030475
1060.565065,296,1248.294962
1097.619721,304,1248.607185
1099.194582,310,1248.908171
1701.866184,470,1250.615192
1345.616582,370,1250.991946
1398.877205,397,1251.390342
1007.125478,290,1251.668337
1774.069595,491,1252.133174
982.70583,274,1253.63371
1659.104561,500,1254.112983
1611.859316,500,1254.576482
1655.099884,500,1255.04608
1637.008622,500,1256.825723
976.430322,278,1257.086627
1107.827624,311,1257.353955
1641.378366,456,1257.775826
1589.70257,442,1258.167158
1637.067918,500,1258.648495
939.926364,276,1260.186925
1667.861236,500,1260.647859
1172.489993,330,1260.943695
1199.622019,334,1261.286167
1772.418168,487,1261.7754
1664.666323,500,1263.589157
1259.878002,354,1263.918356
1226.247244,348,1264.262071
1701.671641,500,1264.742351
1791.715738,500,1265.241965
1023.552187,299,1266.814983
1719.467234,500,1267.278553
1253.609466,344,1267.593283
1027.166868,296,1267.887158
1047.945518,287,1268.160918
1100.298808,310,1268.464875
1026.707258,314,1270.017702
1650.42386,474,1270.476424
1541.471714,441,1270.872444
1642.208248,500,1271.397441
1097.107045,310,1271.690305
1258.997851,347,1273.306999
1267.614577,354,1273.655926
1646.988646,500,1274.117409
1250.165305,344,1274.441136
1490.415796,425,1274.83952
1759.491911,500,1276.608735
778.348767,226,1276.829054
1031.842415,288,1277.079926
1120.758312,312,1277.35817
1093.450903,303,1277.605194
1273.814098,353,1277.968783
1412.548545,393,1279.656993
965.483402,284,1279.949134
998.632643,288,1280.232372
1641.015947,500,1280.732506
980.026335,285,1281.029749
824.151072,233,1281.249044
1330.49464,368,1282.928514
1235.943901,348,1283.260012
858.007397,244,1283.515772
1283.614612,354,1283.870537
1605.238844,438,1284.306645
1140.395263,320,1284.592583
1190.177587,330,1286.181103
1018.687843,287,1286.447787
1559.20436,430,1286.857912
889.337304,252,1287.087789
1611.080093,444,1287.468619
950.022308,267,1287.689951
1029.508966,293,1289.230821
1009.727915,274,1289.518786
1176.655483,326,1289.857094
1740.093636,488,1290.338367
970.478353,273,1290.608795
1176.03953,332,1290.906162
1079.325948,349,1292.548047
1447.169595,409,1292.94381
1583.0879,433,1293.346833
1270.598022,351,1293.661617
1080.47595,301,1293.935839
1212.886264,332,1294.226047
1797.731003,500,1295.978229
1034.123125,285,1296.265824
1450.461022,404,1296.653374
1015.48374,285,1296.908505
1220.833457,343,1297.213404
1211.196705,335,1297.508202
1618.23654,453,1299.21972
1072.60014,303,1299.526111
1211.930261,331,1299.819668
1246.211045,351,1300.148821
924.148741,273,1300.406656
1144.919792,315,1300.737697
1632.701572,500,1302.554085
1238.495926,350,1302.882882
1539.723205,438,1303.259825
909.05979,257,1303.49804
1065.47712,298,1303.755827
821.426956,235,1303.955579
1622.30644,440,1305.596866
1328.458103,370,1305.921315
1326.45642,360,1306.27775
1573.177351,439,1306.662826
1133.198469,317,1306.94228
1621.635107,500,1308.703031
1262.895027,348,1309.055821
979.572129,265,1309.312071
1627.277822,500,1309.809781
1523.430397,417,1310.197909
1077.722154,304,1311.808533
1611.604662,500,1312.283748
1607.572856,452,1312.698343
1293.472547,408,1313.059749
1041.307123,333,1313.349828
1667.42162,500,1315.04226
981.734773,289,1315.335106
1560.149895,455,1315.810444
978.904926,287,1316.095236
1338.858369,367,1316.428214
999.052137,283,1316.693101
1625.315093,500,1318.441702
1663.81292,500,1318.90435
1454.306167,404,1319.259665
1327.731917,365,1319.59788
1659.912473,500,1321.333287
1726.460439,500,1321.81079
1713.291775,500,1322.289182
1558.337753,500,1322.761867
1770.399437,492,1324.488825
1674.429893,500,1324.978148
1241.744996,395,1325.350337
1801.094325,500,1325.825388
916.285076,252,1326.037612
998.610124,327,1326.380335
1608.836798,500,1328.127911
1241.554212,357,1328.44835
1020.61706,296,1328.717457
1693.062085,500,1329.171586
1697.181245,500,1330.85839
1199.548605,335,1331.186934
866.948973,245,1331.422661
1317.261859,369,1331.781241
1683.967294,500,1332.249516
1542.606063,430,1332.639385
1050.936252,292,1334.209265
1321.815317,363,1334.556565
1012.712697,290,1334.843509
1239.558262,336,1335.160926
1336.249301,362,1335.504083
1417.397423,421,1335.882373
1655.34808,500,1337.632094
1037.968108,294,1337.928336
1260.215118,397,1338.306648
1192.589322,333,1338.621071
905.516366,255,1338.83297
1657.913148,500,1340.591647
971.220748,268,1340.862288
902.031444,251,1341.106292
1696.505476,500,1341.596719
1550.721162,440,1342.010262
1425.930331,398,1342.384219
676.166119,201,1343.862693
1129.322906,317,1344.15263
1145.080976,337,1344.470748
1704.809626,500,1344.96222
1661.507139,447,1345.341993
1673.995363,466,1347.044003
1035.431831,282,1347.282897
952.111903,262,1347.507152
1047.409434,288,1347.777797
927.889228,270,1348.028151
1275.519763,352,1348.356049
1492.263178,412,1348.739927
1065.937434,293,1350.214663
1110.317978,308,1350.505976
1178.675411,329,1350.818941
1010.406987,288,1351.067903
1643.322759,459,1351.5022
1093.125402,306,1351.774017
1627.589344,448,1353.468222
1070.471823,295,1353.736726
1077.797687,294,1354.000224
1788.796182,500,1354.471368
1240.323626,353,1354.814726
1093.309487,301,1356.368655
1689.293616,459,1356.764083
612.273167,188,1356.930669
1022.139026,292,1357.202917
1049.972134,290,1357.475092
973.577234,277,1357.732142
1050.383912,286,1357.987138
946.860301,275,1359.505744
984.42639,278,1359.749143
928.777171,255,1359.987991
1798.776015,500,1360.443153
788.839534,259,1360.67278
1232.951484,347,1361.013172
997.796478,282,1361.281624
595.633578,185,1362.727978
577.306907,180,1362.900471
569.321127,173,1363.070673
914.803171,276,1363.324764
1220.920047,339,1363.628771
1078.244876,304,1363.918204
1105.974042,308,1364.216019
1635.327403,452,1365.897569
908.706717,256,1366.14127
1486.207048,432,1366.54085
1300.385867,353,1366.893055
1151.189223,314,1367.183571
1683.736166,500,1367.663264
986.583493,279,1369.254527
1782.757278,485,1369.734502
1074.414134,301,1370.023182
1685.596138,500,1370.513277
998.610187,289,1370.818729
1416.768731,399,1372.470607
1581.521778,480,1372.909507
1688.332123,500,1373.379827
1023.089762,281,1373.619939
1502.803965,407,1373.982084
1451.242672,410,1375.575605
1737.267688,500,1376.044557
1428.763309,398,1376.432771
883.208249,250,1376.688213
1616.94634,495,1377.168379
1204.568813,349,1378.735294
1736.80807,500,1379.18503
1324.94075,366,1379.528689
1646.923653,500,1379.979898
1683.128407,500,1380.445988
1644.646343,459,1382.129763
1655.153421,500,1382.588239
1618.430204,500,1383.054506
1723.208786,484,1383.549162
1651.245212,500,1385.263358
1668.560523,500,1385.749013
1244.699716,345,1386.081188
1676.09393,500,1386.571411
1578.996511,439,1388.225156
1056.14556,302,1388.49311
1303.401492,373,1388.856099
1428.326945,402,1389.249519
1732.200792,500,1389.730464
1065.801508,298,1390.011474
896.283999,256,1391.52138
1564.670134,495,1392.001906
1623.305053,500,1392.504029
1624.511169,500,1392.993487
1615.283297,500,1394.706474
834.204252,265,1394.970537
1695.026058,500,1395.465787
1215.890528,337,1395.780627
1663.531125,500,1396.215901
1633.062669,500,1397.933056
1707.725737,500,1398.431462
1641.23911,500,1398.927296
1289.342616,366,1399.299751
1691.587723,500,1399.775808
959.436112,271,1401.334225
1090.679483,309,1401.647306
1675.682688,500,1402.112807
1667.370918,500,1402.5967
1601.839939,500,1403.068388
1657.838143,500,1404.853029
894.336988,266,1405.106105
1028.970914,294,1405.358921
1666.870982,500,1405.837184
1382.747823,393,1406.189067
1627.078796,500,1407.926354
1329.070211,368,1408.258985
1643.03954,500,1408.719219
943.875849,278,1408.957214
1700.002873,500,1409.390363
1580.651896,500,1411.128725
1622.044757,500,1411.608486
1715.988314,500,1412.088354
1652.087313,500,1412.53031
1625.827402,500,1414.235579
1414.422402,389,1414.577531
1092.546686,306,1414.892573
963.070977,286,1415.172075
954.829496,268,1415.427344
1220.609104,353,1417.028759
1714.947775,500,1417.548329
1741.707822,500,1418.029949
1318.320006,367,1418.398096
1690.980891,500,1418.863307
1660.182441,500,1420.622475
1477.920786,430,1421.043721
1404.143607,437,1421.485582
1718.679536,500,1421.979589
1663.308159,500,1423.687697
1229.784477,339,1424.000742
1065.114229,303,1424.271977
1726.578063,500,1424.768794
1754.34754,500,1425.204724
895.511859,273,1426.711721
1566.631196,448,1427.139237
1385.356853,397,1427.50746
1674.328858,500,1427.954927
1482.050542,407,1428.294514
1649.593727,500,1430.102197
1279.378018,374,1430.502436
1056.355407,295,1430.814444
1669.487165,500,1431.323646
1634.429478,500,1431.812528
1639.619447,500,1433.561018
936.165459,275,1433.813614
1551.769576,441,1434.217725
1119.88178,315,1434.480246
1653.559288,500,1434.946105
1031.722988,301,1436.499078
939.707366,261,1436.72012
1463.922849,418,1437.112422
1670.36004,500,1437.577139
1163.202499,324,1437.865752
1049.207422,290,1438.130464
1626.881168,500,1439.855948
1643.474525,500,1440.32096
983.274064,279,1440.582619
1410.280724,396,1440.919425
1655.902989,500,1441.354368
1528.154127,430,1443.046004
1427.636061,398,1443.377096
1645.61006,466,1443.78616
1668.47235,500,1444.242485
993.981914,276,1445.758306
1087.858935,298,1446.043483
917.789969,278,1446.299702
1261.630009,351,1446.622704
1653.696762,500,1447.116741
1661.540027,500,1447.574602
1042.206731,293,1449.119003
1706.024768,500,1449.589064
1477.708376,406,1449.967416
1510.084457,416,1450.331419
1276.069739,347,1450.665219
1632.618569,500,1452.334709
1039.225027,299,1452.633508
1766.106484,500,1453.120371
1721.572617,500,1453.57843
1683.10104,500,1455.317697
1685.137661,500,1455.746905
1722.935505,500,1456.251906
1381.665244,393,1456.580558
1050.129731,295,1456.866678
1108.3206,317,1458.428234
1314.238576,410,1458.792868
1657.356244,500,1459.272967
1748.454949,497,1459.762378
1637.252962,500,1460.267232
1371.30653,375,1461.93491
1700.87596,500,1462.406843
1045.36139,295,1462.691015
1667.619774,500,1463.140921
1619.309236,500,1463.620686
1589.046286,500,1465.322182
1657.972817,500,1465.762531
1639.581567,500,1466.183935
1705.818108,500,1466.647845
1029.748386,298,1468.201257
1708.851691,500,1468.644644
1317.909468,377,1469.006507
1690.42944,500,1469.490328
1681.35903,500,1471.209012
1643.669771,500,1471.65644
1517.161952,411,1472.009537
1585.039065,471,1472.448579
1405.93966,400,1472.839004
1367.404038,421,1474.471551
1098.796402,347,1474.804315
1580.27945,500,1475.268815
1694.198337,500,1475.731449
1592.232575,450,1476.146808
1235.851769,377,1477.790818
1439.276766,409,1478.156734
1408.680287,423,1478.537706
1670.338997,500,1478.98404
1679.912666,500,1480.710852
1584.834091,438,1481.116046
1687.091223,500,1481.547837
1726.672011,500,1482.02073
1682.096721,500,1483.705582
1811.648842,500,1484.139292
1202.357203,331,1484.418835
1454.763019,395,1484.763796
1663.495553,500,1485.24537
949.746717,265,1485.51756
1110.135471,302,1487.056059
1323.045395,361,1487.390341
1036.887759,294,1487.643349
1726.146808,500,1488.102641
1667.615089,500,1488.617649
1609.195506,500,1490.415547
1286.935279,364,1490.755591
1161.766574,337,1491.090443
1142.134694,320,1491.399949
1354.86311,368,1491.777904
1052.241976,289,1493.288615
1432.249094,397,1493.627903
1708.673931,500,1494.081855
1758.416929,500,1494.554543
1127.812019,317,1494.83278
1450.67669,403,1496.541799
1502.452676,412,1496.908787
1467.543032,413,1497.300538
1750.341716,500,1497.794141
1696.963023,500,1498.258514
1076.933864,296,1499.803529
1303.350418,375,1500.143781
998.939655,278,1500.412333
966.041002,284,1500.684551
1582.072367,500,1501.172253
1093.415891,299,1501.441207
1004.149635,279,1502.962126
1004.457249,287,1503.232225
1301.066674,374,1503.566218
1748.000268,500,1504.055648
1674.592922,500,1504.541536
940.711201,258,1504.766121
1682.518192,500,1506.501155
1564.853561,441,1506.893488
1751.91041,500,1507.376187
1423.56615,395,1507.761549
1501.592762,429,1509.434632
1050.031471,299,1509.710458
1686.073823,500,1510.194724
1668.498504,500,1510.658159
1675.516446,500,1511.134356
1282.32471,356,1512.737665
1659.144126,500,1513.203781
1725.771764,480,1513.623639
976.331335,279,1513.893466
1644.941357,500,1515.66607
1194.118162,344,1516.00804
1652.694629,476,1516.460764
1222.612016,345,1516.76987
1707.055818,500,1517.255179
1659.489978,500,1518.998825
1364.848233,373,1519.368469
1684.374304,500,1519.869047
760.092758,225,1520.087578
1649.135915,500,1520.564202
1599.711966,500,1522.372923
1224.510038,349,1522.718942
979.553655,271,1522.962981
1665.785234,500,1523.426991
1469.823701,397,1523.770775
1413.855921,383,1525.421578
1679.096502,500,1525.891187
922.317303,264,1526.154597
1641.561802,449,1526.565646
1127.698095,311,1526.855087
1655.633522,500,1528.604774
1683.911093,500,1529.077175
1692.050831,500,1529.555981
1665.472717,500,1530.018625
1707.737676,471,1530.463031
971.961473,275,1532.02938
1392.561964,379,1532.391623
878.260686,242,1532.625544
1084.666521,309,1532.917209
837.373619,235,1533.134547
661.551189,196,1533.340489
1691.01847,500,1535.079147
912.155185,253,1535.315344
1313.698575,361,1535.664542
872.993834,247,1535.887113
1828.859855,499,1536.378133
884.908022,246,1536.617265
652.565338,195,1536.790303
1749.490856,500,1538.545218
718.641833,215,1538.734765
1268.85797,351,1539.073188
1604.021376,465,1539.478693
1144.922551,312,1539.768353
1653.077313,500,1541.444024
1676.704133,500,1541.922976
1722.744899,500,1542.401465
1682.898875,500,1542.885224
1036.163448,293,1543.125352
1776.870723,500,1544.880167
1283.706284,347,1545.211939
1672.767378,500,1545.676718
1279.379976,360,1545.996636
594.970182,188,1546.179786
1705.580343,500,1547.896995
1180.685208,329,1548.20382
1805.425003,497,1548.664906
1074.041358,298,1548.940435
1436.24028,396,1549.314756
892.049975,248,1549.564672
1692.607766,500,1551.386741
958.485496,267,1551.64582
873.392764,247,1551.894515
981.647594,269,1552.156038
932.644488,264,1552.381948
1118.774668,315,1552.680788
973.028908,279,1552.926028
1184.860202,323,1554.50403
987.336077,273,1554.755401
832.23589,244,1554.978378
790.037704,230,1555.173448
1329.503387,366,1555.506294
966.421146,283,1555.795671
1229.742153,349,1557.404118
1684.298617,500,1557.860187
1153.249637,315,1558.173307
746.247027,221,1558.37078
1106.243938,329,1558.678767
641.487245,204,1558.859772
931.14222,270,1559.105612
845.3721,255,1560.60731
1381.128756,418,1560.978869
1239.504257,351,1561.310427
1274.563534,357,1561.665731
1014.016558,276,1561.916537
1035.995773,293,1562.193539
936.366358,272,1562.45722
1657.550529,500,1564.199288
1662.427301,500,1564.691215
1264.291904,343,1565.006865
1245.608897,342,1565.357225
1661.059249,500,1566.983009
881.41134,254,1567.213478
1439.278791,404,1567.566753
1783.420962,500,1567.997088
1573.227032,430,1568.409389
1096.47985,303,1568.702912
937.795272,261,1570.204653
1633.857632,500,1570.691884
1264.955957,346,1571.017938
1303.466417,363,1571.355539
1384.91502,380,1571.719418
1130.947588,314,1573.281123
1619.761498,500,1573.752025
1651.457672,500,1574.254692
1497.074638,413,1574.650202
1695.254089,500,1575.141444
