#{"t_start": 1775734053.1954236, "env_id": "Hopper-MassFric-Uni-10-v0"}
r,l,t
13.626842,30,0.048002
18.832782,24,0.072536
11.959888,17,0.090538
7.213756,10,0.101553
36.424608,32,0.133597
11.793009,16,0.148604
18.359678,21,0.169146
9.058128,13,0.179146
9.988589,20,0.19815
17.255847,26,0.224153
5.836783,11,0.234137
39.201173,30,0.260164
21.290849,30,0.286693
6.367848,10,0.297697
20.875247,24,0.324711
11.742465,14,0.340223
9.373615,20,0.362228
4.890197,8,0.370751
14.553898,17,0.387758
6.049182,10,0.393758
8.812342,12,0.401757
50.448201,40,0.435759
19.506453,23,0.459772
5.34263,13,0.472306
61.374067,41,0.516305
15.39985,20,0.535306
3.381818,13,0.549304
8.452122,11,0.560316
9.986042,15,0.572823
18.658783,25,0.597823
5.773279,8,0.607834
3.335424,22,0.629833
16.27049,20,0.651833
13.662857,14,0.667848
5.134033,10,0.679378
12.883697,24,0.70338
9.084304,12,0.711385
8.438198,17,0.727379
21.264914,33,0.764372
16.841948,22,0.787903
12.770196,24,0.813903
23.480965,23,0.835915
13.584668,15,0.852444
8.992053,21,0.872983
17.111565,18,0.891984
4.525703,23,0.916977
18.785126,25,0.942983
5.70931,9,0.952986
7.833295,11,0.966002
11.440615,16,0.982537
7.521005,13,0.99453
9.62987,19,1.010534
10.568177,15,1.027526
4.291596,8,1.035527
3.818956,7,1.04153
7.077566,11,1.052528
10.81214,23,1.076081
42.910262,38,1.114077
17.368062,31,1.148081
4.104266,8,1.156094
7.006671,9,1.167083
31.346903,29,1.196609
9.109913,12,1.209607
25.761889,36,1.242608
9.796229,17,1.258617
13.663668,17,1.26913
6.190309,9,1.277145
19.056534,19,1.295145
9.423702,16,1.309146
11.017124,15,1.319146
9.436572,14,1.332159
7.845676,16,1.343664
6.672197,10,1.348663
9.711672,17,1.364695
6.213155,9,1.373213
12.413022,17,1.38921
5.221161,8,1.397209
123.866216,71,1.458222
5.969956,10,1.468216
16.026159,16,1.482731
10.402335,16,1.496732
7.096123,31,1.515738
4.833802,8,1.51974
6.794469,11,1.527731
13.785715,15,1.544742
10.596908,18,1.56175
15.474303,27,1.587281
99.368581,67,1.651281
8.750571,34,1.685813
3.288088,8,1.693813
9.307024,12,1.706818
8.070357,11,1.717808
8.440783,22,1.736808
25.310327,25,1.755818
11.162546,20,1.77534
12.77425,17,1.792348
14.4113,15,1.807347
16.269944,25,1.83336
15.626228,17,1.847897
7.886309,12,1.860902
23.940451,33,1.895434
8.226408,12,1.906433
8.313419,13,1.915426
32.064686,47,1.962443
21.216616,46,3.272044
4.888838,10,3.282551
14.655037,21,3.303559
24.433837,35,3.339572
75.274336,58,3.397619
41.352923,34,3.431623
8.675219,11,3.443624
5.868421,9,3.452625
73.197409,90,3.535157
7.97987,11,3.546159
8.656552,18,3.564151
11.282389,16,3.58068
111.143795,65,3.63168
22.994886,34,3.669699
97.57729,55,3.721223
82.626459,57,3.778736
7.366457,16,3.795735
5.846475,8,3.803735
8.067193,14,3.814731
5.236317,10,3.820733
35.760675,33,3.851253
21.280372,33,3.883898
12.67054,22,3.907899
89.072962,82,3.99243
18.20654,20,4.014429
6.239622,23,4.039425
22.798956,23,4.064452
6.228397,23,4.089578
50.696573,36,4.114579
8.982667,15,4.122579
31.515667,29,4.139578
30.573404,35,4.174595
107.71699,59,4.230134
17.559884,22,4.253135
72.893855,52,4.296688
13.326228,22,4.321689
13.240238,21,4.343201
6.677337,11,4.35521
7.837525,13,4.368221
40.875043,66,4.433731
25.40097,27,4.460733
9.700211,21,4.483294
8.119958,25,4.51128
18.1097,26,4.53828
10.818447,26,4.5643
9.259189,21,4.585811
11.308583,15,4.599824
15.212754,22,4.621815
7.982888,15,4.638811
8.926018,17,4.656811
11.569771,24,4.678349
9.579612,14,4.692358
18.798996,30,4.724362
14.167068,24,4.750362
19.344577,22,4.772379
64.752819,40,4.8029
10.596602,16,4.818897
36.178478,31,4.839904
17.484905,28,4.871433
18.797536,23,4.896954
14.4107,18,4.912951
11.810966,14,4.926958
11.425306,25,4.94895
16.261216,26,4.975961
8.337167,19,4.993488
7.761872,16,5.010491
6.944553,13,5.024481
8.016571,11,5.035491
12.224958,18,5.050486
31.768958,45,5.099031
10.766719,22,5.121035
9.587512,13,5.13403
7.617673,13,5.147029
51.00345,52,5.199551
108.99664,64,6.520801
55.206323,40,6.556802
92.473348,53,6.59033
75.506946,50,6.628337
28.260273,26,6.655338
15.364833,17,6.669338
111.908432,83,6.73788
48.655247,31,6.765876
24.748622,31,6.799423
30.22864,26,6.830414
15.383705,31,6.8687
46.415833,37,6.90625
25.369582,25,6.92625
211.795482,102,7.036794
8.998459,11,7.048798
11.639208,13,7.060799
65.89596,40,7.102339
69.542916,49,7.153339
14.600984,22,7.177336
17.247167,19,7.198871
97.294511,55,7.256872
117.808883,79,7.335417
23.035937,23,7.357959
21.594065,23,7.384979
13.402029,18,7.404512
138.839818,80,7.484522
6.032447,10,7.497051
15.769985,18,7.521051
70.197356,46,7.572052
121.02629,76,7.622592
20.140103,20,7.643592
17.777908,18,7.660594
48.998159,49,7.714108
96.908771,58,7.769107
15.160489,16,7.778122
31.499451,28,7.807658
37.656551,36,7.850197
21.033506,23,7.87821
22.233332,27,7.907737
72.365437,72,7.981738
11.57386,14,7.997249
17.057628,19,8.009262
122.700922,90,8.078271
22.004189,22,8.099791
222.14419,119,8.223324
107.636402,60,8.285341
5.572425,10,8.294883
6.552232,16,8.309878
122.880001,82,8.376381
9.134728,16,8.393902
60.516543,36,8.4319
101.645905,61,8.493434
93.616487,78,9.80045
85.375118,50,9.850973
239.766525,152,9.997045
74.389816,45,10.043053
36.988337,39,10.082062
143.711061,87,10.156601
88.736462,58,10.189615
37.005522,26,10.210136
106.654068,77,10.269142
41.251597,32,10.292147
68.492158,43,10.330712
46.249064,28,10.357208
224.346911,108,10.455741
121.264663,74,10.514263
70.002976,43,10.541258
70.585624,45,10.575266
27.30878,28,10.597279
256.961773,133,10.714326
162.1251,116,10.835875
113.083231,76,10.907922
43.451485,34,10.930924
73.935673,72,10.993944
146.178562,88,11.075457
78.501695,46,11.110012
55.166637,39,11.141012
67.082079,55,11.204577
95.24824,54,11.249562
15.315708,18,11.263579
97.495847,55,11.311088
193.507174,111,11.405784
29.567473,26,11.433798
164.170814,85,11.498787
19.447022,22,11.518298
143.691513,83,12.842744
89.048491,52,12.897263
9.466135,11,12.908776
116.01322,62,12.962795
140.782395,74,13.032301
16.341833,28,13.063294
95.9391,72,13.130584
94.947974,54,13.183582
102.097116,57,13.229122
68.593812,42,13.259133
113.079978,71,13.335668
73.193603,44,13.368173
12.381822,14,13.377177
73.137885,45,13.418713
84.898126,56,13.453707
280.196169,169,13.596873
131.015322,79,13.661374
94.11084,56,13.711766
81.411033,53,13.76177
242.262328,125,13.888831
92.139301,57,13.945184
180.038531,85,14.018733
139.230855,79,14.093736
102.547679,70,14.153272
123.184991,67,14.233827
77.617533,46,14.278827
108.913629,78,14.35889
8.212674,11,14.36789
66.535048,50,14.420409
127.431987,69,14.474415
32.352991,27,14.490409
25.091878,21,14.502426
194.413908,98,14.591959
58.957626,37,14.626471
164.499533,101,15.972617
183.256971,128,16.082134
69.79699,42,16.116132
139.84148,90,16.186645
100.215631,63,16.226738
146.755571,72,16.280737
267.8603,139,16.39479
97.742753,57,16.45031
219.831022,116,16.556825
196.16281,103,16.659348
246.246442,134,16.772893
185.161303,90,16.853957
212.241284,108,16.949492
134.526054,71,17.016515
195.153841,93,17.086047
116.457128,63,17.15456
159.915743,78,17.223073
138.711964,72,17.275073
55.818305,33,17.296073
58.382071,41,17.319088
224.450283,116,17.445707
229.708994,109,17.548234
44.118754,31,17.579229
86.063037,49,17.629772
82.739211,49,17.682763
182.397644,109,19.050273
71.42029,46,19.097262
147.89592,78,19.16779
122.038746,70,19.247319
138.247025,74,19.327868
75.123378,51,19.378414
54.846467,39,19.413411
131.604391,77,19.488955
242.978569,127,19.602455
143.896635,84,19.67099
166.944698,97,19.761533
230.603751,104,19.840043
161.065995,82,19.918111
41.788211,33,19.947626
107.464849,69,20.017633
61.596881,37,20.055704
120.978069,72,20.130223
69.015294,47,20.179227
245.465149,118,20.310774
220.228008,111,20.381813
144.88083,74,20.452328
133.698634,70,20.520339
79.42973,46,20.567875
200.834919,106,20.674398
20.724861,20,20.694405
37.072047,32,20.724402
32.749563,28,20.741919
115.884258,66,20.799915
121.056347,67,20.869946
198.802652,100,22.220484
93.240991,53,22.276
232.891687,105,22.382055
75.257221,47,22.430065
206.116052,95,22.515594
242.482989,137,22.660638
183.965665,94,22.761172
242.865161,106,22.874755
219.143189,104,22.982271
229.418628,112,23.097794
280.253169,137,23.238851
97.284008,54,23.292858
227.019402,107,23.4049
20.705507,23,23.425917
219.408083,98,23.534966
220.744608,122,23.660497
258.264871,128,23.804046
229.541342,118,23.938682
217.029187,107,24.051831
132.571907,70,24.131847
227.555047,113,24.221391
223.559192,106,25.595018
222.479238,101,25.682562
260.030691,120,25.781093
259.797764,120,25.878161
205.185738,110,25.989677
206.978396,109,26.080212
239.909616,104,26.184739
141.645931,79,26.265272
161.097026,96,26.362745
238.852984,118,26.473299
254.840294,139,26.62381
234.948471,119,26.717354
221.467138,108,26.801897
221.861627,105,26.897981
212.20107,109,27.016512
249.894093,114,27.126046
230.039677,114,27.219575
210.587228,102,27.310093
113.326583,76,27.365163
87.861698,52,28.636578
248.883304,114,28.721117
89.403394,53,28.763683
195.613135,106,28.838677
208.54717,98,28.941776
103.915725,61,29.005302
208.881409,110,29.080852
261.59607,127,29.190376
273.592404,125,29.290888
210.170064,114,29.391912
181.502089,89,29.478436
231.364122,111,29.584965
262.616343,131,29.715473
9.453314,10,29.726473
249.036124,123,29.845018
223.801063,104,29.940045
136.294818,81,30.01056
263.37595,123,30.122082
93.755767,56,30.178617
238.332739,113,30.266733
227.942423,107,30.359808
225.981183,113,31.69838
230.439653,122,31.799915
238.96542,104,31.886938
193.716714,115,31.996479
229.910503,100,32.071999
232.059225,112,32.184514
216.004532,100,32.279037
173.3494,88,32.346048
255.801069,120,32.45512
169.91532,85,32.529651
209.269648,99,32.623203
208.914906,100,32.720744
232.402266,114,32.826263
248.846818,115,32.916316
260.341246,122,33.023853
115.45,63,33.084389
267.430855,117,33.188922
205.921616,102,33.276458
211.223342,94,33.359995
170.053886,96,33.441513
237.700168,115,34.7138
228.107272,101,34.812332
327.430934,141,34.963415
216.004128,103,35.075495
220.797072,106,35.174021
293.50945,133,35.306575
306.676626,142,35.429676
227.356334,103,35.518221
239.650905,106,35.613742
260.442313,120,35.717255
271.79859,120,35.817811
215.65605,95,35.920944
235.741112,116,36.040478
165.34769,84,36.122009
231.37773,107,36.205566
164.248047,83,36.286111
275.901977,119,36.412187
61.978848,38,36.450188
103.436427,59,36.497739
227.131599,105,36.601275
250.810726,113,37.954463
237.89428,112,38.051003
181.431092,95,38.150568
279.737073,117,38.255104
189.419703,96,38.337633
155.914264,79,38.412691
245.26732,110,38.515224
260.246498,146,38.657776
259.523441,115,38.75232
240.423169,110,38.860397
262.075966,119,38.969938
271.268492,122,39.093021
146.183188,75,39.159011
259.088975,116,39.266548
237.076248,101,39.382608
83.982808,49,39.435134
129.46326,73,39.510674
82.580193,55,39.555684
193.480519,93,39.64823
261.476869,113,39.741782
306.680077,140,41.055026
286.338222,115,41.125572
316.684919,138,41.247133
293.639408,125,41.35268
257.055039,129,41.454748
283.881735,123,41.589312
194.428093,101,41.676832
178.279521,94,41.74738
286.491839,118,41.831935
298.840492,127,41.952892
235.027625,115,42.058432
324.58889,139,42.185946
225.461711,104,42.255501
247.524291,111,42.335035
214.414405,102,42.417103
230.69045,113,42.530638
308.063212,126,42.66019
295.133124,126,44.007224
172.675955,88,44.091757
298.34108,135,44.212827
276.605903,118,44.316364
290.050372,142,44.456427
317.327969,135,44.58196
312.170665,128,44.709514
201.14813,96,44.792051
308.044005,131,44.895131
260.625672,125,45.012175
290.367881,117,45.124734
238.212221,109,45.232279
300.782485,125,45.365363
177.053778,88,45.453919
252.816891,121,45.565464
322.07476,143,45.687017
128.893906,71,45.736525
247.848455,109,45.847078
301.99594,128,47.195865
228.352208,111,47.303011
205.490205,100,47.378643
316.324541,125,47.50018
316.290366,131,47.62324
315.552566,129,47.75034
350.515996,130,47.873973
322.850943,142,48.004487
250.682879,114,48.123197
353.483005,141,48.267717
227.908559,114,48.361242
242.478983,114,48.444319
316.189385,128,48.565853
351.311267,147,48.713404
316.739447,130,48.814954
237.045005,105,48.899986
334.390335,128,50.237551
329.611245,135,50.369644
322.160024,132,50.466177
321.886796,132,50.578724
327.735509,148,50.728238
149.480678,83,50.815749
345.704509,142,50.924796
335.797595,143,51.071832
326.530901,132,51.193365
137.311908,71,51.268915
337.102995,146,51.41696
284.688703,119,51.54305
296.13879,123,51.666589
262.8679,110,51.773124
321.484627,138,51.909205
306.043386,126,52.042792
70.976305,42,52.087788
346.415555,147,53.535569
259.907964,122,53.657087
359.238827,150,53.808634
313.359196,136,53.943259
328.316689,139,54.08578
325.543613,141,54.23034
280.663193,118,54.344393
278.101212,115,54.448472
333.275562,135,54.58403
187.360048,91,54.655563
351.330671,141,54.787113
213.506286,97,54.890149
343.274106,135,55.021672
235.809679,110,55.1312
334.902513,142,55.262245
339.362681,145,55.403287
328.705667,142,56.759526
212.797664,99,56.846088
325.773654,132,56.964181
319.433703,142,57.102686
311.029567,128,57.224212
338.273749,139,57.359291
290.871054,121,57.46334
334.697672,147,57.614859
304.024552,129,57.740407
334.181853,142,57.86146
328.014461,134,57.99451
338.336228,130,58.124044
314.826377,147,58.256137
346.374261,154,58.376212
303.930277,130,58.49973
304.396673,129,59.883851
329.064399,135,60.017391
327.949666,137,60.158498
194.106609,96,60.267001
328.469256,141,60.406018
315.882363,128,60.540583
211.265673,96,60.6371
313.252432,142,60.773173
298.692402,133,60.887252
314.667423,132,61.006809
236.110914,114,61.123353
267.73452,126,61.240871
302.886525,125,61.365953
314.010315,129,61.477015
322.653335,139,61.615559
292.909458,128,61.72909
317.433383,137,63.111638
348.638073,146,63.257157
286.077263,129,63.38376
319.979003,133,63.498259
218.214845,105,63.590774
330.882935,148,63.739391
294.987667,128,63.866571
370.944575,147,64.011663
302.563537,131,64.138201
313.987489,135,64.26731
239.797565,102,64.36788
323.881094,139,64.500943
326.927233,136,64.636452
252.422215,118,64.74697
321.350392,128,64.850493
342.834824,135,64.972102
334.686946,148,66.40966
319.444593,131,66.540176
358.693926,159,66.70922
261.57948,112,66.819725
357.280993,150,66.98134
280.471726,115,67.099849
342.407105,133,67.233453
293.05331,121,67.366074
314.092581,134,67.492712
314.419408,138,67.636268
331.210136,133,67.763791
304.310285,130,67.863312
336.463613,140,67.98188
300.747296,133,68.108394
326.399352,134,68.206964
328.489297,132,69.596665
306.979772,137,69.733191
350.034252,146,69.879247
343.32277,139,70.02927
362.240321,149,70.191958
380.406063,147,70.329474
300.9254,127,70.461498
306.604725,132,70.592535
305.418779,125,70.718108
340.500572,144,70.858682
368.323244,139,70.98527
346.248958,137,71.119786
114.048725,63,71.175791
372.883877,146,71.319819
333.379028,129,71.446845
326.269206,135,71.574372
282.51061,123,72.960283
325.468179,137,73.096328
353.4615,149,73.223857
339.413578,138,73.343362
319.170141,138,73.454412
325.565229,125,73.559971
371.256448,145,73.695132
398.476115,151,73.793709
324.903637,147,73.927821
342.828317,135,74.054393
298.002625,130,74.182975
344.442413,149,74.331104
339.527971,149,74.452977
318.967623,131,74.563529
346.616794,142,75.941516
362.378727,141,76.083049
323.109163,138,76.200153
344.063116,140,76.313711
378.065259,139,76.459817
335.235845,137,76.57833
363.861319,150,76.73542
306.144317,126,76.862922
322.550415,133,76.975024
327.179712,137,77.10405
388.082825,139,77.226581
326.646379,138,77.36821
328.800201,131,77.498391
258.058375,122,77.622447
361.1393,136,77.750988
342.90466,136,79.131091
359.421317,132,79.25661
315.467122,122,79.371157
247.719631,111,79.489275
322.371923,134,79.622348
364.035102,138,79.766865
354.912596,152,79.89198
298.165388,125,80.024074
418.798892,156,80.182608
315.767606,133,80.306157
398.383742,156,80.43082
365.836492,139,80.531336
170.720733,91,80.620848
359.69261,136,80.745364
352.817655,147,80.862885
271.536329,119,80.975925
370.634448,134,82.375051
342.534706,136,82.512608
320.100306,137,82.64804
299.992322,131,82.787554
376.246508,141,82.915132
356.490028,135,83.049643
317.489215,135,83.181157
356.138423,133,83.300676
362.830794,131,83.431355
439.5358,167,83.600948
370.833512,145,83.740055
352.602445,145,83.891085
305.633585,131,84.02013
398.812408,154,84.166669
421.777391,163,85.536503
473.032601,162,85.681017
347.778023,139,85.79759
350.421451,128,85.920219
347.081945,138,86.060739
383.047374,152,86.187254
310.436528,134,86.338407
334.660013,141,86.489424
343.190828,145,86.629478
370.137267,138,86.764992
366.656863,140,86.895033
410.951796,150,87.034073
367.631776,136,87.162589
408.488354,154,87.302104
341.490528,140,87.436688
309.393616,133,88.832511
301.913952,128,88.959592
406.634013,149,89.103107
288.388696,124,89.204626
417.998118,150,89.349657
412.143497,157,89.52173
330.087149,133,89.664878
433.054993,161,89.813446
392.018635,153,89.926648
285.318084,128,90.036681
514.346565,179,90.196193
356.74459,136,90.324712
474.416484,173,90.491311
342.180092,147,90.642378
389.220723,152,92.017011
457.52112,167,92.19304
388.054657,150,92.327559
335.219994,136,92.473119
396.306976,143,92.59664
371.230824,146,92.743828
603.463933,195,92.943507
342.418106,141,93.070109
429.624366,154,93.205601
368.902814,138,93.34115
332.962762,143,93.471716
346.289044,142,93.577204
379.403034,135,93.711818
354.975217,129,95.074962
370.651558,133,95.203544
553.274944,193,95.389205
315.469699,137,95.518763
453.371528,158,95.665787
492.250663,166,95.832325
436.435112,151,95.975991
483.097985,158,96.137612
276.425944,120,96.234194
358.203476,148,96.364229
357.276066,140,96.502261
450.829195,158,96.634778
367.664367,129,96.762811
467.449574,164,96.928872
634.476503,202,98.408541
387.177832,146,98.533126
343.510058,126,98.639637
548.408186,192,98.814679
491.402865,174,98.978238
231.081754,104,99.079755
500.427154,169,99.245356
583.012587,201,99.431081
364.800562,131,99.543628
594.66307,194,99.708717
161.207592,76,99.779225
629.865609,201,99.969807
464.847925,160,100.11632
487.736238,166,101.473759
367.691697,135,101.599338
362.358941,134,101.702904
417.385176,142,101.82242
397.07258,141,101.954499
537.002397,201,102.148525
362.649604,131,102.259043
320.401241,131,102.375566
438.751721,161,102.535208
480.47446,166,102.698355
235.797529,105,102.809847
538.534196,184,102.98239
362.217651,132,103.099904
476.963453,170,103.24344
605.091518,190,104.654425
555.704672,181,104.830564
384.962952,145,104.973089
372.665298,132,105.098145
544.607662,189,105.272684
391.480823,136,105.39573
630.058157,203,105.563297
525.75066,186,105.738439
420.630862,147,105.867969
572.209823,192,106.057531
487.409067,165,106.185042
659.185993,217,107.65169
382.182916,141,107.781299
618.122304,202,107.94602
504.802977,167,108.0906
597.605432,197,108.247636
187.056662,83,108.326161
560.57904,194,108.492237
547.34595,183,108.679303
154.55197,75,108.750808
446.424206,156,108.904362
544.289317,192,109.10344
391.203524,138,109.203954
455.922545,156,109.3415
466.297088,173,110.740207
450.976354,155,110.866792
613.685155,205,111.051433
650.238633,212,111.248455
610.410728,212,111.430024
356.468065,130,111.56455
593.832211,190,111.743651
589.757993,190,111.909382
386.92566,137,112.055906
552.500959,182,112.234935
345.116618,124,112.360454
346.503929,145,112.501501
601.833127,206,113.992769
625.391985,209,114.189867
262.448766,109,114.293384
332.042427,123,114.402416
481.528542,167,114.530459
638.2417,190,114.696986
605.712521,192,114.876092
249.561458,103,114.981168
581.874381,216,115.186227
342.783607,123,115.29075
598.499033,191,115.469349
637.01323,210,115.636452
517.688375,168,117.03825
649.0902,224,117.260296
491.749263,162,117.41642
423.102732,143,117.525478
591.727058,180,117.702008
516.667041,181,117.860116
611.110914,208,118.037738
792.165759,255,118.275826
316.71648,130,118.378365
606.025349,204,118.567933
615.421948,205,118.763002
577.561382,189,120.193783
509.833105,169,120.347872
519.764342,170,120.492933
519.171235,188,120.666004
888.908586,280,120.950136
657.948987,224,121.159231
564.444267,201,121.363316
607.528086,204,121.582959
465.859141,157,121.71348
617.275173,203,121.905083
755.446556,238,123.338408
358.727095,129,123.468029
580.005092,192,123.627549
583.802056,202,123.800599
453.767555,171,123.97115
611.537318,208,124.17097
651.489613,211,124.354048
607.038925,197,124.546114
545.458473,191,124.720198
317.602897,131,124.85027
555.483832,183,125.044323
460.987621,169,125.20736
600.631933,198,126.566417
405.620601,139,126.672957
657.604879,216,126.867038
489.218191,173,127.042069
643.357718,211,127.25765
555.359045,195,127.44372
355.935569,142,127.587796
494.706102,178,127.750031
651.242989,215,127.94263
446.234278,154,128.105693
577.417276,196,128.270773
816.93324,267,129.735503
676.069626,231,129.904098
624.657298,200,130.114164
632.523158,198,130.289263
582.973405,190,130.459366
545.451753,180,130.584429
518.832368,188,130.727967
565.787732,191,130.915593
686.586481,219,131.128689
191.737308,95,131.191305
721.779702,251,132.649441
641.579113,223,132.820505
629.997409,208,133.018134
554.127141,187,133.187186
229.772054,106,133.2957
573.44717,202,133.466761
635.53526,203,133.667788
392.122092,152,133.804871
413.45471,143,133.954938
602.972948,205,134.12798
114.679271,68,134.199506
822.759882,267,135.697802
499.944969,168,135.843312
372.125029,135,135.97037
596.811215,201,136.152004
481.592601,157,136.275546
373.2469,131,136.381064
389.430515,152,136.520662
535.101327,190,136.703717
353.215376,140,136.848233
360.836218,131,136.98534
454.052288,162,137.143395
595.385514,195,137.32245
543.457267,166,137.470497
687.116741,224,138.915128
500.567599,184,139.075678
565.934628,188,139.243728
568.675667,192,139.414368
566.59479,202,139.605426
707.251701,228,139.817522
857.823768,274,140.071097
615.158022,207,140.296657
720.031095,238,140.520876
636.540054,214,142.08735
606.594338,196,142.302922
647.194007,200,142.468804
628.065344,200,142.655855
656.982653,212,142.850907
761.134822,238,143.026468
534.962219,185,143.17199
294.621481,111,143.252536
650.807567,194,143.419153
595.38882,195,143.575239
658.543222,214,143.752312
663.130207,204,145.051162
164.278102,78,145.124705
776.759574,244,145.328791
804.295812,260,145.541112
615.100483,204,145.706192
727.602811,226,145.903303
796.350908,253,146.130929
596.630272,199,146.325023
319.019821,130,146.45112
394.444203,138,146.578663
559.525992,174,146.727757
536.321535,178,148.179512
645.628239,220,148.364603
631.655233,193,148.558219
654.690405,219,148.763303
532.482173,190,148.936923
613.360596,207,149.142001
406.193144,140,149.289563
559.139401,200,149.484149
556.724568,177,149.64723
927.057759,332,149.93936
586.005136,219,151.481903
647.045817,215,151.704538
798.238973,244,151.915164
607.020633,209,152.127261
389.461574,135,152.268808
613.022829,202,152.481435
610.023357,209,152.702523
635.904785,210,152.913672
610.148517,192,153.099227
252.031197,103,153.203762
649.464902,208,154.691488
709.748905,229,154.853574
165.512275,86,154.928644
719.868464,221,155.127732
597.301351,203,155.330815
610.609985,184,155.499911
639.219863,205,155.701991
573.888425,198,155.863738
765.724792,227,156.08135
479.254395,155,156.233433
538.376964,188,156.421082
549.363835,187,157.933056
514.460361,179,158.116622
254.955526,110,158.193154
653.632411,228,158.395226
649.191992,212,158.605856
352.672116,144,158.731622
588.255837,206,158.947205
209.435152,100,159.046727
582.888491,201,159.234829
747.52012,242,159.476362
571.342294,196,159.63846
566.61111,189,161.152106
648.310287,208,161.36721
594.479598,193,161.541734
617.697608,191,161.721254
682.555868,227,161.943391
482.897362,151,162.078945
219.960559,102,162.177493
599.965507,193,162.375575
589.037492,197,162.555227
746.460766,229,162.771285
649.931494,238,163.000898
654.3855,208,164.545182
514.82737,183,164.735744
704.292399,231,164.952924
668.018379,225,165.179032
137.868568,72,165.255565
565.97886,175,165.420666
438.738879,153,165.56375
436.155448,155,165.715287
762.633253,243,165.917967
403.637113,136,166.036055
648.967703,207,166.210129
697.286318,232,167.748893
555.328337,193,167.955057
734.560971,230,168.20119
462.940083,163,168.366273
770.254535,247,168.604917
589.722167,198,168.808012
407.488737,139,168.942092
716.094398,228,169.163262
676.694368,225,169.385357
483.775084,162,169.542432
553.684993,189,171.002247
685.418559,217,171.238323
616.103104,205,171.445533
659.09515,213,171.663616
660.692489,207,171.865386
575.066335,192,172.047018
395.928379,135,172.181781
476.602424,153,172.330312
582.847203,194,172.517921
603.23399,194,172.699009
550.721549,198,172.891093
607.754277,209,174.413874
555.919822,196,174.605161
537.026338,168,174.754695
585.514022,199,174.958851
384.010434,139,175.097935
665.303377,210,175.300053
416.334958,145,175.440121
583.51194,200,175.630212
616.950266,194,175.81231
617.099172,214,176.009924
424.828888,163,176.163503
558.642827,186,177.637867
402.652228,136,177.772432
565.626928,195,177.977094
715.906995,221,178.167725
260.487485,104,178.268256
453.366294,153,178.409331
309.759315,131,178.526947
541.936692,178,178.701029
532.174588,166,178.868555
581.269627,199,179.042738
670.145978,208,179.243792
456.609924,149,179.364356
544.547471,187,180.84309
579.050638,185,181.026736
249.702974,110,181.141284
631.499056,219,181.355377
580.32758,186,181.522022
628.639758,198,181.714124
481.419956,169,181.881662
707.188813,225,182.097325
949.0922,305,182.373961
672.946818,233,182.586594
506.006871,173,184.005805
512.605894,167,184.163876
585.392886,206,184.36897
693.669442,207,184.579602
643.362756,214,184.766702
526.504195,166,184.909255
692.657112,231,185.126073
770.332476,260,185.356174
614.959325,210,185.538771
369.651069,133,185.659311
281.971068,111,185.758835
366.113657,129,187.157605
480.006631,163,187.311169
535.659118,166,187.494753
522.297522,168,187.668839
566.114318,193,187.873597
551.903083,193,188.077202
615.504435,188,188.263314
505.338818,171,188.437917
423.8524,149,188.593458
849.106077,285,188.872109
575.227805,201,189.055264
640.915496,205,190.553975
584.758723,179,190.741071
530.104352,178,190.916626
597.168084,190,191.107989
671.135662,221,191.327715
575.776249,180,191.519366
748.444565,239,191.751972
407.178407,140,191.877508
468.574265,170,192.037124
390.499056,139,192.154669
683.389149,229,192.363769
271.250673,111,192.480311
635.046486,207,193.947044
699.964242,226,194.168121
649.357379,203,194.360205
532.992999,189,194.550798
620.145803,201,194.741363
533.979692,183,194.925463
498.442386,157,195.06703
519.794781,161,195.231578
693.354206,234,195.462733
887.754391,264,195.721805
587.724776,196,197.192103
873.35865,267,197.454274
588.941404,180,197.630821
594.794105,194,197.825912
585.615305,183,197.992529
616.282551,195,198.183626
604.950502,201,198.374715
703.055989,233,198.60434
614.456497,188,198.803441
534.043923,187,198.948543
510.523792,169,200.414757
557.319466,200,200.580385
595.105204,190,200.769476
612.481391,184,200.948586
658.186387,205,201.147676
722.196227,233,201.353758
926.080186,285,201.629615
554.110311,196,201.827716
570.605438,209,202.031104
685.420655,226,202.247194
539.109915,183,203.71838
678.028775,219,203.933095
602.554158,195,204.129693
720.699522,237,204.367304
647.678173,203,204.577959
532.336815,177,204.7245
814.806487,240,204.947144
706.61176,228,205.164224
500.432911,176,205.328288
827.260857,284,206.91578
625.120477,202,207.115425
572.053921,202,207.312532
369.215282,134,207.443645
634.329284,199,207.63573
617.289557,211,207.839339
537.79579,172,207.999973
245.816119,105,208.104515
576.923802,171,208.274075
596.607347,208,208.481226
615.90356,197,208.665787
422.981143,145,208.79186
425.994013,144,210.169548
584.855396,186,210.352641
604.839287,186,210.544268
302.605503,132,210.659822
436.899574,161,210.820916
583.445784,175,210.989022
701.69034,233,211.210309
683.423582,225,211.427383
384.52228,158,211.582493
602.768127,200,211.794568
618.382622,207,212.005052
622.837774,200,213.450442
540.996702,200,213.649541
698.878222,222,213.860601
660.986856,224,214.074224
634.471531,210,214.268304
667.228401,209,214.451926
736.102802,238,214.695013
748.215755,245,214.928611
382.39712,147,215.073668
609.527384,196,215.257737
746.911552,232,216.778581
675.92313,205,216.987212
660.506784,214,217.194306
461.74982,161,217.357405
294.020188,131,217.47907
583.63991,223,217.702685
548.11672,217,217.90939
361.750873,135,218.019998
323.721921,128,218.138545
545.06101,182,218.302095
642.814957,209,218.494265
617.365197,209,219.996006
387.779008,144,220.13501
827.349681,253,220.382106
204.849517,100,220.48419
535.778487,185,220.664233
628.894565,213,220.868329
603.077916,203,221.077961
617.038884,201,221.278019
237.308984,103,221.374561
721.773642,229,221.610203
558.068148,193,221.796271
641.056292,209,223.29898
612.907183,208,223.493593
824.301204,270,223.74423
543.416919,187,223.927784
741.175782,236,224.138073
557.709014,198,224.324141
687.533444,215,224.519758
767.845639,260,224.752392
325.900527,134,224.881938
481.843219,159,225.034018
659.8874,218,226.538458
627.120422,205,226.73755
377.048264,146,226.878394
577.354752,196,227.055552
606.762744,206,227.252642
338.905669,136,227.374187
844.807002,287,227.640822
738.231389,237,227.858434
639.718662,220,228.070548
709.79481,241,229.253381
692.214912,228,229.425943
792.473165,239,229.632688
343.745196,133,229.760766
280.30666,119,229.861314
578.636411,212,230.05988
601.262516,200,230.233445
569.159705,211,230.435523
515.428709,179,230.604169
533.919007,190,230.767264
609.149155,212,230.955332
673.382065,225,232.437705
637.493595,209,232.610939
869.639353,270,232.867566
297.834817,134,232.993645
815.141104,250,233.233737
687.658637,224,233.457376
640.338154,200,233.651464
667.288729,212,233.858541
418.406819,154,234.016142
689.123018,216,234.212223
719.621021,238,235.68401
1269.226885,396,236.06572
682.49366,216,236.272818
701.629094,228,236.483447
701.211046,226,236.703553
632.228906,215,236.896638
878.01855,271,237.128225
736.711018,239,237.344295
541.062379,187,238.802022
540.558696,186,238.976125
1156.144813,386,239.335027
760.046966,254,239.566665
862.397671,270,239.826282
614.20348,220,240.046914
770.410941,251,240.275999
721.734203,245,240.516127
1276.143181,404,242.153267
589.623049,220,242.342367
691.867229,214,242.546996
522.844228,191,242.700106
1326.733187,500,243.178866
684.108332,223,243.381975
983.575014,321,243.670133
1302.444623,407,245.321461
638.49242,213,245.516096
614.089279,209,245.691667
626.565553,202,245.883749
578.333725,172,246.044385
599.910301,189,246.246488
596.828606,198,246.44557
684.247594,233,246.655142
633.134128,209,246.881237
498.319745,166,248.384901
664.661239,221,248.604548
804.989872,257,248.865171
723.293558,226,249.066793
642.186568,207,249.253879
1011.705036,331,249.581018
263.301444,110,249.695562
470.876984,157,249.853651
1479.539385,495,250.350881
597.339624,190,251.775657
661.292915,220,251.982292
1024.451157,339,252.274944
847.063179,274,252.54511
753.553447,253,252.799196
978.258951,354,253.136938
1208.010212,417,253.561333
1519.442501,492,255.286167
788.367627,254,255.511825
725.465018,244,255.726924
976.551051,311,256.037112
388.223995,137,256.158165
1196.212618,398,256.560894
695.336904,221,258.027202
723.67443,236,258.247835
1259.885137,402,258.557017
776.361023,254,258.783098
693.729669,223,259.000736
1200.000486,381,259.357893
739.828565,230,259.594549
490.570142,162,259.754648
725.652329,233,261.242435
846.346598,271,261.490292
719.204587,238,261.711375
571.906172,188,261.867444
646.020621,200,262.048551
767.021055,250,262.295179
750.106839,238,262.515807
948.303028,316,262.801434
913.593416,302,264.206613
812.542425,254,264.378692
578.68154,191,264.557322
591.183107,204,264.724846
507.088938,170,264.87094
708.378502,227,265.082584
793.874349,257,265.307669
720.653304,226,265.529294
989.144399,302,265.829921
1165.27332,370,267.439939
862.672537,264,267.710118
409.256805,161,267.864203
690.871176,232,268.067819
1030.949562,322,268.386981
932.038302,308,268.689125
1013.268951,313,268.994285
545.623793,217,269.217329
323.899195,135,270.586095
737.185529,238,270.807191
463.457441,160,270.950745
738.535929,225,271.170387
605.763447,204,271.381
878.25571,316,271.692136
1259.490485,373,272.067299
602.533836,200,272.247353
980.137213,308,273.852263
639.320946,202,274.045445
1624.315252,500,274.494651
823.472448,251,274.746739
646.370052,198,274.938822
879.677335,266,275.202094
1133.851518,339,275.543399
802.712599,263,277.08127
954.925184,321,277.372865
701.120587,226,277.571782
1461.982297,471,278.011266
295.733824,133,278.144807
931.391661,300,278.425441
1060.346225,328,278.734603
641.732675,222,278.952694
641.102292,203,280.448462
325.140522,138,280.547549
733.511028,226,280.740601
773.527918,249,280.976704
687.226378,223,281.197325
892.876169,294,281.486465
870.961631,285,281.782059
772.128649,234,282.018881
580.430171,196,282.216456
508.41658,212,283.756907
1188.799368,351,284.081053
528.158826,219,284.301126
758.950964,257,284.566264
303.493069,143,284.716822
1602.908763,500,285.185094
766.84661,245,285.406894
1209.979177,406,287.117368
666.008928,217,287.321451
296.357395,125,287.443526
929.668488,290,287.748697
918.474192,298,288.033877
1224.153589,383,288.401519
736.897582,232,288.614104
1143.498138,373,290.228902
646.433383,212,290.396952
813.810381,253,290.624582
678.512506,219,290.852224
1276.448452,412,291.276877
783.677508,249,291.542628
1313.887672,420,291.921206
874.788307,270,293.489945
554.848912,183,293.683981
858.394962,253,293.954587
940.314627,291,294.218155
876.697051,264,294.455725
671.114382,225,294.690331
870.155699,255,294.913397
670.484446,208,295.119014
681.667028,215,295.309063
705.98305,230,296.743125
1460.747483,500,297.179155
640.186213,209,297.354708
928.761789,311,297.611817
710.00385,226,297.812866
855.205641,282,298.049437
1540.256221,500,299.653533
1072.15369,350,299.988643
1495.710379,471,300.448947
959.286624,314,300.730069
809.20395,250,300.969163
668.179269,223,301.155711
695.963146,246,301.369805
599.029441,202,302.776004
621.150634,196,302.93516
1145.141079,355,303.268444
816.638362,312,303.574742
1384.485951,418,303.986086
1454.391913,440,304.374904
1208.15158,500,306.138516
1055.169703,342,306.446187
975.14787,313,306.744477
720.856038,239,306.955657
768.947517,239,307.170403
707.6363,226,307.373571
585.48209,188,307.536297
832.915858,260,309.093532
899.296652,286,309.372326
1198.871214,352,309.748195
616.128787,205,309.919384
993.228046,306,310.22971
1030.131545,315,310.535985
907.533857,339,310.846668
535.163099,219,312.312007
480.828628,220,312.550779
703.032756,299,312.842046
870.248033,310,313.138427
1412.340147,433,313.523651
459.437344,161,313.704778
336.035616,145,313.832848
522.805328,211,314.048456
860.978712,316,316.009706
661.340483,239,316.254886
1157.609965,377,316.657555
799.035941,257,316.912621
751.057834,236,317.162724
1177.121544,376,317.531147
1299.644108,500,318.773792
835.967624,267,318.953416
619.97612,186,319.092488
843.981645,259,319.249562
1011.003031,320,319.404123
1090.281962,344,319.561718
856.833366,289,319.753794
1120.183878,430,320.698278
887.23899,378,320.873944
839.43487,254,320.996178
1228.565004,427,321.22877
555.444201,243,321.395832
661.043803,244,321.534418
820.229367,260,321.692961
1311.496295,500,322.775951
1260.919012,406,322.958879
1338.338778,500,323.213471
1319.861329,418,323.422241
641.66847,214,323.539437
1322.744466,414,324.564041
763.159033,250,324.718565
1414.613874,500,324.980161
702.809858,301,325.144661
260.084282,133,325.224672
1289.201288,426,325.435759
939.981675,282,326.300663
1401.281216,500,326.556758
966.240602,300,326.675288
912.834909,277,326.794853
1031.589481,321,326.963944
1051.890298,325,327.113018
1362.49292,401,328.020723
1307.374007,452,328.24229
746.927194,244,328.384836
1075.600627,336,328.557424
906.033554,321,328.784448
1302.080554,418,329.178687
824.486136,321,330.820667
764.777801,237,331.1054
691.628362,222,331.328479
783.543822,239,331.576595
818.013828,251,331.84116
1070.283053,358,332.210009
615.608801,195,332.426078
1487.37928,459,334.261961
1168.954691,359,334.669596
811.866324,256,334.93425
1247.884379,376,335.36488
916.416889,290,335.727547
654.077953,221,335.981796
997.588191,311,336.314929
662.06387,210,337.895605
648.973169,203,338.163483
803.383181,249,338.431193
822.075789,252,338.731368
995.554817,334,339.209572
643.77677,205,339.447665
1129.139848,363,339.829356
1190.878195,383,341.534619
552.912181,179,341.716674
677.290511,213,341.921739
638.581635,205,342.134308
1117.304484,347,342.45703
668.124084,213,342.664497
405.521381,141,342.784027
613.613492,207,342.945556
1121.840314,364,343.275174
917.575938,282,344.81421
653.707115,205,345.024793
652.598457,207,345.245508
656.816786,204,345.441157
623.487339,198,345.62002
767.596289,231,345.858001
726.285106,232,346.0881141326.448972,412,358.872269
91103.000303,323,348.103836
549.273333,175,348.285863
878.551862,277,348.545458
621.154949,201,348.737513
1026.911429,315,349.028183
1542.295227,473,349.49171467.832509,500,362.520293
841.127173,325,362.836914
857843.215618,261,351.536345
1420.779943,429,351.965487
1037.571038,320,352.291141
628.111421,197,352.50621243.740454,500,365.838388
641.226661,205,366.064448
1171.51165,362,366.408094
1373991.224931,318,354.92959121528.796773,169,355.0736541428.532781,441,368.881731
887.640643,260,369.115786
900.474067,274,369.37538
1584.357903,500,369.862559
789.096408,250,370.122205
1043.877604,316,370.425886
1490.902419,482,372.231055
766.623423,231,372.4711
730.62587,214,372.6982
1298.56409,402,373.133855
755.450061,261,373.400444
683.221208,223,373.618522
736.029543,214,373.821119
7541387.711183,500,361.9721124.577136,350,375.752928
703.494006,211,375.956023
534.961658,181,376.140643
867.975621,276,376.42223
1461.1333.157645,478,364.791807.2934.414527,293,365.076500.01397.960103,500,365.581503.414027,445,379.201427
816.063224,245,379.505838
566.21465.13754,500,368.363561
1011.761795,302,368.663661
1500.952826,500,369.158843
1357.965586,500,369.730007
904.106306,272,369.992074
1186.505528,384,371.681964
926.423718,281,371.941548
1481.007682,500,372.440773
1055.71664,394,372.820106
594.457521,196,373.006902
1282.851476,500,373.532006
905.790151,288,375.124293
1476.673651,473,375.625498
1427.648418,500,376.226223
1299.423503,416,376.700456
706.138621,228,376.925758
1007.505975,328,378.652597
1522.125375,500,379.163792
1247.041707,393,379.559438
804.404399,287,379.875026
1221.083246,386,380.223097
1074.615088,337,380.546181
923.21362,287,382.213079
839.430891,250,382.483144
1314.876035,413,382.924157
1123.112667,372,383.332815
1101.926033,336,383.700606
821.196619,252,383.980158
1525.682207,500,385.758397
1405.010886,438,386.201021
1017.029401,333,386.538732
883.545982,278,386.824349
1554.60021,493,387.28401
1300.204049,384,389.018653
1100.745675,325,389.329323
645.88301,219,389.533412
864.811477,271,389.790025
799.696368,243,390.020115
828.818937,243,390.269254
912.701153,277,390.528865
1062.074299,325,392.181125
1151.007367,387,392.577778
760.268335,240,392.834412
1564.306974,500,393.349648
1389.952536,450,393.760339
1171.62744,374,394.093472
532.641203,180,395.605602
1392.797696,443,396.070485
1102.55604,333,396.414098
842.483595,302,396.729915
1584.350233,495,397.219085
1111.504794,332,397.544409
861.665498,272,399.149632
1403.683287,433,399.580329
1024.48984,318,399.903929
1377.807252,415,400.333244
931.644923,277,400.614954
1187.565885,373,402.246549
840.011947,286,402.539101
899.257755,283,402.807694
685.122511,217,403.007761
891.796264,269,403.276848
1052.202175,325,403.606236
1504.930124,500,404.098399
897.74496,284,405.681987
686.203238,213,405.905082
844.196686,267,406.173152
868.094585,271,406.436212
822.815807,250,406.683324
921.989882,287,406.964917
1186.050069,371,407.292061
865.503918,271,408.904179
1048.773569,313,409.233033
1361.763747,413,409.638313
819.085639,241,409.858912
827.656756,250,410.101457
1063.653836,317,410.410077
936.269862,285,410.701219
1133.346091,349,412.383049
1038.954726,313,412.713844
1503.218047,500,413.238997
800.169838,259,413.479609
989.251007,310,413.799685
835.119635,261,414.068071
1218.04193,355,415.741665
886.95382,264,415.994271
662.65173,209,416.197855
680.706915,211,416.422949
1549.527842,477,416.85659
1445.524698,436,417.295794
965.909661,291,417.564958
854.154224,255,419.145229
1423.015572,500,419.655442
404.276609,153,419.8125
1126.857803,345,420.162623
906.47625,278,420.463743
885.793169,258,420.713303
1121.376143,1156.917745,399,913.536452,298,422.617212
1109.815964,345,422.919825
878.381859,283,423.18395
1127.896175,351,423.529141
1425.787633,500,424.020287
729.565356,861.123432,266,41347.47414,403,425.93524
718.845739,228,426.167871
611.75601,195,426.346899
728.490383,226,426.573584
890.998098,271995.563582,314,439.916568
1173.124178,368,440.287784
1013.665387,3695.107918,218,428.966218
996.693063,337,429.297618
953.58297,297,41170.043838924.073691,278,42824.64215,273,443.256125
931.438012,277,443.529733
1231.415229,391,443.943402
1359.65081329.664634,404,432797.257101266.615418,389,431080.57513748.217213,230,433721.046847,222,446.481744
1137.187155,385,446.82542
1532.986368,500,447.327618
979.2951648.535814,208,4351468.323441,500,448.055991
981.219286,322,449.681683
750.242618,256,449.944272
761.211294,234,450.191853
404.801431,157,450.342899
855.080182,284,450.62141
972.2941611473.018352,500,41105.70728874.269463,258,43982.3481411315.239812,394,41189.283651,384,453.290994
986.238346,313,453.577326
938.479995,316,453.901933
690.193857,1558.728718,500,442.254712
1497.58459,500,442.751563
1269.36806,388,443.128244
1335.574392,421446.239597,500,456.673622
416.922589,17843.11816,303,445.385566
1631.696542,500,445.842494
1602.32337,493,446.284918
1199.278595,371,446.606093
1115.445933,341472.918334,50921.862727,285,448.638372
1588.306579,500,449.058506
833.935244,254,449.276086
1300.325493,413,449.695722
1409.401556,433,450.106386
1058.509868,331,451.779658
1440.570081,500,452.238871
937.909757,275,452.495922
560.515267,189,452.6905
1505.439629,500,453.15164
930.017039,295,453.484112
870.559561,267,455.357261
875.042206,269,455.656876
928.732211,282,455.999369
889.958801,275,456.284395
849.593495,261,456.579499
915.580161,269,456.859521
858.588664,257,451531.614948,500,470.219378
775.81732604.184975,200,459.082781
903.644733,270,459.34334
1050.944533,337,459.667433
1377.262479,435,460.10412
927.471993,284,460.383538
877.109344,266,461522.118441503.958241,462,462.415426
1045.521337,321,462.800053
1457.770863,500,463.323281
1454.5039,500,463.834612
1363.028422,500,464.371029
860.091392,254,465.885411
682.176314,213,466.078998
956.933168,299,466.341598
1463.427701,500,466.831255
1225.446957,369,467.209924
995.038358,300,467.480497
830.525486,259,467.722067
922.965502,279,469.351605
1123.92008,346,469.729324
900.756562,275,470.016463
945.904079,287,470.263638
1513.870674,500,470.786886
1532.926959,500,472.666526
894.313123,270,472.918573
1523.613874,500,473.42874
886.694013,278,473.728877
929.921713,280,474.016253
937.495017,293,474.329354
638.771019,203,474.517451
1617.95581,490,476.356939
1520.805741,500,476.828861
958.241703,292,477.114032
936.890309,284,477.342132
909.222147,286,477.615276
840.243613,263,477.868848
1179.532787,348,479.518777
1233.932043,370,479.917287
1532.088236,500,480.395453
922.500322,284,480.656581
629.630739,201,480.836134
729.65867,227,481.033283
879.976391,271,482.572537
1417.847294,431,482.977157
865.682851,257,483.17076
1523.212126,500,483.667941
912.903664,280,483.919018
959.413103,295,484.223166
1039.743952,313,485.787827
1009.102228,298,486.073386
611.688659,201,486.274925
1427.723933,424,486.667586
1243.890204,379,487.025148
894.593502,262,487.261518
1143.311303,338,487.580407
1535.032582,453,489.298462
763.70339,230,489.560974
1059.186215,319,489.935555
883.928024,279,490.213614
1047.930401,309,490.501158
1589.789221,500,492.366584
1499.119511,500,492.858662
1175.620945,365,493.213237
825.716973,252,493.450267
1590.769865,500,493.894371
1507.332743,500,495.663387
837.130211,258,495.900927
1504.90735,500,496.40801
1151.370618,336,496.718082
1364.635506,436,497.131346
1011.496442,318,497.417893
1565.959407,486,499.30258
847.77243,255,499.568609
1570.967955,500,500.085708
1514.629903,500,500.550789
1155.202282,344,500.879843
1307.073037,420,502.648345
1445.596712,500,503.152483
1436.07478,500,503.63571
1046.90455,332,503.929294
1493.541936,477,505.643231
1564.625171,500,506.102471
899.917946,271,506.360543
1518.094403,500,506.7682
1303.892945,392,507.103867
1170.866327,362,508.652843
804.478418,242,508.846888
1414.86745,424,509.213526
928.321603,277,509.435597
855.976032,254,509.657161
865.951487,280,509.893228
1209.942427,365,510.211843
1457.093336,500,511.85394
1488.107796,500,512.32714
1512.490463,500,512.819824
1554.045391,500,513.272291
1097.304376,326,514.859354
888.31023,259,515.100914
723.788042,221,515.313392
811.684566,241,515.516468
1640.617395,500,515.985109
977.946494,293,516.249743
1318.893123,398,517.853987
946.629696,290,518.123107
1510.778266,500,518.567235
887.771294,269,518.804789
1289.392356,418,519.180419
810.947294,258,519.393463
1027.278943,356,521.031137
1330.466966,401,521.431844
1588.984202,500,521.909555
836.27462,248,522.11515
1576.174956,484,522.540403
1465.453594,500,524.218936
944.496216,283,524.473546
794.511745,239,524.710152
1519.939669,500,525.165959
1587.018266,476,525.568069
660.377534,210,525.773659
637.952808,197,527.20972
955.799227,290,527.491319
863.522755,251,527.71691
1518.415972,459,528.143072
803.185077,243,528.362148
1134.7376,337,528.657048
780.438814,232,528.855906
1423.164747,427,530.494133
883.538536,258,530.730781
1488.729408,500,531.208015
1506.443622,500,531.693229
900.6944,279,531.972826
1687.627252,500,533.751496
870.267783,260,534.006564
944.484028,287,534.287386
902.748704,284,534.55997
1002.741995,295,534.854131
915.911118,270,535.112758
1129.78604,328,535.390373
1666.906326,500,537.065852
772.037904,230,537.270485
993.906498,297,537.522563
930.568828,276,537.771329
1107.936886,327,538.059885
1435.931748,436,538.438019
1511.65994,500,540.122214
931.241185,268,540.36281
888.214057,273,540.595892
1594.038427,500,541.067762
1053.723754,306,541.344391
900.735163,268,541.59197
1363.787059,431,543.210162
716.278835,226,543.383229
1496.163121,500,543.840873
1143.370855,354,544.171995
797.637833,241,544.406034
1354.860721,413,545.994916
1506.460359,500,546.424517
1099.304934,323,546.755123
876.251131,262,547.005218
1269.989654,385,547.303356
1531.602565,500,547.732077
1489.543955,500,549.343821
1095.757515,337,549.673529
860.89728,261,549.91369
1146.245029,355,550.224842
1173.199037,356,550.532959
897.969361,260,552.010455
917.507132,320,552.275992
989.751752,300,552.54004
1512.715813,500,553.012013
1127.501033,333,553.336703
930.598231,281,553.555792
1185.969427,368,555.159309
1092.705573,329,555.444898
878.471904,257,555.690028
1432.578993,413,556.075173
910.35163,275,556.340795
1012.804232,301,556.664863
908.908035,261,556.957467
1262.684709,391,558.80821
1106.431209,329,559.107824
982.351587,300,559.351398
947.383253,277,559.580024
1549.105932,500,560.023652
921.347828,275,560.271224
876.606143,290,561.769896
1097.135372,336,562.072473
941.842076,277,562.34517
863.00517,257,562.59672
945.109263,285,562.860938
1400.485137,422,563.281119
893.307912,256,563.534158
895.410823,261,565.073814
1492.260068,448,565.457483
1149.230695,346,565.748663
939.811367,283,565.986273
988.489017,298,566.23686
1109.706093,331,566.517486
1036.701744,310,568.105323
985.244041,291,568.368931
937.922942,275,568.602533
631.19115,203,568.783151
907.753371,271,569.032352
857.790294,255,569.23151
1104.140532,325,569.523122
689.176436,215,569.729721
1542.165947,500,571.388121
1233.904876,378,571.674268
849.304147,254,571.898838
938.735256,283,572.151458
925.482892,275,572.422029
929.815738,285,572.666636
1292.825186,379,574.301342
666.306371,207,574.497924
1177.888511,350,574.833512
1063.922891,348,575.113109
1586.86213,477,575.570807
1469.419907,470,577.348547
870.14111,258,577.569608
970.773278,291,577.818373
989.639127,287,578.087411
1517.897334,500,578.564626
1059.114738,309,578.823633
849.047506,251,579.074827
1616.053197,483,580.717921
1549.299024,469,581.098517
1213.873349,368,581.425191
837.641677,285,581.704829
1502.788198,500,582.133052
688.214703,209,583.554606
821.889616,247,583.772164
989.706842,292,584.028811
904.416198,264,584.251918
866.317257,256,584.521981
871.773901,259,584.789058
1559.337165,464,585.20818
1646.588761,500,586.929834
1585.484102,468,587.319438
1254.279367,415,587.731159
797.57133,233,587.935767
976.092257,286,588.204348
902.781514,265,589.716739
1494.527851,439,590.082888
953.651686,279,590.312125
1418.796707,419,590.691788
1706.36412,500,591.168968
989.610007,300,591.473595
1548.180752,449,593.222599
803.014639,233,593.435261
964.420925,282,593.718345
925.529336,271,594.017956
959.174953,284,594.291654
918.432871,277,594.558265
827.560647,247,594.792852
631.276261,192,596.198429
882.621884,255,596.461015
715.110784,217,596.672586
867.5151,254,596.886682
1050.16243,302,597.202762
1573.525681,500,597.686929
963.033844,284,597.932583
1295.568913,379,599.5828
1482.839598,500,600.006461
1270.156595,369,600.354142
1511.247119,500,600.847918
859.138378,248,601.080531
1040.053947,307,602.541247
1546.190428,500,603.016493
1508.541913,500,603.46167
892.932291,267,603.666238
982.74668,299,603.933532
1274.733721,377,605.515499
1101.463223,327,605.828593
1529.816947,500,606.299726
864.380333,258,606.558784
1670.443022,489,606.988953
1234.833289,413,607.335063
1319.408295,417,608.896128
1044.179879,314,609.141771
865.382244,251,609.379359
1509.202577,500,609.855045
677.113209,209,610.04676
643.991188,199,610.189366
1573.455394,500,611.942972
1543.284385,471,612.395982
1578.290922,500,612.838665
1084.160828,321,613.108239
878.225063,259,613.308844
924.871358,284,614.761402
923.978871,272,615.014628
1175.280133,361,615.347748
1341.061392,425,615.760352
1530.793158,500,616.198335
1392.676464,426,617.872506
937.937588,279,618.174662
1481.336063,500,618.661925
1493.552396,500,619.1032
778.022227,238,619.317794
1317.256452,391,619.650947
1082.25342,359,621.26686
897.621118,272,621.516148
995.270321,297,621.809159
928.015283,267,622.043239
1206.765293,364,622.40869
937.149365,271,622.648271
741.613592,224,622.861313
1087.741227,316,624.419332
661.656463,218,624.637419
1591.779417,500,625.080082
1103.214548,318,625.355253
1155.486857,340,625.679362
1222.522933,363,625.998478
1181.192869,356,627.581831
1583.476708,500,628.043066
1486.961652,431,628.440771
1210.368366,363,628.761916
918.199546,273,629.0355
1355.340994,436,630.749481
1463.982435,500,631.15116
1137.132405,364,631.46446
942.664108,280,631.729581
1169.556685,356,632.057187
1504.978956,500,633.743968
1578.420987,500,634.165667
901.233086,273,634.408741
896.491983,269,634.669904
1478.578219,500,635.113091
780.912453,234,635.339201
1360.798997,412,636.990975
1440.666008,433,637.407223
1571.879339,477,637.860889
1545.023276,500,638.263545
1553.302132,500,639.963964
1483.832365,448,640.353676
1472.350008,500,640.819389
845.341308,249,641.060989
1033.212922,305,641.364173
929.162213,281,641.621264
1511.801506,500,643.328508
974.739525,287,643.622827
1392.585218,429,644.02054
1510.353894,500,644.473751
1567.649054,500,646.169842
1175.26449,354,646.497456
926.164065,282,646.753592
1595.332263,500,647.199325
646.296133,200,647.375415
926.356299,274,647.645607
1317.383028,389,649.275028
989.995859,298,649.560183
1348.918238,435,649.958853
1006.541955,309,650.183448
1066.506724,312,650.435556
929.31913,282,650.657627
1252.61492,365,651.002225
1464.895036,434,652.714572
1578.349168,500,653.192763
1532.271681,500,653.684616
894.083697,272,653.960227
930.839123,287,654.222831
1034.203625,307,655.851442
1217.12947,365,656.204563
901.049929,266,656.458185
1504.466027,500,656.928862
1621.225378,485,657.366091
1464.750296,417,658.947644
1076.268633,315,659.209766
1058.766216,313,659.475377
1081.341199,320,659.753705
1402.017711,417,660.151846
1500.306259,500,661.871539
1587.1558,500,662.356232
979.4375,291,662.624437
1589.280325,500,663.092299
1458.771256,445,663.509879
1527.968456,500,665.250948
798.352521,238,665.482552
900.505841,263,665.6841
1449.492276,427,666.092212
896.106517,267,666.34582
1678.947549,497,666.844034
921.189502,279,668.313738
775.596967,234,668.516818
1644.897097,500,668.950507
1368.849179,427,669.225641
1576.261594,466,669.532857
1600.314443,500,671.006502
915.828776,267,671.203103
1592.155111,500,671.610251
941.71825,277,671.804856
1527.996821,500,672.202566
815.825139,238,672.389644
1440.484731,500,673.920269
1023.260491,312,674.149351
1261.095169,376,674.487011
1577.699209,500,674.936387
903.059743,289,675.173028
930.614316,271,676.557309
1565.573451,500,676.999119
1153.684623,344,677.324189
791.061523,237,677.543258
969.927976,286,677.839404
645.298685,203,678.02948
1570.427932,500,679.693677
101.166535,57,679.739679
929.611828,276,679.958763
1038.654585,308,680.232912
882.40084,254,680.427001
1176.726399,341,680.742147
955.193063,278,680.990744
842.180509,251,681.219365
1464.029924,500,683.033552
965.407856,284,683.305378
1512.768762,441,683.738578
1016.589097,292,684.032296
823.932428,239,684.284473
947.211101,284,684.526077
1545.876229,500,686.340528
838.043032,243,686.596037
1109.840282,326,686.919181
1568.483903,500,687.38787
760.726233,231,687.62247
1566.802352,500,689.369325
816.138422,241,689.563401
869.81017,255,689.777637
1229.189561,360,690.123784
963.186717,284,690.363358
1254.005415,365,690.718004
1112.767488,329,691.046618
1150.088632,330,692.595138
1043.862596,321,692.900296
1170.008198,347,693.242513
1621.862961,500,693.700167
1564.2489,500,694.182147
1318.215734,390,695.790072
821.881478,245,696.037745
967.858835,290,696.299342
1397.224622,415,696.675747
921.939967,270,696.921855
935.152118,286,697.193463
978.405948,292,698.848076
942.83851,286,699.097819
1535.709465,500,699.58291
1468.378364,500,700.027055
1467.587162,500,700.477676
1483.506595,500,702.167881
1521.599992,500,702.665051
1181.357182,347,703.011173
1172.926513,342,703.325336
1108.063056,323,703.643482
1505.590405,500,705.340791
1549.337644,500,705.835997
935.050262,283,706.094062
1669.47016,500,706.570322
1099.222245,323,706.8475
938.720566,282,708.391239
1523.30196,443,708.800944
1607.018784,500,709.264095
1153.00363,333,709.556742
124.683809,68,709.622741
1057.711836,310,709.933852
1545.9418,500,711.669525
1626.019745,500,712.179515
1638.433842,500,712.680728
1160.211821,344,713.002826
921.110271,266,713.236086
1632.70546,500,714.970829
1305.456038,393,715.338031
1537.449803,450,715.727361
1552.90321,500,716.216122
1472.383508,500,717.948253
1033.825938,302,718.258829
1572.558245,500,718.741513
1093.477382,325,719.058633
1545.426355,500,719.511256
968.700789,304,719.768417
1526.233458,500,721.527583
1207.523509,361,721.86624
1519.902489,500,722.32653
1449.808253,500,722.754957
1485.344544,500,724.433344
1530.029371,500,724.893482
1529.428118,500,725.326793
1483.837623,451,725.725983
1551.43175,500,727.451364
722.824353,213,727.638439
1215.004388,366,727.969125
909.811431,274,728.239887
1336.187964,404,728.634034
1503.301361,500,729.029686
1543.226571,500,730.737639
1561.180569,500,731.19323
1566.880118,500,731.66584
1490.948556,500,732.134925
1536.989604,500,733.845428
1580.005664,500,734.292525
1602.740271,500,734.756882
1510.30186,500,735.227995
1188.471123,351,736.804799
1042.24476,298,737.104356
1567.224252,446,737.517638
1605.936611,500,737.932963
967.1802,285,738.22413
1503.902907,457,739.898969
1565.362873,500,740.389205
1449.596114,422,740.772857
971.915268,284,741.002403
1579.747476,500,741.484099
1314.722071,387,743.152322
1426.59748,500,743.647549
1560.555718,500,744.144729
1548.065701,500,744.637926
948.291835,280,744.8785
1524.174505,444,746.509125
1017.283476,302,746.769446
1601.245086,500,747.213632
934.679589,284,747.454458
826.19239,244,747.645524
1179.170386,354,747.983635
722.366269,212,749.407584
722.849944,221,749.591117
924.981093,276,749.816213
1274.718143,365,750.166832
1282.379305,380,750.519484
1008.992237,294,750.757101
1240.039729,363,751.066733
1290.12478,374,752.558261
1012.224547,296,752.802828
960.06918,272,753.009891
1113.052428,331,753.338542
1552.067691,500,753.773179
950.325216,283,754.033845
1008.479876,294,755.54737
1030.523317,302,755.807963
1529.25289,500,756.264191
1202.310369,347,756.574368
1597.455444,500,757.011056
1508.124352,500,758.753321
1551.635916,500,759.209026
1489.628634,500,759.608176
1189.733215,348,759.951899
813.813051,236,760.187955
1594.60648,500,761.79749
848.51324,252,762.038096
1684.328248,490,762.47278
1113.479344,329,762.771103
1616.407977,500,763.238335
1600.827602,500,764.898191
945.500118,275,765.146804
910.890466,261,765.414394
1327.545013,391,765.792073
1318.040341,382,766.123694
890.023934,260,766.365506
967.423854,283,767.846785
1566.352645,500,768.218434
1607.731973,500,768.629575
1610.767845,500,769.082364
991.741872,293,769.339957
834.062434,244,770.75868
1659.743381,494,771.227909
868.562975,256,771.457242
1189.534301,345,771.792007
1592.420113,453,772.245198
1563.893745,500,774.023849
660.261615,191,774.246453
908.676815,270,774.527024
712.42387,216,774.738659
935.495783,268,774.965858
1151.061083,337,775.289004
1207.248794,351,775.548095
923.835003,273,777.067957
1511.561974,500,777.547665
1365.587219,392,777.895284
724.545622,217,778.107356
1612.784425,500,778.590607
1617.108258,500,780.33877
1295.601666,376,780.713141
874.016886,251,780.964289
752.705782,219,781.174321
1039.108182,305,781.465454
1599.386288,451,781.863118
1548.132689,500,783.478185
1160.755049,337,783.806334
1190.919635,338,784.134925
1558.790657,500,784.60518
1327.877228,416,785.013857
1585.352103,500,786.702493
1023.282259,303,786.987609
1020.409111,303,787.2642
1147.717162,323,787.532784
1634.203289,500,787.972481
1542.041911,500,789.675638
1304.743786,387,790.042314
876.404146,259,790.314458
1021.042969,319,790.608072
1582.335394,500,791.069753
1581.29723,500,792.751009
1511.24924,452,793.146171
1581.819193,500,793.603381
1769.670933,500,794.109606
1359.941593,393,794.45476
1419.438835,409,796.040895
1565.604272,500,796.524073
983.823577,296,796.788701
1241.66082,354,797.099301
1257.983948,366,797.437446
1165.762367,334,799.050143
1548.127644,500,799.573901
1597.391501,500,800.091683
1730.722345,500,800.549318
1176.825705,333,800.868079
1031.2394,302,802.531956
914.454894,273,802.789571
1440.669005,431,803.21058
921.732463,270,803.494326
1597.954237,481,804.016776
1603.230323,500,805.824366
1572.807848,451,806.264902
1551.182013,500,806.658016
1698.635703,500,807.119137
1563.733607,500,807.601121
1541.331514,500,809.308439
1489.294925,500,809.753659
1604.273762,500,810.183548
1603.206051,500,810.618671
898.621756,267,812.089734
1116.077918,321,812.380601
1483.026132,427,812.743285
1535.773304,500,813.221982
1351.952334,397,813.579098
1586.350942,500,815.269321
1515.648812,500,815.705154
1544.384668,500,816.157362
1450.118781,500,816.641235
1612.892842,500,818.27336
1565.03403,454,818.687505
1603.370159,500,819.081206
1518.018846,500,819.502836
1051.104865,320,819.798693
1620.547403,500,821.443322
1324.961788,378,821.770207
1560.628501,500,822.201343
1044.086849,305,822.466452
1710.739359,497,824.122437
1654.468352,500,824.609911
1623.636642,500,825.107139
656.018883,197,825.326772
1628.92737,500,825.80287
1226.432112,358,827.376413
1237.140999,359,827.701955
1389.600402,401,828.098535
1377.69465,399,828.451647
1046.972121,298,828.721672
1289.026648,369,829.04424
1000.54707,287,830.553108
1037.180499,306,830.798137
896.970709,260,831.021172
1569.627434,500,831.525784
1015.012458,298,831.808868
947.36897,275,832.0824
1365.458817,398,833.771391
1642.564655,500,834.267621
1592.615794,467,834.682684
1577.903981,500,835.07527
1588.868031,500,836.791167
1324.504369,397,837.159228
1034.752394,306,837.442789
1031.790988,300,837.706334
1585.525666,500,838.158442
882.600145,256,838.389001
986.813403,288,839.886801
454.128113,164,840.050827
993.115858,282,840.30237
1622.253935,500,840.714433
1008.511057,287,840.982491
736.483881,245,841.213517
1177.9063,341,841.535581
1050.800836,308,843.124337
1419.916253,412,843.504923
1179.916266,361,843.853201
1225.931239,351,844.154747
1644.598076,500,844.633317
1264.140686,363,846.289864
1639.102097,500,846.752538
1563.585774,500,847.216729
1606.42926,500,847.688894
1124.492183,325,847.980006
885.617182,254,849.442661
1007.715192,287,849.723243
869.690301,260,849.963337
1464.155447,430,850.389004
1553.750274,500,850.887696
976.005164,283,851.142785
939.241399,268,852.653401
1411.994422,401,853.037086
1592.081006,500,853.524862
993.5862,291,853.801955
1562.472328,500,854.269686
1517.956916,500,856.088763
1255.7067,360,856.420887
1550.081724,500,856.899744
445.110894,163,857.046292
1535.872922,500,857.595969
1067.761731,309,857.939098
1022.592077,298,859.566095
438.340805,162,859.703127
1296.969352,367,860.048281
1261.472049,369,860.377472
1652.331724,500,860.812721
1581.228281,500,862.645699
1037.070369,303,862.944823
1059.017785,312,863.24347
1552.620724,500,863.683682
1555.088829,500,864.194909
1614.662527,500,865.930034
1487.104267,500,866.424842
1535.710955,500,866.893997
1510.391663,500,867.426221
1576.849665,500,869.210377
1574.48809,500,869.639044
1591.822625,500,870.109762
1574.804046,500,870.604817
1409.252369,404,872.030212
1004.80842,297,872.168741
1574.841634,500,872.498463
1000.520031,289,872.667195
1587.314261,500,872.971322
1627.222003,500,873.763546
1636.215543,500,873.969589
1629.83836,500,874.192632
1551.475027,500,874.438719
1028.087228,303,874.592282
1627.622491,500,875.375557
1404.956041,408,875.648364
1002.664217,286,875.808938
1520.846671,444,876.244053
955.23963,284,876.461275
1548.144444,500,877.720732
1640.715626,500,878.006957
1645.063894,500,878.425316
1240.705992,359,878.806006
1634.370924,482,879.258175
1029.590885,301,881.140483
1632.173365,500,881.700722
922.616362,271,882.013382
1677.255886,500,882.571459
1603.561991,500,883.191206
1567.819207,500,885.128201
1640.905027,500,885.758528
1620.020113,500,886.348292
950.733842,275,886.707056
1637.378977,500,888.47501
1697.169418,500,888.980185
1664.588775,465,889.434286
1635.34847,500,889.91031
1675.902672,500,891.694028
972.088758,288,892.013592
1533.738409,437,892.476772
1212.378381,344,892.822397
1570.721294,500,893.304008
1598.207239,485,895.136238
1019.657073,291,895.426363
1408.607573,402,895.837013
1230.926634,340,896.164632
1234.862315,365,896.516801
987.498824,293,896.752974
1446.170179,412,898.397392
1184.986406,345,898.713033
1660.988555,500,899.139163
1175.14354,344,899.46223
1633.11692,500,899.930326
1598.304231,500,901.68966
1616.580381,500,902.152886
1634.954197,500,902.605525
1672.081037,500,903.035702
1366.094535,382,904.65952
1601.927946,500,905.136579
1326.742063,387,905.495749
1728.435797,500,905.940999
991.98823,285,906.189077
1057.862809,306,907.751363
831.278785,239,908.00995
951.709418,283,908.324067
1636.739445,475,908.805778
831.019654,242,909.010848
1624.661542,500,909.490045
1333.688283,389,911.236219
1601.149621,457,911.711016
868.736876,252,911.965119
1667.148023,500,912.478239
1031.352935,300,912.771816
1655.73105,500,914.577814
1473.227637,433,915.01651
1378.648963,404,915.383184
1635.685714,470,915.78786
1274.023411,360,916.089488
1001.132602,293,917.595633
1530.897949,431,917.959231
1060.078368,306,918.254786
1498.762096,438,918.673368
1625.145638,500,919.143954
1093.185219,316,920.700621
1553.460597,500,921.151889
1327.726624,389,921.535526
1714.875456,500,921.986749
1661.158235,493,922.467972
1625.444337,477,924.204629
1720.006749,490,924.694655
1738.852348,499,925.154367
1576.627367,451,925.583583
1321.157017,380,927.269006
1523.079519,500,927.785348
1388.334915,400,928.185488
1510.473914,500,928.650918
1716.869763,487,929.12511
1444.662744,420,930.839319
1608.012764,500,931.356614
1360.822053,394,931.749758
1254.430646,366,932.129447
1227.55154,357,932.471116
1003.299389,291,934.185054
1155.32573,331,934.52019
1002.676898,300,934.767766
1492.572136,429,935.15392
1637.833123,500,935.59295
971.361477,281,935.830571
855.382323,248,937.323793
1264.731434,365,937.658398
1461.921578,422,937.984573
1080.327914,309,938.247621
968.938217,281,938.505745
998.764577,285,938.788716
968.091797,282,940.258238
1369.27817,389,940.621928
1648.895055,500,941.074587
1668.135489,472,941.466243
1001.368229,284,941.726811
1663.063499,472,943.381649
1531.978454,435,943.807354
1569.502219,500,944.210428
1669.908342,500,944.652041
1651.743277,500,946.342052
1581.998248,500,946.781758
1603.868343,500,947.197924
1616.047799,500,947.671618
1632.87632,500,949.410362
821.133951,234,949.623442
1415.365077,431,949.976588
1605.056115,500,950.422362
1613.136092,500,950.89853
830.552876,252,951.155626
982.879995,292,952.740473
1326.075914,386,953.127123
114.187168,60,953.192137
1628.411412,500,953.684913
1272.78878,373,954.029594
1039.18471,297,954.315699
1653.577081,500,956.024734
1259.026455,359,956.379809
1255.410391,356,956.673402
838.242016,246,956.897005
1587.361912,500,957.350816
1707.293844,500,959.076107
1640.445793,500,959.534281
958.195459,276,959.815222
1783.272731,500,960.260384
1648.45916,500,960.682051
1597.413411,500,962.363027
940.753835,271,962.615657
1595.287126,454,963.021365
1565.029179,500,963.415593
1651.502871,500,965.189174
1607.16749,500,965.674371
1648.998024,500,966.13722
1700.539053,500,966.638191
1665.21162,500,968.346107
1644.004527,500,968.823337
927.500971,262,969.026422
1040.466202,327,969.327526
1598.21562,500,969.793674
1575.857411,500,971.530677
1398.571152,417,971.901985
1603.60024,500,972.339201
1631.972831,456,972.788357
1603.414084,500,973.294573
1620.398874,500,975.007782
1662.206268,500,975.462994
1478.555098,422,975.843636
1610.363216,500,976.289781
1576.591118,500,978.004977
1769.254732,500,978.446175
1638.710775,465,978.887822
1681.527457,500,979.354
1564.001673,500,981.088578
1613.44532,500,981.536271
1621.360306,500,982.038047
432.463951,157,982.188071
1555.031418,433,982.623744
1587.921182,500,984.45804
1660.525612,500,984.896721
1620.983027,500,985.371946
1357.251848,382,985.75211
1568.17971,500,987.524533
1658.499233,500,987.994765
1373.553725,403,988.390413
1631.031025,500,988.833066
1502.868342,429,989.248231
1592.021796,500,990.899975
1610.291021,500,991.35155
1465.155552,500,991.791226
1568.616189,500,992.236892
1607.069154,500,994.00265
1683.075601,500,994.451301
1570.325581,500,994.954519
1599.877895,500,995.403682
911.708385,259,996.936898
1602.435516,500,997.401085
1628.463888,500,997.88779
1609.29792,500,998.356244
1017.391874,303,998.645807
1582.768701,500,1000.407171
1695.345114,500,1000.881428
991.252214,288,1001.145492
1677.563748,500,1001.618721
1666.164513,500,1003.299408
1724.69662,500,1003.767702
1635.08445,500,1004.239873
1228.914985,395,1004.492908
1639.20099,470,1004.73696
1339.243441,381,1005.620191
1643.32571,500,1005.845806
1663.961261,500,1006.06988
1630.385984,500,1006.292455
1198.719183,346,1007.083252
1271.743654,382,1007.233769
1412.508034,407,1007.426331
781.972818,231,1007.521844
870.351488,246,1007.62538
1157.112736,327,1007.787452
100.221968,57,1007.818984
1018.588456,309,1007.972198
1357.561493,374,1008.889016
1130.978685,319,1009.056135
1508.734064,461,1009.288302
786.854008,228,1009.390373
899.209242,258,1009.482545
1315.268015,354,1009.645685
1697.703838,500,1010.581923
952.470887,273,1010.70745
909.935527,262,1010.807967
1596.258254,471,1011.063222
1378.293021,407,1011.291781
1657.631544,498,1012.226263
908.469281,255,1012.371998
1688.419029,500,1012.61457
1615.245867,500,1012.856137
983.431765,287,1012.967682
1503.920753,431,1013.789162
943.61282,284,1013.91123
827.204126,237,1014.050355
1007.911185,284,1014.215967
1322.770704,405,1014.421541
1629.115388,500,1014.654588
898.068401,250,1015.429885
1716.815238,496,1015.698245
1630.46603,500,1015.989378
1036.096169,294,1016.140906
1569.16246,500,1016.400653
1581.506978,500,1017.387675
1623.602461,500,1017.742235
1560.08712,500,1018.06733
1638.08934,500,1018.361413
1654.935504,500,1019.408396
445.282675,162,1019.485428
1653.667277,500,1019.773747
1258.50667,358,1019.954326
1560.538992,500,1020.217895
1601.834354,500,1021.472692
1058.078485,313,1021.656721
439.861538,164,1021.758233
1020.51528,291,1021.95278
1384.03675,386,1022.281348
1610.369912,483,1022.619923
1618.946625,500,1024.18377
1599.378571,500,1024.627729
1564.496109,430,1025.009678
1697.331276,500,1025.466337
1642.44062,500,1027.190738
1691.92888,500,1027.64895
439.117111,164,1027.800031
1645.696109,500,1028.215711
1598.771122,500,1028.661347
1669.203949,500,1030.464331
1635.105942,500,1030.925457
1618.144525,500,1031.370031
1626.314691,500,1031.838059
1659.13579,500,1033.58641
1526.419813,435,1034.020514
1595.482039,500,1034.456124
1659.677939,500,1034.924083
123.173763,64,1034.986083
1052.418281,339,1036.544469
1074.783199,321,1036.837543
1311.934274,397,1037.192095
1672.308023,500,1037.652198
1669.539697,500,1038.107788
1227.022246,376,1039.707205
1106.286425,323,1040.016783
919.468817,291,1040.287815
1641.022842,500,1040.75991
1634.610373,500,1041.261835
1257.188448,355,1042.926183
1531.046736,500,1043.404772
1603.649835,500,1043.906478
1608.96948,500,1044.372043
1628.085708,500,1044.814203
1674.505201,500,1046.55597
1722.352047,500,1047.048173
409.290409,156,1047.186674
1579.690084,500,1047.656867
1602.14046,500,1049.408222
1635.103235,500,1049.873383
442.224548,165,1050.036437
1609.180587,500,1050.474061
426.784528,158,1050.637119
704.300801,239,1050.88168
1583.522127,500,1052.610256
1652.016394,500,1053.08126
1678.865977,500,1053.522937
1504.854562,416,1053.882677
1667.435275,500,1054.342858
1352.297396,387,1055.922743
1666.54342,500,1056.391894
1222.777626,345,1056.683311
697.190305,235,1056.891868
1376.12941,384,1057.232482
1503.199357,428,1058.781259
1656.682757,500,1059.273414
1615.19134,500,1059.709064
1398.753099,395,1060.068418
1706.439529,500,1061.817379
1671.356332,500,1062.294416
1675.425867,500,1062.822427
1214.476162,337,1063.14987
952.98465,279,1063.402479
407.882643,153,1063.542024
1687.432683,500,1065.322834
1144.433444,330,1065.658867
1640.622557,480,1066.153726
1723.291488,500,1066.637305
119.100853,64,1066.688449
1082.881161,302,1066.992278
1615.901584,500,1069.059133
1158.38676,331,1069.384579
856.328351,251,1069.624476
1372.684365,387,1070.059502
1682.376336,500,1070.556691
867.307466,253,1072.235519
1582.943059,456,1072.785007
1578.16808,443,1073.307293
1778.753518,500,1073.918825
423.620132,158,1074.110321
1669.115294,500,1076.026051
1281.802835,358,1076.34946
1009.889665,290,1076.633417
422.521324,159,1076.799109
1143.507831,334,1077.142704
1655.13445,500,1077.644974
1448.835525,407,1079.319312
427.919435,159,1079.469785
1399.212564,403,1079.841879
1736.910105,500,1080.316954
442.851932,162,1080.484015
739.301242,235,1080.71302
413.087758,155,1080.855804
427.651842,159,1080.989211
1098.568315,319,1082.570628
710.351094,238,1082.779321
999.842074,287,1083.035577
998.265703,287,1083.314045
1077.043749,314,1083.599895
1363.164464,381,1083.962637
412.465367,152,1084.100538
436.545651,161,1084.245576
1703.538921,480,1085.890795
671.422313,224,1086.101657
1710.107,500,1086.585083
1304.964164,373,1086.935818
1646.305142,474,1087.384096
1063.794723,307,1088.952212
1133.214122,333,1089.242352
1057.178054,302,1089.525327
1628.034968,458,1089.977013
416.89174,159,1090.131874
1604.787342,500,1090.61338
1643.211121,500,1092.281813
1230.893939,348,1092.587791
1009.224964,290,1092.854959
429.333015,158,1093.012028
1195.893005,344,1093.308365
1295.001774,366,1093.650367
1691.728972,500,1095.36022
1631.694533,500,1095.818452
876.553886,254,1096.045679
1037.717608,290,1096.347591
1101.026777,315,1096.636777
854.779471,250,1096.891012
1627.157487,500,1098.637475
1106.117172,307,1098.933884
1611.967933,459,1099.331948
122.362125,64,1099.399686
1110.678003,320,1099.715165
1532.436763,438,1100.17507
718.271741,217,1101.659259
1661.043481,500,1102.157671
1195.191761,360,1102.523007
1323.062545,382,1102.896044
1274.327396,371,1103.285226
1023.155326,294,1104.885514
1664.95024,500,1105.352363
995.173851,286,1105.618783
1649.06798,463,1106.051868
413.715744,158,1106.200363
1297.55607,394,1106.604321
1682.276078,500,1108.348948
1636.249894,500,1108.829993
1682.223462,500,1109.344431
1657.768239,500,1109.820605
1697.08228,473,1111.594651
1661.819364,500,1112.100223
1320.430303,388,1112.460169
1635.539243,500,1112.958003
1044.62957,298,1113.211233
1735.375082,500,1114.944508
1185.288628,367,1115.292588
1259.60552,363,1115.614065
1691.66116,500,1116.1243
1653.471466,500,1117.905918
1654.746521,500,1118.371131
1315.278665,385,1118.712446
1584.809998,500,1119.188661
1674.215573,500,1119.640821
1599.994168,500,1121.36731
1550.034072,474,1121.826462
684.836064,228,1122.061076
1805.944232,500,1122.531306
950.828646,306,1122.765341
1567.428554,500,1124.485582
1625.19084,500,1124.971765
976.145266,303,1125.255385
1278.808473,378,1125.615074
1536.449928,471,1126.083127
1663.469172,500,1127.845256
1682.12906,500,1128.33367
119.296259,63,1128.408931
1047.048841,330,1128.684703
942.397592,315,1128.980981
1775.499407,500,1130.762813
631.648521,224,1130.997207
1623.029461,500,1131.52631
1050.59892,300,1131.866966
1246.26121,393,1132.299049
1639.078964,500,1132.800609
1638.050824,500,1134.692189
1637.041725,500,1135.189304
1674.259065,500,1135.662335
1051.25393,295,1135.936664
1151.321919,345,1137.582695
443.859852,161,1137.728154
1713.429753,500,1138.214871
1613.598928,445,1138.633165
1684.18324,500,1139.122224
1674.804498,500,1140.902084
1526.34569,500,1141.371938
961.002083,307,1141.655021
1627.924815,464,1142.049492
1648.382832,500,1142.52252
451.636322,162,1143.992207
1271.370441,402,1144.377572
433.936603,157,1144.518402
1140.231441,335,1144.830678
1678.464053,500,1145.305197
1162.887489,333,1145.608004
1756.882834,500,1147.316373
1611.66131,500,1147.780265
1643.434727,500,1148.243447
1230.883027,352,1148.590139
961.423944,314,1148.895225
996.985712,289,1150.422884
1257.96901,358,1150.761331
1668.670383,500,1151.225514
1673.703486,500,1151.695629
943.425248,307,1151.976836
1728.619067,493,1153.702697
1231.431784,353,1154.027349
1589.818107,500,1154.50748
1187.117031,328,1154.807374
1219.314891,393,1155.167833
1229.840767,357,1156.740447
1674.27953,500,1157.219159
1631.666116,500,1157.7325
959.982724,273,1157.957983
1193.059645,334,1158.266928
1490.352805,428,1159.955181
1586.831768,500,1160.434499
1202.016818,329,1160.741995
1602.776644,500,1161.206515
1625.560677,500,1161.71382
1663.824421,500,1163.50919
1695.90126,500,1164.027089
1640.29783,500,1164.527058
1104.078104,303,1164.822833
1630.662405,500,1166.589424
1599.930787,500,1167.093501
707.075934,229,1167.33906
1662.628323,500,1167.837993
951.576394,307,1168.11291
1307.728082,379,1168.479109
433.456576,159,1169.903418
1205.688234,338,1170.231354
1729.499199,496,1170.693376
1498.916176,442,1171.125584
1633.246753,500,1171.576639
1598.070858,500,1173.311528
1623.590848,500,1173.792606
1625.304699,456,1174.183349
1510.930612,440,1174.626694
948.512209,270,1174.897222
1569.395995,500,1176.610084
1573.967725,500,1177.043307
1566.776048,497,1177.536381
1586.975746,445,1177.989717
1578.333377,500,1179.721881
1614.528158,472,1180.177153
941.482728,314,1180.490216
1514.500813,473,1180.926927
1611.409251,500,1182.717756
938.57255,259,1182.951277
1557.495344,452,1183.373424
1194.464695,339,1183.653841
1589.818742,500,1184.135532
1797.821664,500,1185.904055
1662.598951,500,1186.349389
1693.545534,500,1186.805522
1708.000736,500,1187.286849
1656.730396,500,1189.065329
1644.095102,500,1189.526501
1678.779008,500,1189.979013
1696.935591,500,1190.47228
693.964381,231,1190.713856
1684.561517,500,1192.565496
1656.459868,500,1193.077564
1032.321895,291,1193.35232
977.969099,278,1193.629601
901.789015,263,1193.897876
1284.828572,374,1194.28036
1359.10311,410,1195.998549
106.596965,58,1196.059647
112.144439,60,1196.113343
109.778877,59,1196.17197
1652.627931,500,1196.637447
1448.06365,412,1197.039862
1623.817028,500,1197.507395
101.385957,56,1197.560975
113.079089,60,1197.621615
119.922905,63,1198.947397
1677.31684,500,1199.377779
1627.940084,468,1199.831737
969.077969,292,1200.109054
106.038077,57,1200.16267
1641.364755,500,1200.656272
1604.946098,500,1202.459329
982.308021,285,1202.726955
1671.580961,500,1203.19938
1441.116319,401,1203.577491
1712.826329,500,1204.061425
1617.51725,500,1205.760972
1772.183132,500,1206.229917
1559.553976,500,1206.707313
1060.965314,347,1207.019057
1624.071444,500,1208.738588
1628.626769,475,1209.16815
1696.660419,500,1209.650561
112.484815,60,1209.714169
1625.501761,500,1210.145847
1608.643591,490,1211.922215
1643.993681,500,1212.402225
111.906532,61,1212.466985
1647.766307,500,1212.924877
1650.038259,500,1213.398412
1229.42668,347,1215.000562
1024.071711,297,1215.302274
1552.188093,500,1215.773374
1637.062887,500,1216.272554
122.110067,64,1216.342759
1619.652011,500,1216.770344
1678.536978,494,1218.57134
1496.584914,414,1218.956862
1595.145129,500,1219.456268
1629.074989,500,1219.943853
1618.943369,500,1221.760868
1559.372781,500,1222.286072
1657.650199,500,1222.79878
1617.217432,500,1223.290892
1658.871689,500,1225.076963
1168.411759,339,1225.38691
1312.570125,377,1225.73636
806.27533,239,1225.954753
454.484006,162,1226.102524
1681.292818,500,1226.589067
1304.812861,372,1228.173062
1708.564197,500,1228.66617
128.228571,70,1228.730521
449.948412,162,1228.863941
1006.301565,283,1229.112472
1673.966446,500,1229.584443
1293.609476,364,1229.928009
1312.174926,375,1231.561394
1014.204809,326,1231.912308
1251.842756,359,1232.252091
1447.583166,407,1232.640962
1687.600284,500,1233.138506
1591.581822,500,1234.871318
1624.998872,500,1235.338868
1777.456321,500,1235.827711
1316.796669,372,1236.158099
1632.750003,500,1237.869288
1693.839088,500,1238.367803
1464.589477,403,1238.731687
1395.142489,385,1239.091452
1313.175419,375,1239.440902
1697.999868,500,1241.191218
1038.511512,296,1241.459126
1007.312568,284,1241.71125
985.921396,276,1241.949728
1003.185997,285,1242.192986
834.573566,238,1242.394192
1043.651927,295,1242.656418
1281.54989,355,1244.245142
1516.055991,421,1244.641042
1257.313864,350,1244.940334
962.285563,270,1245.155208
1691.485259,500,1245.657814
909.755856,263,1247.14804
1224.470211,350,1247.448848
1473.524166,418,1247.826698
739.171385,234,1248.062254
1673.51382,500,1248.543754
449.436009,159,1248.697555
447.433328,161,1248.835214
1166.885017,320,1250.393478
1696.026705,500,1250.840216
1776.927324,496,1251.260694
1696.433596,500,1251.751784
1630.191179,500,1253.552794
934.511552,268,1253.811949
859.626871,246,1254.039238
964.623571,270,1254.32398
1641.593847,500,1254.768834
1170.421963,321,1255.08254
1070.543174,302,1255.36905
953.132393,269,1256.881946
1620.688154,500,1257.364871
1624.407272,500,1257.819359
1659.590921,470,1258.255427
1655.307067,500,1259.973572
1673.511391,500,1260.40907
1620.460432,500,1260.834305
1435.003949,397,1261.165927
1498.186637,429,1261.586169
1209.791435,340,1263.166233
990.20092,287,1263.44386
1019.907618,290,1263.702221
915.638745,256,1263.937035
1609.45213,460,1264.326913
953.068401,270,1264.554654
1307.012848,376,1266.15207
1752.333754,500,1266.622489
969.877848,267,1266.856998
1716.128073,500,1267.296879
1123.347182,312,1267.572459
1620.884851,500,1269.283534
845.436873,240,1269.512191
950.222108,270,1269.757638
1308.588829,362,1270.101888
1261.756557,349,1270.45617
971.582545,277,1270.718388
1617.830526,500,1272.419871
137.892929,69,1272.485642
1662.571051,500,1272.953208
840.874227,239,1273.157799
883.700116,251,1273.387034
890.987027,258,1273.633646
997.482445,283,1273.895931
1149.416536,321,1275.497688
1641.710637,500,1275.901573
1628.129658,500,1276.383432
1014.992039,285,1276.650616
1010.941914,285,1276.924192
955.121686,271,1277.20123
1233.123331,347,1278.703967
855.9172,245,1278.928236
1194.376608,363,1279.237615
1031.206306,287,1279.518528
970.176608,289,1279.778754
904.15554,257,1280.023218
976.236626,286,1280.28796
1122.127464,319,1281.875137
1008.83707,305,1282.177524
1693.267896,500,1282.674143
1637.92638,500,1283.179405
1011.836994,282,1283.48043
1732.252956,500,1285.287437
1673.408599,500,1285.721381
897.384352,255,1285.942945
1288.821503,356,1286.246619
975.914699,286,1286.531358
1644.990909,500,1288.315884
1595.005998,500,1288.776716
1109.235707,308,1289.070127
1616.536937,500,1289.535583
1227.136236,386,1289.921756
1627.182064,500,1291.627766
1202.73886,332,1291.90888
1060.869921,290,1292.174715
1571.836178,443,1292.607507
1681.017708,500,1293.076386
940.903319,266,1293.324028
1633.773291,500,1295.006876
884.17417,246,1295.236951
938.505302,267,1295.479485
1770.187813,483,1295.889457
593.145815,189,1296.059131
871.482733,246,1296.294778
905.657014,252,1297.774154
966.682893,265,1297.970664
1354.816986,374,1298.314899
780.665365,222,1298.509534
1694.036361,500,1298.983321
1659.446077,500,1299.497067
1224.593504,340,1301.094771
1678.875372,486,1301.536424
928.498229,264,1301.7478
1611.844512,500,1302.180167
955.4443,270,1302.445973
1188.85737,323,1303.92664
1036.597777,291,1304.163623
1057.716577,293,1304.425336
1084.736177,308,1304.709708
658.531327,199,1304.90654
1003.573658,282,1305.212687
1289.794411,349,1305.565212
1093.749275,306,1307.114076
1290.745569,362,1307.415287
1623.824157,500,1307.900117
605.843057,188,1308.098852
1153.291674,325,1308.39455
1069.803707,294,1308.670431
697.886632,208,1308.874011
1676.497486,500,1310.600616
1120.626535,315,1310.863862
874.755533,250,1311.089438
1691.746287,500,1311.585579
1695.964724,500,1312.095494
977.81384,269,1313.679042
953.388627,273,1313.942226
1658.395216,500,1314.432521
1711.44145,477,1314.913273
1729.125725,500,1315.392359
1236.333366,344,1316.926173
976.605406,277,1317.161802
999.203034,280,1317.396821
1630.080679,500,1317.870893
1036.344373,290,1318.146096
884.078324,250,1318.424016
718.432332,209,1318.621231
1243.110956,358,1320.122968
1516.735912,444,1320.493252
1154.224154,326,1320.809757
1045.365248,287,1321.079133
862.373946,242,1321.326335
894.688563,252,1321.57824
1651.931906,500,1323.285011
871.323034,238,1323.512671
787.928402,221,1323.732698
900.180677,253,1323.969807
902.867963,253,1324.210203
976.914077,275,1324.458307
705.600241,226,1324.685939
990.727835,278,1326.20432
1676.066574,500,1326.66835
988.736883,284,1326.928711
1013.514266,288,1327.195585
1205.329952,326,1327.512917
1695.962949,500,1327.979417
1069.764682,292,1329.494537
882.315009,244,1329.735904
424.987549,151,1329.889987
1659.751738,500,1330.348399
820.143651,238,1330.588731
713.045007,215,1330.801027
880.565646,248,1331.049662
1177.120565,334,1332.670726
975.017889,276,1332.942773
1008.504019,287,1333.237786
934.338374,268,1333.526278
1170.42747,334,1333.844365
923.116315,277,1334.112837
1063.448343,296,1334.410554
844.652377,241,1334.648385
1012.003708,290,1336.223555
1137.599902,323,1336.543815
990.901144,278,1336.803658
1538.219607,431,1337.161393
1655.136572,500,1337.630239
957.771841,280,1339.203332
1755.403837,500,1339.692581
1018.280567,282,1339.973738
1071.104468,304,1340.269587
877.652579,233,1340.485677
802.223802,232,1340.704412
972.163173,271,1340.976696
969.504086,276,1342.557302
852.357837,233,1342.800124
993.22923,288,1343.075638
1141.609735,319,1343.397768
942.319179,274,1343.656208
1020.519871,292,1343.94971
1075.136501,305,1344.254055
961.185824,277,1345.773196
1666.806234,500,1346.284903
1093.072547,308,1346.579067
1417.99147,409,1346.953646
1185.001066,330,1347.284838
1041.39787,290,1347.568106
1625.606818,500,1349.35397
1700.247109,500,1349.791919
915.551674,256,1350.034663
903.097194,258,1350.240231
963.697001,275,1350.492194
1309.15754,359,1350.834413
1015.094891,276,1352.414213
842.603276,239,1352.671062
846.622302,242,1352.897388
992.509076,280,1353.177041
913.682229,257,1353.422427
868.605362,247,1353.662488
663.87451,203,1353.857297
829.6845,242,1354.050915
613.25002,195,1355.538216
1455.344025,422,1355.942928
963.902716,269,1356.207205
854.028997,244,1356.437107
855.28205,245,1356.673277
1148.502926,323,1356.982988
991.289598,287,1357.231532
849.565185,245,1358.759994
1011.961139,287,1359.036341
826.59131,237,1359.265293
866.47222,244,1359.490552
871.633219,248,1359.744737
1008.281595,278,1360.039549
803.9498,230,1360.262976
628.096253,191,1360.426247
952.44085,269,1360.684335
814.540028,237,1362.199381
970.742765,279,1362.421643
1039.170005,291,1362.702473
954.365324,269,1362.963864
883.051972,251,1363.208028
944.189285,261,1363.46454
1062.916692,297,1363.735336
977.087828,274,1365.268334
1366.667001,383,1365.639125
899.391222,256,1365.886621
940.594969,259,1366.10796
911.819414,253,1366.317647
1005.344831,278,1366.551548
985.660824,272,1366.806235
957.564661,269,1367.069145
804.688996,233,1368.549388
1030.011215,288,1368.809387
900.978033,256,1369.055804
899.458885,251,1369.290066
985.83809,272,1369.509554
969.039961,282,1369.747422
1685.778404,500,1371.452727
891.535123,252,1371.69253
978.929915,282,1371.99197
1193.470943,334,1372.35711
889.360697,252,1372.637711
806.648941,231,1372.88823
938.161858,261,1373.157201
913.323493,261,1373.409878
717.682069,213,1374.923843
686.930758,209,1375.145296
1048.450337,290,1375.385407
1318.871313,378,1375.700309
775.836326,225,1375.933262
1693.667592,500,1376.394558
759.873967,224,1376.605355
1071.729822,306,1378.168294
1643.48638,500,1378.644922
945.526767,264,1378.903926
1306.736634,371,1379.237153
1338.580594,380,1379.57941
899.031114,252,1379.828664
949.738241,268,1381.38516
1023.232614,293,1381.632522
1306.872016,358,1381.973965
1570.258571,448,1382.378474
933.618266,264,1382.643634
1149.610683,323,1382.947694
895.425448,249,1384.431781
1674.92883,500,1384.90316
1786.003991,500,1385.357768
1068.883482,301,1385.62012
1712.122948,500,1386.099981
932.189642,262,1387.546757
1634.64989,500,1387.986653
1438.22463,409,1388.383559
1272.147029,365,1388.743659
1184.235251,325,1389.028764
929.517895,267,1389.273951
1037.372005,293,1390.820196
1754.888914,500,1391.248724
1623.409412,500,1391.716586
1528.729586,428,1392.131976
669.094304,216,1392.337122
1654.264496,500,1394.130016
1053.574007,287,1394.413961
1656.824363,491,1394.873188
1787.826678,500,1395.304241
1093.273816,305,1395.58273
1658.133038,500,1397.328421
937.965977,281,1397.589809
1619.35162,500,1398.062916
1613.722108,500,1398.54185
1665.949468,500,1400.2456
1088.557825,307,1400.524382
1705.618307,500,1400.995133
1008.505569,279,1401.238699
1713.865345,500,1401.743622
1221.593889,340,1402.076444
1020.491022,284,1403.675182
884.190067,251,1403.942415
1195.682655,357,1404.304534
1634.520102,500,1404.801862
1615.6561,500,1405.275877
878.551292,250,1405.509114
1310.521429,362,1407.127306
1052.380909,296,1407.394706
1605.402204,500,1407.860361
1640.471351,500,1408.339454
954.720237,276,1408.591378
927.726843,276,1410.093683
888.343981,254,1410.320163
1638.497299,500,1410.798358
1242.327125,359,1411.128187
923.447093,273,1411.390553
998.508567,276,1411.647198
852.086897,248,1413.196144
955.087043,283,1413.45033
1624.610769,500,1413.93582
1434.867568,444,1414.355778
1587.184339,500,1414.833137
1590.617031,456,1416.509542
1595.362778,500,1416.988847
1664.946717,500,1417.468301
913.694894,272,1417.730411
1718.953912,500,1418.18264
1667.295132,500,1419.896608
1753.569556,500,1420.345698
1640.750716,500,1420.830633
940.583572,270,1421.089627
1645.845356,500,1422.888984
884.043329,271,1423.149275
1628.697639,500,1423.629258
881.152665,271,1423.903234
1649.446866,500,1424.398993
1591.116274,500,1426.153641
1626.109715,500,1426.61742
1557.071605,500,1427.11189
1537.372893,500,1427.582607
1640.146072,500,1429.338011
1645.381945,500,1429.786101
1617.323218,500,1430.264223
974.016798,274,1430.502478
1645.185639,500,1430.964054
1642.658365,500,1432.774174
1715.497425,500,1433.259758
1623.353217,500,1433.77832
1662.974464,500,1434.302479
1620.232946,500,1436.046197
1633.997235,500,1436.474273
913.085283,264,1436.759161
1641.959521,500,1437.239014
1675.057446,500,1437.748562
1703.187405,488,1439.4912
1090.303385,307,1439.780736
1081.447497,310,1440.078701
837.690923,244,1440.309555
850.71226,244,1440.539425
1764.787941,500,1440.9915
1643.236606,500,1442.747442
997.349093,287,1443.004149
1107.991013,314,1443.294119
1590.368121,441,1443.716576
1618.010386,500,1444.213444
1683.194994,500,1446.009843
1745.833003,500,1446.488134
1016.658993,291,1446.757658
1431.563191,402,1447.118528
1047.160976,297,1447.374548
977.724404,285,1448.877901
1677.641865,472,1449.307626
1651.64675,500,1449.78808
1633.413308,500,1450.27168
1591.430878,448,1451.902713
1633.344704,500,1452.395473
1231.568099,359,1452.745303
1687.629806,500,1453.209922
1713.516579,500,1453.703147
1656.26514,500,1455.42294
1151.611267,326,1455.721394
1667.121154,500,1456.203018
1645.245921,500,1456.653865
1620.563903,500,1458.492198
1636.299589,500,1459.026694
1566.139728,500,1459.517288
1039.320827,303,1459.782195
1291.805453,366,1460.097073
858.233298,253,1461.637948
1640.834979,500,1462.125275
1579.959322,500,1462.608493
1617.527369,500,1463.101832
1656.254782,500,1463.592516
1629.65577,500,1465.379876
1763.819326,500,1465.827899
1658.747837,500,1466.295201
1640.995625,500,1466.776575
1295.061777,367,1468.428546
1276.621505,352,1468.726092
1579.796939,500,1469.190025
1715.646565,500,1469.656836
1671.766266,500,1471.40287
1357.262146,384,1471.776323
1761.351977,485,1472.241688
1391.011314,395,1472.591731
1699.10915,500,1473.058757
1675.007322,500,1474.776554
1616.846113,500,1475.233568
1642.49081,500,1475.748655
1616.589792,500,1476.219819
1668.358572,500,1477.936128
1641.640198,500,1478.390872
1757.216437,500,1478.844482
1655.730155,500,1479.29729
1691.578752,500,1481.077303
846.74854,242,1481.264558
1330.853163,384,1481.643147
1713.059099,478,1482.127994
1677.406808,500,1482.632057
1588.077456,448,1484.34588
1626.911126,500,1484.83217
1671.743657,500,1485.317624
955.854513,315,1485.636213
1722.165941,500,1486.088117
1616.553009,500,1487.800297
1634.79139,500,1488.238899
1663.790427,500,1488.7004
1704.612013,486,1489.16241
1714.938074,500,1490.910103
1082.758865,300,1491.187914
1638.328736,500,1491.709413
1127.172468,328,1492.052207
1596.703106,500,1493.850825
1606.410235,500,1494.345437
1180.796915,336,1494.675599
1674.365591,500,1495.18457
1372.841675,386,1495.527694
1656.265002,500,1497.307436
1645.596072,500,1497.769518
1638.982295,500,1498.273306
1617.996387,500,1498.729724
1675.897802,500,1500.501327
1666.29429,500,1500.987979
1706.661247,500,1501.462127
1296.629997,366,1501.799781
1348.835074,407,1502.164495
1665.703794,500,1503.913429
1627.971002,475,1504.373017
1369.216633,410,1504.734276
1663.737752,500,1505.222538
1359.893612,384,1506.854495
1626.880071,500,1507.335259
1658.317991,500,1507.792639
1785.72155,500,1508.247893
1758.160746,500,1510.073279
1661.439969,500,1510.528893
1088.485611,305,1510.815533
1628.731924,500,1511.323233
1669.954119,500,1511.804732
1750.146708,493,1513.587089
1393.475959,391,1513.956728
1676.635077,500,1514.433225
1660.961689,500,1514.901644
1780.137891,500,1516.7373
1649.697248,500,1517.267783
1677.318937,500,1517.741633
1664.767887,500,1518.213588
1796.282841,500,1519.999281
1058.993817,303,1520.316482
1670.62203,500,1520.781348
1692.151884,500,1521.253821
1338.428101,375,1521.631824
1660.079925,500,1523.452953
1102.084003,308,1523.766301
1283.564339,363,1524.137382
1709.200981,485,1524.615542
1685.43389,500,1525.100443
1124.240704,317,1526.695677
1652.784178,500,1527.194787
1621.149847,500,1527.667082
1662.758332,500,1528.138919
1717.455582,500,1529.890236
1679.290819,500,1530.292812
1659.505289,500,1530.75788
1624.801972,500,1531.236755
1737.423662,480,1532.968209
1660.931379,500,1533.44751
1499.201264,419,1533.87347
1657.589807,500,1534.379954
1691.128839,500,1534.893899
753.741225,230,1536.408307
1638.587317,500,1536.8568
1719.393844,473,1537.296081
1676.077361,500,1537.721429
1783.443312,500,1539.402216
1690.958683,500,1539.873271
1383.549284,383,1540.191058
1627.691301,500,1540.634333
1448.742316,403,1541.017508
192,1421.357305
1575.337109,500,1421.810359
1588.411347,500,1423.59792
1547.511733,500,1424.063673
1318.254319,438,1424.504485
299.07105,122,1424.628366
1097.809439,344,1424.961419
388.757613,146,1425.098836
1122.60168,335,1426.69184
1581.569702,500,1427.14709
995.042889,298,1427.433739
1425.008124,415,1427.821137
291.971373,119,1427.944354
848.558803,271,1428.217595
971.964003,290,1429.805752
1213.970531,352,1430.135037
895.063741,290,1430.38806
1209.784355,406,1430.782603
1516.771366,500,1431.258799
914.524033,292,1431.524136
1706.71123,500,1433.32856
1685.498696,500,1433.829669
1078.8824,316,1434.15141
1563.055651,500,1434.590957
1171.423855,340,1434.907133
1494.952814,500,1436.649668
1604.472633,500,1437.121032
997.612344,314,1437.40906
1146.000924,340,1437.732751
1256.490807,366,1438.066661
1634.656459,500,1439.807317
1595.47294,500,1440.279736
1596.527443,500,1440.738798
948.250139,293,1441.013179
1262.522514,371,1442.635971
1108.860903,327,1442.942437
1223.382469,356,1443.295017
1579.648987,500,1443.805952
1647.781617,500,1444.306373
1509.416915,440,1446.081639
809.558494,234,1446.327264
1589.663305,500,1446.835624
1221.002756,361,1447.117938
860.359964,259,1447.35522
1738.795429,497,1447.817236
389.836389,147,1449.236996
312.302519,125,1449.359
1194.924404,359,1449.682939
1103.066421,328,1449.982489
1059.011368,313,1450.235391
1049.10304,307,1450.505839
1639.688649,500,1450.98915
1390.596929,408,1452.634313
856.783342,271,1452.862654
1710.736836,500,1453.34556
1247.85654,358,1453.653396
1339.331531,381,1453.988923
1595.320249,500,1455.6938
978.125522,279,1455.954871
1596.840699,500,1456.417332
1222.502533,363,1456.756114
1606.478971,500,1457.203969
1578.877493,500,1458.951803
1433.175718,412,1459.289658
980.33395,288,1459.525132
989.05252,293,1459.784158
1578.307163,500,1460.225292
799.769251,234,1461.702114
1571.993886,500,1462.158439
1146.271832,327,1462.46476
1035.629059,318,1462.758698
1579.966497,464,1463.183327
1653.570788,500,1464.854712
1016.531797,294,1465.138314
979.195407,288,1465.391741
1599.650876,500,1465.847908
1542.308006,500,1466.318424
1009.827465,293,1466.599077
1581.608441,500,1468.350991
1343.022782,390,1468.732682
1647.379172,500,1469.230067
974.203598,292,1469.505992
1057.836863,310,1469.806889
674.111007,212,1471.359514
1608.862005,500,1471.829658
58.977072,37,1471.86673
939.435048,307,1472.135295
1209.298691,360,1472.449738
1630.271877,500,1472.895477
1623.924491,500,1474.689515
1611.033299,500,1475.182691
1623.512373,500,1475.666937
1518.039683,500,1476.16457
1580.726419,500,1477.958013
1247.599987,362,1478.303704
280.868533,111,1478.412868
324.513105,130,1478.517659
1598.150286,500,1478.963865
252.359785,107,1479.075801
883.572809,280,1479.365746
1163.250516,353,1481.044286
1306.012783,393,1481.402431
1060.546048,308,1481.708138
1351.614933,391,1482.067937
239.462286,102,1482.167614
1671.685704,487,1482.607208
1362.923048,396,1484.229933
349.025541,136,1484.351604
1188.426898,359,1484.665701
1152.692169,331,1484.992406
919.01678,268,1485.249838
940.250221,289,1485.49514
1269.135381,369,1485.836127
1119.533641,325,1487.409294
907.494267,264,1487.662547
1572.586974,454,1488.082045
927.42548,280,1488.335792
1321.267399,391,1488.709578
1010.66406,296,1488.967619
942.557417,274,1489.24384
1666.739632,498,1490.988738
922.670379,271,1491.246645
1228.119805,356,1491.587034
1235.772299,358,1491.91415
898.171484,266,1492.179981
880.550566,255,1492.445356
1218.577427,351,1494.070991
1643.748985,500,1494.573237
1085.344916,316,1494.875116
1293.476665,375,1495.233341
1269.915829,368,1495.563527
859.147982,249,1497.080275
948.224775,276,1497.344893
995.914682,286,1497.610423
1194.685862,360,1497.931884
644.303581,198,1498.125903
1029.831356,300,1498.396108
1621.389745,500,1498.853243
879.077925,253,1500.371844
1690.30476,486,1500.813344
1642.675987,500,1501.283331
1334.267566,390,1501.630434
1048.350658,304,1501.91047
1065.040567,307,1503.427294
895.082519,255,1503.680636
991.677012,286,1503.960569
945.849711,274,1504.23236
836.2548,243,1504.462141
1038.469467,303,1504.770661
963.093222,280,1505.056615
1552.47372,500,1506.821145
950.828081,273,1507.117422
1577.650666,500,1507.579873
1618.087556,500,1508.080627
1517.976246,447,1508.452459
1634.582556,500,1510.179427
767.806385,233,1510.376208
1422.361525,411,1510.727527
1595.649163,500,1511.203475
1453.483398,436,1511.620597
1622.556232,500,1513.384478
1180.819298,338,1513.698506
953.919727,274,1513.960357
825.205776,240,1514.182129
1673.498005,500,1514.652151
1624.056802,500,1516.326491
798.326061,231,1516.526067
979.522753,283,1516.791018
1314.795035,377,1517.170592
1698.721656,500,1517.638006
1286.083494,364,1517.965211
1564.778257,500,1519.748229
1059.352366,305,1520.058788
1596.550184,500,1520.563113
1538.101498,452,1520.997231
1589.290487,500,1522.754522
975.199966,282,1523.04112
999.302304,292,1523.296795
918.08968,275,1523.536919
1544.673773,500,1523.988798
929.207149,267,1524.244509
1127.501639,322,1525.809634
1220.940864,372,1526.166049
1508.99402,428,1526.565717
1588.691515,500,1527.045764
1115.359439,324,1527.351487
1640.126663,500,1529.129367
1648.676193,500,1529.592326
1016.080318,297,1529.870089
1410.48233,421,1530.273306
1159.730064,330,1530.596624
1585.469295,475,1532.313547
1533.083002,451,1532.721023
1268.754744,369,1533.074957
1488.398115,442,1533.524985
960.253498,280,1533.791531
991.440287,293,1534.068032
