#{"t_start": 1775552540.155082, "env_id": "Pusher-Mass-Gauss-50-v0"}
r,l,t
-771.703285,500,0.480215
-873.749331,500,0.976464
-830.585747,500,1.425031
-828.907474,500,1.844237
-843.411635,500,3.650635
-752.661999,500,4.098214
-873.966701,500,4.544318
-810.403712,500,4.963893
-765.503593,500,6.690513
-818.309641,500,7.175544
-831.655753,500,7.562211
-709.633712,500,7.962813
-735.710202,500,9.600605
-787.595685,500,9.967325
-892.65193,500,10.388043
-690.077037,500,10.862122
-752.610688,500,12.463435
-800.24992,500,12.845147
-823.211002,500,13.247884
-663.718902,500,13.60906
-866.679953,500,15.224608
-784.520263,500,15.584381
-738.003114,500,16.006985
-809.898304,500,16.386619
-959.810287,500,17.995982
-767.099572,500,18.365658
-792.800973,500,18.813771
-818.875736,500,19.216921
-846.418301,500,20.780386
-708.541662,500,21.260531
-911.433546,500,21.707195
-740.122406,500,22.200405
-873.993172,500,23.969271
-779.767759,500,24.420987
-811.049617,500,24.845172
-867.022855,500,25.284998
-688.699357,500,27.003336
-776.400298,500,27.424991
-856.998783,500,27.877961
-708.078228,500,28.339109
-806.7435,500,30.11992
-851.409584,500,30.572729
-730.937688,500,31.056157
-765.967623,500,31.523387
-807.40958,500,31.950104
-659.168075,500,33.671414
-773.364966,500,34.123084
-818.01482,500,34.576295
-800.511702,500,35.044512
-781.788527,500,36.723838
-593.911975,500,37.222056
-708.515661,500,37.689667
-839.693754,500,38.135349
-765.15969,500,39.873759
-607.054601,500,40.232371
-650.359097,500,40.655888
-709.280078,500,41.137048
-898.751545,500,42.915534
-719.095492,500,43.371187
-627.457865,500,43.780621
-553.011489,500,44.156703
-691.464556,500,45.816423
-633.249121,500,46.249101
-668.800602,500,46.688284
-721.08372,500,47.11498
-951.543375,500,48.816758
-652.766858,500,49.228562
-711.658181,500,49.621274
-717.129044,500,50.032951
-760.018445,500,51.779703
-794.306742,500,52.207853
-751.490311,500,52.697084
-868.803563,500,53.116789
-682.848393,500,54.853678
-713.554268,500,55.295907
-762.130648,500,55.78805
-730.958429,500,56.249944
-595.960906,500,58.022769
-648.062476,500,58.451474
-588.346789,500,58.863596
-589.221158,500,59.340851
-724.255141,500,61.067259
-727.542327,500,61.504719
-892.310381,500,61.953452
-741.478226,500,62.373106
-693.081885,500,62.80159
-547.905826,500,64.585578
-594.294839,500,65.023817
-758.317817,500,65.47753
-632.484225,500,65.993787
-613.469901,500,67.734253
-570.618225,500,68.169917
-801.841584,500,68.613137
-708.106205,500,69.03183
-602.323556,500,70.785613
-687.998736,500,71.156324
-791.543617,500,71.583022
-565.676791,500,72.010217
-592.570037,500,73.668487
-555.9191,500,74.124318
-641.953622,500,74.558364
-458.203636,500,75.016588
-569.781148,500,76.750104
-628.864335,500,77.190752
-521.322126,500,77.632982
-547.841474,500,78.042613
-641.603455,500,79.803196
-638.175873,500,80.252012
-527.789769,500,80.679707
-613.448846,500,81.131881
-681.5311,500,82.691406
-507.914613,500,83.089097
-442.742424,500,83.461408
-586.980317,500,83.873608
-489.327883,500,85.59725
-664.068791,500,86.024979
-524.641085,500,86.482152
-684.367568,500,86.929865
-596.900727,500,88.587108
-661.251588,500,88.985753
-544.641496,500,89.445616
-620.542232,500,89.897283
-464.029851,500,91.651098
-381.015328,500,92.065779
-578.610207,500,92.507505
-668.341139,500,92.957714
-475.237679,500,94.560982
-654.434016,500,94.915089
-488.531033,500,95.322279
-533.861441,500,95.709017
-506.068955,500,96.105276
-433.909016,500,97.75976
-479.244787,500,98.167449
-504.492351,500,98.579123
-440.338769,500,99.009286
-468.080805,500,100.764653
-641.897936,500,101.182353
-528.968984,500,101.603045
-607.516671,500,102.055307
-412.187451,500,103.673417
-476.607378,500,104.033541
-615.41916,500,104.488774
-458.392419,500,104.935974
-671.072546,500,106.682278
-642.75044,500,107.111917
-523.080555,500,107.557137
-606.739455,500,107.997854
-470.17319,500,109.746747
-565.98476,500,110.185003
-360.484966,500,110.620731
-597.808039,500,111.077541
-471.612092,500,112.126122
-421.903521,500,112.378945
-337.106278,500,112.600151
-413.887443,500,112.831031
-502.306064,500,113.720911
-507.327693,500,113.93955
-480.886491,500,114.158634
-524.574334,500,114.416374
-382.055721,500,115.418735
-417.311743,500,115.651821
-473.657564,500,115.87542
-508.099952,500,116.105345
-299.122802,500,117.101495
-546.211977,500,117.303561
-546.95716,500,117.701183
-489.854003,500,118.105842
-515.962049,500,119.603894
-364.916817,500,119.977591
-577.562026,500,120.230633
-494.969226,500,120.632367
-453.760323,500,121.120536
-413.539478,500,123.065377
-576.283842,500,123.556108
-431.998514,500,124.003356
-406.500075,500,124.458078
-429.863234,500,126.161971
-338.453617,500,126.571657
-458.035576,500,127.030396
-444.626189,500,127.529619
-473.198945,500,129.202052
-502.414878,500,129.627375
-335.304833,500,130.05955
-375.584629,500,130.528748
-537.966624,500,132.22711
-318.213948,500,132.664753
-407.160038,500,133.133039
-349.374536,500,133.53773
-536.000619,500,135.394644
-526.673741,500,135.805332
-395.612474,500,136.206053
-443.421137,500,136.663525
-339.786464,500,138.41003
-540.704834,500,138.817121
-455.419838,500,139.264817
-408.73164,500,139.736118
-507.040453,500,141.338796
-534.649499,500,141.721506
-332.733639,500,142.155195
-382.968497,500,142.594447
-534.720951,500,144.287027
-513.104484,500,144.724245
-419.477726,500,145.112892
-415.667067,500,145.54354
-388.216115,500,147.24682
-471.186676,500,147.666506
-458.355037,500,148.148737
-429.14208,500,148.618918
-306.231772,500,150.360414
-427.563715,500,150.77014
-485.717188,500,151.240367
-385.96651,500,151.712593
-363.263344,500,153.548462
-363.008215,500,153.998195
-338.964051,500,154.46747
-495.090913,500,154.960728
-431.988542,500,155.47397
-553.664685,500,157.303816
-452.404033,500,157.770455
-296.793532,500,158.26567
-373.351333,500,158.697356
-441.35934,500,160.48626
-319.406544,500,161.025996
-361.131715,500,161.530238
-345.545152,500,161.977871
-494.358944,500,163.705657
-512.559303,500,164.138885
-446.158747,500,164.665159
-304.639611,500,165.094889
-381.585631,500,166.74821
-225.456899,500,167.215418
-300.8756,500,167.64106
-315.7416,500,168.034694
-403.686486,500,169.681456
-381.938723,500,170.08214
-378.475924,500,170.545287
-432.291941,500,170.918421
-279.678124,500,172.674327
-260.329063,500,173.125564
-423.267132,500,173.565256
-402.82383,500,173.970911
-328.071439,500,175.793827
-437.56181,500,176.226012
-370.320385,500,176.652307
-368.905981,500,177.152514
-415.649681,500,178.974302
-483.592507,500,179.423998
-398.223434,500,179.838704
-336.669635,500,180.257784
-507.802058,500,182.04762
-478.366255,500,182.54684
-563.18718,500,183.036064
-296.714842,500,183.541851
-409.175065,500,185.187996
-412.115516,500,185.594333
-221.472839,500,186.027511
-416.680555,500,186.508957
-361.357191,500,186.94818
-480.271004,500,188.666393
-471.737137,500,189.158359
-548.577332,500,189.59951
-321.516392,500,190.057698
-508.847385,500,191.800474
-292.891881,500,192.20739
-337.213461,500,192.655638
-458.755763,500,193.121289
-386.255976,500,194.79616
-446.532296,500,195.239359
-412.574713,500,195.688096
-401.700218,500,196.119796
-430.886803,500,197.885205
-321.445042,500,198.308298
-383.369233,500,198.718955
-440.232201,500,199.154193
-455.583975,500,200.872015
-508.351908,500,201.290285
-271.340698,500,201.719476
-323.180422,500,202.158711
-359.105993,500,203.755098
-305.30451,500,204.159858
-292.625088,500,204.588583
-443.981931,500,205.006323
-417.817669,500,206.689802
-366.908595,500,207.159741
-433.920292,500,207.598461
-238.1946,500,207.977175
-335.342893,500,209.68797
-360.110326,500,210.12358
-279.906992,500,210.564368
-286.692158,500,211.000615
-298.404669,500,212.735043
-282.944465,500,213.251777
-488.480615,500,213.691465
-419.949246,500,214.119054
-321.059139,500,215.81952
-439.030388,500,216.203216
-464.628141,500,216.609935
-394.588667,500,217.035643
-234.174724,500,217.441786
-392.766849,500,219.054271
-234.479233,500,219.47951
-224.668313,500,219.904671
-391.739911,500,220.319349
-343.118373,500,221.95639
-252.713911,500,222.396066
-353.729206,500,222.834793
-374.732296,500,223.245059
-488.326216,500,224.993853
-271.230978,500,225.443007
-321.6704,500,225.946354
-402.416792,500,226.338609
-459.005401,500,228.086438
-225.947847,500,228.549177
-356.659986,500,229.026413
-391.168732,500,229.511675
-430.081342,500,231.290114
-445.355175,500,231.729823
-364.818012,500,232.172587
-425.842332,500,232.602848
-411.444854,500,234.316742
-566.403058,500,234.761463
-328.754748,500,235.189733
-223.855124,500,235.669476
-300.947683,500,237.501605
-470.427325,500,237.90836
-465.573111,500,238.371071
-269.144328,500,238.818878
-381.290267,500,240.567822
-367.492212,500,241.023003
-460.777481,500,241.502225
-376.771619,500,241.977938
-371.907128,500,243.829828
-435.137755,500,244.34614
-276.164869,500,244.806415
-156.871056,500,245.262081
-421.191927,500,247.04354
-290.57689,500,247.368372
-412.300505,500,247.785982
-305.737531,500,248.049077
-283.129989,500,249.631908
-472.049391,500,250.117121
-449.269558,500,250.546806
-418.128681,500,250.95999
-348.819947,500,251.461848
-384.584005,500,253.174656
-374.328335,500,253.626645
-431.953347,500,254.032331
-470.470337,500,254.456455
-261.54229,500,256.16485
-224.231353,500,256.614604
-302.909951,500,256.99174
-311.213183,500,257.455444
-141.76295,500,259.218476
-309.927212,500,259.649804
-372.314969,500,260.036489
-189.307608,500,260.48217
-403.759904,500,262.226508
-304.3586,500,262.711623
-364.2175,500,263.169245
-373.686178,500,263.621129
-337.931397,500,265.385452
-450.18774,500,265.813215
-315.217224,500,266.306946
-436.950015,500,266.812277
-345.565262,500,268.596534
-214.681019,500,269.095518
-391.187553,500,269.559752
-316.285893,500,269.963927
-281.306668,500,271.695257
-357.356282,500,272.134528
-320.625894,500,272.54602
-475.311267,500,273.022129
-340.0532,500,274.803911
-381.340242,500,275.219667
-272.245736,500,275.682874
-256.309196,500,276.156996
-405.793013,500,277.669313
-365.193906,500,278.097026
-318.002213,500,278.538279
-314.247611,500,279.007011
-180.751891,500,280.784798
-289.90083,500,281.203018
-433.778476,500,281.692301
-312.690829,500,282.093031
-477.690038,500,282.520778
-297.8105,500,284.220175
-328.38016,500,284.706958
-222.527367,500,285.220201
-249.011215,500,285.681443
-191.825612,500,287.481428
-319.410237,500,287.936875
-418.705173,500,288.340543
-429.129057,500,288.802292
-558.814134,500,290.587594
-262.985956,500,291.033313
-458.457675,500,291.455593
-352.1738,500,291.938344
-253.030942,500,293.699196
-374.34514,500,294.161465
-455.128489,500,294.648723
-319.39609,500,295.056437
-288.10313,500,296.796877
-454.91866,500,297.275095
-424.240185,500,297.698808
-363.473218,500,298.132496
-387.431429,500,299.834209
-192.518926,500,300.30749
-392.552259,500,300.792737
-325.693054,500,301.240464
-373.207178,500,303.045227
-295.191918,500,303.557546
-242.097901,500,304.035202
-251.233056,500,304.49638
-346.686821,500,306.26698
-259.075218,500,306.736705
-347.21722,500,307.176888
-292.345796,500,307.615616
-433.312854,500,309.316413
-357.841678,500,309.77159
-330.337887,500,310.244338
-238.25936,500,310.694595
-364.816303,500,312.423151
-301.386704,500,312.94005
-181.024678,500,313.379268
-254.274556,500,313.86098
-320.737408,500,315.684572
-198.664634,500,316.151311
-281.995331,500,316.609528
-355.048679,500,317.068667
-240.980174,500,317.534295
-333.974858,500,319.233828
-454.596459,500,319.779607
-295.655027,500,320.287855
-391.378528,500,320.780097
-483.053455,500,322.604051
-257.914557,500,323.053376
-318.510098,500,323.510191
-419.453484,500,323.943291
-331.614324,500,325.710959
-334.797899,500,326.18458
-511.371888,500,326.6312
-180.240092,500,327.091101
-356.107079,500,328.810974
-343.498784,500,329.323256
-324.758615,500,329.711973
-387.81474,500,330.128684
-232.967843,500,331.967415
-391.826355,500,332.470634
-248.521768,500,332.941447
-405.634564,500,333.404685
-333.982369,500,335.170639
-431.928597,500,335.665855
-289.155751,500,336.134071
-438.62223,500,336.582752
-369.322692,500,338.373097
-429.599315,500,338.843843
-314.273612,500,339.291088
-271.853192,500,339.702833
-372.668482,500,341.349004
-435.43091,500,341.814185
-195.390903,500,342.300466
-429.056623,500,342.787146
-314.957778,500,344.572829
-269.327361,500,345.069079
-247.596934,500,345.592979
-395.078824,500,346.072206
-291.202846,500,347.93067
-219.057994,500,348.434886
-417.263641,500,348.897619
-295.954151,500,349.356825
-444.824282,500,349.821062
-365.348174,500,351.622662
-289.948366,500,352.092402
-254.573619,500,352.537646
-370.024968,500,352.992797
-446.702722,500,354.700186
-174.308809,500,355.067831
-442.129954,500,355.5085
-319.33475,500,355.939187
-187.374441,500,357.713059
-386.865543,500,358.135782
-376.875263,500,358.567642
-315.756956,500,358.956797
-316.17256,500,360.645899
-381.845746,500,361.142758
-343.926609,500,361.613968
-455.946339,500,362.040612
-187.969191,500,363.794583
-412.041853,500,364.183266
-229.491496,500,364.571935
-348.517293,500,365.002052
-468.068192,500,366.679224
-347.009967,500,367.12944
-216.801348,500,367.585138
-331.346981,500,368.029386
-473.394451,500,369.684603
-405.524584,500,370.1428
-430.806682,500,370.614601
-185.931277,500,371.068777
-200.236081,500,372.880741
-339.959247,500,373.350945
-226.319156,500,373.837147
-461.810685,500,374.338271
-412.938803,500,375.981205
-335.789896,500,376.443397
-363.200386,500,376.850052
-455.330701,500,377.254669
-368.388573,500,378.971448
-192.442467,500,379.426131
-477.718197,500,379.812812
-450.481151,500,380.237477
-436.271928,500,380.693693
-402.266636,500,382.407141
-344.172852,500,382.828859
-349.596229,500,383.273144
-171.645783,500,383.691611
-356.350182,500,385.440015
-253.089262,500,385.869244
-180.422905,500,386.301395
-389.769941,500,386.750131
-479.667906,500,388.49503
-171.087995,500,388.869754
-210.585274,500,389.343496
-247.744971,500,389.818759
-175.309482,500,391.468527
-159.338903,500,391.918864
-258.121814,500,392.387092
-408.165066,500,392.817781
-243.931486,500,394.509495
-398.440998,500,394.934128
-381.761221,500,395.344858
-350.331379,500,395.80906
-260.02338,500,397.412752
-426.27951,500,397.850003
-154.083394,500,398.314202
-365.462322,500,398.741889
-287.361457,500,400.596972
-379.72521,500,401.005167
-430.752081,500,401.455866
-297.395857,500,401.900141
-322.000104,500,403.69278
-175.431404,500,404.183058
-327.913289,500,404.572247
-313.139715,500,404.999782
-239.174671,500,406.736809
-379.08415,500,407.128474
-346.102862,500,407.50662
-395.984042,500,407.907355
-358.119391,500,409.64926
-468.315516,500,410.143524
-359.840231,500,410.537691
-263.237787,500,410.941375
-291.401037,500,412.679794
-400.567889,500,413.171602
-254.679919,500,413.662029
-219.548355,500,414.099305
-215.59187,500,414.487448
-314.331427,500,416.167259
-332.430555,500,416.606526
-285.393235,500,416.988688
-380.159088,500,417.421406
-250.817311,500,419.128778
-252.783659,500,419.598559
-260.927728,500,420.049206
-414.695568,500,420.488352
-421.082386,500,422.214715
-297.624134,500,422.63841
-335.189947,500,423.060647
-336.113018,500,423.538352
-284.957059,500,425.162736
-452.541765,500,425.601954
-244.085898,500,426.158206
-423.652949,500,426.620459
-158.80842,500,428.334687
-509.631096,500,428.786115
-336.228356,500,429.240379
-416.802227,500,429.694624
-437.93979,500,431.466163
-288.996206,500,431.92438
-494.54108,500,432.346749
-354.512626,500,432.785399
-331.706518,500,434.438911
-239.752107,500,434.838619
-236.105372,500,435.215707
-374.661113,500,435.628878
-475.717696,500,437.308439
-339.499731,500,437.779628
-256.820313,500,438.153267
-388.47979,500,438.594027
-343.111401,500,440.221148
-450.123528,500,440.697393
-383.467793,500,441.155577
-388.094771,500,441.577286
-265.456395,500,443.285671
-476.404928,500,443.707379
-418.203373,500,444.067079
-268.933024,500,444.426718
-427.082658,500,444.933962
-335.59348,500,446.501762
-486.535777,500,446.934465
-226.567498,500,447.374649
-343.257315,500,447.825877
-148.678738,500,449.525731
-357.324842,500,449.963979
-419.357641,500,450.419695
-248.723723,500,450.894948
-424.2171,500,452.874025
-242.000338,500,453.371302
-186.500098,500,453.834063
-290.800111,500,454.311297
-370.729526,500,456.053374
-342.867175,500,456.515889
-417.88261,500,456.916115
-426.219762,500,457.342258
-327.062347,500,459.158753
-475.926796,500,459.648458
-176.02906,500,460.166713
-300.964253,500,460.646999
-243.036481,500,462.358267
-272.137542,500,462.824595
-375.450589,500,463.180263
-348.057992,500,463.55221
-171.065809,500,465.369125
-397.469251,500,465.87246
-293.532133,500,466.293192
-403.504126,500,466.584309
-161.108072,500,468.158098
-411.400295,500,468.58482
-446.165355,500,468.995985
-454.206721,500,469.36373
-361.565404,500,471.091872
-205.645137,500,471.540988
-410.903582,500,471.97622
-325.245032,500,472.413902
-273.161853,500,474.106539
-346.067027,500,474.527211
-426.214481,500,474.950685
-163.89371,500,475.41889
-373.946554,500,477.089953
-232.484272,500,477.605109
-155.353819,500,478.108387
-256.558654,500,478.580635
-400.004855,500,479.003809
-428.435104,500,480.801775
-160.61476,500,481.273972
-282.144585,500,481.74268
-332.214418,500,482.233953
-258.598425,500,484.059333
-357.421719,500,484.522562
-433.035478,500,484.921261
-299.44469,500,485.412128
-353.906056,500,487.231139
-156.317773,500,487.63882
-430.972023,500,488.099963
-308.312295,500,488.540099
-428.220525,500,490.376356
-299.881771,500,490.842946
-338.540831,500,491.298297
-416.603462,500,491.746395
-448.660166,500,493.426047
-343.761983,500,493.894682
-325.747672,500,494.391687
-262.379837,500,494.928917
-324.681874,500,496.651811
-358.528596,500,497.090786
-223.4491,500,497.543906
-179.093768,500,497.955387
-248.954343,500,499.647676
-350.751313,500,500.101522
-264.084952,500,500.506695
-385.994988,500,500.972875
-359.827568,500,502.733024
-394.463455,500,503.206259
-273.312998,500,503.652899
-385.57729,500,504.16119
-458.662191,500,506.456829
-300.449607,500,506.92913
-423.045405,500,507.421684
-211.613095,500,507.923723
-269.725794,500,509.736187
-359.138846,500,510.204815
-348.955792,500,510.749404
-450.119585,500,511.33123
-299.671021,500,511.869518
-325.34141,500,513.928393
-334.611321,500,514.519195
-337.781816,500,515.037495
-411.828444,500,515.533754
-337.063393,500,517.383733
-440.956968,500,517.881028
-291.468702,500,518.318725
-402.62823,500,518.689943
-170.84678,500,520.474446
-343.046376,500,520.981702
-194.588881,500,521.508446
-251.122301,500,521.907129
-195.762142,500,523.735095
-331.97027,500,524.170026
-338.524447,500,524.612266
-273.332811,500,525.039259
-271.868222,500,526.554718
-355.684418,500,526.804869
-333.597801,500,527.011945
-174.099824,500,527.236596
-402.741125,500,528.12658
-326.180091,500,528.369673
-173.39405,500,528.538707
-404.860169,500,528.730432
-414.192003,500,530.549879
-331.153721,500,530.972548
-432.979692,500,531.424806
-345.063852,500,531.78651
-255.967308,500,533.532132
-308.448458,500,533.921869
-337.092633,500,534.310149
-436.187037,500,534.711876
-249.833444,500,536.413776
-357.555753,500,536.766955
-234.152901,500,537.188187
-452.555302,500,537.634627
-367.627262,500,539.438683
-415.019514,500,539.98293
-448.850981,500,540.469142
-369.630278,500,540.990813
-270.958489,500,542.741606
-363.896791,500,543.2473
-451.013942,500,543.792102
-401.845533,500,544.281829
-410.354562,500,544.71109
-491.050115,500,546.466603
-293.227964,500,546.926838
-257.759786,500,547.407084
-355.987331,500,547.86673
-300.796929,500,549.643722
-429.92763,500,550.097411
-396.250168,500,550.570718
-337.740492,500,551.044683
-223.0752,500,552.854036
-348.721383,500,553.335248
-415.943225,500,553.812814
-152.022783,500,554.208519
-346.873878,500,555.893773
-164.333289,500,556.356047
-360.273695,500,556.804268
-168.21056,500,557.268988
-337.716728,500,558.957409
-165.985416,500,559.455533
-299.367989,500,559.890932
-340.33815,500,560.361186
-433.838369,500,562.131348
-291.348103,500,562.616107
-177.167536,500,563.084838
-247.132068,500,563.576137
-383.829925,500,565.246543
-217.180471,500,565.7708
-178.300112,500,566.264576
-342.554597,500,566.682279
-245.862381,500,568.42429
-435.69117,500,568.891038
-278.074305,500,569.330298
-320.14231,500,569.772043
-228.724101,500,571.540111
-299.307351,500,572.006866
-343.268081,500,572.446109
-162.468709,500,572.910293
-310.436452,500,574.581379
-299.116838,500,575.009026
-171.280591,500,575.450231
-347.512773,500,575.907521
-299.27052,500,576.282207
-178.789404,500,578.044004
-403.986759,500,578.476637
-350.380803,500,578.951839
-374.136268,500,579.358509
-316.917451,500,581.133507
-151.317208,500,581.646768
-342.946715,500,582.109957
-227.750902,500,582.594202
-163.732718,500,584.466687
-296.958678,500,584.926418
-432.645258,500,585.361751
-395.677437,500,585.789456
-382.003777,500,587.58446
-275.684303,500,588.081633
-237.219241,500,588.587477
-462.76163,500,589.013716
-217.831981,500,590.677798
-392.893936,500,591.161965
-162.180839,500,591.642692
-309.979568,500,592.115803
-240.504125,500,593.845265
-324.280115,500,594.239417
-263.020783,500,594.760103
-297.449109,500,595.252231
-340.911977,500,596.961004
-409.959904,500,597.381721
-278.987776,500,597.818358
-256.234031,500,598.272566
-495.039439,500,599.987461
-287.160913,500,600.420135
-283.9081,500,600.897362
-406.128544,500,601.413621
-343.82025,500,603.261998
-342.066132,500,603.724691
-356.496873,500,604.182923
-325.039833,500,604.664183
-184.840714,500,606.505477
-442.471089,500,606.942178
-244.483189,500,607.409444
-257.331274,500,607.848716
-305.210696,500,608.366984
-346.597031,500,610.04611
-415.564228,500,610.518105
-353.376855,500,610.96135
-440.686509,500,611.427041
-402.485835,500,613.192711
-299.516379,500,613.66393
-286.603034,500,614.141093
-421.232395,500,614.53179
-309.064637,500,616.264179
-242.061703,500,616.677814
-248.419609,500,617.067427
-173.780893,500,617.548142
-215.502275,500,619.225917
-300.01156,500,619.64604
-294.345512,500,620.106312
-407.512655,500,620.527975
-377.778021,500,622.255446
-353.684665,500,622.678701
-188.898877,500,623.172957
-237.893756,500,623.620096
-434.334393,500,625.350465
-269.000983,500,625.780702
-422.856384,500,626.228406
-316.275107,500,626.679657
-309.423977,500,628.451498
-466.304924,500,628.909684
-473.411056,500,629.379876
-225.470064,500,629.808599
-394.225302,500,631.647601
-162.522548,500,632.121351
-406.298315,500,632.590064
-420.374791,500,633.061741
-247.799156,500,634.846065
-236.083203,500,635.288295
-153.863413,500,635.724977
-405.562719,500,636.14917
-161.300877,500,637.788117
-436.371406,500,638.246814
-495.604871,500,638.647988
-197.782697,500,639.087171
-341.416162,500,640.778332
-412.058803,500,641.211007
-423.423715,500,641.61216
-252.601467,500,642.046512
-314.987799,500,642.517767
-415.977378,500,644.249738
-289.297704,500,644.63787
-339.948752,500,645.029525
-482.337545,500,645.414189
-360.290721,500,647.05731
-434.089319,500,647.450955
-334.764843,500,647.847636
-323.963535,500,648.179274
-238.221556,500,649.888912
-296.813717,500,650.313104
-333.117661,500,650.6938
-344.763721,500,651.107939
-300.571459,500,652.996303
-199.0798,500,653.439964
-515.231746,500,653.855653
-438.535192,500,654.292828
-424.490652,500,656.044588
-450.767118,500,656.43731
-513.85382,500,656.790034
-280.469377,500,657.234644
-304.079186,500,659.042532
-344.368411,500,659.54073
-374.483781,500,660.042965
-457.913085,500,660.514228
-444.2889,500,662.229269
-300.366833,500,662.716536
-428.171712,500,663.207766
-146.514131,500,663.674502
-315.482473,500,665.358193
-385.888875,500,665.823961
-381.667523,500,666.249594
-164.684833,500,666.648656
-378.683654,500,668.281375
-343.224562,500,668.662531
-381.577803,500,669.098746
-347.132544,500,669.533487
-276.71317,500,671.177766
-397.841863,500,671.630433
-390.833506,500,672.029111
-274.118991,500,672.414807
-200.502441,500,672.854532
-308.764744,500,674.439522
-212.938124,500,674.858222
-357.923184,500,675.281925
-426.425713,500,675.747179
-286.022066,500,677.41779
-259.77421,500,677.872488
-475.473214,500,678.254947
-428.709842,500,678.637099
-444.879026,500,680.342555
-302.4819,500,680.778212
-427.305013,500,681.190881
-179.126337,500,681.615549
-330.643787,500,683.31459
-138.574916,500,683.754306
-497.956167,500,684.192009
-302.416696,500,684.644706
-178.432168,500,686.413908
-375.874608,500,686.878635
-346.026194,500,687.336871
-352.64476,500,687.812614
-465.402613,500,689.568037
-491.399493,500,689.95078
-359.965616,500,690.368522
-447.752783,500,690.812966
-309.368375,500,692.548327
-290.518669,500,693.03352
-220.957514,500,693.514173
-392.89027,500,693.951416
-386.058896,500,695.644824
-500.443403,500,696.070461
-266.835238,500,696.516192
-303.656872,500,696.968396
-453.01419,500,698.597811
-176.348215,500,699.028503
-503.656718,500,699.449676
-387.798574,500,699.871468
-444.187116,500,701.488735
-337.060803,500,701.936459
-394.130882,500,702.309764
-425.165544,500,702.76003
-483.544357,500,704.382361
-391.99208,500,704.829086
-460.572135,500,705.282315
-315.639251,500,705.76156
-383.694378,500,706.213285
-228.681898,500,707.851094
-214.472913,500,708.304343
-379.672916,500,708.75262
-240.555367,500,709.118247
-395.216275,500,710.76159
-298.981841,500,711.098153
-317.948503,500,711.441226
-239.286159,500,711.888286
-367.260396,500,713.610095
-481.556357,500,714.045738
-246.419826,500,714.482976
-406.563964,500,714.862699
-150.79031,500,716.553978
-391.518648,500,716.968876
-256.88425,500,717.414065
-497.691118,500,717.843717
-382.995304,500,719.488369
-360.617012,500,719.87687
-195.48538,500,720.259076
-458.51179,500,720.721201
-265.905017,500,722.450886
-381.953663,500,722.861589
-357.005791,500,723.307815
-423.94159,500,723.702015
-241.748825,500,725.364464
-448.74084,500,725.789601
-282.123198,500,726.225315
-264.972857,500,726.637488
-304.311987,500,728.378569
-437.030344,500,728.837823
-304.825654,500,729.269514
-302.723571,500,729.674429
-205.758747,500,731.317798
-371.964632,500,731.752539
-418.233529,500,732.184351
-231.262138,500,732.659531
-368.642931,500,734.330899
-282.573068,500,734.779609
-307.874158,500,735.222816
-401.821069,500,735.673973
-279.508158,500,736.092674
-490.747859,500,737.708827
-302.222857,500,738.191533
-352.982563,500,738.624755
-247.444271,500,739.030441
-444.209211,500,740.757831
-391.465656,500,741.202024
-219.895819,500,741.615208
-374.252172,500,742.030882
-365.591492,500,743.754105
-324.510562,500,744.190253
-474.067563,500,744.636471
-200.453246,500,745.038177
-375.576447,500,746.721232
-351.088252,500,747.152369
-324.460589,500,747.599091
-292.726199,500,748.032324
-502.747104,500,749.636135
-302.890958,500,750.079801
-427.109175,500,750.485497
-218.559568,500,750.952722
-251.455011,500,752.700424
-438.375911,500,753.164359
-220.062616,500,753.620838
-403.345484,500,754.049575
-439.867471,500,755.749484
-205.0949,500,756.165662
-394.813763,500,756.619407
-445.219829,500,757.089647
-216.281272,500,758.791958
-330.674145,500,759.188145
-213.71578,500,759.645161
-303.113968,500,760.134415
-349.697745,500,761.900097
-307.450238,500,762.327302
-337.317873,500,762.753016
-422.975225,500,763.150858
-348.914203,500,764.885652
-336.866633,500,765.319355
-387.554223,500,765.79959
-462.233812,500,766.265787
-369.235612,500,766.778625
-381.840277,500,768.516426
-290.953316,500,768.944624
-462.839125,500,769.412285
-355.044223,500,769.905529
-408.20954,500,771.67591
-226.578279,500,772.115608
-342.37061,500,772.55087
-247.769762,500,772.988484
-326.584485,500,774.671935
-417.439179,500,775.085653
-542.443774,500,775.516373
-323.74112,500,775.920068
-326.668737,500,777.724018
-526.762362,500,778.167252
-361.615576,500,778.620963
-231.208793,500,779.039195
-476.209811,500,780.8078
-246.162312,500,781.320049
-223.592578,500,781.837844
-310.702666,500,782.319319
-477.50136,500,784.072639
-366.275639,500,784.502313
-246.61777,500,784.893015
-481.684548,500,785.310659
-228.44672,500,787.047452
-321.942552,500,787.502141
-166.182084,500,787.967333
-263.222902,500,788.427058
-148.480463,500,790.302036
-188.667929,500,790.777189
-337.259626,500,791.2304
-269.3297,500,791.722611
-327.235929,500,793.260901
-515.145887,500,793.565515
-505.917453,500,793.868644
-513.777462,500,794.035196
-322.274791,500,794.887059
-238.733187,500,795.120693
-496.484541,500,795.343333
-514.822094,500,795.545957
-470.985833,500,796.410817
-375.379582,500,796.600573
-437.221167,500,796.851665
-416.90396,500,797.081711
-302.695342,500,797.310277
-389.707193,500,798.206811
-494.642357,500,798.395412
-389.081455,500,798.602099
-481.44579,500,798.850272
-367.645812,500,799.840448
-226.258581,500,800.070027
-238.140391,500,800.31619
-520.082354,500,800.561323
-508.260884,500,801.442281
-479.06021,500,801.684887
-462.079728,500,801.876088
-414.58408,500,802.075183
-337.337708,500,803.018718
-264.175037,500,803.258849
-371.401733,500,803.472902
-335.402466,500,803.700987
-382.668808,500,805.283468
-370.588197,500,805.750679
-417.692839,500,806.187302
-291.764655,500,806.650476
-413.170397,500,808.317242
-453.642857,500,808.795414
-217.24321,500,809.27264
-192.427905,500,809.798823
-331.632263,500,811.937693
-195.857159,500,812.496305
-270.988017,500,812.970547
-529.58446,500,813.503303
-327.382549,500,815.289896
-373.884162,500,815.803142
-405.129819,500,816.313366
-215.611973,500,816.773609
-235.906756,500,818.682346
-171.361247,500,819.14509
-356.289154,500,819.683866
-434.097153,500,820.221126
-391.047949,500,822.026018
-309.814177,500,822.472764
-291.090129,500,822.938388
-339.910451,500,823.368426
-353.709347,500,823.834112
-270.820327,500,825.772035
-387.237793,500,826.206224
-325.359264,500,826.702277
-250.786001,500,827.205434
-374.625523,500,828.888173
-351.344392,500,829.390173
-432.818765,500,829.834893
-225.892508,500,830.305512
-432.251428,500,832.073371
-360.563484,500,832.572332
-266.198511,500,833.042599
-379.775125,500,833.564454
-297.529195,500,835.400494
-337.801008,500,835.862772
-346.608014,500,836.377512
-327.035803,500,836.923757
-261.558652,500,838.740608
-384.433388,500,839.191771
-298.581359,500,839.643023
-372.798556,500,840.044716
-202.328431,500,841.894043
-187.380564,500,842.385207
-298.813648,500,842.897381
-363.295145,500,843.409611
-225.386515,500,845.215971
-228.661328,500,845.690198
-270.96942,500,846.148809
-402.428354,500,846.612945
-401.363176,500,848.47735
-340.623239,500,848.960378
-246.164284,500,849.479846
-440.11345,500,849.989288
-339.157502,500,851.747363
-469.271318,500,852.215541
-390.839934,500,852.7218
-408.987364,500,853.167485
-395.100521,500,854.912886
-418.05405,500,855.408088
-312.612071,500,855.846741
-431.856311,500,856.295965
-366.326366,500,858.094944
-480.621935,500,858.576644
-397.347798,500,859.133329
-322.830738,500,859.681569
-345.414808,500,860.154831
-347.868226,500,861.991412
-351.005547,500,862.479674
-282.229466,500,862.912939
-201.846779,500,863.388689
-366.545348,500,865.114117
-334.663067,500,865.520878
-378.49291,500,866.012092
-327.776671,500,866.514874
-295.631887,500,868.225419
-340.796503,500,868.684102
-321.580379,500,869.101335
-189.552105,500,869.567001
-294.468861,500,871.321808
-305.229776,500,871.840327
-405.766646,500,872.325126
-254.105525,500,872.802392
-415.090659,500,874.675971
-251.049492,500,875.145267
-303.077101,500,875.621527
-394.6795,500,876.080257
-265.918056,500,877.752724
-173.596146,500,878.188328
-326.054896,500,878.649622
-387.422809,500,879.075323
-264.257523,500,880.801773
-386.670869,500,881.285814
-271.995092,500,881.727462
-185.861199,500,882.181058
-304.653143,500,883.880305
-254.711307,500,884.277497
-346.209064,500,884.772777
-279.72962,500,885.200478
-424.664687,500,886.883775
-405.22414,500,887.321992
-287.65058,500,887.829271
-215.317436,500,888.28342
-167.218342,500,890.047355
-329.44875,500,890.543248
-385.754178,500,891.026975
-376.711693,500,891.467642
-299.418565,500,891.926787
-219.243482,500,893.601059
-504.836569,500,894.078232
-214.287332,500,894.540532
-467.256272,500,894.999229
-179.768709,500,896.744549
-372.760218,500,897.217243
-401.152631,500,897.662518
-253.471793,500,898.168772
-252.706702,500,899.366466
-442.953957,500,899.619133
-189.090727,500,899.872292
-306.985913,500,900.123363
-305.944813,500,900.867071
-236.106542,500,901.118164
-403.394308,500,901.356882
-305.212516,500,901.6216
-249.735805,500,902.432853
-324.89237,500,902.691997
-212.671295,500,902.878588
-323.478809,500,903.121251
-284.546652,500,904.23489
-336.769807,500,904.516095
-298.835305,500,904.747706
-253.873806,500,905.011245
-239.414192,500,906.0818
-237.118103,500,906.351968
-352.298756,500,906.619125
-224.108355,500,906.833731
-230.112463,500,907.521969
-455.901979,500,907.699049
-380.709767,500,907.972188
-341.535841,500,908.22181
-398.89184,500,909.272246
-428.931069,500,909.505893
-359.799857,500,909.735018
-388.003512,500,909.976167
-346.235899,500,910.924027
-333.112582,500,911.171658
-292.153613,500,911.418284
-207.008106,500,911.601334
-226.11766,500,912.375728
-341.943493,500,912.574837
-237.409121,500,912.792925
-213.375285,500,912.939992
-250.846364,500,913.092036
-276.631335,500,914.059433
-203.229641,500,914.34069
-400.850952,500,914.584282
-233.712058,500,914.787364
-295.567421,500,915.636219
-226.78762,500,915.897344
-375.337931,500,916.122448
-301.073877,500,916.281215
-411.043871,500,917.218066
-388.061709,500,917.416497
-277.295517,500,917.613576
-386.745169,500,917.877713
-266.517783,500,918.875758
-288.732108,500,919.152547
-425.185928,500,919.404143
-365.730976,500,919.648763
-250.488726,500,920.457719
-362.357365,500,920.734831
-234.508888,500,920.936459
-296.57206,500,921.102515
-216.862986,500,922.042106
-329.486589,500,922.270711
-433.420433,500,922.552469
-297.338591,500,922.819674
-185.38299,500,923.821095
-382.378494,500,924.029174
-411.499201,500,924.20425
-263.436024,500,924.392823
-242.909426,500,925.300563
-257.225566,500,925.462133
-327.912491,500,925.692193
-198.370227,500,925.93183
-231.648616,500,926.836818
-305.364132,500,927.048892
-377.310944,500,927.225981
-480.584132,500,927.44567
-376.152634,500,928.269702
-295.527784,500,928.495045
-194.115736,500,928.718136
-168.418463,500,928.970167
-305.801212,500,929.343368
-296.786312,500,930.701161
-379.917935,500,931.164394
-242.490165,500,931.508541
-204.019339,500,931.78083
-347.367351,500,933.171103
-400.549397,500,933.536803
-428.137503,500,933.856081
-341.805798,500,934.182203
-336.282923,500,935.359406
-240.228688,500,935.625479
-238.354115,500,935.944656
-302.991349,500,936.215937
-344.837762,500,937.273213
-459.345557,500,937.538827
-290.928551,500,937.824159
-194.968232,500,938.103467
-200.724261,500,938.974143
-332.228815,500,939.216459
-239.517578,500,939.470064
-312.332086,500,939.703151
-504.282579,500,940.762297
-320.448893,500,941.088458
-436.547311,500,941.416607
-400.180308,500,941.724231
-299.839981,500,942.827891
-251.867838,500,943.098143
-287.334388,500,943.329079
-287.97817,500,943.496873
-416.724942,500,944.881849
-157.961533,500,945.198434
-372.357544,500,945.598089
-422.082371,500,946.025728
-332.289626,500,947.793983
-364.140719,500,948.259666
-407.643165,500,948.746474
-198.218787,500,949.220716
-249.419849,500,950.96754
-353.603136,500,951.36916
-388.605341,500,951.777265
-392.727381,500,952.243434
-390.811376,500,952.695217
-455.720547,500,954.293423
-384.168796,500,954.717068
-221.241476,500,955.204805
-407.72976,500,955.688016
-306.905501,500,957.428239
-275.418417,500,957.90194
-144.449561,500,958.371785
-386.493133,500,958.8125
-275.318171,500,960.565217
-201.655375,500,961.02038
-358.858359,500,961.495114
-339.797861,500,961.940405
-395.518131,500,963.652313
-242.680559,500,964.148463
-276.022268,500,964.67833
-321.666204,500,965.110562
-237.905414,500,966.918629
-387.839126,500,967.282262
-364.400601,500,967.733527
-355.804752,500,968.221785
-357.539686,500,969.954545
-432.755634,500,970.392306
-260.968795,500,970.840572
-179.182923,500,971.346828
-399.403711,500,973.035661
-319.964775,500,973.468334
-178.085089,500,973.918477
-272.369235,500,974.35223
-161.225024,500,976.135628
-321.146861,500,976.60438
-228.333877,500,977.082628
-290.780882,500,977.526863
-318.633683,500,979.250348
-273.180189,500,979.725585
-260.188626,500,980.160252
-289.954186,500,980.626489
-253.398281,500,982.576885
-249.268136,500,983.067458
-258.056268,500,983.520206
-235.45254,500,984.042894
-220.125045,500,985.835001
-407.261038,500,986.321995
-282.768175,500,986.759588
-183.959485,500,987.227697
-405.036091,500,987.771055
-186.339854,500,989.546912
-275.260364,500,989.994565
-306.771372,500,990.484001
-329.852063,500,991.007726
-216.597436,500,992.80648
-270.609804,500,993.284659
-250.298453,500,993.794385
-189.132472,500,994.320132
-236.932857,500,996.095327
-234.492179,500,996.532578
-469.220059,500,997.002203
-320.933854,500,997.51424
-393.34684,500,999.395129
-334.889979,500,999.856281
-245.09379,500,1000.369594
-182.284228,500,1000.90896
-148.665789,500,1002.791914
-176.548016,500,1003.290025
-337.399801,500,1003.81716
-191.649464,500,1004.315277
-457.776816,500,1006.11276
-178.665762,500,1006.559732
-190.682093,500,1007.071817
-478.420321,500,1007.544294
-173.948739,500,1009.287503
-155.636105,500,1009.793751
-450.116785,500,1010.359099
-157.814462,500,1010.87326
-294.996289,500,1012.628618
-190.239455,500,1013.085297
-297.719017,500,1013.473994
-314.260567,500,1013.949044
-451.75512,500,1015.667325
-191.818756,500,1016.133565
-246.895136,500,1016.607259
-367.173364,500,1017.076492
-135.103384,500,1018.798198
-201.545589,500,1019.255405
-445.253768,500,1019.730112
-420.685596,500,1020.145583
-426.462847,500,1020.602879
-244.338552,500,1022.389588
-293.315932,500,1022.907345
-160.611965,500,1023.402973
-242.05916,500,1023.851637
-200.53362,500,1025.646146
-304.776621,500,1026.104733
-484.365679,500,1026.552923
-181.916789,500,1027.018643
-259.081021,500,1028.731443
-289.430893,500,1029.233659
-436.994682,500,1029.68789
-473.584384,500,1030.132633
-249.90869,500,1031.928967
-244.144575,500,1032.440156
-400.737366,500,1032.884377
-511.948156,500,1033.322536
-183.847105,500,1035.124809
-450.201441,500,1035.640006
-258.698993,500,1036.094747
-508.897382,500,1036.525505
-360.3801,500,1038.269425
-336.734789,500,1038.684132
-368.061697,500,1039.105803
-326.269667,500,1039.549472
-200.437541,500,1041.210027
-310.633318,500,1041.645698
-457.150873,500,1042.075931
-384.883426,500,1042.527308
-338.052738,500,1044.263106
-493.9895,500,1044.71283
-283.410318,500,1045.13438
-377.28152,500,1045.574614
-330.453825,500,1047.303395
-422.566085,500,1047.758082
-437.731847,500,1048.243351
-319.922277,500,1048.687508
-340.285623,500,1050.525142
-423.659709,500,1050.98836
-442.670551,500,1051.428913
-302.429942,500,1051.809044
-317.263054,500,1053.580469
-247.471046,500,1054.074769
-344.441567,500,1054.519495
-424.331662,500,1055.019743
-178.542939,500,1055.36885
-303.74902,500,1057.099081
-301.000338,500,1057.422265
-420.040747,500,1057.752921
-324.176507,500,1058.201123
-282.437534,500,1059.918659
-474.464036,500,1060.340806
-286.736661,500,1060.749511
-448.767345,500,1061.173924
-474.335758,500,1062.844586
-448.88626,500,1063.305769
-324.52351,500,1063.763369
-264.76107,500,1064.187555
-434.24997,500,1065.840751
-320.969725,500,1066.29495
-315.638873,500,1066.675067
-294.736878,500,1067.076732
-227.816944,500,1068.640859
-346.869888,500,1069.11902
-234.057674,500,1069.525715
-419.835025,500,1069.88712
-395.869529,500,1071.621695
-334.959586,500,1072.070343
-344.423716,500,1072.497522
-357.932232,500,1072.938208
-405.422631,500,1074.566243
-200.624179,500,1075.052441
-400.644191,500,1075.541663
-165.672122,500,1075.998482
-382.697571,500,1077.729156
-348.206558,500,1078.162479
-383.340962,500,1078.593647
-405.399489,500,1079.011696
-260.257975,500,1080.714375
-506.163426,500,1081.198272
-372.704667,500,1081.644912
-320.748565,500,1082.10817
-383.300934,500,1083.875601
-320.399014,500,1084.360504
-491.627003,500,1084.801956
-379.231789,500,1085.186198
-271.714933,500,1085.603133
-429.794493,500,1087.268349
-471.177665,500,1087.683083
-415.186002,500,1088.108311
-260.723629,500,1088.500961
-475.919524,500,1090.209629
-310.575884,500,1090.650301
-220.742709,500,1091.003979
-477.626042,500,1091.406665
-463.452064,500,1093.038881
-364.254556,500,1093.508099
-299.419165,500,1093.953734
-236.289163,500,1094.362829
-246.211016,500,1095.992492
-298.912877,500,1096.427605
-196.697303,500,1096.83727
-490.670093,500,1097.244512
-308.577158,500,1098.985296
-285.774733,500,1099.461522
-167.274332,500,1099.946768
-215.647122,500,1100.398496
-312.586712,500,1102.201885
-475.368512,500,1102.685575
-335.045379,500,1103.152853
-456.142724,500,1103.565558
-502.9208,500,1105.255259
-273.215367,500,1105.727461
-334.520331,500,1106.13675
-317.751949,500,1106.577014
-399.312095,500,1108.370338
-252.398443,500,1108.781111
-365.911952,500,1109.202826
-146.278837,500,1109.584104
-353.586115,500,1111.308145
-300.496508,500,1111.746484
-439.518528,500,1112.206162
-428.242396,500,1112.709991
-423.017164,500,1114.446832
-405.303419,500,1114.932
-274.468606,500,1115.398647
-288.602084,500,1115.847352
-481.665865,500,1116.285031
-367.376803,500,1117.986001
-441.060512,500,1118.364087
-380.152847,500,1118.802772
-372.552636,500,1119.226964
-308.317988,500,1120.935305
-306.393797,500,1121.441191
-406.590524,500,1121.908493
-368.576955,500,1122.310638
-256.974166,500,1124.025867
-397.449946,500,1124.490605
-356.39995,500,1124.939874
-258.657007,500,1125.381038
-352.56988,500,1127.08825
-260.739608,500,1127.564487
-364.785835,500,1128.020731
-336.773453,500,1128.444955
-137.543213,500,1130.162113
-325.943395,500,1130.636292
-242.955704,500,1131.059912
-336.185529,500,1131.419973
-125.255951,500,1133.191994
-263.173185,500,1133.658259
-302.869533,500,1134.119896
-503.115846,500,1134.548165
-451.142928,500,1136.216433
-222.817107,500,1136.728642
-314.618913,500,1137.216815
-313.807938,500,1137.616501
-301.878399,500,1139.337633
-361.393192,500,1139.796433
-335.515493,500,1140.258664
-516.408515,500,1140.667909
-505.348385,500,1142.482231
-369.520588,500,1142.981434
-351.117457,500,1143.492707
-328.654193,500,1143.96092
-413.148574,500,1145.685863
-315.698082,500,1146.143603
-186.5498,500,1146.600819
-303.27938,500,1147.053033
-221.782859,500,1148.769315
-263.034218,500,1149.208282
-470.268814,500,1149.654525
-417.938703,500,1150.118265
-301.43703,500,1150.601581
-410.548959,500,1152.314177
-315.628783,500,1152.725934
-333.565635,500,1153.185207
-334.141515,500,1153.620912
-328.805666,500,1155.351212
-347.738862,500,1155.765679
-419.26472,500,1156.236358
-337.132832,500,1156.671701
-315.48857,500,1158.378851
-352.115867,500,1158.801551
-453.232911,500,1159.23423
-271.511381,500,1159.68144
-251.498339,500,1161.377195
-237.175106,500,1161.821887
-502.412999,500,1162.231593
-466.570916,500,1162.651284
-184.549497,500,1164.280844
-365.257187,500,1164.68046
-231.107518,500,1165.106085
-116.454117,500,1165.547861
-208.133591,500,1167.256415
-204.179435,500,1167.610106
-304.209939,500,1167.99684
-341.565631,500,1168.405003
-273.713144,500,1170.072773
-339.223933,500,1170.464449
-456.68441,500,1170.955579
-339.271235,500,1171.458826
-347.734445,500,1173.21527
-223.616588,500,1173.676591
-229.517172,500,1174.103778
-123.637749,500,1174.557473
-362.066951,500,1176.318855
-276.407066,500,1176.779558
-475.67864,500,1177.252562
-445.408264,500,1177.749741
-223.610669,500,1179.419436
-336.224068,500,1179.840122
-387.69061,500,1180.232909
-275.423875,500,1180.661584
-487.473417,500,1181.11882
-433.138211,500,1182.785468
-370.210673,500,1183.236657
-367.749311,500,1183.673352
-245.25781,500,1184.111178
-268.441766,500,1185.898809
-400.691679,500,1186.355035
-254.977125,500,1186.756605
-391.511014,500,1187.177322
-296.711496,500,1189.022873
-299.314592,500,1189.522255
-332.182889,500,1189.947542
-473.818891,500,1190.404248
-458.431316,500,1192.124607
-458.456328,500,1192.542316
-332.845988,500,1192.979002
-479.745517,500,1193.412692
-355.389813,500,1195.184912
-299.5156,500,1195.627154
-226.373887,500,1196.031796
-451.2727,500,1196.474489
-455.86625,500,1198.148865
-429.058796,500,1198.587527
-364.605594,500,1198.940243
-223.759555,500,1199.410436
-406.071511,500,1201.200154
-208.91917,500,1201.674353
-472.52378,500,1202.171618
-201.734893,500,1202.63454
-423.740966,500,1204.384117
-281.585329,500,1204.859963
-379.326915,500,1205.31818
-401.607755,500,1205.734835
-353.349213,500,1207.425101
-493.027809,500,1207.869549
-401.081506,500,1208.305197
-274.710802,500,1208.719856
-333.905571,500,1210.496468
-412.819513,500,1210.919658
-310.182103,500,1211.341814
-500.100838,500,1211.76413
-362.764237,500,1213.533632
-288.367994,500,1213.940417
-317.873811,500,1214.38112
-358.111949,500,1214.795765
-480.222309,500,1215.278013
-286.876211,500,1217.03797
-463.886775,500,1217.466392
-421.032183,500,1217.925133
-405.858556,500,1218.379355
-324.587311,500,1220.098755
-319.424564,500,1220.551878
-352.744013,500,1220.966558
-233.564925,500,1221.412702
-494.338983,500,1223.088902
-342.432371,500,1223.512587
-325.203207,500,1223.950794
-232.829096,500,1224.407972
-287.104819,500,1226.14772
-231.610882,500,1226.574947
-304.130018,500,1227.021666
-347.013073,500,1227.492914
-396.400655,500,1229.209655
-254.820824,500,1229.657877
-404.175874,500,1230.122555
-420.236853,500,1230.597795
-280.32301,500,1232.331081
-287.529353,500,1232.814314
-488.52237,500,1233.294558
-251.504251,500,1233.722222
-357.008096,500,1235.401688
-321.67789,500,1235.843399
-295.475424,500,1236.280599
-321.205675,500,1236.748097
-430.815084,500,1238.338365
-385.429436,500,1238.803608
-192.183535,500,1239.260864
-316.011253,500,1239.741569
-474.491715,500,1241.470087
-371.526344,500,1241.922225
-416.608998,500,1242.399413
-397.856958,500,1242.882574
-302.261588,500,1244.532272
-349.142067,500,1244.953426
-341.73946,500,1245.313141
-203.09914,500,1245.7764
-273.554296,500,1246.283639
-397.752027,500,1247.880914
-225.781509,500,1248.269037
-235.336259,500,1248.642217
-247.373428,500,1249.067464
-387.552571,500,1250.720738
-217.317077,500,1251.105434
-273.924574,500,1251.513084
-235.02575,500,1251.961303
-176.591017,500,1253.540089
-244.979416,500,1254.018761
-254.80107,500,1254.422947
-268.863936,500,1254.867658
-220.362935,500,1256.641469
-389.926453,500,1257.05513
-265.037038,500,1257.510381
-269.494233,500,1257.910608
-428.36446,500,1259.568433
-267.01764,500,1259.993631
-271.874272,500,1260.435792
-315.002612,500,1260.919009
-273.08907,500,1262.625881
-276.327146,500,1263.100991
-472.988804,500,1263.589212
-195.985956,500,1264.04297
-281.382484,500,1265.814947
-288.688253,500,1266.265618
-241.136489,500,1266.733843
-422.232819,500,1267.125544
-269.88731,500,1268.891452
-333.967727,500,1269.354675
-444.182666,500,1269.758419
-230.504086,500,1270.128611
-274.914614,500,1271.659933
-218.076895,500,1272.029646
-320.430664,500,1272.399
-163.202454,500,1272.830215
-360.335043,500,1274.445032
-257.82955,500,1274.881724
-227.252123,500,1275.346888
-431.526097,500,1275.774538
-469.203588,500,1277.478373
-311.072057,500,1277.869517
-286.383401,500,1278.314178
-420.534903,500,1278.787706
-452.092156,500,1279.226976
-162.324489,500,1280.843294
-212.095828,500,1281.238956
-169.980971,500,1281.696681
-232.570431,500,1282.153939
-200.566021,500,1283.865501
-475.847578,500,1284.281157
-210.745213,500,1284.737644
-294.183643,500,1285.223483
-432.367705,500,1286.867402
-241.046107,500,1287.274894
-239.681243,500,1287.695868
-392.375913,500,1288.133082
-456.216712,500,1289.868865
-333.509332,500,1290.34206
-348.204433,500,1290.808749
-340.720032,500,1291.297987
-137.550975,500,1293.033791
-266.397846,500,1293.51155
-335.450738,500,1293.907681
-287.773872,500,1294.35692
-158.910855,500,1296.027753
-281.050358,500,1296.485901
-330.568763,500,1296.883075
-338.860549,500,1297.311798
-418.298433,500,1299.016151
-127.047029,500,1299.44415
-312.104773,500,1299.933272
-454.497047,500,1300.391528
-360.4731,500,1302.091779
-318.627671,500,1302.544457
-475.871097,500,1302.923561
-242.410019,500,1303.350241
-321.463406,500,1305.107074
-481.899531,500,1305.587341
-284.42131,500,1305.926028
-318.270637,500,1306.376281
-275.159084,500,1308.040492
-293.460527,500,1308.4712
-275.954772,500,1308.867911
-265.119433,500,1309.315605
-241.802513,500,1309.799143
-433.659129,500,1311.472525
-129.812929,500,1311.960229
-274.765545,500,1312.427397
-341.492827,500,1312.895615
-263.784776,500,1314.61885
-246.851531,500,1315.046552
-432.400817,500,1315.506821
-339.849126,500,1315.932947
-147.382923,500,1317.620221
-326.358076,500,1318.088443
-246.042446,500,1318.550768
-320.11671,500,1319.052
-385.935431,500,1320.638185
-318.458783,500,1321.077872
-304.459515,500,1321.565089
-201.494351,500,1322.069315
-207.183948,500,1323.828214
-154.030112,500,1324.203925
-465.592666,500,1324.680612
-197.618217,500,1325.152672
-333.230916,500,1326.638375
-315.434288,500,1327.079002
-419.891904,500,1327.51716
-255.210161,500,1327.958308
-338.757994,500,1329.63585
-163.921323,500,1330.06662
-434.094581,500,1330.563854
-281.916442,500,1331.017059
-292.376243,500,1332.711472
-174.024136,500,1333.219705
-165.618514,500,1333.683354
-223.293039,500,1334.146221
-252.076616,500,1335.938581
-244.316633,500,1336.309773
-411.397622,500,1336.750583
-212.985845,500,1337.157343
-275.156526,500,1338.896008
-344.2944,500,1339.371205
-392.923923,500,1339.841413
-337.515775,500,1340.313852
-311.771063,500,1340.724047
-277.143904,500,1342.53108
-190.216843,500,1343.024773
-253.495566,500,1343.498186
-484.370788,500,1343.962382
-302.189881,500,1345.661649
-191.941633,500,1346.089195
-247.950123,500,1346.533827
-168.463216,500,1347.013323
-248.341328,500,1348.689856
-404.875008,500,1349.174097
-475.948144,500,1349.622822
-344.75794,500,1350.032529
-351.955065,500,1351.767786
-357.618004,500,1352.255986
-374.076985,500,1352.714677
-204.405557,500,1353.196894
-207.03068,500,1354.891676
-413.258088,500,1355.365924
-250.501639,500,1355.832627
-236.218087,500,1356.284419
-175.711791,500,1357.933378
-479.49592,500,1358.394568
-368.732974,500,1358.844245
-144.12711,500,1359.303557
-398.794921,500,1360.998923
-297.182722,500,1361.407657
-435.107315,500,1361.844341
-435.061157,500,1362.255036
-399.913109,500,1364.00309
-350.585887,500,1364.410804
-409.899742,500,1364.858542
-485.463067,500,1365.254949
-296.714185,500,1366.983921
-132.500389,500,1367.468634
-338.651802,500,1367.96085
-174.301536,500,1368.39212
-447.952116,500,1370.110039
-323.054219,500,1370.558758
-233.262352,500,1370.998565
-128.808021,500,1371.490808
-272.891851,500,1373.187831
-315.656145,500,1373.666569
-129.013016,500,1374.059329
-356.08477,500,1374.467506
-407.923458,500,1374.841246
-511.578541,500,1376.459173
-356.811011,500,1376.875425
-502.314609,500,1377.300545
-364.869219,500,1377.786267
-268.248457,500,1379.563967
-410.610342,500,1379.986166
-232.042671,500,1380.482374
-443.251332,500,1380.948565
-473.268593,500,1382.68978
-537.385122,500,1383.186421
-470.517315,500,1383.631608
-364.18701,500,1384.102969
-336.639336,500,1385.774271
-410.910572,500,1386.231665
-408.425102,500,1386.687382
-135.717602,500,1387.080191
-320.382769,500,1388.761103
-393.232577,500,1389.161805
-315.277433,500,1389.603568
-134.979107,500,1390.049824
-356.571869,500,1391.813188
-324.115087,500,1392.278878
-454.541831,500,1392.699511
-348.819575,500,1393.046119
-287.304495,500,1394.776071
-458.753687,500,1395.257352
-307.559574,500,1395.733538
-345.824999,500,1396.205254
-411.719546,500,1397.925464
-364.025719,500,1398.377212
-427.826408,500,1398.828388
-332.356426,500,1399.264989
-447.931863,500,1400.90511
-270.914746,500,1401.367321
-294.252772,500,1401.828945
-282.991261,500,1402.301186
-286.927151,500,1404.011876
-239.27907,500,1404.469044
-377.297346,500,1404.940592
-391.345437,500,1405.396252
-373.603473,500,1405.889454
-370.027156,500,1407.481737
-487.225351,500,1407.938911
-260.215708,500,1408.421146
-317.782173,500,1408.879298
-367.530508,500,1410.611203
-305.820032,500,1411.120443
-275.486253,500,1411.618683
-266.615472,500,1412.106533
-330.314349,500,1413.941923
-321.773221,500,1414.398327
-434.868263,500,1414.87027
-364.851561,500,1415.309968
-364.290579,500,1417.137121
-384.823418,500,1417.631279
-355.731079,500,1418.092489
-342.311893,500,1418.567369
-438.596125,500,1420.317148
-395.963657,500,1420.737826
-122.897126,500,1421.210031
-361.208921,500,1421.729279
-373.994674,500,1423.539651
-239.230542,500,1424.047901
-308.950953,500,1424.513159
-395.386688,500,1424.92387
-233.511254,500,1426.621567
-144.763357,500,1427.072593
-377.144243,500,1427.532799
-297.035394,500,1428.040758
-410.086619,500,1429.704968
-364.87461,500,1430.136198
-392.044578,500,1430.58439
-287.335582,500,1431.010504
-331.423928,500,1432.681508
-386.903542,500,1433.159138
-497.859147,500,1433.635153
-308.073537,500,1433.99832
-245.309542,500,1435.693039
-410.366997,500,1436.099347
-449.419383,500,1436.51215
-345.15306,500,1436.879381
-284.938209,500,1438.615756
-486.754809,500,1439.094058
-193.352442,500,1439.527208
-222.301625,500,1440.00948
-311.072682,500,1440.514728
-279.271546,500,1442.220993
-221.561392,500,1442.697205
-388.136392,500,1443.141522
-341.754944,500,1443.613836
-255.796806,500,1445.310742
-512.258635,500,1445.688961
-278.029704,500,1446.059088
-327.807197,500,1446.473769
-162.710938,500,1448.121442
-178.2416,500,1448.586106
-263.505645,500,1449.028773
-497.904612,500,1449.454493
-282.002731,500,1451.175769
-287.51241,500,1451.585095
-173.059922,500,1452.027758
-420.503247,500,1452.320536
-181.798531,500,1453.919171
-373.864574,500,1454.353893
-138.740077,500,1454.800618
-394.657973,500,1455.257424
-344.422937,500,1457.011813
-464.02185,500,1457.455062
-186.20928,500,1457.861387
-155.156532,500,1458.263146
-331.994747,500,1459.945912
-217.597319,500,1460.388643
-231.006027,500,1460.849923
-456.947139,500,1461.280629
-406.621968,500,1462.979138
-323.097967,500,1463.395867
-422.882316,500,1463.835128
-417.359063,500,1464.220333
-293.226872,500,1465.907696
-258.193197,500,1466.370922
-318.351493,500,1466.865726
-440.702805,500,1467.317507
