#{"t_start": 1774366145.7793648, "env_id": "Hopper-MassFric-Uni-10-v0"}
r,l,t117.272518,25,3.630209120.630485,31,3.67422813.17677,31,3.673755
1126.292803,79,3.68979410112.358755,85,3.808859
26.705101,33,3.848861
24.930563,30,3.892874
140.006438,105,4.02195
38.747583,45,4.090964
129.110219,91,4.721836
19.978218,26,4.754838
49.99321,49,4.797848
18.632094,32,4.831375
61.600026,51,4.909913
63.155991,52,4.958918
27.811204,32,4.98292
89.565384,69,5.034466
35.440119,38,5.086466
57.577518,49,5.128005
56.054963,52,5.568237
64.531199,53,5.624787
92.11364,65,5.685785
54.657685,46,5.754328
80.484684,61,5.79034
88.140157,59,5.851878
97.297442,67,5.94547
53.117026,49,6.017081
59.403817,47,6.086081
48.279544,41,6.141619
63.535631,55,6.538815
141.356954,77,6.64836
149.14424,83,6.753921
51.799761,42,6.815447
150.702152,83,6.920002
161.757853,85,7.047535
175.091454,92,7.602284
202.242607,104,7.774934
150.33773,82,7.854478
194.09913,99,7.934027
194.664292,106,8.082571
181.914417,100,8.217643
197.801271,103,8.796404
201.452049,102,8.927484
199.73709,103,9.033064
148.471958,77,9.11061
134.580294,78,9.185608
144.123402,77,9.794537
193.357987,108,9.983619
141.400275,79,10.097166
102.493467,56,10.165389
61.078689,43,10.217545
81.524347,49,10.279546
142.216296,74,10.38358
134.309288,68,10.492691
155.566466,86,11.073032
68.365365,49,11.147354
138.977961,74,11.25046
204.907371,101,11.399636
206.212597,99,11.522038
58.945921,41,11.577039
177.450792,85,11.708124
192.025922,87,12.373743
196.115268,90,12.51783
68.841651,45,12.587831
158.113403,84,12.707013
220.533919,99,12.854059
29.615978,25,12.897072
26.941104,24,12.935613
26.055363,23,12.975611
28.504334,25,13.01318
55.03856,40,13.577962
43.657388,33,13.635518
43.686345,32,13.688555
206.994201,95,13.835654
42.773129,35,13.894658
37.467393,34,13.9512
27.541548,24,13.980202
41.737158,34,14.004215
29.557682,26,14.042749
44.522574,34,14.09375
33.586435,29,14.136289
32.878093,27,14.178289
51.874278,38,14.240832
61.063971,44,14.846728
23.374801,22,14.88972
29.26255,27,14.944282
28.568135,25,14.991282
20.438604,20,15.024828
28.353868,27,15.062827
25.917678,23,15.099846
43.636828,37,15.158384
31.267144,28,15.2034
51.637207,36,15.262931
36.081605,31,15.306945
40.336389,33,15.354486
22.365939,22,15.390486
34.752126,29,15.435029
44.190928,34,15.491068
39.653076,33,15.532595
22.226112,23,15.569595
28.699655,25,15.610615
35.210829,34,15.667142
43.002384,35,16.225537
21.06501,20,16.26153
32.732956,2197.616633,216,16.784248
171.552526,186,17.077926
490.33358,500,18.275915
486.448374,500,19.527663
115.157207,141,19.748021
490.81758,500,21.095406
496.462305,500,22.358481
491.592774,500,23.669208
495.967601,500,24.895432
14.457317,30,24.929431
500.247522,500,26.112947
129.887623,141,26.759404
338.225711,348,27.294677
498.141372,500,28.371327
21.406535,37,28.416849
27.306665,47,28.498399
494.087083,500,29.570729
501.321467,500,30.514599
26.967973,45,30.545405
499.678986,500,31.825271
499.030434,500,33.306282
499.623816,500,34.931709
507.741707,500,36.470066
506.777383,500,37.806332
500.266532,500,39.078384
515.287198,500,40.342677
508.661501,500,41.534263
426.52381,400,42.556383
513.60241,500,43.775066
517.286821,500,45.075227
297.610122,271,46.052206
326.646451,299,46.4749
269.610478,243,47.317842
369.056419,342,47.791576
208.695195,181,48.539356
341.696285,314,49.055196
328.548585,301,50.033677
335.880199,308,50.568446
518.833718,491,51.924143
518.673118,500,53.235333
497.412775,500,54.524119
502.771194,500,55.913253
497.031036,500,57.247086
340.904411,371,58.272617
499.676049,500,59.54171
496.294211,500,60.835118
504.659668,500,62.138274
480.955898,500,63.311833
488.145515,500,64.572436
496.785218,500,65.877572
522.242189,482,67.154642
497.642547,500,68.422774
474.550331,485,69.576795
66.238573,71,69.642329
129.673776,138,69.813435
68.852104,73,69.913963
73.135914,77,70.038503
69.613785,73,70.603784
139.888375,137,70.8109
15.736536,26,70.8569
199.794775,197,71.200098
125.349885,132,71.863376
165.067529,163,72.092023
95.126725,102,72.244561
126.17249,130,72.465678
116.805343,118,73.088032
498.811922,500,74.460951
530.330514,500,76.095514
498.882298,500,77.514257
515.024062,403,78.275137
476.388252,444,79.549338
333.990891,296,80.623563
372.618158,337,81.231004
500.467063,500,82.460653
205.163425,179,83.174463
183.033643,193,83.483099
492.412661,500,84.568544
488.800178,500,85.878248
489.397412,500,87.111418
491.166615,500,88.428573
487.795778,500,89.759338
484.140758,500,90.969146
488.532867,500,92.341643
484.23135,500,93.638785
481.865174,500,94.892423
485.921219,500,96.111501
489.786081,500,97.323115
490.636368,500,98.596722
492.658332,500,99.947296
495.439593,500,101.246067
490.418763,500,102.560874
492.235722,500,103.839058
493.682021,500,105.022674
491.869427,500,106.263257
493.165369,500,107.515357
493.883252,500,108.773183
491.357178,500,109.8948
491.446894,500,111.095328
489.65678,500,112.398479
490.987277,500,113.631642
491.011874,500,114.790679
491.16162,500,115.550063
487.306797,500,116.705092
487.397874,500,117.840311
489.942531,500,119.028851
490.385427,500,120.214499
492.949726,500,121.382638
494.864246,500,122.552225
491.893593,500,123.802817
492.293016,500,124.981025
491.560737,500,126.179789
493.561798,500,127.310818
494.067318,500,128.507379
488.058866,500,129.606838
493.748896,500,130.769451
492.278713,500,131.84854
492.662999,500,132.989635
492.435657,500,134.163183
494.54655,500,135.429127
495.259419,500,136.743528
493.541275,500,138.038737
494.408076,500,139.293366
490.179826,500,140.43898
494.351045,500,141.715833
493.546351,500,142.943027
493.528401,500,144.178701
494.437538,500,145.383366
494.689206,500,146.603984
493.036939,500,147.830634
494.343345,500,149.074774
493.734882,500,150.162907
494.067651,500,151.175423
494.676078,500,152.407068
490.02133,500,153.667282
495.46957,500,154.738358
494.268595,500,155.939039
493.545915,500,157.173716
494.479358,500,158.357189
492.857099,500,159.504896
498.599866,500,160.774062
494.60257,500,161.880182
495.567376,500,163.132421
492.735026,500,164.350245
494.608725,500,165.547869
496.433984,500,166.216194
494.588541,500,167.450389
495.210752,500,168.72699
493.688327,500,169.996181
495.140902,500,171.285356
496.277691,500,172.493011
495.335211,500,173.737695
495.803141,500,174.971828
495.433891,500,176.20845
494.912111,500,177.469652
492.81197,500,178.739579
493.726128,500,180.004689
492.73289,500,181.211883
494.098557,500,182.377548
494.686077,500,183.631185
494.568438,500,184.903389
495.235326,500,186.13304
493.211171,500,187.362188
492.828631,500,188.598803
493.54049,500,189.849402
494.363245,500,191.094539
494.206282,500,192.207662
492.486051,500,193.470866
496.219979,500,194.722528
494.464686,500,195.977912
494.949332,500,197.281095
495.238498,500,198.676824
494.919724,500,199.915444
494.66678,500,201.196633
496.345614,500,202.436287
494.066113,500,203.683487
496.822992,500,204.950155
496.229951,500,206.135784
497.378051,500,207.382938
494.59195,500,208.658591
495.52822,500,209.895762
495.534564,500,211.153386
494.820811,500,212.465577
495.092906,500,213.774083
494.662561,500,215.043706
495.326825,500,216.289946
495.2335,500,217.59515
495.6553,500,218.858805
497.167011,500,219.683781
495.579643,500,220.920473
495.258516,500,222.196679
495.374266,500,223.463348
496.442125,500,224.790066
494.827425,500,226.091272
493.852486,500,227.360909
493.33228,500,228.688643
495.107331,500,229.893408
489.155496,500,231.006478
488.152391,500,232.211845
488.598258,500,233.403323
487.342924,500,234.57456
358.804033,376,235.650657
218.532095,238,236.023861
245.201131,263,236.858304
217.860484,237,237.221532
482.645604,500,238.333601
420.119293,439,239.422671
498.188842,500,240.581737
490.150645,500,241.70258
487.289934,500,242.917062
488.900759,500,244.037133
484.048018,500,245.229771
497.428254,500,246.449165
496.509011,500,247.641833
495.868784,500,248.788723
497.529971,500,249.992505
498.092301,500,251.142211
499.279844,500,252.212293
498.24403,500,253.495474
499.224492,500,254.745115
498.175933,500,256.091655
498.097785,500,257.292455
499.087647,500,258.556609
499.227157,500,259.828787
499.594037,500,261.065392
499.819004,500,262.478128
499.86613,500,263.775306
498.344793,500,265.017515
500.291953,500,266.373698
498.747971,500,267.731351
499.763745,500,269.074474
500.08271,500,270.303639
499.07267,500,271.644402
498.878434,500,272.833
501.246722,500,274.076628
500.578048,500,275.313623
500.091131,500,276.551271
500.494609,500,277.330545
500.240001,500,278.552175
501.893932,500,279.690279
501.890694,500,280.880882
502.587411,500,282.035512
501.572125,500,283.299171
502.214465,500,284.524434
502.161346,500,285.709384
501.915979,500,286.883934
502.758914,500,288.054515
502.04033,500,289.296206
501.232982,500,290.515849
501.68047,500,291.659069
502.585944,500,292.790228
502.572782,500,293.86398
500.279348,500,295.062343
501.268992,500,296.289939
502.780011,500,297.506221
502.22101,500,298.729439
502.385578,500,299.940081
501.297291,500,301.130725
502.961798,500,302.199765
502.512163,500,303.294818
502.824712,500,304.338936
502.862239,500,305.335384
503.318475,500,306.439466
503.124616,500,307.339396
502.803453,500,308.125088
503.555274,500,308.912066
502.731568,500,309.681029
503.874011,500,310.482445
503.593379,500,311.218023
502.440214,500,311.981423
504.198273,500,312.832354
502.158924,500,313.809738
504.717286,500,314.605129
505.260714,500,315.445018
504.037606,500,316.17486
503.507533,500,317.051704
504.140586,500,317.791541
503.697025,500,318.625864
504.503913,500,319.457641
502.429044,500,319.890848
504.232049,500,320.724276
502.773956,500,321.578792
503.580933,500,322.375114
502.912433,500,323.106596
503.346545,500,323.902041
503.044198,500,324.667479
501.80355,500,325.326773
501.899859,500,326.084108
502.173584,500,326.83603
503.081288,500,327.614439
501.813802,500,328.349923
503.354467,500,329.064857
500.798652,500,329.812834
501.555626,500,330.556324
500.135811,500,331.313778
502.821651,500,332.111752
502.929487,500,332.953762
502.844854,500,333.854346
501.815385,500,334.665767
17.453689,17,334.686777
50.259173,46,334.719764
16.418261,16,334.731783
47.179727,43,334.771317
50.432188,46,334.841339
49.995586,46,334.911871
47.904336,45,335.30508
50.557714,47,335.342108
17.788428,17,335.360643
84.548372,80,335.423651
50.116972,46,335.455186
86.852212,78,335.540215
54.322179,49,335.589774
51.329646,47,335.633784
87.080433,80,335.72032
108.918763,105,336.15208
48.431162,44,336.183081
51.646764,46,336.218078
78.624628,69,336.282627
55.695235,50,336.319625
503.769469,500,337.214586
92.500505,80,337.306159
504.137092,500,338.18408
156.784124,162,338.31761
504.83684,500,339.166629
505.107572,500,339.98891
50.814412,46,340.341588
505.710722,500,340.760386
89.244446,80,341.15011
75.695035,69,341.205658
506.793643,500,342.018177
505.923493,500,342.969348
504.955817,500,343.93431
506.67242,500,345.213458
506.386249,500,346.578049
504.931219,500,347.957753
506.635397,500,349.293639
505.783405,500,350.580849
505.652271,500,351.841499
505.739057,500,353.062694
36.557785,33,353.122695
36.594552,33,353.171249
30.337426,28,353.227252
35.314615,32,353.289796
61.995112,56,353.378348
22.422164,22,353.416355
35.784504,32,353.469889
30.160671,28,353.513887
36.835571,33,353.563446
22.981905,22,353.598445
33.100016,30,353.645461
51.568452,46,353.707993
23.789463,23,353.743004
68.245169,62,353.837543
47.432419,42,354.377837
40.479849,36,354.437828
32.42909,30,354.491376
48.806152,44,354.564929
27.54629,26,354.60593
48.424706,43,354.672491
42.66407,38,354.72949
42.772626,38,354.79104
30.264176,28,354.835043
33.079494,30,354.88359
34.08429,31,354.93759
32.821168,30,354.986142
30.3963,28,355.03614
27.628067,26,355.079685
504.228052,500,356.367828
28.837639,27,356.40983
36.298597,33,356.459366
27.89398,26,356.981128
20.125746,20,357.016129
24.108741,23,357.05515
21.215739,21,357.094687
22.553432,22,357.132688
31.549756,29,357.180234
19.870864,20,357.214233
24.869027,24,357.255246
33.174897,30,357.304785
21.294985,21,357.338786
21.16494,21,357.361339
20.107836,20,357.39234
23.951095,23,357.427338
21.419054,21,357.460891
24.085204,23,357.495889
20.369832,20,357.525888
22.566209,22,357.55791
19.987308,20,357.587443
23.778922,23,357.622445
22.477068,22,357.656461
22.654358,22,357.690001
21.501797,21,357.722
18.471918,19,357.752021
21.201245,21,358.268356
21.156812,21,358.300352
18.203076,19,358.329351
20.965659,21,358.360882
22.153125,22,358.394902
17.077147,18,358.422901
17.220994,18,358.452919
18.624993,19,358.484454
21.297027,21,358.517452
19.923005,20,358.546471
22.871443,22,358.580006
17.156258,18,358.602008
18.741209,19,358.630007
19.815499,20,358.659029
21.221974,21,358.689568
18.745364,19,358.717568
18.902155,19,358.747597
17.104051,18,358.77513
18.477955,19,358.805127
22.644825,22,358.840128
18.248406,19,358.869679
21.285704,21,358.904676
17.267472,18,358.931676
17.334067,18,358.965235
17.050141,18,359.001234
20.092518,20,359.037235
22.740383,22,359.555016
19.935539,20,359.585548
23.88793,23,359.62255
21.693965,21,359.658564
24.916346,24,359.696097
20.131316,20,359.727096
26.922468,25,359.772641
20.061912,20,359.80664
23.75322,23,359.843641
32.956306,30,359.890193
21.189114,21,359.922195
23.004845,22,359.956213
20.044026,20,359.985739
21.351942,21,360.019735
19.873155,20,360.055751
26.069436,25,360.102289
20.965938,21,360.141288
25.263834,24,360.182834
19.840079,20,360.216836
24.242438,23,3494.057927,500,360.738504
494.246859,500,362.010249
493.997711,500,363.337423
494.128351,500,364.645606
495.072315,500,365.890269
209.46915,233,366.718253
493.20288,500,367.94389
492.614112,500,369.201131
492.552635,500,370.511275
494.027339,500,371.782891
493.978653,500,373.018446
494.623296,500,374.270904
493.318375,500,375.59675
493.563989,500,376.883919
494.93613,500,377.661315
496.060341,500,378.916505
494.521276,500,380.172133
495.223325,500,381.472332
495.048756,500,382.765527
495.298399,500,384.076364
498.105094,500,385.315538
497.17287,500,386.515189
496.02202,500,387.737849
497.465866,500,388.90777
497.534906,500,390.143902
498.559377,500,391.393513
496.083006,500,392.624692
497.129388,500,393.796804
497.464943,500,394.934458
498.083948,500,396.139138
495.867387,500,397.391769
495.902191,500,398.690021
497.032576,500,399.840613
35.873886,60,399.941161
497.110845,500,401.126758
19.968869,42,401.19676
22.939537,45,401.265194
498.28475,500,402.521864
497.35858,500,403.808248
495.818606,500,405.006872
496.197541,500,405.818801
495.113794,500,406.72553
27.107442,50,406.806072
28.992112,53,406.862603
494.743073,500,407.732318
496.639454,500,408.6124
496.480331,500,409.494295
496.220103,500,410.368241
495.099696,500,411.3182
493.934515,500,412.197916
492.75823,500,413.351458
493.466266,500,414.225606
493.893136,500,415.27814
495.395816,500,416.270618
494.582567,500,417.310162
495.747675,500,418.317619
492.34319,500,419.373685
497.872045,500,420.449348
494.137548,500,421.432873
497.547099,500,422.451963
498.499658,500,423.500503
495.351815,500,424.68141
494.381405,500,425.816294
495.591611,500,426.979525
494.073811,500,428.403122
495.630779,500,429.477201
495.474289,500,430.80234
493.883586,500,431.962975
488.91368,500,433.059013
493.929232,500,434.164004
489.221716,500,435.352538
493.808347,500,436.374046
492.354493,500,437.55567
494.673626,500,438.532645
493.203159,500,439.628662
492.428387,500,440.79298
501.046182,500,441.923798
147.780107,166,442.15645
144.455886,162,442.299998
337.388066,354,443.266544
132.014435,149,443.504636
507.761116,500,444.752658
133.378089,152,445.437979
40.072014,62,445.558067
146.231763,164,445.801161
243.479145,260,446.154364
253.899529,271,447.04679
355.846744,372,447.942756
152.618849,170,448.165402
492.012549,500,449.288486
496.371702,500,450.436594
493.973438,500,451.426154
328.414773,347,452.351072
498.224789,500,453.36801
492.485121,500,454.556578
490.731464,500,455.549548
244.893328,266,455.974283
321.442014,339,456.942262
498.046961,500,458.151879
494.015085,500,459.184926
493.318161,500,460.315985
493.385455,500,461.412062
494.858538,500,462.484116
492.789338,500,463.713673
495.357209,500,465.009845
494.150095,500,466.129571
493.480219,500,467.292208
495.565124,500,468.206155
494.922897,500,469.257683
494.570116,500,470.424241
491.796685,500,471.08508
493.933403,500,472.126598
495.345492,500,473.225684
496.0805,500,474.453333
497.213807,500,475.582936
494.588645,500,476.639435
497.081504,500,477.865163
495.8778,500,478.946805
497.47523,500,479.983893
498.401653,500,481.01039
496.772395,500,482.031432
499.398132,500,483.125516
504.62751,500,484.335125
504.028926,500,485.466243
500.318871,500,486.616803
504.567595,500,487.731875
497.639782,500,488.963449
497.432694,500,490.15909
500.384513,500,491.628086
500.129781,500,492.843329
500.973286,500,493.981942
498.839573,500,495.17954
493.318596,500,496.426139
498.858642,500,497.698628
494.857461,500,498.977797
503.533262,500,500.286976
499.339918,500,501.3395
496.001812,500,502.418546
490.128512,500,503.564228
505.560796,500,504.817392
494.125532,500,505.962447
493.873642,500,507.288197
488.685112,500,508.664357
493.54436,500,509.904535
493.209333,500,511.11813
492.666495,500,512.336751
494.021456,500,513.599928
511.857296,500,514.899131
503.520356,500,516.024775
493.757502,500,517.088318
494.41967,500,518.347233
491.384673,500,519.471277
492.124001,500,520.60891
523.397466,500,521.419918
493.291046,500,522.725748
491.77384,500,523.90535
491.844895,500,525.113975
492.732642,500,526.358641
485.327447,500,527.657828
488.064563,500,529.007547
489.738934,500,530.289184
488.590542,500,531.467444
489.315771,500,532.623309
488.315221,500,533.854645
492.763431,500,534.97271
492.266838,500,536.191381
491.731403,500,537.45768
490.011801,500,538.727484
490.898395,500,539.978676
488.252973,500,541.192782
490.381985,500,542.219239
489.770265,500,543.443854
484.510518,500,544.701925
488.723012,500,545.808574
487.826927,500,547.087236
487.883624,500,548.397699
488.40741,500,549.620509
486.167914,500,550.864058
489.410177,500,551.930328
488.996079,500,553.021826
490.205499,500,554.159906
491.350558,500,555.177414
489.365135,500,556.191959
490.587332,500,557.23699
491.627533,500,558.387664
487.881436,500,559.616944
13.215003,31,559.665944
14.994308,34,559.7205
26.543035,48,559.793514
489.967893,500,560.961154
12.720015,31,561.010709
490.202964,500,562.126016
22.43215,43,562.146015
489.310694,500,563.327753
491.160118,500,564.424832
489.586582,500,565.713948
486.799357,500,566.903465
491.187994,500,568.045553
487.607729,500,569.073569
487.64536,500,570.217183
29.278459,49,570.294201
489.374913,500,571.462508
489.745239,500,572.467661
488.7655,500,573.604736
488.54389,500,574.660775
485.5402,500,575.742859
14.589186,33,575.76786
483.09018,500,576.896745
487.284731,500,577.903276
488.22181,500,579.087845
487.918558,500,580.203959
22.773755,41,580.241501
10.89285,30,580.293498
488.884607,500,581.417111
31.114677,50,581.501135
484.614239,500,582.437642
16.77544,36,582.516196
487.917579,500,583.726789
34.534245,55,583.81934
13.036104,31,583.873338
465.865331,483,584.933354
13.060055,31,584.985358
486.333741,500,586.166933
488.049782,500,587.332542
490.339732,500,588.528173
490.53935,500,589.715788
29.709622,49,589.795808
17.516809,37,589.856359
492.780078,500,590.999449
489.356182,500,592.119053
27.764644,47,592.194044
488.582913,500,593.274858
488.895682,500,594.466398
409.649271,427,595.559467
486.250592,500,596.766066
491.758808,500,597.985698
489.932223,500,599.16935
485.419686,500,600.364981
494.573916,500,601.531188
490.843618,500,602.631912
498.117253,500,603.855481
492.566218,500,604.970569
489.254401,500,606.179176
496.401757,500,607.336806
492.600862,500,608.608407
500.0447,500,609.779049
493.666227,500,610.982715
496.323404,500,612.106824
495.419429,500,613.250133
490.196003,500,614.48774
493.953806,500,615.61585
490.412678,500,616.870042
496.208737,500,617.867564
494.74228,500,619.061192
490.46369,500,620.152281
513.643124,500,621.325408
396.496313,414,621.801142
498.039363,500,622.928276
238.430401,258,623.665668
496.675096,500,624.768722
496.180361,500,625.928582
496.599017,500,627.058544
493.511974,500,628.257242
507.060886,500,629.260741
503.985782,500,630.221691
500.461162,500,631.270756
494.844993,500,632.41283
501.925486,500,633.542944
500.893556,500,634.614971
493.217041,500,635.621189
495.182719,500,636.826683
504.321504,500,637.977238
502.148623,500,639.014721
501.09471,500,639.976239
493.562282,500,640.996727
503.277082,500,642.184342
495.092858,500,642.844682
498.981904,500,644.101378
498.56097,500,645.226393
494.253542,500,646.382985
495.496906,500,647.436151
494.849456,500,648.595499
494.99732,500,649.690348
497.485657,500,650.869997
497.114318,500,651.98408
498.933905,500,653.151066
499.639679,500,654.347459
498.737904,500,655.451495
495.703651,500,656.47106
498.487399,500,657.654398
499.171975,500,658.667418
497.088886,500,659.67497
496.898449,500,660.933594
498.113849,500,662.216991
497.669437,500,663.393594
498.67161,500,664.54167
499.389015,500,665.572674
496.115706,500,666.59414
495.246284,500,667.459562
497.359703,500,668.398022
496.046359,500,669.54214
498.763059,500,670.702791
493.386814,500,671.575769
494.991304,500,672.708725
496.796524,500,673.740238
496.704526,500,674.93585
498.899609,500,675.950395
494.623976,500,676.892916
492.939881,500,678.119529
497.310847,500,679.061487
495.704908,500,680.18109
492.902138,500,681.413414
489.395574,500,682.671055
365.213179,384,683.159809
469.379474,487,684.445692
492.289779,500,685.635963
491.643471,500,686.791593
485.930151,500,687.834112
492.458467,500,688.893209
497.267604,500,689.961726
495.273837,500,691.163106
493.370473,500,692.369701
494.891639,500,693.456773
496.935543,500,694.479298
494.229949,500,695.603909
496.361439,500,696.688034
499.06429,500,697.827139
496.685879,500,698.98118
492.355511,500,700.091774
492.95477,500,701.084294
500.26158,500,702.135847
497.861748,500,703.242915
500.521104,500,704.486391
495.652238,500,705.729194
502.359144,500,707.038232
494.216656,500,708.265894
490.438645,500,709.529717
493.332519,500,710.819215
494.749154,500,711.966656
495.399288,500,712.994739
491.489769,500,714.125849
490.509137,500,715.35346
488.670204,500,716.489741
491.322714,500,717.684354
495.056585,500,718.79741
490.952307,500,720.001135
491.491135,500,721.208779
492.251271,500,722.449013
493.861443,500,723.710234
490.679457,500,724.951855
496.122817,500,726.201024
488.141938,500,727.000426
489.083772,500,728.246057
491.072237,500,729.498985
489.555669,500,730.711632
482.284379,500,731.981281
386.998399,407,732.986832
483.631531,500,734.115411
483.012765,500,735.39654
483.146664,500,736.527613
487.421863,500,737.738228
488.648293,500,738.880342
494.814289,500,740.090575
485.106902,500,741.237155
481.811311,500,742.362264
493.505726,500,743.500981
495.377226,500,744.611042
492.753661,500,745.675532
496.570421,500,746.910735
492.562785,500,748.038834
498.431771,500,749.246508
493.369633,500,750.473136
495.103893,500,751.647765
494.925621,500,752.782833
496.802647,500,753.963444
498.295734,500,755.151076
497.702701,500,756.355738
494.395366,500,757.568359
494.547757,500,758.697187
496.26588,500,759.899828
496.049952,500,760.960907
496.323784,500,762.106487
498.157226,500,763.28159
497.471399,500,764.478191
496.844987,500,765.752357
494.648704,500,766.972952
495.062559,500,767.773391
496.165671,500,768.86843
495.975256,500,769.985184
495.502772,500,771.080235
496.708148,500,772.300874
495.625396,500,773.531055
492.537929,500,774.67713
41.095015,60,774.77268
494.940664,500,775.83976
38.33994,56,776.351495
497.174932,500,777.50549
495.977189,500,778.758312
497.507657,500,779.562696
494.791707,500,780.82988
22.504354,40,781.326642
495.173278,500,782.569432
492.106122,500,783.326838
495.203214,500,784.700982
491.649139,500,786.043665
494.583268,500,787.380821
491.403837,500,788.558432
254.229327,275,789.233282
492.809303,500,790.388357
494.348523,500,791.471443
493.811518,500,792.570549
497.895487,500,793.645957
497.591174,500,794.795046
496.297115,500,796.016655
497.749548,500,797.171003
494.437697,500,798.372621
495.873685,500,799.294545
496.634528,500,800.195472
496.095182,500,800.966258
497.469609,500,801.842155
496.054732,500,802.669497
497.451855,500,803.50782
498.304774,500,804.453506
495.357168,500,805.40441
62.506547,80,805.498944
227.722267,245,805.761567
496.533219,500,806.528383
493.569617,500,807.342674
268.653182,286,807.958594
197.129338,214,808.138686
31.294183,49,808.192676
97.339352,114,808.276248
281.978875,299,808.856791
497.606746,500,809.702688
496.38552,500,810.525036
496.510366,500,811.341965
121.228323,139,811.479526
498.425382,500,812.27456
497.544194,500,813.245642
495.966233,500,814.298129
92.675577,111,814.431682
497.607953,500,815.514679
495.653973,500,816.780825
495.937573,500,818.111981
497.391214,500,819.343166
496.850506,500,820.636808
496.731324,500,821.970737
494.002945,500,823.262908
488.289019,500,824.625999
496.798386,500,825.737763
496.216562,500,826.725245
493.594325,500,827.654043
496.323016,500,828.648301
486.224416,500,829.642172
497.767053,500,830.703953
489.552708,500,831.590893
496.751473,500,832.942077
496.33002,500,834.259813
496.181836,500,835.547469
488.725636,500,836.835642
32.315025,49,836.934173
497.052674,500,838.265001
496.155689,500,839.49266
496.738617,500,840.750331
495.758708,500,842.025068
499.47129,500,843.308279
495.906842,500,844.564453
494.428232,500,845.857617
498.660423,500,847.022605
495.78737,500,848.158967
493.971107,500,849.400592
496.715209,500,850.611238
496.467049,500,851.795898
495.179929,500,852.917008
487.530504,500,854.039078
494.8185,500,855.061659
493.94756,500,856.189277
500.597781,500,857.460473
493.458048,500,858.613092
497.376912,500,859.827737
26.832826,44,859.90029
490.956001,500,861.082932
494.725571,500,862.278593
495.26115,500,863.53525
493.259994,500,864.769641
295.074495,310,865.23386
213.699009,229,866.033289
231.528341,245,866.384492
405.080327,420,867.433004
260.56015,275,867.895789
247.537288,262,868.580653
377.901124,395,869.571652
124.689307,139,869.792296
280.262537,295,870.710278
340.953241,355,871.305617
479.502182,494,872.435706
435.116844,450,873.65535
495.54313,500,874.821071
498.384283,500,876.069799
96.901039,114,876.253885
492.465713,500,877.576034
501.308268,500,878.769643
495.343904,500,879.959227
496.744069,500,881.08884
489.796461,500,882.158336
497.135345,500,883.345969
493.07688,500,884.551603
498.757069,500,885.727226
496.378636,500,886.986409
495.019434,500,888.236035
493.941836,500,889.541165
500.130089,500,890.813354
493.977065,500,892.023113
496.22617,500,893.249328
498.977386,500,894.138889
493.23949,500,895.33549
496.12253,500,896.497136
500.9505,500,897.671901
495.373609,500,898.747008
494.571613,500,899.91344
496.426755,500,901.267651
493.051016,500,902.339966
495.524448,500,903.415656
493.080987,500,904.465228
495.036139,500,905.69864
493.424622,500,906.841342
496.381862,500,907.888871
497.645697,500,909.289634
493.301637,500,910.634428
495.013786,500,911.960659
496.543672,500,913.184848
495.555287,500,914.440129
497.618604,500,915.646784
486.26481,500,916.811848
494.376311,500,917.515416
496.516795,500,918.72507
492.742175,500,919.962278
491.328504,500,921.167977
491.610814,500,922.464278
493.375142,500,923.721958
493.107103,500,924.974156
490.477099,500,926.213833
492.442037,500,927.460975
496.839434,500,928.688621
492.921108,500,929.956813
491.417,500,931.264023
494.84007,500,932.503658
490.718771,500,933.780823
493.309102,500,935.0125
490.442435,500,936.256666
491.28059,500,937.533284
494.791926,500,938.783456
494.476687,500,940.071662
492.57937,500,941.316315
494.6807,500,942.581541
493.547553,500,943.837821
493.66031,500,945.171419
493.802349,500,946.469289
492.096047,500,947.772471
494.955151,500,949.027109
494.526445,500,950.206786
490.542823,500,951.326838
490.462699,500,952.458507
492.132285,500,953.58763
496.218981,500,954.623161
491.449102,500,955.808753
492.293087,500,957.10264
495.961227,500,958.20972
493.899842,500,959.233275
491.081959,500,960.311357
493.677654,500,961.509001
493.576136,500,962.633571
491.943977,500,963.790209
494.428107,500,964.96787
495.047109,500,966.024398
495.913256,500,967.162567
494.985584,500,967.820418
492.372135,500,968.727391
494.317341,500,969.858486
490.533446,500,971.081667
495.820197,500,972.350331
495.254975,500,973.596515
494.933758,500,974.874707
496.348525,500,976.075336
495.924061,500,977.237426
495.663838,500,978.456049
495.101161,500,979.68524
496.844689,500,980.851338
496.027238,500,981.942418
495.116158,500,983.168065
496.25227,500,984.371706
496.59916,500,985.506417
497.23661,500,986.697978
495.985123,500,987.867719
496.988606,500,988.988952
495.375282,500,990.093029
497.199353,500,991.283644
491.368373,500,992.459748
496.00856,500,993.694917
497.050036,500,994.910545
497.513265,500,995.89774
496.403638,500,997.02983
494.486732,500,998.139033
493.364781,500,999.190646
497.025831,500,1000.244697
494.024241,500,1001.365758
495.028727,500,1002.559398
493.272504,500,1003.754057
495.951232,500,1004.909679
494.862173,500,1006.091764
495.704011,500,1007.36544
497.665565,500,1008.485542
496.551,500,1009.661191
495.656784,500,1010.810897
491.243624,500,1011.985016
497.892015,500,1013.212247
494.902838,500,1014.369042
495.499309,500,1015.525639
496.115602,500,1016.544144
496.403098,500,1017.358607
495.711056,500,1018.365097
496.239189,500,1019.351245
493.750111,500,1020.199169
494.458791,500,1021.000502
496.416002,500,1021.924183
492.969579,500,1022.771459
496.609186,500,1023.666274
493.704899,500,1024.421503
35.610998,56,1024.481503
496.891205,500,1025.250704
499.140603,500,1026.068948
495.323089,500,1026.851267
494.007503,500,1027.615574
494.572853,500,1028.417988
492.870082,500,1029.217391
25.777467,45,1029.249395
498.020915,500,1030.13227
497.176607,500,1030.960611
492.544926,500,1031.901443
495.435382,500,1032.702234
496.405705,500,1033.531073
494.607911,500,1034.513506
25.101511,45,1034.555023
493.438564,500,1035.354263
494.050597,500,1036.279823
498.996376,500,1037.193752
494.155482,500,1038.034205
495.525849,500,1038.840909
494.406397,500,1039.634291
495.793055,500,1040.436726
493.315547,500,1041.155673
493.830243,500,1041.851624
492.633577,500,1042.597297
492.776688,500,1043.369726
491.444107,500,1044.135151
495.160211,500,1044.924544
494.975293,500,1045.6284
500.205147,500,1046.390663
491.229091,500,1047.17038
497.329325,500,1047.970833
496.445816,500,1048.710779
495.859377,500,1049.415793
494.363653,500,1050.23904
492.658424,500,1051.04746
498.855635,500,1051.947437
492.188937,500,1052.752973
499.552958,500,1053.509849
491.613219,500,1054.300314
496.617918,500,1055.071697
494.553976,500,1055.928116
499.896996,500,1056.770924
494.22169,500,1058.004534
502.326799,500,1059.218724
497.467233,500,1060.332518
491.428537,500,1061.257979
499.718006,500,1062.246506
498.2054,500,1063.495072
496.389158,500,1064.195955
497.801744,500,1065.266584
495.708689,500,1066.448743
497.440431,500,1067.43474
498.650671,500,1068.433277
488.849797,500,1069.57492
496.747513,500,1070.771539
497.538241,500,1071.846631
492.317207,500,1072.867163
500.715276,500,1073.921689
499.348473,500,1074.992737
497.881833,500,1076.225087
498.158094,500,1077.475104
497.993966,500,1078.645609
494.683938,500,1079.664307
498.956181,500,1080.731813
496.922144,500,1082.010561
496.911964,500,1083.127615
496.140006,500,1084.317286
498.463556,500,1085.461967
500.389057,500,1086.581023
497.940204,500,1087.906285
499.685517,500,1089.205566
497.448262,500,1090.40919
499.768455,500,1091.665324
497.211548,500,1092.824426
498.634,500,1094.068637
498.481825,500,1095.195679
499.82798,500,1096.350753
498.783769,500,1097.308647
499.214969,500,1098.425216
496.73736,500,1099.569282
497.469329,500,1100.700912
499.883249,500,1102.014149
501.005755,500,1103.222051
495.982735,500,1104.127971
499.435755,500,1105.288578
500.287764,500,1106.262558
498.079935,500,1107.337635
498.515536,500,1108.393751
499.840942,500,1109.559861
498.153666,500,1110.838737
500.506715,500,1111.562612
498.929877,500,1112.6662
498.522991,500,1113.869161
498.799179,500,1114.848712
498.524123,500,1115.991351
500.013043,500,1117.081901
497.896879,500,1118.302092
498.933355,500,1119.519369
499.228002,500,1120.55787
498.513335,500,1121.779499
498.913842,500,1123.021013
500.271928,500,1124.231656
499.619262,500,1125.369684
499.324053,500,1126.550238
497.749895,500,1127.826404
500.922606,500,1128.759379
499.737395,500,1129.835448
501.70375,500,1131.056118
498.558552,500,1132.229752
501.6806,500,1133.228649
499.494603,500,1134.343961
499.449889,500,1135.550618
496.074064,500,1136.857831
500.494558,500,1137.900984
498.831836,500,1139.070669
500.625716,500,1140.184845
501.866191,500,1141.053776
500.750722,500,1141.874172
502.518763,500,1142.679016
499.923005,500,1143.537935
65558,500,957.063073
478.492744,500,958.347248
475.97968,500,959.352822
479.284432,500,960.086234
478.058493,500,961.218305
477.166361,500,962.204345
477.866084,500,963.133287
477.058275,500,964.21341
478.238407,500,965.331498
477.735236,500,966.500144
477.975614,500,967.736846
477.964528,500,968.888464
478.670986,500,970.036563
478.992981,500,971.302773
477.172684,500,972.54241
478.912321,500,973.857595
478.839284,500,975.092791
476.392724,500,976.266869
478.575097,500,977.338953
478.204462,500,978.548578
476.840738,500,979.716213
478.08993,500,980.877337
478.230717,500,982.019945
477.093359,500,983.163032
477.695179,500,983.97947
478.839953,500,985.209728
478.079008,500,986.438296
477.210909,500,987.679585
477.475103,500,988.784296
477.500896,500,989.934881
477.182512,500,990.956415
52.302771,61,991.052964
479.420943,500,992.321162
478.158429,500,993.622342
478.649503,500,994.925536
478.831195,500,996.16483
479.426462,500,997.341469
478.964976,500,998.481663
479.290932,500,999.658342
477.508497,500,1000.847971
477.850484,500,1001.892519
50.46915,59,1001.984061
478.048411,500,1003.1887
46.583554,56,1003.284252
49.322637,59,1003.701503
478.609104,500,1004.959651
479.046561,500,1006.180262
478.168782,500,1007.448976
478.851914,500,1008.15183
480.15131,500,1009.306972
477.992281,500,1010.455659
477.731032,500,1011.570759
476.925631,500,1012.726419
478.517344,500,1013.970767
477.957426,500,1015.286965
479.156935,500,1016.491578
480.189062,500,1017.648251
478.85447,500,1018.506631
478.835549,500,1019.464773
479.097545,500,1020.319691
478.62377,500,1021.12554
478.886057,500,1022.033712
477.066979,500,1022.838989
479.184237,500,1023.661265
478.319364,500,1024.441504
477.526462,500,1025.318723
478.277448,500,1026.112962
477.814727,500,1027.038317
477.892741,500,1027.863693
478.48987,500,1028.626541
478.880607,500,1029.552983
477.730494,500,1030.358346
478.163234,500,1031.245222
478.57902,500,1032.121514
477.699281,500,1032.918301
478.719936,500,1033.810142
477.708366,500,1034.704557
477.803919,500,1035.532353
479.582756,500,1036.470894
479.255695,500,1037.328289
479.070591,500,1038.241966
477.901902,500,1038.965432
477.784427,500,1039.730273
478.527153,500,1040.539244
478.930043,500,1041.27521
479.159054,500,1041.993154
478.685698,500,1042.663838
476.505513,500,1043.388694
479.341404,500,1044.259684
478.092862,500,1045.041091
477.355388,500,1045.485286
479.097687,500,1046.280216
479.077389,500,1047.06082
478.490113,500,1047.807654
478.728633,500,1048.582171
478.715946,500,1049.310138
478.247384,500,1050.081894
478.701785,500,1050.896354
479.501557,500,1051.751308
478.87135,500,1052.459272
480.48674,500,1053.240174
479.047596,500,1054.048145
477.961918,500,1054.813039
479.038459,500,1055.69663
479.611594,500,1056.509262
479.14635,500,1057.596302
479.073271,500,1058.73738
479.881435,500,1059.95075
479.413652,500,1061.061854
479.912072,500,1062.308489
479.904763,500,1063.346978
479.302166,500,1064.587151
479.863731,500,1065.641241
478.414237,500,1066.837399
480.573805,500,1067.909445
479.050873,500,1069.023545
480.103682,500,1069.91556
478.871577,500,1070.969604
478.599585,500,1072.100703
479.873072,500,1073.220788
479.237408,500,1074.353884
479.207644,500,1075.394899
479.300966,500,1076.410178
478.902916,500,1077.55309
480.050569,500,1078.749121
480.248181,500,1079.839831
479.119765,500,1081.05646
480.187471,500,1082.19365
480.373405,500,1083.268163
479.201211,500,1084.442807
480.469733,500,1085.465424
47.608335,54,1085.531973
45.830807,53,1085.577509
479.200628,500,1086.708543
479.312795,500,1087.97028
479.47895,500,1089.303093
478.606287,500,1090.511725
479.519199,500,1091.613764
480.018492,500,1092.747848
480.700785,500,1093.674866
480.4266,500,1094.772935
480.967934,500,1095.946517
478.764607,500,1097.120506
49.259962,54,1097.201056
479.617851,500,1098.4522
479.917252,500,1099.455693
481.557891,500,1100.587341
480.381972,500,1101.79302
480.013824,500,1102.903346
480.04055,500,1103.62318
51.096026,57,1104.147945
48.030991,54,1104.231495
49.864628,56,1104.316037
51.299224,56,1104.389587
480.642049,500,1105.372549
481.760139,500,1106.570198
50.271086,56,1106.60575
46.039385,52,1106.643749
50.400029,56,1106.718299
51.732757,57,1106.793847
49.961951,55,1106.866851
49.944217,56,1107.393168
481.267236,500,1108.591295
48.946637,55,1108.684858
51.40114,57,1108.777394
50.159747,56,1108.865955
48.060759,54,1108.937508
479.884238,500,1110.069597
479.979479,500,1111.175387
481.14792,500,1112.329059
52.610331,57,1112.408628
47.972177,54,1112.49464
49.775292,55,1112.578557
53.24606,58,1112.659167
48.335336,54,1112.738717
47.603715,53,1113.317381
48.630426,54,1113.40093
45.109334,51,1113.480937
49.708727,54,1113.544499
49.941041,55,1113.621051
48.233506,53,1113.689067
55.830629,59,1113.785611
46.561772,52,1113.868141
51.351432,56,1113.96569
47.122046,53,1114.019248
47.479409,53,1114.529027
50.445795,55,1114.603581
50.703897,55,1114.683582
49.15377,54,1114.760133
51.372282,56,1114.83968
54.168686,58,1114.920241
43.711088,50,1115.001798
49.501179,55,1115.078804
49.513509,54,1115.145355
52.758312,57,1115.67614
47.460825,53,1115.751691
44.934495,51,1115.812237
46.758067,52,1115.860246
50.305475,55,1115.936782
51.812073,57,1116.021343
48.461457,53,1116.100368
52.629097,57,1116.192906
47.219387,53,1116.235446
45.881799,52,1116.290467
47.452334,53,1116.836763
46.338245,52,1116.910315
52.547207,57,1116.993332
48.317446,53,1117.069867
49.383021,55,1117.151412
49.22623,54,1117.233961
47.602337,53,1117.317523
47.780855,53,1117.40808
44.559212,50,1117.501121
46.573798,53,1118.030409
49.223207,54,1118.101424
46.688171,52,1118.170959
46.65423,53,1118.254506
480.498875,500,1119.448788
51.078785,55,1119.502799
51.55284,56,1119.593373
50.597926,55,1119.692914
47.286763,52,1119.78945
46.83432,52,1119.874
46.294446,52,1119.925549
48.087904,53,1120.406762
46.067122,52,1120.484296
46.813712,52,1120.565828
48.774023,54,1120.653394
45.580659,51,1120.746954
46.710804,52,1120.840518
46.694596,52,1120.920067
47.281394,53,1121.001081
47.918439,54,1121.067616
52.448598,57,1121.129168
48.122291,54,1121.667895
48.771398,54,1121.757439
51.646694,56,1121.846015
46.460903,52,1121.866013
49.576934,55,1121.887012
43.945413,50,1121.961562
45.341276,51,1122.043888
48.221535,53,1122.126426
49.014855,54,1122.208435
49.632986,55,1122.644172
50.205933,55,1122.730718
49.915136,55,1122.819275
47.066061,53,1122.90129
45.526675,51,1122.9909
47.661623,53,1123.072985
47.930069,53,1123.169541
481.273734,500,1124.254631
45.379616,51,1124.340179
54.414014,58,1124.434726
52.273452,56,1124.530277
46.721548,52,1125.04603
49.920364,55,1125.133576
50.354905,55,1125.162578
47.825389,53,1125.248123
49.244132,54,1125.33367
50.106134,56,1125.422214
49.014532,54,1125.504231
46.345246,51,1125.581766
43.810859,50,1125.658324
47.177936,53,1125.741865
44.516968,50,1126.284517
45.732258,52,1126.376086
46.135372,52,1126.456643
46.5272,52,1126.542189
49.161974,54,1126.637765
50.01486,54,1126.750317
49.032014,54,1126.84087
51.363117,56,1126.919429
45.471983,51,1126.984425
48.953638,54,1127.462154
48.06397,54,1127.541712
47.849326,53,1127.618269
50.789982,55,1127.705285
48.428521,53,1127.779814
49.899982,54,1127.828377
46.864003,52,1127.848377
51.3861,55,1127.918928
50.307435,55,1127.993931
47.335675,52,1128.079479
49.44604,54,1128.622803
47.218879,52,1128.691805
47.692381,52,1128.776362
479.873295,500,1129.708366
50.37566,54,1129.780884
52.412234,55,1129.850432
49.555336,54,1129.943974
51.584183,55,1130.031548
50.08559,54,1130.09855
49.243438,54,1130.119573
47.890323,53,1130.142105
52.647474,56,1130.684884
53.953843,57,1130.769431
51.478754,55,1130.856985
51.655461,55,1130.941554
52.412198,56,1131.005554
45.4956,50,1131.0681
53.806553,57,1131.116116
51.368449,55,1131.190646
54.096461,57,1131.284221
53.403044,57,1131.787983
57.089893,59,1131.889535
49.17623,54,1131.978083
50.625513,54,1132.060632
51.708448,55,1132.147193
52.770636,56,1132.236734
49.013073,53,1132.31975
57.523461,59,1132.391279
51.928803,55,1132.476839
49.301433,53,1133.000065
46.890535,51,1133.083513
51.663024,55,1133.168067
48.529658,53,1133.25262
53.626415,56,1133.337178
48.412326,52,1133.426739
48.916677,53,1133.509759
48.250536,52,1133.606509
56.14795,58,1133.68507
48.60025,53,1133.712076
52.404172,55,1134.22285
48.768258,53,1134.30539
53.346449,56,1134.389944
55.316146,57,1134.481491
54.127167,57,1134.54905
53.15321,55,1134.648602
55.367338,57,1134.72617
54.793965,57,1134.787169
54.163486,56,1134.882721
50.292353,53,1135.444038
56.470591,58,1135.529596
49.451409,53,1135.606592
54.665298,57,1135.681137
51.737625,55,1135.766693
51.957115,55,1135.842244
53.073611,56,1135.935786
50.112691,53,1136.031337
53.698162,56,1136.125897
49.61092,53,1136.694687
53.184322,56,1136.780245
49.039651,53,1136.856807
47.59801,52,1136.913826
50.763989,54,1136.993357
57.400124,59,1137.078906
49.229415,53,1137.167456
50.255993,54,1137.253018
47.965688,52,1137.34457
51.830587,55,1137.437128
51.661731,55,1137.995496
45.843604,51,1138.070043
51.214676,55,1138.151621
48.159174,52,1138.201636
52.808476,56,1138.223658
45.141054,51,1138.272201
47.331471,52,1138.35979
48.498413,53,1138.439325
50.254814,54,1138.527849
54.270209,57,1139.038656
46.881363,52,1139.117659
49.81339,54,1139.206191
47.793819,53,1139.288773
51.462214,55,1139.365318
50.664017,55,1139.453904
50.04027,54,1139.540487
50.429744,54,1139.6275
49.932815,54,1139.714051
51.182492,55,1139.802591
49.773597,54,1140.24337
50.906315,54,1140.288373
50.69518,54,1140.352918
50.75627,54,1140.417938
51.469891,55,1140.480474
53.03824,56,1140.53301
47.59574,52,1140.586011
53.794692,57,1140.666569
51.858877,56,1140.712559
477.87012,500,1141.500962
49.317649,53,1141.9427
45.959409,51,1141.996699
47.758483,53,1142.041302
49.160959,54,1142.094926
51.436684,55,1142.13823
50.894224,55,1142.19497
55.155765,58,1142.259736
479.439328,500,1143.019652
50.185467,54,1143.062188
52.460029,56,1143.121194
48.341189,53,1143.180732
53.030785,56,1143.617928
53.886376,57,1143.67746
52.76979,56,1143.726474
50.194111,55,1143.782013
46.996529,52,1143.825033
48.526279,53,1143.863561
56.203665,59,1143.906561
49.451926,54,1143.964111
51.429417,56,1144.037659
46.416187,51,1144.464837
49.633709,54,1144.506839
667.097315
14.882712,16,667.12131
13.416008,15,667.142859
13.230055,15,667.164859
12.198632,14,667.18486
13.585121,15,667.499539
11.949216,14,667.523553
12.531575,14,667.545086
498.66593,500,668.776667
13.320213,15,668.800665
13.19297,15,668.823687
11.908935,14,668.845222
15.894187,17,668.868219
61.614491,63,668.910224
13.536338,15,668.916224
11.065923,13,668.922229
12.249509,14,668.930248
14.502868,16,668.936246
495.29973,500,669.916812
12.132761,14,669.938342
13.475557,15,669.960357
13.676361,15,669.966359
12.190015,14,669.971358
495.337113,500,670.976884
13.251453,15,671.000883
15.058547,16,671.023897
495.077187,500,672.227417
14.996965,16,672.251952
14.853333,16,672.275953
495.733233,500,673.392022
14.335088,16,673.414024
498.007833,500,674.397532
18.572489,19,674.427548
13.448308,15,674.45008
16.898968,18,674.47908
14.662686,16,674.504079
494.975119,500,675.571157
13.351614,15,675.59415
14.820208,16,675.621155
494.974841,500,676.621682
14.001651,15,676.642242
18.482677,19,676.671239
493.169111,500,677.678748
12.550441,14,677.701763
496.674804,500,678.804814
15.52586,17,678.833835
13.45966,15,678.858366
12.389586,14,678.876369
499.083933,500,679.961421
496.97821,500,681.167786
496.55035,500,682.441399
498.537413,500,683.639995
501.809537,500,684.876887
12.915544,14,684.902888
13.769739,15,684.930886
497.177028,500,685.9566
499.22793,500,686.963135
498.70716,500,687.915106
499.999099,500,688.9642
501.720695,500,690.179592
501.201942,500,691.372175
501.514208,500,692.581781
501.670844,500,693.658863
500.736292,500,694.708367
501.317238,500,695.982548
499.414861,500,697.175247
502.157914,500,698.322333
500.238322,500,699.331805
500.8755,500,700.534411
500.480193,500,701.479971
499.176875,500,702.517503
500.399969,500,703.613557
499.33208,500,704.89659
501.053352,500,706.230378
499.803524,500,707.519433
499.375247,500,708.780638
497.783303,500,710.133494
499.295565,500,711.403702
497.826263,500,712.634951
498.644359,500,713.873153
496.556629,500,715.045249
18.651651,19,715.081797
14.362468,15,715.110791
497.039862,500,716.306107
16.447627,17,716.336119
19.836586,20,716.371652
18.719504,19,716.393652
18.425585,19,716.427631
17.303596,18,716.45719
496.372991,500,717.679795
17.322877,18,717.709796
12.744232,14,717.73279
494.886013,500,718.872403
497.459798,500,720.187678
16.213867,17,720.215676
12.933137,14,720.239691
497.39798,500,721.496866
496.066055,500,722.75213
15.245408,16,722.776655
499.12244,500,724.029321
496.720184,500,725.281493
497.314697,500,726.556649
497.262048,500,727.77028
494.293108,500,729.03493
495.915021,500,730.211312
498.839176,500,731.472492
497.196491,500,732.71214
499.664343,500,733.814209
498.184624,500,735.071353
15.373827,16,735.095349
500.957494,500,736.249405
23.917207,23,736.284945
13.504573,14,736.30794
14.833194,15,736.332943
20.271802,20,736.363505
13.371733,14,736.385503
13.059215,14,736.406505
15.708363,16,736.431504
500.348689,500,737.46858
22.824931,22,737.498578
499.064642,500,738.463073
23.206888,23,738.500095
13.09447,14,738.522097
17.818888,18,738.552109
14.300998,15,738.576649
20.139246,20,738.599649
497.656774,500,739.768888
11.972117,13,739.788887
496.889194,500,740.850415
17.828283,18,740.860415
13.071181,14,740.885953
12.04452,13,740.910949
13.472027,14,740.921953
11.983088,13,740.927952
21.511934,21,740.936946
11.925169,13,740.94195
498.744507,500,741.881481
14.515329,15,741.904484
11.899104,13,741.923481
18.135944,18,741.9515
18.925672,19,741.981044
11.845267,13,742.002039
9.600417,11,742.020043
11.98811,13,742.039045
13.367376,14,742.063059
10.709439,12,742.513803
497.450767,500,743.155133
15.606588,16,743.640944
21.819399,21,743.67352
13.205321,14,743.693512
20.643,20,743.728525
15.47707,16,743.749512
20.432217,20,743.782084
10.640359,12,743.802084
15.815408,16,743.829083
13.165104,14,743.853105
14.180773,15,743.878639
499.741994,500,745.058699
14.122326,15,745.082233
501.369096,500,746.111748
21.060143,21,746.150746
18.925254,19,746.190306
10.818415,12,746.219302
498.519247,500,747.309379
498.922071,500,748.376493
501.228293,500,749.572149
14.310318,15,749.594161
500.376529,500,750.793772
499.017429,500,751.996414
498.473222,500,753.17901
494.989076,500,754.329087
496.924198,500,755.580278
499.152766,500,756.737379
497.205046,500,758.001559
499.236095,500,759.180905
496.880315,500,760.375039
498.98236,500,761.64318
498.068455,500,762.795808
498.828112,500,763.803345
499.668362,500,764.954402
495.212816,500,766.228561
495.992826,500,767.001945
491.834342,500,768.204576
14.310108,15,768.228576
494.252994,500,769.45182
496.242913,500,770.506879
13.162953,14,770.529888
495.287335,500,771.328324
497.323929,500,772.458405
494.876879,500,773.541505
437.017038,445,774.604563
11.765202,13,774.622563
492.670029,500,775.766652
495.386811,500,776.92422
11.607129,13,776.945223
494.696181,500,778.170792
496.783722,500,779.395591
499.408316,500,780.531677
497.241456,500,781.718829
499.56145,500,782.939084
500.569413,500,784.194211
500.056965,500,785.205676
500.644768,500,786.522853
501.153482,500,787.806019
501.042046,500,788.915076
502.19123,500,790.082153
10.723027,12,790.100683
501.825316,500,791.347338
504.082873,500,792.557984
500.572787,500,793.687423
501.011972,500,794.805054
500.297183,500,796.047629
12.714083,14,796.069627
504.205836,500,797.290009
502.309519,500,798.447613
502.68504,500,799.433081
500.794736,500,800.272473
500.455453,500,801.149807
501.521416,500,801.987166
503.198445,500,802.811036
499.740527,500,803.637349
500.820008,500,804.523499
500.737443,500,805.489416
501.111856,500,806.337271
497.78756,500,807.156262
503.17017,500,807.927373
502.884074,500,808.741431
503.991647,500,809.570763
502.181669,500,810.407458
504.200514,500,811.226847
505.399842,500,811.909857
503.899474,500,812.712341
503.357243,500,813.302103
503.323445,500,814.54621
504.714096,500,815.449119
505.258547,500,816.716269
505.133842,500,818.077417
504.835231,500,819.352612
505.441349,500,820.70281
505.20391,500,821.993618
504.868214,500,823.276342
504.268156,500,824.636985
503.642991,500,825.744012
504.924818,500,826.637703
503.844988,500,827.65174
502.883225,500,828.607197
505.46858,500,829.551651
505.199163,500,830.615916
504.145732,500,831.542346
504.876139,500,832.827486
504.446812,500,834.105156
506.196749,500,835.35334
504.674672,500,836.632507
503.689304,500,837.954679
503.709764,500,839.203417
503.293435,500,840.44764
504.581595,500,841.687823
504.441703,500,842.910513
505.118212,500,844.157661
502.991072,500,845.40029
504.898772,500,846.642447
504.127687,500,847.706859
504.289718,500,848.639158
503.297598,500,849.675698
506.125426,500,850.767789
505.721397,500,851.771332
505.645711,500,852.950999
505.075069,500,854.228642
504.387568,500,855.27473
504.222336,500,856.194705
504.701098,500,857.452419
504.897677,500,858.665087
9.427445,11,858.686103
503.258344,500,859.934749
503.532582,500,861.109368
504.536904,500,862.082933
11.850814,13,862.106934
504.651563,500,863.312562
504.930777,500,864.451375
10.593601,12,864.476381
505.276875,500,865.677054
504.429652,500,866.321368
504.895947,500,867.557545
505.043008,500,868.526533
11.637047,13,868.531549
505.181368,500,869.599622
505.685874,500,870.798269
505.549886,500,872.016926
505.634985,500,873.292133
505.150475,500,874.540803
504.972719,500,875.745511
9.127256,11,875.764055
507.106458,500,876.868185
505.377895,500,878.089766
506.79479,500,879.262353
505.24712,500,880.39341
9.078011,11,880.411409
9.196543,11,880.42641
9.099127,11,880.432411
7.708302,10,880.437429
7.862305,10,880.44043
7.825042,10,880.444428
7.621319,10,880.456961
7.74376,10,880.471954
505.51659,500,881.587023
9.541235,11,881.598019
9.552303,11,881.603021
9.140257,11,881.608018
7.874087,10,881.612019
10.420542,12,881.617022
7.951428,10,882.060786
9.272222,11,882.078785
7.945856,10,882.089787
9.353712,11,882.104784
9.39087,11,882.121785
8.228542,10,882.137787
12.042931,13,882.157337
11.766757,13,882.173355
8.039562,10,882.189339
7.97315,10,882.205339
505.508447,500,883.434954
7.944059,10,883.449976
9.217379,11,883.46751
8.250339,10,883.48151
8.15641,10,883.497512
9.666648,11,883.515511
7.766461,10,883.53251
505.583359,500,884.774694
9.116636,11,884.790697
7.965318,10,884.805697
13.349833,14,884.825696
9.267105,11,884.842719
9.321686,11,884.859248
9.289361,11,884.876248
8.029192,10,884.891252
9.413332,11,884.907248
9.322608,11,884.923251
7.953939,10,884.938249
8.962487,11,884.956807
10.708529,12,884.975805
12.145988,13,884.996802
8.044464,10,885.011804
9.41472,11,885.027803
9.558051,11,885.046823
8.164539,10,885.061353
10.716926,12,885.080353
9.443843,11,885.09735
9.511939,11,885.11535
8.220656,10,885.133346
10.678408,12,885.153367
9.670288,11,885.170901
10.832327,12,885.185893
9.239508,11,885.2059
9.288685,11,885.223899
10.69403,12,885.243916
10.761484,12,885.264451
9.571613,11,885.28345
10.607602,12,885.305449
507.600294,500,886.505082
12.022755,13,886.528082
9.256829,11,886.547102
12.075136,13,886.569637
8.008517,10,887.061405
10.521229,12,887.083405
506.977492,500,888.289023
9.35895,11,888.305022
11.679335,13,888.324027
9.254327,11,888.340028
8.128283,10,888.357559
8.019828,10,888.374579
9.14493,11,888.392578
505.904081,500,889.623154
506.419918,500,890.891348
9.329482,11,890.908345
9.102498,11,890.926343
11.785747,13,890.946361
507.146793,500,892.096128
505.938704,500,893.187777
505.991521,500,894.295432
506.425067,500,895.503031
504.984628,500,896.806215
9.087766,11,896.825217
505.15466,500,898.150131
505.009857,500,899.346534
9.207411,11,899.36611
505.231683,500,900.570773
9.435212,11,900.591771
505.032725,500,902.027706
504.338365,500,902.704209
504.57753,500,903.902919
9.097708,11,903.920915
9.320346,11,904.344122
9.016116,11,904.362121
9.253138,11,904.378136
9.028167,11,904.39467
504.328228,500,905.644087
504.153031,500,906.42454
503.765549,500,907.181449
503.282546,500,908.363091
10.344457,12,908.383106
9.313824,11,908.83485
9.230354,11,908.847852
9.24845,11,908.865852
503.751179,500,910.219598
504.011241,500,911.494298
506.007245,500,912.309299
504.058186,500,913.542485
504.833398,500,914.789256
503.654301,500,916.020431
503.867757,500,917.272714
505.100608,500,918.435384
506.162948,500,919.710598
507.144048,500,921.015868
507.094577,500,922.377167
507.805369,500,923.691392
506.635172,500,924.979589
505.058934,500,926.233829
507.446047,500,927.500443
506.034642,500,928.702084
507.084546,500,929.98325
506.95222,500,931.282455
509.303977,500,932.557648
505.476792,500,933.854827
507.242044,500,935.099532
507.057594,500,936.387638
507.061173,500,937.605269
507.181725,500,938.86844
507.62135,500,940.164645
509.250801,500,941.461856
508.540805,500,942.785084
509.278019,500,944.014883
510.128319,500,945.348965
508.836009,500,946.646832
506.607688,500,947.913476
509.178418,500,949.179652
509.784192,500,950.458883
509.917799,500,951.637492
505.803128,500,952.804612
506.807306,500,953.972276
507.63856,500,954.967803
505.842752,500,956.201399
507.742038,500,957.402724
509.529306,500,958.447807
510.195281,500,959.524379
507.410534,500,960.65901
509.799699,500,961.683536
512.394481,500,962.832669
511.437315,500,963.944751
512.295615,500,964.649632
509.913421,500,965.510054
511.118289,500,966.587156
511.186096,500,967.78586
512.170476,500,968.682834
512.329065,500,969.720354
511.648795,500,971.002552
510.571092,500,972.311767
513.11244,500,973.593944
512.888958,500,974.881142
513.853836,500,976.016232
513.037996,500,977.195856
511.743587,500,978.333945
513.448643,500,979.408
512.675524,500,980.545131
512.284069,500,981.66775
512.627048,500,982.841842
513.57917,500,984.080019
512.292055,500,985.361296
515.094118,500,986.549841
514.129859,500,987.750596
514.080621,500,988.73674
514.849658,500,989.85634
515.007053,500,990.648231
513.405784,500,991.788855
513.260591,500,992.770392
514.677993,500,994.011009
510.203238,500,995.20464
19.779907,20,995.235639
514.427128,500,996.373956
515.116579,500,997.499043
513.806845,500,998.683777
502.425939,500,999.867461
510.747249,500,1000.896981
512.676223,500,1002.023076
512.59638,500,1003.165176
18.700606,19,1003.186715
17.751929,18,1003.206714
497.620146,500,1004.393354
497.762902,500,1005.580966
498.182346,500,1006.808121
500.209101,500,1008.07431
514.788916,500,1009.32897
500.712626,500,1010.497675
502.478296,500,1011.514217
498.875746,500,1012.673342
513.253955,500,1013.870679
500.008272,500,1014.937801
514.311615,500,1016.022827
515.194315,500,1016.916827
515.765657,500,1017.670734
515.039341,500,1018.63619
515.491062,500,1019.572797
514.574135,500,1020.436218
515.795511,500,1021.305083
516.670028,500,1022.075213
514.964256,500,1022.846475
517.469006,500,1023.748271
517.646228,500,1024.589042
516.85866,500,1025.418246
518.816726,500,1026.310029
519.37587,500,1027.187918
519.995979,500,1027.962696
519.810169,500,1028.986233
521.886192,500,1029.950627
521.050827,500,1030.785023
517.952349,500,1031.628872
519.842879,500,1032.364602
519.683436,500,1033.29942
517.881564,500,1034.17328
520.842145,500,1035.105706
522.945467,500,1036.087194
521.361557,500,1037.01564
521.490883,500,1037.962105
522.329493,500,1038.738791
521.31278,500,1039.561168
522.015603,500,1040.422162
523.094273,500,1041.272668
520.075603,500,1041.977631
520.580826,500,1042.68352
522.17165,500,1043.415711
523.016666,500,1044.23614
519.892816,500,1045.006576
520.311306,500,1045.764398
520.698898,500,1046.485666
520.464588,500,1047.258383
522.228325,500,1048.043813
521.16564,500,1048.828307
522.022619,500,1049.539309
521.116312,500,1050.263458
518.944605,500,1051.006906
521.262057,500,1051.815322
516.885272,500,1052.597291
521.057483,500,1053.012063
519.224042,500,1053.78995
521.536329,500,1054.491864
37.841485,40,1054.832042
522.074382,500,1055.248239
520.586669,500,1056.020639
519.817649,500,1056.99148
519.674393,500,1057.981969
521.573856,500,1059.120171
517.599501,500,1060.170317
519.215422,500,1061.324967
516.593097,500,1062.420049
22.147082,22,1062.45205
519.506406,500,1063.624618
229.607406,232,1064.417048
63.542263,67,1064.524591
516.379477,500,1065.596702
130.931313,136,1065.776792
515.615259,500,1067.018492
518.776364,500,1068.187574
108.439579,113,1068.354674
514.619358,500,1069.33922
514.562504,500,1070.398774
520.309225,500,1071.352261
520.24664,500,1072.482395
522.309537,500,1073.612472
521.16921,500,1074.718544
521.304192,500,1075.662043
522.242045,500,1076.750571
513.419133,500,1077.918819
516.602565,500,1079.109428
22.258069,22,1079.138984
53.087917,55,1079.228532
518.600765,500,1080.382604
515.844428,500,1081.540241
518.045612,500,1082.628847
519.603261,500,1083.594833
21.531481,22,1083.607817
512.501824,500,1084.663937
20.959353,21,1084.693937
518.737452,500,1085.894631
22.354472,22,1085.927645
517.307027,500,1087.115268
520.362028,500,1088.453125
518.834474,500,1089.659765
523.342782,500,1090.829852
21.732891,21,1090.862385
522.282545,500,1092.006438
521.979596,500,1093.246638
521.424358,500,1094.446277
519.635323,500,1095.635334
523.972675,500,1096.815952
523.711333,500,1097.951463
524.784074,500,1098.804844
521.98065,500,1099.993465
523.576905,500,1101.15413
519.257715,500,1102.426816
525.276317,500,1103.60266
527.824042,500,1104.695692
527.574714,500,1105.720225
527.551672,499,1106.766312
528.384126,500,1107.937426
525.49701,500,1109.038522
525.685979,500,1110.10761
524.193159,500,1111.228401
526.35691,500,1112.332526
526.529885,500,1113.565529
525.007111,500,1114.622036
525.912795,500,1115.494042
524.520008,500,1116.637118
118.6037,118,1116.79423
132.121106,133,1116.887775
26.234595,25,1116.897776
104.314571,105,1117.019326
22.837979,22,1117.052341
27.96578,27,1117.090881
22.910836,22,1117.536092
179.278697,181,1117.829768
76.178817,77,1117.945321
33.699004,33,1117.992873
26.084761,25,1118.028873
24.188759,23,1118.062895
27.869265,27,1118.100423
28.031101,27,1118.137423
26.324435,25,1118.17297
37.352718,37,1118.225972
26.205164,25,1118.264987
88.053336,89,1118.814288
26.137944,25,1118.855304
28.211668,27,1118.889841
23.997329,23,1118.91984
32.999699,32,1118.955852
28.85652,28,1118.99639
41.308207,41,1119.060405
24.16429,23,1119.093936
37.934244,38,1119.149937
75.615449,76,1119.259545
134.286157,135,1119.88501
94.2173,95,1120.004562
27.917656,27,1120.015561
28.005549,27,1120.052561
41.431149,41,1120.112112
81.002683,81,1120.228674
74.956146,75,1120.261677
21.635551,21,1120.270207
25.246316,24,1120.279212
88.823389,89,1120.313208
24.071993,23,1120.798967
28.03671,27,1120.843984
112.244431,113,1120.964549
21.690668,21,1121.002079
25.208627,24,1121.042075
28.750168,28,1121.084629
55.123421,55,1121.148629
116.371869,118,1121.317727
121.403115,122,1121.495826
125.369692,126,1122.041578
48.69896,49,1122.109884
24.251482,23,1122.150886
27.09379,26,1122.196438
22.953201,22,1122.228436
23.033792,22,1122.261451
28.195439,27,1122.298982
23.023631,22,1122.330988
29.857363,29,1122.375545
40.137349,40,1122.432535
24.249754,23,1122.465549
21.734799,21,1122.492079
25.382288,24,1122.530074
22.892157,22,1122.564097
25.193801,24,1122.600633
25.387154,24,1123.063463
29.859293,29,1123.119997
22.921268,22,1123.136998
28.820414,28,1123.148018
23.899907,23,1123.193553
25.144286,24,1123.204552
25.387758,24,1123.222554
25.272378,24,1123.249554
99.680382,100,1123.409671
20.472832,20,1123.444668
29.809853,29,1123.486231
27.013478,26,1123.514228
59.902157,60,1123.585779
32.760864,32,1123.62978
28.74192,28,1123.665793
22.979747,22,1123.696334
27.595206,27,1124.102547
77.617371,79,1124.226093
21.571679,21,1124.264111
26.965995,26,1124.305641
23.02791,22,1124.339641
28.165017,27,1124.382194
25.417568,24,1124.420199
23.892891,23,1124.458196
21.829699,21,1124.492739
49.629345,50,1124.581287
21.62122,21,1124.616287
23.148438,22,1124.650287
26.065326,25,1124.67784
22.859636,22,1124.689844
27.918482,27,1124.705838
21.635015,21,1124.737839
92.273573,94,1125.345135
80.927692,82,1125.475207
20.264521,20,1125.51022
25.875846,25,1125.551225
28.976998,28,1125.595779
20.446723,20,1125.628778
67.554334,69,1125.747332
38.137227,38,1125.796876
73.838877,74,1125.913425
25.194904,24,1125.950425
24.091332,23,1125.988883
22.814164,22,1126.025885
55.900326,56,1126.117434
23.031695,22,1126.635207
99.465373,102,1126.823331
25.919708,25,1126.863353
385.190899,394,1127.842825
22.900999,22,1127.871857
22.809943,22,1127.902392
21.511193,21,1127.930392
354.546038,364,1128.46317
25.708747,25,1128.498721
25.774516,25,1128.53572
25.91437,25,1129.026467
21.715783,21,1129.059476
20.321222,20,1129.090066
20.169049,20,1129.124058
24.760666,24,1129.164054
26.789643,26,1129.200616
23.925927,23,1129.240605
95.512911,97,1129.396717
32.323922,32,1129.449725
23.776079,23,1129.485268
28.531747,28,1129.530273
35.070814,35,1129.586808
77.710779,79,1129.694343
509.676459,500,1130.822433
20.3247,20,1130.848437
68.327491,70,1131.387778
18.726485,19,1131.417784
23.763459,23,1131.454781
21.264798,21,1131.490342
21.433035,21,1131.527338
20.12315,20,1131.562339
21.58418,21,1131.598889
22.785572,22,1131.637885
22.655019,22,1131.667907
24.776033,24,1131.676911
18.841742,19,1131.699437
492.980921,500,1132.774972
21.493624,21,1132.807513
21.380206,21,1132.837511
26.004182,25,1132.868528
20.211798,20,1132.900069
493.296261,500,1134.095292
510.227414,500,1135.225392
495.377146,500,1136.5466
494.348695,500,1137.652711
44.105197,45,1137.722844
23.932032,23,1137.758848
20.094417,20,1137.79041
26.604221,26,1137.827407
502.427696,500,1138.918538
20.160095,20,1138.951535
20.136022,20,1138.968533
23.704168,23,1139.006112
26.616253,26,1139.047111
22.777117,22,1139.081149
23.593315,23,1139.115651
22.825668,22,1139.560916
28.83193,28,1139.605501
503.998528,500,1140.566483
27.087621,26,1140.597024
489.407849,500,1141.429424
507.355503,500,1142.25398
22.674031,22,1142.276071
503.359857,500,1143.140199
488.454487,500,1144.062125
