#{"t_start": 1775465466.7701924, "env_id": "Pusher-MassFric-Gauss-10-v0"}
r,l,t
-762.901192,500,0.241105
-780.640861,500,0.412757
-820.452153,500,0.63578
-792.443414,500,0.900937
-769.018564,500,1.787512
-747.811835,500,1.979144--837.918518,500,2.1882
-760.221483,500,2.415801
-821.279166,500,3.306945
-842.744757,500,3.466696
-819.807749,500,3.696332
-801.329598,500,3.907963--851.043008,500,4.789649
-841.762997,500,5.011302
-722.501218,500,5.23441
-838.099844,500,5.454058
-896.039002,500,6.616091
-763.480616,500,6.847188
-857.683058,500,7.089367
-679.128837,500,7.351464--832.96629,500,8.279231
-835.81763,500,8.526385
-885.559392,500,8.761493
-706.507288,500,8.999187
-660.105207,500,9.930213
-787.369376,500,10.132291
-699.409793,500,10.339959
-758.013281,500,10.52459-79-851.674763,500,11.510277
-586.762272,500,11.663833
-593.674602,500,11.820919
-669.968881,500,11.98955-70-576.35073,500,12.802013
-685.953614,500,12.950098
-621.763475,500,13.100201-7-682.376164,500,13.249761-855.620223,500,14.087637
-725.115765,500,14.234732
-848.75114,500,14.380884
-870.127722,500,14.527793
-603.873942,500,15.349672
-624.526058,500,15.514317
-618.366007,500,15.700889
-707.014039,500,15.849988
-810.916295,500,16.053597
-635.753145,500,16.725413--763.255693,500,16.873978
-774.817836,500,17.056591
-852.837497,500,17.242693--789.208037,500,18.047635--723.594904,500,18.219729
-785.835007,500,18.36895
-783.519318,500,18.565567
-741.72338,500,19.333506
-804.346597,500,19.526152
-709.505589,500,19.67772
-616.099642,500,19.826805
-717.610888,500,20.49867
-700.078403,500,20.648226
-692.705502,500,20.815332
-804.211517,500,20.97042
-596.060918,500,21.909934
-819.00675,500,22.077503
-589.146604,500,22.268168
-734.868855,500,22.41641
-782.258562,500,23.107786
-612.823905,500,23.336892
-639.290915,500,23.552542
-684.184918,500,23.745246
-762.446682,500,24.694618
-552.031233,500,24.912891
-582.29455,500,25.129996
-585.820837,500,25.302071
-560.603861,500,26.065909
-684.683096,500,26.290673
-611.672509,500,26.498805
-629.826277,500,26.708907
-760.379905,500,27.370951
-678.308862,500,27.520569
-596.715067,500,27.670123
-664.57441,500,27.821228
-737.056647,500,28.549081
-704.19422,500,28.701561
-632.034231,500,28.898209
-686.481757,500,29.06676
-650.57452,500,29.215867
-544.145738,500,29.867712
-469.80842,500,30.01932
-698.91762,500,30.172875
-687.155917,500,30.322975
-770.863796,500,31.121082
-443.639821,500,31.270629
-533.234834,500,31.419268
-461.547322,500,31.568799
-553.902699,500,32.340694
-479.294184,500,32.555326
-710.627546,500,32.735413
-635.143733,500,32.951046
-492.936674,500,33.810396
-475.216955,500,33.977338
-625.305867,500,34.144411
-581.831589,500,34.356526
-486.987785,500,34.995422
-605.052416,500,35.144651
-593.683595,500,35.294742
-549.398472,500,35.459291
-707.665247,500,36.134339
-504.124685,500,36.367447
-700.304075,500,36.538062
-672.292636,500,36.759745
-50-553.985499,500,37.75894-50-540.643384,500,37.9860-483-401.53334,500,38.21667-55-538.206113,500,38.42930-47-724.708367,500,39.2762-575-557.970808,500,39.506373
-516.808791,500,39.6809-397-516.708371,500,39.840-631.183891,500,40.61295
-345.045989,500,40.840041
-489.593738,500,41.058669
-496.991235,500,41.286757
-667.1-435.566299,500,42.04-378.7-463.316516,500,42.25-445.9-520.794117,500,42.42-631.4-382.254762,500,42.64-457.4-497.940799,500,43.547231
-488.936492,500,43.778342
-572.04455,500,44.003464
-503.219185,500,44.230675
-526.868073,500,44.45-538.-644.178988,500,45.286709
-438.29286,500,45.450804
-441.123307,500,45.600901
-610.354731,500,45.75-605.2-555.268915,500,46.69995
-600.770757,500,46.862055
-651.961697,500,47.011618
-552.842916,500,47.217-597.-411.392106,500,48.208921
-340.069641,500,48.440594
-438.103661,500,48.66621
-596.815566,500,48.8923
-523.872518,500,49.753778
-618.844214,500,49.902337
-459.78973,500,50.088064
-510.525674,500,50.314181
-509.498215,500,51.205769
-542.668068,500,51.446453
-602.083921,500,51.670063
-605.845608,500,51.894144
-365.579391,500,52.608232
-485.267725,500,52.770947
-415.59937,500,52.994035
-413.634306,500,53.218606
-345.342761,500,54.079283
-434.032142,500,54.312392
-401.393602,500,54.546568
-395.460378,500,54.761685
-546.820689,500,55.42053
-363.650612,500,55.575097
-360.652231,500,55.725466
-390.476722,500,55.874549
-562.088676,500,56.571139
-456.528456,500,56.725716
-482.386667,500,56.881427
-566.13895,500,57.07404
-461.678689,500,57.801972
-519.493418,500,57.98908
-556.317175,500,58.206678
-550.316083,500,58.403767
-470.524721,500,58.58742
-317.589967,500,59.318759
-406.387229,500,59.570042
-371.028249,500,59.756668
-520.857391,500,59.908225
-367.427348,500,60.779871
-461.956429,500,60.930413
-426.281862,500,61.15759
-340.113988,500,61.380683
-576.538139,500,62.375389
-299.648129,500,62.583054
-427.159749,500,62.733221
-313.166097,500,62.882302
-406.651007,500,63.622767
-391.756375,500,63.838897
-580.446947,500,64.011971
-501.247026,500,64.166182
-550.203629,500,64.878684
-408.04988,500,65.095869
-418.215543,500,65.316501
-488.439728,500,65.536162
-355.895572,500,66.457837
-593.335042,500,66.66442
-403.616067,500,66.864526
-468.227377,500,67.103173
-316.363271,500,67.763484
-338.657761,500,67.946057
-427.39201,500,68.158197
-454.036956,500,68.382946
-451.263781,500,69.299189
-559.799492,500,69.533545
-437.781279,500,69.758832
-318.316747,500,70.001935--228.838845,500,70.794968
-378.85428,500,71.012073
-389.414613,500,71.179726
-416.877774,500,71.336282--463.456847,500,72.101911
-479.546405,500,72.327007
-512.402181,500,72.555845
-459.453683,500,72.78394-44-348.438573,500,73.688482
-350.24553,500,73.84905
-370.418088,500,74.005138
-457.280715,500,74.163685
-394.517248,500,74.34126-26-412.817431,500,75.119878
-487.998341,500,75.347008
-351.295233,500,75.565202
-354.027977,500,75.7813-492-426.620328,500,76.653317
-500.328578,500,76.805877
-324.869677,500,76.958598
-356.462205,500,77.1507-316-357.680353,500,77.83762
-293.240955,500,77.989945
-551.768092,500,78.142065
-403.047444,500,78.29314-29-394.416571,500,79.23471-39-347.632918,500,79.41736-45-343.372386,500,79.56602-34-425.207664,500,79.7155-356-351.765183,500,80.3900-490.807986,500,80.489604
-507.543864,500,80.73526
-284.902836,500,80.933874
-451.875797,500,81.666264
-199.66122,500,81.87137
-471.241534,500,82.057021
-431.498655,500,82.245055
-429.929891,500,83.150627
-409.426482,500,83.39281
-445.687105,500,83.620492
-239.795395,500,83.860135
-309.355879,500,84.590654
-572.354817,500,84.824286
-456.349978,500,85.052482
-253.811519,500,85.288584
-424.385947,500,86.039138
-327.393441,500,86.290241
-477.889586,500,86.511917
-390.029636,500,86.69558
-358.551496,500,87.343974
-387.920654,500,87.502785
-288.125598,500,87.65589
-562.762217,500,87.814438
-326.404463,500,87.972103
-198-498.017838,500,88.785-455.-347.782464,500,88.95-456.65088,500,89.018796
-314.525927,500,89.237921
-341.384729,500,90.11595
-285.538411,500,90.340389
-435.776201,500,90.565993
-498.206068,500,90.789083
-280.785487,500,91.556572
-431.421969,500,91.729143
-402.36759,500,91.953331
-311.017052,500,92.189413
-390.672598,500,92.838273
-379.987263,500,92.992823
-409.663502,500,93.148207
-276.438034,500,93.305724
-451.0601-341.859863,500,94-352.3364-290.180387,500,94-299.2006-232.103111,500,94.601434
-464.595842,500,94-477.3505-460.411706,500,95-498.2250-476.991136,500,9-274.6589-421.620243,500,96.026505
-392.841288,500,96-467.2223-433.954291,500,9-500.97921-420.538633,500,9-487.26590-334.11842,500,97-318.6760-324.368931,500,97-388.6307-482.349657,500,98-348.4737-220.858845,500,9-332.94626-286.901199,500,-492.573111-304.323359,500,-283.04068,-505.176311,500,100.031292
-430.463386,500,100.285505
-212.943928,500,100.555173
-496.581686,-302.19238,500,1-516.384935,500,101.593018
-399.068672,500,101.743547
-462.345245,500,101.971852
-517.1277-257.490407,500,10-319.1715-279.723675,500,102-226.884547,500,103.072948
-406.845323,500,103.233505
-468.664-402.017111,500,103.-502.518-375.8693,500,103.90-348.156252,500,104.452404
-501.136805,500,104.607064
-338.592107,500,104.762637
-393.-260.248606,500,105.344-328.142372,500,105.911898
-244.394618,500,106.088163
-441.810799,500,106.316276
-389-242.568375,500,106.8996-377.726474,500,107.46861
-303.476698,500,107.681774
-477.862988,500,107.887882
-353.-346.187919,500,108.335-491.973494,500,108.864948
-272.986667,500,109.022029
-348.939928,500,109.183697
-344.-287.200502,500,109.96-373.590279,500,110.291067
-350.468713,500,110.518167
-242.117194,500,110.759752
-321.1-517.40143,500,111.452-464-176.609841,500,111.6858-34-469.118019,500,111.9059-298-373.76303,500,112.0615-297-359.530034,500,112.814337
-336.260167,500,112.980989
-457.518605,500,113.139536
-353.237612,500,113.336617
-294.682271,500,114.077096
-423.240997,500,114.242-239.-368.901886,500,114.465777
-420.448626,500,114.69088
-457.716976,500,115.560262
-316.429629,500,115.716803
-177.210135,500,115.897901
-374.503954,500,116.116566
-234.339559,500,117.083182
-364.715663,500,117.252746
-251.284123,500,117.411047
-327.577269,500,117.574687
-325.44976,500,117.785784
-324.191438,500,118.569-332.-327.084742,500,118.73-278.5-401.709868,500,118.88-386.854739,500,119.17523
-314.87-248.304312,500,119.8-221.10-502.734938,500,120.0-406.76-312.66565,500,120.272241
-408.671117,500,120.495494
-245.340897,500,121.477313
-288.436217,500,121.704064
-511.968362,500,121.933179
-289.634747,500,122.161959
-240.256099,500,123.008033
-259.254041,500,123.212672
-467.575731,500,123.432795
-357.654274,500,123.658454
-361.34983,500,124.3854
-276.866863,500,124.627049
-226.530909,500,124.872689
-452.558265,500,125.101357
-398.332351,500,126.026434
-356.402287,500,126.178512
-434.621024,500,126.373628
-439.472072,500,126.581294
-294.966375,500,127.373231
-269.084611,500,127.608856
-341.600676,500,127.814731
-264.594751,500,127.982898
-328.730416,500,128.633354
-345.720104,500,128.888994
-329.229071,500,129.141662
-313.416236,500,129.377317
-377.756718,500,130.257864
-270.787082,500,130.455497
-280.402237,500,130.692141
-304.761146,500,130.935432
-432.746696,500,131.626935
-269.19826,500,131.792049
-367.856274,500,131.970696
-405.078988,500,132.203811
-520.122022,500,132.419918
-290.086171,500,133.052216
-385.40501,500,133.207329
-350.341066,500,133.3649
-232.841362,500,133.547525
-353.881529,500,134.441745
-553.965433,500,134.62938
-385.662057,500,134.786482
-360.548711,500,134.944053
-347.528729,500,135.763514
-350.619864,500,135.91-485.1-350.643888,500,136.07-362.2-330.063526,500,136.273364
-344.330306,500,137.128902
-481.47471,500,137.344007
-309.217216,500,137.496673
-217.720352,500,137.686-328.-349.479821,500,138.432-350.-406.675713,500,138.675-279.-319.580396,500,138.89-469.4-485.576881,500,139.05-340.3-236.126295,500,139.74102
-402.871636,500,139.967689
-435.656758,500,140.202321
-417.27039,500,140.437448
-360.350273,500,141.381037
-445.85882,500,141.593694
-335.934645,500,141.8258
-293.101557,500,142.054423
-196.415188,500,142.926101
-322.749065,500,143.146755
-325.051212,500,143.365882
-487.374913,500,143.574531
-344.050396,500,144.473768
-254.420409,500,144.711376
-279.588806,500,144.945506
-281.642241,500,145.17078
-423.930334,500,145.865167
-397.625649,500,146.020801
-281.052682,500,146.173383
-436.753867,500,146.363056
-251.188219,500,147.251155
-367.74035,500,147.485359
-252.146764,500,147.73006
-376.952719,500,147.968331
-412.423943,500,148.216645
-190.521503,500,149.116312
-461.306718,500,149.324415
-498.787171,500,149.520077
-443.095108,500,149.676646
-431.911974,500,150.432559
-488.095538,500,150.586177
-322.401996,500,150.739736
-319.295226,500,150.893843
-322.808772,500,151.732962
-362.574736,500,151.889028
-514.995594,500,152.076044
-200.177578,500,152.238111
-254.599113,500,153.092195
-255.963043,500,153.250752
-393.291976,500,153.403849
-212.418076,500,153.561922
-466.197411,500,154.377892
-244.97385,500,154.610684
-347.001981,500,154.76992
-362.575197,500,154.926008
-331.31293,500,155.669983
-217.951355,500,155.838099
-334.289808,500,155.99476
-447.577648,500,156.21686
-424.747715,500,157.231174
-367.675068,500,157.471828
-353.944815,500,157.696445
-308.463824,500,157.923361
-406.327272,500,158.81549
-271.489201,500,159.052165
-315.636864,500,159.279303
-450.238599,500,159.517463
-250.385292,500,160.377048
-264.963708,500,160.570691
-404.479971,500,160.790915
-312.640197,500,161.026564
-412.848699,500,161.885679
-262.836709,500,162.130216
-319.57656,500,162.358322
-336.571872,500,162.513466
-338.992824,500,162.72558
-325.010936,500,163.715784
-281.048492,500,163.948892
-350.494247,500,164.160547
-240.997569,500,164.379675
-392.7469,500,165.191436
-373.503831,500,165.410538
-250.112111,500,165.61419
-290.12579,500,165.798286
-312.732884,500,166.574817
-255.697129,500,166.738954
-403.244897,500,166.896059
-469.99255,500,167.050166
-396.490557,500,167.884593
-294.582427,500,168.114794
-281.351799,500,168.352903
-228.318181,500,168.582477
-423.297477,500,169.513566
-414.865978,500,169.742289
-292.501973,500,169.964411
-525.583775,500,170.165045
-467.098875,500,171.023689
-421.785112,500,171.257779
-371.12536,500,171.474537
-396.909381,500,171.678645
-370.750051,500,172.551054
-489.953831,500,172.7237
-455.53832,500,172.932803
-354.699915,500,173.1494
-292.721233,500,173.888855
-265.097556,500,174.043049
-434.673236,500,174.202107
-462.358385,500,174.357657
-314.602488,500,175.127743
-199.672932,500,175.28732
-415.608006,500,175.43939
-297.99663,500,175.597516
-220.518805,500,176.461051
-481.605867,500,176.647691
-336.2307,500,176.865774
-271.276749,500,177.06443
-330.714411,500,177.219533
-233.622925,500,178.032552
-318.002085,500,178.26266
-396.139102,500,178.49936
-455.903752,500,178.737995
-323.079573,500,179.538504
-329.529358,500,179.746602
-454.992773,500,179.970417
-480.246419,500,180.199133
-281.789793,500,180.849566
-304.502353,500,181.072223
-197.508613,500,181.232309
-367.061247,500,181.39585
-437.281567,500,182.17896
-365.560782,500,182.331613
-322.795414,500,182.483711
-286.854468,500,182.634528
-429.503981,500,183.548106
-222.33064,500,183.781216
-425.552068,500,184.020431
-378.779161,500,184.258523
-286.582832,500,185.150909
-406.357649,500,185.375009
-474.492791,500,185.597671
-274.690725,500,185.818309
-325.734552,500,186.644826
-321.0931,500,186.874906
-311.723596,500,187.089127
-212.743357,500,187.290805
-358.348317,500,188.094959
-313.065777,500,188.277065
-388.117249,500,188.463253
-289.252339,500,188.623839
-301.858421,500,189.346788
-407.415734,500,189.575435
-272.986579,500,189.75454
-236.20932,500,190.015523
-313.261792,500,191.015922
-174.357228,500,191.209495
-233.757161,500,191.430143
-341.335287,500,191.67575
-267.952883,500,193.05087
-447.492716,500,193.443552
-520.683763,500,193.810668
-508.961296,500,194.064328
-370.871966,500,194.329887
-341.313481,500,195.418297
-406.015545,500,195.667892
-421.493473,500,195.955483
-274.263173,500,196.279619
-314.901992,500,197.321484
-370.146057,500,197.562036
-193.818798,500,197.813154
-418.457419,500,198.051257
-437.934635,500,199.015239
-268.987592,500,199.259306
-313.632692,500,199.510886
-286.528381,500,199.767454
-188.300137,500,200.854359
-266.16835,500,201.201486
-326.519218,500,201.490612
-415.113382,500,201.76222
-302.61797,500,202.764514
-457.140999,500,203.083652
-353.389111,500,203.427773
-373.204057,500,203.691332
-471.614811,500,204.691684
-333.892138,500,204.952269
-394.020005,500,205.180875
-398.572057,500,205.413994
-194.615017,500,206.475842
-200.252445,500,206.732945
-173.023378,500,206.980987
-385.926442,500,207.234113
-442.567304,500,208.334992
-317.053375,500,208.555574
-376.511147,500,208.799628
-312.588509,500,209.03179
-387.605279,500,210.106715
-321.248558,500,210.388323
-392.69392,500,210.640413
-302.215203,500,210.923039
-270.96423,500,211.927414
-389.169387,500,212.238544
-310.036191,500,212.509104
-319.471317,500,212.770684
-302.975989,500,213.069683
-199.569494,500,214.201539
-266.625843,500,214.499674
-396.599775,500,214.755267
-222.465874,500,215.00785
-272.513176,500,216.127815
-296.620258,500,216.518589
-262.120583,500,216.81719
-384.454222,500,217.093305
-495.763943,500,218.188499
-507.011607,500,218.457108
-192.666569,500,218.82023
-256.032314,500,219.166416
-414.698568,500,220.262912
-267.043636,500,220.551047
-293.503013,500,220.838639
-161.481011,500,221.11936
-279.635657,500,222.193252
-329.568464,500,222.454841
-211.607422,500,222.722991
-391.308884,500,222.963558
-348.936578,500,223.985502
-454.645411,500,224.265627
-337.924447,500,224.496696
-286.158317,500,224.738788
-359.756735,500,225.760161
-454.062719,500,225.999726
-257.232766,500,226.291139
-544.156911,500,226.633307
-380.936982,500,227.6776-328-345.8339,500,227.92930-35-277.699167,500,228.1848-21-256.395839,500,228.47049-30-312.899899,500,229.52439-3-179.459027,500,229.858507
-418.639442,500,230.109121-2-279.326805,500,230.356718-2-218.821694,500,231.572352-4-190.096143,500,231.86693-36-315.361252,500,232.11951-38-221.803156,500,232.35307-33-201.444865,500,233.26289-31-410.483605,500,233.5569-36-386.45367,500,233.806054-3-259.391239,500,234.071159-287.268709,500,234.47664
-2-408.868342,500,235.305494-419.347106,500,235.776219
-307.163067,500,235.999274
-237.633015,500,236.285423
-3-414.137177,500,237.147655-160.214078,500,237.657403
-498.725553,500,237.919464
-3-330.135656,500,238.141997-4-441.483381,500,239.12692-335.392147,500,239.57215
-356-423.298894,500,239.696-171.-490.601417,500,240.008-388.-426.261529,500,240.996-281.-464.68997,500,241.300-299.-257.936026,500,241.666-181.-382.228032,500,242.012-291.-210.986023,500,243.176034
-224.693043,500,243.400133
-213.62242,500,243.687225
-315.073269,500,243.933294
-334.993866,500,244.953121
-241.380981,500,245.258214
-359.969118,500,245.547369
-490.890075,500,245.772968
-312.461399,500,246.892754
-299.16405,500,247.137841
-413.063196,500,247.382914
-359.275222,500,247.675061
-378.611279,500,248.789021
-416.105297,500,249.044172
-423.455331,500,249.303219
-237.742673,500,249.548348
-308.381176,500,250.669841
-435.361082,500,250.93841
-309.351323,500,251.208971
-329.766017,500,251.492559
-394.375589,500,252.526461
-315.439417,500,252.77704
-284.49453,500,253.070152
-213.070901,500,253.354723
-390.462958,500,253.620321
-338.571035,500,254.638239
-249.311707,500,254.905354
-179.196882,500,255.179473
-419.692882,500,255.401545
-264.142243,500,256.-366.345-221.845626,500,256.-436.522-171.073725,500,256.-295.308353,500,257.302438
-348.769-423.247703,500,258-253.053727,500,258.659521
-288.90238,500,258.884089
-443.575326,500,259.127157
-458.3989-366.041225,500,25-229.957134,500,260.474114
-233.344043,500,260.769836
-312.717942,500,261.003907
-388.58708-185.940444,500,26-311.232468,500,262.32842
-413.032892,500,262.574585
-154.314331,500,262.839164
-355.76793-232.587886,500,2-257.873489,500,264.105327
-451.080092,500,264.378409
-303.64437,500,264.687525
-447.851744-376.491201,500,2-387.555828,500,266.141485
-190.754974,500,266.436062
-358.767283,500,266.766751
-286.3033-300.254513,500,266-181.979185,500,268.291511
-439.50039,500,268.574162
-328.522672,500,268.968394
-444.197943,500,269.317546
-221.467171,500,270.557655
-329.980234,500,270.943361
-433.992726,500,271.324061
-237.793465,500,271.674298
-367.435662,500,272.823345
-354.946889,500,273.04899
-428.468419,500,273.27367
-410.757312,500,273.597284
-250.707066,500,274.723375
-512.83545,500,275.058033
-342.390912,500,275.448718
-337.304305,500,275.732905
-301.792911,500,275.948971
-351.742786,500,277.30019
-374.898146,500,277.666361
-171.334315,500,277.904969
-319.538477,500,278.157589
-409.394575,500,279.38927
-395.504253,500,279.664441
-340.949927,500,279.897055
-379.030421,500,280.125133
-168.834151,500,281.448354
-344.757893,500,281.852051
-298.161826,500,282.125671
-376.211766,500,282.354287
-408.944602,500,283.659513
-177.79197,500,283.884171
-345.289874,500,284.124247
-208.520118,500,284.351868
-315.490237,500,285.869611
-129.594833,500,286.187824
-315.927432,500,286.466923
-262.244448,500,286.746071
-271.527899,500,288.058292
-235.640383,500,288.33945
-330.346242,500,288.561102
-323.746785,500,288.787259
-273.362006,500,290.264422
-201.073939,500,290.672154
-385.769041,500,290.926759
-428.276895,500,291.144877
-413.501553,500,292.359496
-325.719519,500,292.581125
-429.434381,500,292.847277
-225.457709,500,293.089867
-412.412396,500,294.072857
-201.922659,500,294.319007
-360.884864,500,294.623672
-410.582642,500,294.947822
-192.190415,500,296.180513
-452.323339,500,296.40129
-453.976703,500,296.628372
-207.510084,500,296.952564
-154.666861,500,297.180196
-265.390237,500,298.624427
-265.6042,500,298.957615
-148.447802,500,299.347875
-295.456575,500,299.609502
-386.826503,500,300.848245
-390.421142,500,301.222972
-437.528061,500,301.448049
-349.093453,500,301.667712
-448.444938,500,302.873761
-286.889755,500,303.260441
-455.645876,500,303.661167
-277.784768,500,303.970792
-265.845638,500,305.188038
-413.771472,500,305.411122
-492.212065,500,305.628206
-370.836862,500,305.870859
-425.912823,500,307.325598
-260.571269,500,307.64923
-227.197046,500,307.986392
-310.614123,500,308.370082
-377.876397,500,309.53313
-415.873616,500,309.76874
-442.127041,500,310.0409
-260.44987,500,310.435602
-291.003635,500,311.592204
-308.280724,500,311.81836
-450.785935,500,312.098985
-403.093389,500,312.488262
-342.145988,500,313.910641
-349.646181,500,314.177277
-322.530502,500,314.500005
-368.914603,500,314.904241
-313.776432,500,316.239879
-356.158523,500,316.562567
-495.419713,500,316.954263
-315.276727,500,317.238976
-249.168733,500,318.331487
-330.628666,500,318.569572
-338.292612,500,318.796338
-239.826757,500,319.028959
-396.479924,500,319.449684
-237.467457,500,320.745377
-229.661704,500,320.983476
-307.26102,500,321.263632
-360.297807,500,321.564856
-388.764132,500,322.974695
-206.572503,500,323.216344
-495.523651,500,323.437427
-472.125931,500,323.792621
-308.831133,500,325.312887
-294.065612,500,325.750603
-493.473886,500,326.04023
-304.519325,500,326.299379
-191.315827,500,327.326898
-142.624125,500,327.69106
-205.768358,500,328.072753
-361.-339.49207,500,328.4029-293.91812,500,329.541098
-300.25531,500,329.87925
-299.793877,500,330.113869
-501.4-387.198198,500,330.95-143.505173,500,331.860793
-338.178006,500,332.117434
-337.118092,500,332.344064
-316.2-321.476837,500,332.89-349.374244,500,333.920379
-246.254925,500,334.218549
-490.100483,500,334.438648
-449-247.302765,500,335.1681-304.307905,500,335.922073
-433.536287,500,336.161155
-342.205255,500,336.4073
-384.-191.254363,500,337.147-364.579522,500,338.047155
-320.015445,500,338.459415
-303.408302,500,338.849102
-320.-270.92849,500,339.5519-307.414679,500,340.129243
-406-539.861023,500,340.3518-399-338.499347,500,340.7615-156-347.705226,500,342.104306
-206.213692,500,342.399919
-200.627387,500,342.790635
-334.852774,500,343.179834
-265.3617,500,343.478453
-262.749937,500,344.517473
-230.061847,500,344.742085
-195.168016,500,344.967201
-303.414678,500,345.194318
-367.322645,500,346.102-235.-284.805852,500,346.323-383-272.641621,500,346.699622
-434.770311,500,347.073805
-377.363144,500,348.033765
-262.513449,500,348.257389
-224.741786,500,348.55756
-324.301732,500,348.965231
-282.314628,500,350.274109
-254.982556,500,350.526691
-396.16648,500,350.770292
-373.730132,500,351.012932
-514.686501,500,352.175266
-473.857605,500,352.523376
-301.79697,500,352.816565
-174.043061,500,353.101702
-360.678089,500,354.610998
-414.965522,500,354.855087
-207.034505,500,355.175274
-375.660137,500,355.578986
-279.080387,500,356.711576
-389.875345,500,357.027206
-192.533636,500,357.319384
-295.752084,500,357.680534
-482.513392,500,358.713901
-366.81125,500,358.934979
-307.611372,500,359.179638
-359.4679,500,359.402235
-169.656835,500,360.776415
-414.781372,500,361.000054
-240.592616,500,361.226676
-389.821065,500,361.552343
-166.311954,500,362.775985
-359.344497,500,363.137681
-352.43781,500,363.429831
-380.563333,500,363.826522
-387.40151,500,364.224239
-479.484721,500,365.726504
-369.913966,500,366.150184
-414.299456,500,366.46681
-337.490753,500,366.819517
-365.958975,500,368.401816
-282.305514,500,368.674486
-201.908018,500,368.906093
-256.042891,500,369.162712
-349.891373,500,370.402349
-341.300184,500,370.63796
-401.744695,500,370.867033
-321.26324,500,371.086699
-357.993694,500,372.38933
-373.645743,500,372.697483
-339.213026,500,372.955127
-306.464339,500,373.183769
-333.535912,500,374.437877
-391.263209,500,374.816617
-389.527337,500,375.039694
-409.502378,500,375.26334
-325.450783,500,376.183279
-375.765916,500,376.405932
-279.846274,500,376.627559
-295.785997,500,376.91121
-492.204112,500,378.267891
-244.215486,500,378.680608
-329.175989,500,379.012773
-306.084596,500,379.325946
-338.691587,500,380.548074
-340.029899,500,380.768693
-149.445785,500,381.072438
-330.847727,500,381.315573
-406.81163,500,382.26804
-413.123183,500,382.493131
-346.852547,500,382.720257
-203.527859,500,383.004886
-372.253166,500,384.524662
-259.58254,500,384.858854
-327.481704,500,385.122012
-355.691932,500,385.345112
-394.372539,500,386.609292
-383.823046,500,386.850369
-461.567178,500,387.21523
-246.93281,500,387.606471
-234.080147,500,387.979091
-262.02607,500,389.174736
-287.622555,500,389.558929
-354.846004,500,389.896088
-290.51191,500,390.283808
-210.258949,500,391.559441
-288.180809,500,391.784109
-203.13089,500,392.009308
-175.198689,500,392.25193
-339.502073,500,393.717651
-464.248897,500,394.036271
-399.890136,500,394.275439
-279.739888,500,394.604602
-408.91598,500,396.094918
-366.868381,500,396.473081
-344.638962,500,396.800274
-225.641564,500,397.085422
-177.557746,500,398.713343
-323.406393,500,399.04996
-401.618401,500,399.434656
-389.304687,500,399.758842
-487.777745,500,401.078514
-298.727437,500,401.409717
-232.619758,500,401.653863
-366.894489,500,401.958505
-305.053552,500,403.169138
-274.399546,500,403.424753
-304.32351,500,403.656903
-354.13722,500,404.075062
-459.226134,500,405.224706
-263.875523,500,405.463822
-258.591519,500,405.688435
-309.675985,500,405.912115
-281.082481,500,407.104254
-472.452671,500,407.379406
-263.912093,500,407.687559
-363.728709,500,407.997211
-505.255515,500,409.14534
-344.263552,500,409.424976
-365.204833,500,409.796168
-416.451751,500,410.03979
-326.364776,500,410.335509
-324.253286,500,411.692646
-349.224207,500,411.98931
-388.831235,500,412.25044
-297.429662,500,412.648164
-238.849351,500,414.219454
-284.61811,500,414.620184
-326.866659,500,414.859266
-344.830772,500,415.101921
-280.139349,500,416.605684
-372.517748,500,416.998873
-490.991515,500,417.429122
-233.495556,500,417.681732
-346.566765,500,419.080377
-507.076832,500,419.299983
-294.592799,500,419.523149
-437.505044,500,419.761793
-332.402744,500,421.068976
-353.688856,500,421.332129
-336.808284,500,421.564828
-380.665944,500,421.800424
-260.768103,500,423.019027
-324.398456,500,423.398742
-302.583109,500,423.790977
-337.092281,500,424.113669
-235.976566,500,425.410801
-257.124804,500,425.738539
-423.025965,500,426.08417
-332.934598,500,426.349327
-343.89256,500,427.567884
-471.180524,500,427.867046
-307.459915,500,428.188234
-201.342567,500,428.574418
-388.853955,500,430.013258
-206.672805,500,430.232407
-168.824506,500,430.455512
-194.011445,500,430.676126
-461.035629,500,431.875739
-183.182929,500,432.155456
-384.325847,500,432.376529
-364.244582,500,432.609151
-488.013786,500,432.902768
-257.931053,500,434.175456
-206.069885,500,434.412537
-347.4014,500,434.65472
-384.99594,500,434.884803
-240.334711,500,436.039826
-300.748862,500,436.305117
-374.532051,500,436.551744
-254.353752,500,436.777371
-390.925134,500,438.134681
-268.366946,500,438.361761
-307.532626,500,438.584838
-233.101453,500,438.824478
-294.11809,500,440.221727
-330.650028,500,440.585881
-219.687931,500,440.93204
-376.388118,500,441.259273
-231.761561,500,442.337818
-433.951557,500,442.573898
-240.27269,500,442.797518
-351.078263,500,443.050161
-247.988887,500,444.023145
-262.68073,500,444.270361
-228.576978,500,444.514446
-255.066257,500,444.870153
-228.795208,500,446.081831
-381.256835,500,446.408031
-356.499466,500,446.796734
-350.868345,500,447.186434
-393.663859,500,448.51505
-241.932508,500,448.860784
-459.711282,500,449.282479
-161.910791,500,449.617172
-328.974343,500,450.831304
-338.985502,500,451.11092
-178.196409,500,451.502138
-433.710643,500,451.904855
-457.756396,500,453.19654
-286.781592,500,453.573744
-215.3556,500,453.947452
-320.295758,500,454.211607
-296.995638,500,455.444277
-385.421145,500,455.666895
-209.13969,500,455.891003
-385.252149,500,456.145172
-205.348972,500,456.577354
-347.914421,500,457.73298
-289.486535,500,458.010592
-318.789389,500,458.295766
-393.169343,500,458.627924
-423.268602,500,460.160727
-383.173829,500,460.531361
-262.212582,500,460.919605
-173.553292,500,461.317338
-402.019432,500,462.50496
-404.149357,500,462.901662
-396.589877,500,463.214853
-275.593346,500,463.520457
-267.237285,500,464.755159
-304.400192,500,464.976284
-259.845279,500,465.229594
-202.943826,500,465.491799
-364.915924,500,466.8781
-184.046604,500,467.182288
-312.196421,500,467.582454
-211.330859,500,467.865161
-276.504497,500,469.222803
-242.571285,500,469.606001
-280.052818,500,469.99771
-262.359698,500,470.318403
-356.728119,500,471.421035
-290.642074,500,471.641671
-191.389164,500,471.867283
-231.989961,500,472.089365
-173.604599,500,473.086831
-468.671401,500,473.361012
-487.772922,500,473.680183
-414.803001,500,474.077879
-331.271594,500,475.211967
-359.795658,500,475.442051
-301.665539,500,475.685222
-443.668127,500,476.084424
-455.556287,500,477.342583
-333.736492,500,477.685255
-214.118465,500,477.90934
-287.759079,500,478.146981
-394.093694,500,478.498155
-396.935331,500,479.721309
-439.037933,500,480.044947
-284.84513,500,480.415662
-261.019481,500,480.737833
-379.658199,500,481.754373
-390.592047,500,482.050129
-351.19214,500,482.270276
-373.278736,500,482.490356
-184.02309,500,483.923654
-277.22227,500,484.277344
-375.105394,500,484.616974
-426.330233,500,484.923117
-182.135377,500,485.866652
-519.568363,500,486.098277
-321.65757,500,486.330441
-411.417702,500,486.638609
-317.45485,500,487.968392
-257.559243,500,488.297561
-293.468874,500,488.707804
-246.175748,500,489.093971
-268.913128,500,490.295619
-380.764725,500,490.687343
-279.891675,500,490.989994
-233.926708,500,491.379684
-218.252684,500,492.403702
-400.280419,500,492.622797
-244.620964,500,492.87348
-309.639354,500,493.124568
-341.108038,500,494.215141
-289.744879,500,494.438214
-383.380952,500,494.664418
-355.899627,500,494.90549
-434.257933,500,496.171202
-419.966269,500,496.476847
-228.858068,500,496.709475
-479.282045,500,496.937578
-331.128754,500,497.880582
-404.285479,500,498.105664
-119.621849,500,498.389817
-365.632761,500,498.775558
-307.168609,500,499.72101
-356.531999,500,499.962138
-487.963601,500,500.197296
-432.032722,500,500.569495
-217.872216,500,500.964682
-321.997194,500,502.068764
-301.822841,500,502.45692
-187.428042,500,502.837249
-411.701201,500,503.163425
-268.214636,500,504.577237
-297.308691,500,504.80485
-274.436408,500,505.161542
-352.52702,500,505.525688
-295.963614,500,506.66476
-223.113626,500,506.887375
-288.091534,500,507.239555
-230.361315,500,507.603738
-225.888208,500,508.665769
-311.315775,500,508.892896
-254.182914,500,509.131982
-454.161341,500,509.377159
-385.260346,500,510.655304
-241.080592,500,511.010459
-378.878008,500,511.249594
-215.608617,500,511.477221
-381.946568,500,512.453803
-452.646997,500,512.692969
-432.288815,500,512.929075
-370.565048,500,513.27125
-281.097791,500,514.4133
-292.85256,500,514.654453
-338.851837,500,514.943068
-476.54203,500,515.34029
-488.189629,500,516.638422
-287.808491,500,516.912568
-156.510959,500,517.161242
-334.257328,500,517.429859
-265.53223,500,518.752021
-214.332796,500,519.034666
-210.630362,500,519.389344
-225.337564,500,519.627065
-409.514005,500,520.716643
-368.989699,500,520.961737
-438.003167,500,521.199435
-329.340583,500,521.427097
-396.827169,500,521.683235
-483.475617,500,522.902851
-246.84656,500,523.193017
-412.347152,500,523.549624
-329.429488,500,523.898345
-325.771774,500,525.49608
-462.264857,500,525.736709
-248.352788,500,526.104389
-394.620296,500,526.37201
-462.949967,500,527.591134
-405.589828,500,527.980361
-218.116107,500,528.246992
-467.743814,500,528.52965
-422.469957,500,529.616708
-213.572515,500,529.846339
-226.938502,500,530.075434
-399.257266,500,530.372608
-344.315979,500,531.771379
-492.172117,500,532.039017
-532.634707,500,532.435713
-327.800389,500,532.832452
-212.934012,500,534.067027
-147.044274,500,534.322718
-162.244298,500,534.711399
-356.199395,500,535.120605
-282.505867,500,536.179192
-317.009535,500,536.40979
-413.55609,500,536.728979
-327.730931,500,537.078612
-475.707816,500,538.160583
-325.936053,500,538.4017
-360.214889,500,538.827921
-238.192824,500,539.137577
-176.802664,500,540.198834
-501.12701,500,540.446915
-296.736818,500,540.857656
-387.573193,500,541.253337
-249.937216,500,542.679604
-514.838695,500,543.033751
-362.066583,500,543.333911
-331.707566,500,543.659133
-185.195839,500,545.164458
-362.231145,500,545.389066
-441.162143,500,545.612693
-358.840209,500,545.870302
-327.740864,500,546.228044
-366.515371,500,547.494705
-340.970313,500,547.725345
-257.790728,500,547.968419
-424.686674,500,548.215598
-161.011449,500,549.551687
-162.773576,500,549.924402
-385.366206,500,550.323623
-219.945423,500,550.607229
-318.735674,500,551.929066
-116.936646,500,552.21721
-462.48196,500,552.456296
-383.329649,500,552.72946
-416.684005,500,554.117203
-237.584034,500,554.406362
-205.942196,500,554.829081
-249.703415,500,555.111723
-204.341912,500,556.174769
-211.405301,500,556.399921
-274.791193,500,556.624987
-193.799474,500,556.912156
-193.609903,500,558.339393
-296.602435,500,558.565464
-237.014034,500,558.897184
-259.489116,500,559.303003
-332.160828,500,560.589173
-349.590148,500,560.93583
-292.886509,500,561.220608
-281.943888,500,561.567263
-241.636409,500,562.577754
-161.757116,500,562.946997
-413.178354,500,563.254133
-220.052386,500,563.509783
-337.9287,500,564.541247
-261.641256,500,564.770856
-159.460677,500,565.156042
-344.682989,500,565.519723
-290.658735,500,567.026567
-141.010482,500,567.449265
-328.198773,500,567.68945
-345.739128,500,567.925061
-265.485978,500,568.270266
-225.223269,500,569.594926
-190.625855,500,569.922368
-229.739213,500,570.35806
-501.141943,500,570.684235
-309.609874,500,571.880816
-206.048041,500,572.109416
-259.205891,500,572.337573
-310.978053,500,572.556647
-289.812607,500,574.049451
-270.781045,500,574.293068
-350.344905,500,574.525656
-192.742583,500,574.779289
-356.287222,500,575.857402
-372.033735,500,576.122019
-251.414156,500,576.509713
-223.884532,500,576.830871
-370.190521,500,578.320163
-257.517556,500,578.662774
-229.329956,500,578.892951
-353.172921,500,579.18108
-450.208224,500,580.18615
-352.700171,500,580.40877
-396.99153,500,580.803925
-375.711561,500,581.147045
-232.766757,500,582.510811
-385.380688,500,582.776426
-328.470932,500,583.13461
-208.063847,500,583.543306
-191.985449,500,584.483243
-394.326973,500,584.708868
-343.042451,500,584.948009
-205.930943,500,585.305194
-508.553212,500,586.711957
-315.671441,500,586.942038
-367.486546,500,587.163125
-410.614674,500,587.478269
-236.216481,500,588.777442
-355.428906,500,589.162627
-331.378608,500,589.405814
-313.128194,500,589.635952
-334.500149,500,589.873568
-344.431781,500,591.366438
-351.709843,500,591.654045
-239.90348,500,591.951204
-173.888171,500,592.176305
-159.535264,500,593.133816
-330.219784,500,593.486974
-315.811632,500,593.875717
-326.576746,500,594.241914
-255.297824,500,595.32245
-342.640318,500,595.737143
-513.058371,500,596.109327
-504.170965,500,596.504038
-178.31083,500,597.522658
-344.446517,500,597.754283
-341.347167,500,597.976388
-241.388432,500,598.198
-230.183444,500,599.340286
-314.077659,500,599.69998
-292.263735,500,600.084125
-369.958858,500,600.451368
-296.298451,500,601.763653
-227.462899,500,602.174356
-293.543544,500,602.487516
-244.906082,500,602.715176
-323.747184,500,604.093833
-284.944586,500,604.451582
-150.107946,500,604.783321
-234.809534,500,605.081481
-334.011507,500,606.180073
-397.734682,500,606.591352
-374.583012,500,607.003061
-338.171266,500,607.395797
-297.197604,500,608.686915
-269.799321,500,609.115651
-267.495639,500,609.423329
-364.379903,500,609.689452
-218.143416,500,610.810995
-183.984519,500,611.208712
-174.46612,500,611.614915
-242.930943,500,611.973607
-249.564301,500,613.299259
-256.482026,500,613.535882
-501.721213,500,613.767502
-379.436981,500,613.988626
-323.60469,500,614.214268
-425.957496,500,615.407879
-326.532075,500,615.792611
-355.376429,500,616.030221
-311.573547,500,616.274396
-482.508594,500,617.370932
-349.935687,500,617.71011
-189.854585,500,617.995759
-304.882857,500,618.265932
-403.912642,500,619.376005
-169.15257,500,619.603081
-403.909407,500,619.998316
-201.437312,500,620.273456
-328.324285,500,621.749273
-481.283263,500,622.079889
-424.092087,500,622.418678
-153.568417,500,622.663288
-314.969221,500,624.199092
-372.719448,500,624.559316
-379.162067,500,624.941994
-475.146929,500,625.170112
-344.410488,500,626.44029
-187.036052,500,626.686361
-332.377861,500,626.927032
-328.806833,500,627.149632
-374.897507,500,628.189449
-185.810471,500,628.44461
-339.157668,500,628.782309
-359.414533,500,629.015388
-337.260436,500,630.404191
-203.830423,500,630.629314
-452.567817,500,630.851466
-301.160859,500,631.076186
-335.764249,500,632.343874
-157.47177,500,632.659495
-178.908828,500,632.939677
-319.708877,500,633.16776
-166.806033,500,634.450383
-258.156424,500,634.805559
-296.513929,500,635.203267
-316.560534,500,635.584965
-259.837252,500,635.837642
-235.494156,500,637.055239
-336.811396,500,637.305856
-463.516518,500,637.593492
-447.297212,500,637.866664
-379.963638,500,639.28044
-308.063337,500,639.511523
-251.321029,500,639.810672
-341.00095,500,640.14787
-366.289073,500,641.395984
-223.926775,500,641.623064
-242.231457,500,641.848731
-310.954071,500,642.136815
-408.868867,500,643.361491
-326.537524,500,643.687143
-314.900394,500,644.109867
-376.225374,500,644.511566
-308.098582,500,646.059848
-232.749391,500,646.286446
-395.280445,500,646.524556
-401.949692,500,646.750699
-303.808214,500,647.932675
-394.040318,500,648.181283
-512.59506,500,648.480942
-497.646443,500,648.855198
-283.263822,500,650.266401
-420.737711,500,650.489486
-358.502272,500,650.853219
-391.026677,500,651.262947
-343.789966,500,652.200869
-306.392577,500,652.491561
-320.918157,500,652.786268
-434.685133,500,653.074431
-494.015757,500,654.141951
-472.652835,500,654.38311
-286.882318,500,654.624195
-320.269039,500,654.85286
-235.808455,500,655.979955
-344.649956,500,656.250115
-369.51538,500,656.515195
-401.598483,500,656.82491
-372.381159,500,658.117012
-213.926179,500,658.456752
-325.332395,500,658.736393
-314.50524,500,658.970026
-382.923986,500,659.212127
-225.749552,500,660.811747
-404.483807,500,661.080918
-498.347646,500,661.472617
-282.064964,500,661.886286
-368.16902,500,663.261517
-258.224999,500,663.562129
-312.692226,500,663.80779
-295.405568,500,664.170952
-286.263835,500,665.475618
-490.038701,500,665.821739
-367.628599,500,666.112864
-326.120953,500,666.441049
-188.760747,500,667.466621
-319.183146,500,667.864286
-267.966426,500,668.298978
-265.970645,500,668.673167
-471.436555,500,669.888892
-224.460465,500,670.197502
-298.17267,500,670.498662
-262.107646,500,670.799829
-254.348049,500,671.982983
-466.205514,500,672.328171
-302.273884,500,672.72437
-301.2689,500,673.151061
-181.722267,500,674.135075
-380.551388,500,674.360222
-378.733474,500,674.584845
-287.343432,500,674.829468
-221.94769,500,675.980018
-424.121079,500,676.2492
-394.385804,500,676.498804
-460.708629,500,676.840945
-229.260739,500,678.215147
-179.047286,500,678.565866
-324.097643,500,678.787484
-281.270781,500,679.156165
-338.320341,500,680.262871
-149.404812,500,680.518075
-474.948175,500,680.829226
-161.637004,500,681.067374
-204.462824,500,681.311974
-407.074931,500,682.658119
-419.789354,500,682.915263
-435.02166,500,683.144328
-188.552009,500,683.368016
-210.06736,500,684.430022
-375.826588,500,684.670649
-336.866883,500,684.891258
-378.843626,500,685.114883
-214.042447,500,686.408093
-266.278634,500,686.71471
-237.24597,500,687.001902
-191.495038,500,687.228999
-222.85886,500,688.727759
-371.863639,500,689.03489
-466.820782,500,689.256058
-248.140701,500,689.475654
-305.200145,500,690.420167
-345.377866,500,690.643241
-297.693179,500,691.071501
-190.14813,500,691.306103
-514.013057,500,692.768842
-345.871469,500,693.149988
-472.175512,500,693.510708
-301.723277,500,693.868394
-321.303733,500,695.015503
-190.564114,500,695.260163
-365.294708,500,695.50374
-360.935857,500,695.745904
-208.603302,500,696.949485
-167.255825,500,697.190108
-188.348315,500,697.475248
-289.377691,500,697.72436
-204.081917,500,699.149282
-202.087681,500,699.401994
-489.215347,500,699.646075
-461.338207,500,699.928253
-328.020897,500,701.240431
-163.16089,500,701.600117
-249.657751,500,701.874309
-451.371573,500,702.138388
-194.197098,500,702.485692
-308.004966,500,703.94791
-308.036252,500,704.289618
-508.884454,500,704.637215
-390.782702,500,705.035939
-350.878608,500,706.627687
-208.448837,500,706.93783
-400.696046,500,707.343647
-456.191936,500,707.740368
-426.993191,500,708.964486
-329.882295,500,709.361167
-171.996682,500,709.675352
-340.170169,500,710.079601
-440.085744,500,711.25417
-238.599611,500,711.480784
-280.394247,500,711.72386
-475.062119,500,711.949978
-181.144981,500,713.146594
-510.441934,500,713.408746
-403.929021,500,713.768931
-385.58857,500,714.114062
-350.230132,500,715.618342
-402.950821,500,715.970535
-246.500207,500,716.341196
-405.078375,500,716.604849
-343.735375,500,717.638024
-377.352685,500,717.861692
-188.637469,500,718.102309
-195.225888,500,718.373465
-444.415609,500,719.315961
-314.26351,500,719.541075
-476.640226,500,719.761223
-177.049989,500,720.001853
-224.189242,500,721.369556
-326.938697,500,721.66116
-377.397283,500,722.043889
-310.606666,500,722.443587
-289.7751,500,723.685796
-325.200486,500,724.007929
-376.406577,500,724.383097
-450.839215,500,724.664686
-286.403035,500,725.74007
-258.773487,500,725.958689
-267.633959,500,726.184816
-405.676447,500,726.557505
-282.035941,500,726.940249
-148.676742,500,728.111827
-413.922275,500,728.412999
-498.152644,500,728.846693
-372.065794,500,729.254875
-306.242174,500,730.777227
-198.222196,500,731.159381
-190.825552,500,731.470582
-189.699755,500,731.847285
-179.990793,500,732.754819
-449.449804,500,732.978437
-462.531858,500,733.203562
-151.074299,500,733.43018
-250.862609,500,734.711808
-170.882912,500,734.945414
-240.480132,500,735.289575
-213.335399,500,735.529202
-203.679183,500,736.843876
-233.75261,500,737.072948
-330.674163,500,737.324625
-456.652548,500,737.654245
-333.419768,500,738.966457
-383.986643,500,739.186527
-220.058114,500,739.412665
-295.179021,500,739.632746
-387.393166,500,741.018019
-290.223681,500,741.387163
-226.73525,500,741.7909
-354.679099,500,742.148082
-282.877254,500,743.115579
-400.280969,500,743.336222
-149.707657,500,743.575302
-275.066667,500,743.860495
-271.585325,500,745.171644
-397.415311,500,745.578316
-307.384919,500,745.977046
-377.613447,500,746.216699
-484.177067,500,747.311803
-440.702394,500,747.544923
-242.68796,500,747.952609
-422.757227,500,748.353314
-509.061766,500,748.743621
-245.099018,500,749.727585
-418.510347,500,750.063761
-339.467164,500,750.476478
-342.47418,500,750.736082
-292.660604,500,752.299897
-330.688961,500,752.707053
-202.416529,500,753.098732
-319.389486,500,753.383894
-287.134072,500,754.574491
-254.254213,500,754.938174
-293.546867,500,755.308411
-393.487671,500,755.600012
-473.382469,500,756.597991
-287.070119,500,756.913184
-217.358708,500,757.157261
-371.285045,500,757.403432
-328.416857,500,758.33137
-340.266802,500,758.556452
-464.49659,500,758.818165
-275.824505,500,759.199789
-418.580108,500,760.671593
-417.717583,500,760.897216
-297.520121,500,761.120836
-439.785241,500,761.34843
-509.409563,500,762.280556
-474.256178,500,762.505171
-483.561357,500,762.726254
-420.328309,500,762.984403
-224.224101,500,764.444737
-267.252705,500,764.823477
-365.669348,500,765.201098
-315.869049,500,765.55282
-321.676365,500,766.635853
-355.465458,500,766.883467
-350.57537,500,767.184121
-359.893449,500,767.535789
--376.943596,500,768.718459--493.35696,500,769.013564-2-401.575313,500,769.249168-2-312.597129,500,769.481779-260.60161,500,770.703905
-378.376013,500,771.005064
-224.070455,500,771.229702
-307.27487,500,771.477321
-420.080497,500,771.802492
-49-296.838063,500,773.18719-426.711013,500,773.369272
-388.593359,500,773.787987
-212.888077,500,774.213692
-283.01337,500,775.670414
-295.716549,500,775.891027
-389.968072,500,776.120664
-347.064074,500,776.344268
-305.084108,500,777.559333
-382.074981,500,777.787043
-266.367876,500,778.01266
-252.686645,500,778.343316
-351.978386,500,779.669509
-199.314533,500,780.064244
-231.783932,500,780.468923
-309.195607,500,780.896625
-293.433768,500,782.127281
-226.44003,500,782.357909
-239.155074,500,782.580017
-282.353494,500,782.80565
-338.892531,500,784.146333
-401.190751,500,784.380961
-405.391019,500,784.616154
-226.182386,500,784.935335
-349.417989,500,786.335675
-179.248341,500,786.737841
-280.839582,500,787.052561
-286.43359,500,787.289189
-380.992577,500,788.533842
-415.940677,500,788.778933
-307.535995,500,789.028096
-396.979507,500,789.332246
-301.342818,500,790.783217
-205.327955,500,791.145899
-236.955406,500,791.499055
-371.563466,500,791.73467
-303.849619,500,792.995732
-319.488503,500,793.249338
-397.911157,500,793.545488
-304.192399,500,793.843184
-344.590327,500,794.251347
-342.868823,500,795.554612
-336.826067,500,795.969305
-258.464315,500,796.365649
-470.885568,500,796.774857
-275.124975,500,798.281158
-313.987697,500,798.541333
-292.931816,500,798.798938
-317.119808,500,799.05055
-343.913898,500,800.433786
-317.153632,500,800.665866
-470.458939,500,800.908517
-442.032473,500,801.145133
-383.716961,500,802.345237
-354.509905,500,802.647402
-342.105842,500,802.921033
-250.987753,500,803.142641
-255.852137,500,804.028157
-311.199539,500,804.245237
-234.664669,500,804.468886
-339.505598,500,804.695964
-420.571122,500,806.075188
-462.288571,500,806.455437
-230.877314,500,806.852159
-371.120761,500,807.135782
-348.988117,500,808.326887
-276.474403,500,808.612514
-335.231834,500,808.834662
-471.830881,500,809-185.9769-332.828109,500,810.15537
-311.064522,500,810.386553
-318.894875,500,810.626643
-335.445319,500,8-257.807871-206.996285,500,812.267098
-347.151197,500,812.552273
-489.838058,500,812.861459
-339.779628,500,8-372.31503-297.883662,500,814.384608
-243.993365,500,814.607702
-297.282448,500,814.992398
-324.161354,500,8-192.62333-464.877744,500,816.354139
-471.312127,500,816.614218
-429.212737,500,816.929395
-239.479693,500,817.351632
-333.710359,500,-431.669777,-368.926433,500-398.273364,5-406.048286,500-184.778785,5-255.982106,500-379.244906,5-168.042728,500-321.586173,5-405.332274,500,821.027073
-407.800556,500,821.394782
-346.03549,500,821.722446
-218.134774,500-214.010033,5-276.259302,500,823.316219
-463.249073,500,823.553137
-141.661581,500,823.940831
-242.335091,500-185.256475,5-251.76399,500,825.776887
-510.181921,500,826.188119
-418.764689,500,826.567828
-292.291719,500-291.286291,5-476.219668,500,828.046593
-468.943822,500,828.315249
-332.234198,500,828.540874
-349.82119,500-262.599477,-465.975492,500,830.069675
-324.048886,500,830.326312
-176.861983,500,830.621961
-331.078239,500-383.363345,5-401.912423,500,832.351423
-266.437366,500,832.648045
-487.84499,500,833.030757
-443.714667,500,833.352416
-393.63693,500,834.659526
-266.521947,500,834.882171
-402.356631,500,835.251322
-222.641933,500,835.508978
-182.494749,500,836.65206
-351.185944,500,837.01521
-386.949828,500,837.396449
-414.350383,500,837.698112
-415.095325,500,839.040715
-288.811209,500,839.265328
-353.519106,500,839.555548
-326.144438,500,839.927222
-407.006138,500,840.164382
-320.74293,500,841.425503
-339.941341,500,841.808185
-363.207148,500,842.114847
-296.10704,500,842.451554
-206.129041,500,843.852736
-305.049774,500,844.244367
-296.997514,500,844.629055
-369.393392,500,845.036768
-269.774612,500,846.234844
-407.266902,500,846.502995
-422.365004,500,846.753616
-280.154272,500,847.005235
-322.096141,500,848.517994
-405.151722,500,848.747083
-240.340392,500,849.104778
-366.903894,500,849.506468
-247.737803,500,850.968804
-318.931159,500,851.281421
-453.213564,500,851.523057
-249.993542,500,851.746151
-294.290618,500,852.685251
-487.881739,500,853.03239
-300.71326,500,853.300038
-471.702339,500,853.541668
-269.891169,500,854.62719
-371.968511,500,854.851834
-290.773078,500,855.079442
-298.405775,500,855.436606
-335.048035,500,857.044957
-404.884195,500,857.278591
-225.497866,500,857.503222
-305.784276,500,857.727293
-356.732838,500,858.78181
-264.347979,500,859.163521
-324.453329,500,859.397145
-270.532121,500,859.62075
-217.100359,500,860.638267
-365.097899,500,860.869457
-346.208741,500,861.094543
-333.300059,500,861.316629
-331.983976,500,861.554791
-429.283131,500,862.999106
-343.655023,500,863.348804
-255.35053,500,863.606429
-391.19447,500,863.960662
-374.448243,500,865.298317
-312.832129,500,865.536931
-425.761777,500,865.763692
-468.651723,500,865.982319
-223.519128,500,867.146291
-323.465963,500,867.458478
-204.795944,500,867.705087
-262.478635,500,867.947728
-342.917607,500,869.246397
-199.097377,500,869.486549
-231.16117,500,869.786202
-401.674001,500,870.020829
-437.897567,500,871.499178
-407.826851,500,871.918853
-506.761245,500,872.249492
-259.222255,500,872.562661
-415.853924,500,874.052423
-288.027386,500,874.373099
-158.635339,500,874.682272
-396.275481,500,875.078998
-240.70926,500,876.313606
-242.557356,500,876.706295
-218.709191,500,877.03346
-300.800981,500,877.437174
-378.300645,500,878.881928
-529.711119,500,879.232578
-365.016318,500,879.537755
-344.762194,500,879.778374
-318.547323,500,881.144647
-224.421545,500,881.536336
-492.660741,500,881.835999
-302.77859,500,882.163153
-296.435714,500,883.388325
-363.927704,500,883.79249
-353.014562,500,884.208224
-280.130443,500,884.466868
-219.07675,500,885.691538
-310.715469,500,885.952688
-413.457293,500,886.181292
-412.530153,500,886.508482
-325.29765,500,886.909188
-223.664535,500,888.110788
-339.539255,500,888.358433
-232.598888,500,888.640049
-243.56269,500,888.875186
-417.791284,500,889.97976
-180.720685,500,890.206837
-292.667489,500,890.545021
-396.168537,500,890.782647
-325.318812,500,892.081402
-295.371847,500,892.39007
-382.942877,500,892.611151
-356.615532,500,892.837241
-336.29484,500,894.031371
-528.365931,500,894.307027
-341.599201,500,894.703768
-345.324951,500,894.939384
-310.590313,500,896.011456
-406.574448,500,896.289083
-421.370231,500,896.521214
-235.68831,500,896.91891
-262.206983,500,897.977931
-225.574044,500,898.200525
-346.402313,500,898.534699
-283.614522,500,898.820335
-339.387047,500,899.780857
-314.078962,500,900.003431
-413.587759,500,900.272527
-421.702005,500,900.658758
-375.518413,500,901.780833
-384.463382,500,902.018444
-272.461068,500,902.25652
-222.28,500,902.498224
-361.486553,500,903.884424
-213.615332,500,904.183576
-260.959177,500,904.547732
-460.073446,500,904.775851
-358.642615,500,906.171986
-384.57704,500,906.535696
-514.92998,500,906.812319
-505.404297,500,907.035949
-428.019736,500,907.258581
-503.440965,500,908.6828
-353.639974,500,909.076045
-404.854132,500,909.473751
-280.395099,500,909.724495
-537.906206,500,910.881121
-298.858291,500,911.262268
-177.628637,500,911.641993
-331.716549,500,911.967659
-275.118137,500,912.973813
-267.286638,500,913.19801
-317.312455,500,913.511128
-286.370383,500,913.818286
-299.951486,500,914.999407
-339.415531,500,915.25247
-260.716772,500,915.477636
-314.794209,500,915.703233
-337.035119,500,917.113822
-295.423263,500,917.341021
-207.817848,500,917.61018
-388.174559,500,917.996897
-307.183057,500,919.251991
-349.267804,500,919.477628
-204.608335,500,919.699749
-362.969466,500,919.921384
-277.187482,500,920.896887
-332.724179,500,921.117955
-430.680042,500,921.353034
-397.716865,500,921.596725
-347.260806,500,922.732785
-520.441993,500,922.959387
-299.380298,500,923.208524
-174.24005,500,923.436136
-495.193091,500,924.874389
-344.402583,500,925.214383
-539.936113,500,925.567101
-410.933929,500,925.943797
-348.416641,500,927.082114
-436.859324,500,927.331254
-271.867948,500,927.658416
-389.07208,500,928.009254
-269.469735,500,929.156819
-570.077496,500,929.439985
-255.020819,500,929.747153
-561.250544,500,930.035322
-519.517089,500,930.252391
-475.077934,500,931.442508
-321.944267,500,931.799701
-348.832933,500,932.081324
-218.303509,500,932.437994
-247.597927,500,933.755595
-208.578363,500,934.089451
-324.290639,500,934.333066
-529.072855,5-463.602987,500-327.427852,500,936.194603
-193.068464,500,936.614224
-279.212821,500,936.938385
-271.981072,500,937.223633
-200.461901,500,938.409756
-368.556632,500,938.642858
-309.128317,500,938.92201
-390.992343-207.676991,500,-414.158736,500,940.62829
-476.856385,500,940.968629
-281.770332,500,941.281253
-229.907827,500,941.684977
-358.090733,500,943.119733
-441.266076,500,943.402405
-488.841683,500,943.797558
-488.157106,500,944.08427
-266.745502,500,945.401459
-275.511055,500,945.673049
-452.175575,500,945.916204
-398.51775,500,946.239818
-179.772519,500,947.408166
-343.618956,500,947.699285
-462.306243,500,948.093513
-454.300521,500,948.464206
-262.265371,500,949.460727
-375.817477,500,949.923985
-280.101286,500,950.249625
-341.555174,500,950.523351
