#{"t_start": 1775470574.2486935, "env_id": "Pusher-MassFric-Gauss-20-v0"}
r,l,t
-778.873013,500,0.276176
-858.206055,500,0.560243
-805.203645,500,0.852983
-671.124281,500,1.167542
-915.582218,500,2.263399
-830.890257,500,2.568468
-929.46685,500,2.809102
-725.446872,500,3.051697
-950.66953,500,4.093667
-905.814721,500,4.444315
-763.718758,500,4.674364
-884.201574,500,4.908902
-860.589493,500,6.07223
-778.910659,500,6.296297
-690.613328,500,6.514843
-867.648113,500,6.791474
-848.27267,500,8.006536
-866.661885,500,8.299668
-707.854848,500,8.578324
-652.625006,500,8.779431
-795.66235,500,9.7014
-740.042627,500,10.024043
-642.426439,500,10.352212
-679.55144,500,10.586356
-856.540518,500,11.534909
-830.999411,500,11.794647
-666.729188,500,12.04071
-804.168935,500,12.26781
-754.995235,500,13.169786
-758.872945,500,13.406374
-721.193316,500,13.635927
-756.193006,500,13.869558
-671.647508,500,15.128685
-638.682287,500,15.333368
-732.320715,500,15.563398
-714.240616,500,15.820547
-841.683121,500,16.755023
-715.018396,500,17.103182
-790.783026,500,17.446853
-806.140651,500,17.659901
-562.253938,500,18.671302
-573.51926,500,18.905862
-584.471079,500,19.145496
-694.078278,500,19.352168
-758.58514,500,19.591219
-699.576857,500,20.53365
-668.163452,500,20.7447
-780.683667,500,20.995377
-597.390082,500,21.242969
-618.879766,500,22.261461
-618.686337,500,22.502746
-756.029761,500,22.788318
-624.984487,500,23.037457
-685.571219,500,24.245858
-762.961375,500,24.558023
-731.757344,500,24.874131
-681.599963,500,25.133673
-664.947726,500,26.159959
-592.906318,500,26.399502
-707.18291,500,26.649123
-665.943806,500,26.887475
-663.061817,500,28.013798
-682.241996,500,28.354373
-605.690012,500,28.642916
-665.931384,500,28.868539
-833.949884,500,29.949915
-835.588425,500,30.223947
-657.642025,500,30.457147
-773.045508,500,30.697205
-625.614104,500,31.634566
-794.404083,500,31.919207
-611.856358,500,32.248282
-643.443943,500,32.481857
-896.518826,500,33.440273
-628.878498,500,33.693341
-677.340278,500,33.952428
-686.796878,500,34.192557
-684.029121,500,35.363714
-583.546498,500,35.725331
-539.379591,500,36.024491
-663.239989,500,36.198596
-723.429717,500,37.446081
-599.740072,500,37.724159
-654.744676,500,37.951353
-687.400193,500,38.212426
-811.986344,500,38.451492
-663.842924,500,39.603231
-711.066467,500,39.822857
-720.943563,500,40.031448
-678.81018,500,40.293561
-674.808134,500,41.378126
-675.478907,500,41.712701
-577.628006,500,42.050914
-635.961881,500,42.385088
-729.999735,500,43.377631
-675.358818,500,43.581747
-582.87169,500,43.798831
-628.309133,500,44.111546
-588.875603,500,45.138521
-664.852518,500,45.374082
-607.67472,500,45.687701
-544.617089,500,46.005768
-630.726685,500,46.980061
-530.181363,500,47.216176
-553.217327,500,47.493268
-528.87868,500,47.825415
-469.879047,500,49.179869
-575.635686,500,49.520989
-615.53674,500,49.815634
-626.163654,500,50.15786
-595.363378,500,51.220315
-548.579121,500,51.479376
-424.814859,500,51.790996
-543.96732,500,52.124102
-675.799614,500,53.453215
-541.086481,500,53.814882
-506.15355,500,54.17351
-523.077288,500,54.441728
-517.905023,500,55.607249
-580.514559,500,55.908105
-652.253406,500,56.167672
-491.481768,500,56.384235
-469.41306,500,57.448923
-472.508743,500,57.692951
-506.032395,500,57.922504
-399.878951,500,58.153079
-509.863612,500,59.119045
-507.102485,500,59.458741
-578.917115,500,59.707831
-486.827338,500,59.927512
-516.714604,500,60.169084
-652.198748,500,61.443527
-438.062784,500,61.810129
-429.114263,500,62.050228
-606.819369,500,62.2743
-552.683586,500,63.382729
-629.388211,500,63.629872
-656.502881,500,63.869978
-559.450416,500,64.099094
-425.234043,500,65.135074
-363.117218,500,65.363189
-447.600027,500,65.583302
-602.247105,500,65.815386
-535.137111,500,66.956388
-638.062538,500,67.297062
-441.874782,500,67.636164
-506.640345,500,67.888255
-524.134922,500,68.878687
-548.609522,500,69.099763
-613.473722,500,69.390819
-615.767362,500,69.66043
-392.565038,500,70.745865
-500.322043,500,71.111167
-418.186999,500,71.377838
-410.460947,500,71.598945
-385.680607,500,72.595412
-456.152334,500,72.803502
-403.16756,500,73.050698
-392.09135,500,73.374856
-549.878137,500,74.550225
-355.628667,500,74.85427
-360.543442,500,75.212836
-376.537892,500,75.448905
-568.526864,500,76.480258
-435.986258,500,76.824855
-496.935671,500,77.120957
-556.835258,500,77.368064
-478.820925,500,78.544036
-513.301715,500,78.788599
-550.485046,500,79.01122
-546.610832,500,79.249815
-464.040146,500,79.465463
-342.587093,500,80.376472
-399.948466,500,80.64903
-360.431442,500,80.88443
-521.40023,500,81.226064
-399.284608,500,82.209992
-469.127499,500,82.44759
-460.422253,500,82.676183
-355.407479,500,82.952354
-558.647987,500,84.120346
-304.668248,500,84.36445
-441.634225,500,84.592545
-322.271351,500,84.829673
-408.053399,500,86.185204
-397.718799,500,86.425797
-583.04207,500,86.653298
-507.753656,500,86.969517
-518.767953,500,88.013438
-380.446719,500,88.265995
-416.2555,500,88.603183
-504.130974,500,88.859263
-349.197436,500,90.011194
-593.356052,500,90.363861
-382.313423,500,90.627923
-455.535456,500,90.897033
-310.423524,500,91.818866
-320.755661,500,92.050421
-380.123158,500,92.374026
-454.948152,500,92.629099
-455.545048,500,93.593376
-537.167633,500,93.842069
-434.337297,500,94.063728
-323.130445,500,94.345438
-261.594369,500,95.392416
-366.554884,500,95.742023
-416.523134,500,96.0261
-406.788743,500,96.242153
-466.906057,500,97.327071
-481.123568,500,97.58478
-517.299202,500,97.803788
-430.690284,500,98.054352
-359.060077,500,99.252839
-328.325879,500,99.493942
-351.682748,500,99.820544
-465.512094,500,100.172275
-404.896259,500,100.391897
-418.581851,500,101.486715
-470.081034,500,101.842775
-353.800495,500,102.199855
-351.428834,500,102.544971
-438.941748,500,103.729872
-502.381859,500,104.10251
-316.341978,500,104.461138
-358.049839,500,104.804721
-376.874868,500,105.743231
-290.351795,500,105.979361
-568.347756,500,106.20842
-397.510813,500,106.432127
-407.928765,500,107.336465
-374.435515,500,107.575522
-346.827566,500,107.898602
-435.584229,500,108.260816
-365.981876,500,109.249616
-495.152964,500,109.481754
-352.918676,500,109.814319
-325.269595,500,110.156502
-448.955087,500,111.367136
-550.451041,500,111.706672
-371.859997,500,111.989823
-296.709766,500,112.26848
-338.274051,500,113.229394
-437.097966,500,113.467548
-408.384007,500,113.718598
-535.307702,500,114.050726
-305.281981,500,115.189125
-369.748277,500,115.461669
-324.445454,500,115.690235
-464.301218,500,115.934776
-467.62333,500,117.053301
-528.813363,500,117.288651
-338.013296,500,117.593706
-343.066999,500,117.879761
-297.903384,500,118.807981
-452.157948,500,119.054648
-461.708936,500,119.27622
-418.747295,500,119.487946
-446.000912,500,119.732982
-506.381948,500,120.636932
-350.511966,500,120.896032
-502.146921,500,121.240611
-431.732568,500,121.518761
-410.385998,500,122.698213
-460.614986,500,123.037313
-408.441217,500,123.338907
-311.626378,500,123.590074
-529.433546,500,124.714103
-511.354649,500,125.053235
-374.855003,500,125.309839
-331.019664,500,125.547421
-415.756758,500,126.519822
-312.316367,500,126.7745
-427.938508,500,127.006129
-362.647592,500,127.238179
-392.373165,500,128.603503
-297.588892,500,128.963678
-274.305371,500,129.332805
-468.546317,500,129.531552
-476.148204,500,130.443528
-518.695406,500,130.678581
-436.905832,500,130.922218
-383.901915,500,131.187825
-440.726217,500,132.36925
-439.535712,500,132.719312
-340.731925,500,132.978373
-345.255675,500,133.204436
-520.399941,500,134.382334
-233.012518,500,134.766945
-313.966824,500,135.028119
-313.971884,500,135.26424
-502.932293,500,136.281281
-414.597314,500,136.583446
-278.892121,500,136.884688
-521.897382,500,137.094502
-521.835393,500,138.248373
-404.248533,500,138.57815
-471.087145,500,138.861725
-502.448114,500,139.114326
-340.817292,500,139.366825
-236.542851,500,140.375985
-440.478962,500,140.678578
-474.564703,500,141.031675
-563.065845,500,141.344308
-356.4514,500,142.334829
-561.363257,500,142.559527
-354.236148,500,142.827111
-415.721845,500,143.1263
-323.209847,500,144.327012
-234.594964,500,144.577159
-500.963245,500,144.832908
-404.633208,500,145.057461
-426.235649,500,146.16543
-292.272606,500,146.46248
-490.071838,500,146.797552
-329.264669,500,147.041148
-488.5607,500,148.12834
-282.70135,500,148.436438
-332.586791,500,148.671533
-350.969,500,149.016211
-396.626335,500,150.239563
-306.088002,500,150.568712
-272.843594,500,150.785385
-323.268181,500,151.084455
-471.480299,500,152.224457
-329.394185,500,152.438024
-292.44485,500,152.766646
-284.283774,500,153.004838
-352.412396,500,153.909662
-412.62452,500,154.149769
-478.040048,500,154.50142
-312.449202,500,154.845105
-348.922548,500,156.13179
-214.600731,500,156.481436
-518.646104,500,156.814111
-286.988162,500,157.162274
-393.768069,500,158.12544
-329.331215,500,158.357552
-534.119737,500,158.565141
-494.165003,500,158.789782
-403.616771,500,159.831326
-287.634519,500,160.089422
-421.137504,500,160.33548
-367.943959,500,160.676672
-423.285472,500,160.963816
-335.1234,500,161.832141
-274.321254,500,162.171269
-460.721367,500,162.537895
-362.34698,500,162.848535
-250.855058,500,164.084978
-492.222876,500,164.334034
-409.880315,500,164.570587
-439.433167,500,164.803192
-226.173158,500,165.746054
-324.446859,500,166.030162
-519.115132,500,166.258192
-288.015577,500,166.489133
-272.198252,500,167.635982
-360.410339,500,167.8891
-340.320533,500,168.229762
-310.413225,500,168.463346
-294.166325,500,169.386707
-242.508324,500,169.62674
-387.08791,500,169.877359
-405.941912,500,170.098947
-301.901585,500,171.512915
-384.427517,500,171.855471
-423.330797,500,172.169611
-443.248143,500,172.501278
-358.533299,500,173.718908
-414.378146,500,173.972499
-356.752677,500,174.205119
-198.687172,500,174.441756
-239.534136,500,175.544015
-331.980606,500,175.839566
-422.825882,500,176.230174
-364.864222,500,176.487477
-269.587313,500,177.566203
-441.561858,500,177.828748
-193.007952,500,178.084328
-271.527182,500,178.334866
-472.535698,500,179.385698
-265.817981,500,179.681322
-220.892103,500,180.024141
-294.064759,500,180.313755
-269.943821,500,180.613821
-385.535133,500,181.852803
-228.801255,500,182.096955
-374.391694,500,182.355989
-262.695371,500,182.592108
-438.452848,500,183.559944
-290.498174,500,183.823538
-348.768023,500,184.067139
-528.504185,500,184.376209
-438.811987,500,185.422252
-485.031489,500,185.737898
-365.999527,500,186.070046
-294.016956,500,186.32965
-257.631413,500,187.427231
-500.957305,500,187.693859
-485.092106,500,187.930418
-328.331083,500,188.190477
-368.192851,500,189.348079
-265.489998,500,189.61832
-487.933948,500,189.829385
-383.180586,500,190.052989
-323.408131,500,191.027406
-174.423065,500,191.254446
-313.26903,500,191.490062
-246.808723,500,191.702621
-349.534247,500,192.653163
-465.627974,500,192.916229
-281.142994,500,193.186927
-325.417556,500,193.521596
-335.615124,500,194.671499
-349.924463,500,194.948465
-209.744221,500,195.168528
-444.800215,500,195.397964
-429.269833,500,196.56948
-194.827147,500,196.864069
-251.887616,500,197.208696
-246.911205,500,197.553788
-353.939869,500,198.628776
-238.455076,500,198.959893
-216.728556,500,199.170774
-204.936628,500,199.390342
-323.138057,500,200.622205
-347.278461,500,200.933358
-173.729305,500,201.279946
-188.738608,500,201.532063
-271.033095,500,201.773132
-328.441136,500,203.083758
-416.256235,500,203.338329
-357.92686,500,203.639478
-308.251573,500,203.912599
-307.529418,500,205.364949
-234.280824,500,205.71037
-246.701577,500,206.097456
-200.342245,500,206.401103
-236.60222,500,207.489671
-456.232114,500,207.72123
-238.881912,500,207.9608
-376.149332,500,208.20897
-320.173712,500,209.19295
-319.137212,500,209.419116
-368.079747,500,209.628144
-275.835495,500,209.857294
-500.648031,500,211.294412
-382.816979,500,211.574238
-360.28705,500,211.800282
-427.400597,500,212.108867
-364.911441,500,213.166261
-395.156475,500,213.500335
-442.317093,500,213.716542
-325.488242,500,213.951127
-261.99846,500,214.887331
-266.321314,500,215.153886
-293.848357,500,215.400456
-368.888438,500,215.701055
-302.700229,500,216.787211
-195.343478,500,217.038317
-202.389548,500,217.399375
-458.717657,500,217.640915
-491.85816,500,218.701802
-242.179282,500,218.993967
-316.003853,500,219.271533
-359.62798,500,219.578646
-497.674496,500,221.045776
-354.307323,500,221.432375
-281.609369,500,221.783986
-345.192658,500,222.07612
-367.65786,500,222.356661
-522.700757,500,223.265484
-374.87561,500,223.502217
-389.621696,500,223.764786
-256.377928,500,224.057982
-185.219338,500,225.070237
-360.348344,500,225.3378
-157.203045,500,225.564502
-344.998529,500,225.853112
-219.999202,500,226.827543
-394.128426,500,227.059143
-412.464169,500,227.298177
-472.267997,500,227.573361
-242.393755,500,228.730021
-507.003382,500,229.065233
-281.996927,500,229.397333
-341.328478,500,229.649881
-395.378339,500,230.686406
-448.819205,500,230.994462
-525.938408,500,231.210576
-211.775856,500,231.496709
-482.160401,500,232.501753
-412.842208,500,232.806328
-329.438344,500,233.033392
-353.483761,500,233.328016
-485.754738,500,234.343491
-437.627813,500,234.60114
-444.327198,500,234.893454
-251.659403,500,235.126524
-307.321028,500,236.226008
-375.588005,500,236.469316
-376.028303,500,236.788633
-402.936762,500,237.099695
-159.415784,500,238.229009
-271.649695,500,238.520084
-332.671523,500,238.870672
-426.359852,500,239.114262
-305.029574,500,240.031661
-348.659402,500,240.243674
-188.015395,500,240.51676
-387.050953,500,240.748797
-333.163122,500,241.014434
-497.287171,500,241.976756
-422.652429,500,242.230302
-277.149794,500,242.454882
-378.288483,500,242.694935
-373.239277,500,243.850902
-264.866062,500,244.156023
-155.10942,500,244.383066
-370.620812,500,244.632123
-361.050598,500,245.630434
-252.439792,500,245.859552
-412.711982,500,246.178708
-510.106951,500,246.474853
-370.980573,500,247.652186
-357.692233,500,247.94027
-404.827224,500,248.305845
-322.261075,500,248.650481
-396.407919,500,249.877925
-302.836597,500,250.18299
-217.073689,500,250.518138
-458.26358,500,250.810212
-440.218799,500,251.671961
-372.51836,500,251.917514
-255.197327,500,252.251628
-335.362148,500,252.565775
-323.083127,500,253.697296
-340.586172,500,253.973392
-271.029772,500,254.216435
-244.853555,500,254.474571
-426.397458,500,255.436856
-513.276335,500,255.68189
-151.317359,500,255.989971
-327.790835,500,256.258545
-298.239247,500,257.25877
-406.453502,500,257.496382
-192.982461,500,257.740934
-330.893344,500,258.039123
-397.167481,500,259.003983
-275.613115,500,259.203089
-320.122136,500,259.448172
-395.606127,500,259.688225
-279.269586,500,260.741123
-275.323351,500,260.979814
-422.879736,500,261.196862
-266.342497,500,261.435922
-316.184342,500,261.769502
-403.6373,500,262.926538
-413.501657,500,263.180614
-450.041216,500,263.510706
-290.281611,500,263.855863
-217.189136,500,265.022378
-251.35189,500,265.249994
-386.128056,500,265.54665
-356.421371,500,265.78568
-247.996268,500,267.169286
-431.309157,500,267.557048
-435.858615,500,267.823086
-173.986034,500,268.173196
-404.305148,500,269.140593
-352.19973,500,269.417172
-213.68861,500,269.744271
-313.46225,500,269.99181
-185.324138,500,271.064723
-261.162327,500,271.377332
-164.395568,500,271.595019
-329.968201,500,271.833637
-401.59338,500,273.118626
-300.773455,500,273.427726
-278.748906,500,273.724276
-244.672959,500,273.947446
-402.552025,500,274.893329
-457.57036,500,275.202415
-347.499929,500,275.401441
-346.383239,500,275.701549
-430.112329,500,276.897012
-332.276719,500,277.25767
-195.321701,500,277.500216
-442.107652,500,277.786773
-462.335832,500,278.934968
-447.968078,500,279.184972
-298.286321,500,279.499032
-264.230004,500,279.829102
-213.838166,500,280.938393
-372.022817,500,281.187437
-357.090055,500,281.425991
-409.571883,500,281.683607
-159.074582,500,281.924153
-266.78985,500,283.058607
-165.604644,500,283.30068
-441.875675,500,283.533556
-340.312838,500,283.766602
-297.228097,500,284.99051
-228.684329,500,285.334621
-294.185841,500,285.670767
-299.485177,500,285.948932
-416.368342,500,286.912278
-301.751583,500,287.13643
-333.167905,500,287.433064
-298.56646,500,287.736146
-180.622559,500,288.942216
-371.204047,500,289.250933
-440.419471,500,289.522105
-463.548298,500,289.762644
-447.975046,500,290.664536
-291.522483,500,290.881571
-307.369373,500,291.106228
-310.45746,500,291.373828
-364.152265,500,292.565851
-386.615178,500,292.785924
-283.983151,500,293.084167
-416.053883,500,293.328225
-294.338,500,294.407079
-421.69709,500,294.640207
-318.261478,500,294.90724
-446.333423,500,295.156314
-335.522501,500,296.414785
-353.288434,500,296.751387
-283.390358,500,297.04844
-206.320184,500,297.275508
-390.836785,500,298.411584
-365.489426,500,298.749184
-218.041523,500,299.046302
-240.259195,500,299.365869
-453.833889,500,300.306774
-387.433003,500,300.535351
-410.164135,500,300.844471
-386.92385,500,301.151569
-385.983074,500,302.335544
-368.419105,500,302.628661
-362.975589,500,302.888288
-221.340535,500,303.133875
-384.696107,500,303.384444
-426.804286,500,304.34984
-302.613442,500,304.636476
-229.480134,500,304.987144
-350.1432,500,305.246756
-157.463098,500,306.198489
-414.878447,500,306.540609
-271.616459,500,306.860759
-418.550692,500,307.248361
-445.217405,500,308.348301
-370.453265,500,308.63289
-262.469238,500,308.91852
-390.087444,500,309.229687
-314.214554,500,310.192002
-217.858053,500,310.441605
-181.517275,500,310.683719
-270.534526,500,310.915783
-304.334024,500,312.007176
-209.081959,500,312.262833
-190.051251,500,312.59294
-241.175233,500,312.945598
-211.778011,500,314.284558
-320.158801,500,314.519777
-461.729397,500,314.79736
-163.575229,500,315.135537
-237.227235,500,316.113958
-191.212367,500,316.346628
-428.104866,500,316.580187
-379.529861,500,316.829246
-223.61111,500,317.989295
-182.02265,500,318.220373
-423.718784,500,318.478548
-386.677587,500,318.763159
-451.872021,500,319.840647
-350.073272,500,320.145719
-329.189685,500,320.463342
-336.32136,500,320.6924
-481.341915,500,321.875036
-315.042203,500,322.116728
-406.862592,500,322.358322
-147.026811,500,322.600527
-169.386447,500,322.84908
-382.255883,500,324.155094
-399.00416,500,324.404183
-212.742005,500,324.638841
-424.473563,500,324.870522
-299.127785,500,325.908729
-431.374956,500,326.145288
-297.947197,500,326.457884
-343.412883,500,326.758056
-233.491752,500,327.958997
-206.462423,500,328.27454
-418.468399,500,328.531113
-385.619628,500,328.776673
-255.972994,500,329.895439
-259.226965,500,330.223527
-311.327519,500,330.524601
-336.371737,500,330.833809
-318.449619,500,331.82028
-412.127177,500,332.134414
-179.94066,500,332.489143
-353.785535,500,332.788324
-279.564798,500,333.808617
-458.976096,500,334.09083
-208.078856,500,334.406491
-448.079912,500,334.607103
-394.288067,500,335.609419
-227.985294,500,335.954075
-359.43914,500,336.297681
-277.439547,500,336.619823
-169.569377,500,337.585216
-451.349602,500,337.820264
-274.916999,500,338.038852
-384.841788,500,338.254463
-215.377897,500,339.206335
-368.605765,500,339.573007
-378.989649,500,339.891619
-230.408141,500,340.120214
-381.237148,500,341.048962
-342.97714,500,341.290514
-442.737919,500,341.516071
-374.804881,500,341.753108
-275.554378,500,342.664462
-541.442871,500,342.99258
-207.327849,500,343.327194
-339.772011,500,343.539814
-302.04901,500,343.761439
-314.192989,500,344.875402
-376.327593,500,345.126986
-154.251376,500,345.404581
-285.032104,500,345.717722
-376.370973,500,346.667131
-414.066495,500,346.927171
-313.544686,500,347.16827
-403.021618,500,347.391344
-288.479861,500,348.666886
-394.677127,500,348.90392
-410.110106,500,349.131501
-324.615773,500,349.370063
-411.732547,500,350.33652
-316.516495,500,350.588619
-414.684426,500,350.839682
-249.840983,500,351.07375
-321.205454,500,352.081776
-153.667853,500,352.369356
-321.231858,500,352.697479
-293.809778,500,352.924523
-329.474242,500,353.881786
-240.844704,500,354.150429
-334.098382,500,354.42969
-359.666718,500,354.765289
-311.473251,500,355.839479
-148.871517,500,356.09959
-387.008271,500,356.349181
-429.756264,500,356.658227
-347.477381,500,357.78303
-328.796999,500,358.074092
-429.287246,500,358.403638
-142.917428,500,358.701711
-273.673639,500,359.700088
-325.147541,500,359.995191
-361.248694,500,360.288716
-264.494913,500,360.501306
-193.146026,500,361.56267
-463.879621,500,361.833323
-383.509294,500,362.064374
-253.276237,500,362.306427
-142.611534,500,362.545018
-156.426537,500,363.824169
-254.154959,500,364.163918
-135.397865,500,364.3936
-316.797204,500,364.722752
-309.98991,500,366.116565
-394.1558,500,366.432151
-327.538119,500,366.677275
-336.245124,500,367.0434
-442.749537,500,367.943767
-292.183842,500,368.153345
-483.173029,500,368.462496
-270.920602,500,368.706106
-186.328183,500,369.73761
-428.368544,500,369.978687
-492.468766,500,370.282259
-374.927225,500,370.615341
-432.940946,500,371.734715
-159.626972,500,371.983845
-314.188467,500,372.218948
-256.415254,500,372.545096
-299.152117,500,373.627227
-308.694764,500,373.855234
-325.399442,500,374.115337
-242.99785,500,374.313387
-309.549377,500,375.508422
-324.662864,500,375.737467
-372.993082,500,376.070115
-305.204426,500,376.309166
-345.768037,500,377.232142
-351.938596,500,377.559238
-363.515185,500,377.894381
-368.718379,500,378.135015
-305.229542,500,379.335482
-347.432327,500,379.709271
-494.095564,500,380.003352
-341.501147,500,380.337949
-243.258094,500,381.707297
-268.360243,500,382.076897
-247.983429,500,382.313925
-228.954177,500,382.538482
-356.897304,500,382.760561
-156.354242,500,384.077537
-215.148165,500,384.32661
-234.440346,500,384.568224
-361.604239,500,384.851821
-408.730064,500,385.8512
-123.090098,500,386.117323
-502.386363,500,386.374866
-476.269187,500,386.596433
-253.301202,500,387.829859
-310.800089,500,388.079944
-504.538621,500,388.36598
-187.893086,500,388.708609
-215.674027,500,389.851566
-137.129613,500,390.236207
-229.329375,500,390.555393
-361.427066,500,390.797982
-259.474422,500,391.741894
-316.381766,500,392.09056
-231.7685,500,392.36761
-504.467714,500,392.623729
-230.714314,500,393.855097
-339.010009,500,394.101242
-344.851955,500,394.348345
-334.804918,500,394.571918
-342.564008,500,395.505385
-197.04601,500,395.748447
-515.945445,500,395.983212
-534.07389,500,396.205269
-315.300965,500,397.121287
-329.456928,500,397.37334
-235.075836,500,397.72499
-313.412968,500,398.065255
-360.591894,500,399.099053
-325.695117,500,399.347139
-308.647102,500,399.579345
-292.386453,500,399.842439
-228.62868,500,401.171971
-370.620584,500,401.489651
-315.253102,500,401.873925
-148.089227,500,402.156009
-221.418117,500,403.228494
-220.581894,500,403.454582
-368.032994,500,403.75263
-255.695093,500,404.09922
-171.328522,500,404.347296
-312.59978,500,405.697004
-468.714293,500,406.046727
-260.407173,500,406.296327
-267.870129,500,406.576999
-204.081836,500,407.642899
-372.025313,500,407.878983
-473.465528,500,408.121108
-408.786401,500,408.347134
-374.065121,500,409.359127
-190.821678,500,409.716809
-244.525867,500,409.936857
-304.269809,500,410.287544
-173.523649,500,411.509567
-145.284214,500,411.740625
-348.641548,500,411.977178
-200.921045,500,412.216733
-237.256972,500,413.187116
-312.440214,500,413.476684
-316.742717,500,413.78026
-349.359077,500,414.01834
-291.021202,500,415.168381
-458.007858,500,415.57797
-293.057216,500,415.997116
-175.628893,500,416.262143
-141.501572,500,417.338598
-368.406583,500,417.620751
-239.83659,500,417.94831
-344.02337,500,418.326516
-349.349872,500,419.684743
-203.18858,500,419.945326
-333.5475,500,420.188409
-468.466926,500,420.455436
-147.018742,500,421.630585
-315.020211,500,421.865692
-292.675788,500,422.080258
-230.655894,500,422.366855
-253.081086,500,423.263682
-284.413936,500,423.481408
-358.311692,500,423.736
-328.863467,500,424.043131
-357.19174,500,424.370723
-407.273118,500,425.590284
-175.787019,500,425.83732
-302.018146,500,426.046944
-172.648797,500,426.298549
-472.503134,500,427.451478
-330.329708,500,427.800858
-349.575574,500,428.050492
-306.768377,500,428.301098
-504.164759,500,429.337432
-408.969367,500,429.53709
-294.419134,500,429.85574
-340.642471,500,430.123946
-290.700436,500,431.455538
-462.285708,500,431.698638
-361.546821,500,431.931756
-272.048646,500,432.24587
-355.956426,500,433.20618
-123.622112,500,433.409209
-310.728333,500,433.610869
-291.971396,500,433.839954
-362.921461,500,434.764837
-204.665104,500,435.054927
-136.584913,500,435.321516
-293.845006,500,435.653576
-454.72017,500,436.868986
-246.794504,500,437.055604
-368.874683,500,437.257669
-201.851372,500,437.497733
-193.639099,500,438.473753
-306.370082,500,438.727675
-378.719912,500,438.964746
-350.96745,500,439.286866
-278.543118,500,440.445384
-231.048103,500,440.746524
-197.529202,500,441.108117
-274.730133,500,441.378171
-391.961466,500,442.429104
-192.810678,500,442.65871
-377.67608,500,442.888812
-300.556998,500,443.119007
-445.48674,500,444.083958
-214.669805,500,444.351539
-184.950441,500,444.628631
-323.497144,500,444.861707
-231.903141,500,445.207331
-370.821691,500,446.528023
-271.470835,500,446.793077
-151.066609,500,447.053128
-318.681768,500,447.335676
-376.086783,500,448.445385
-209.693124,500,448.6961
-134.292193,500,448.90777
-287.741313,500,449.196314
-159.551725,500,450.100661
-324.785012,500,450.466227
-248.608015,500,450.788307
-195.261895,500,451.035496
-188.751771,500,452.060893
-142.169114,500,452.368484
-349.460307,500,452.568034
-377.580196,500,452.782179
-355.086065,500,453.811123
-333.497528,500,454.070683
-296.408065,500,454.392309
-346.809876,500,454.623507
-302.955283,500,455.901588
-291.618689,500,456.276825
-395.650183,500,456.616564
-347.023316,500,456.848652
-275.327882,500,457.916742
-315.882228,500,458.153374
-451.171302,500,458.385487
-247.743215,500,458.612584
-135.905832,500,459.766537
-237.350494,500,460.034643
-120.677018,500,460.278677
-517.147964,500,460.512802
-340.107439,500,461.522385
-360.065569,500,461.79544
-154.737759,500,462.061489
-261.361368,500,462.428585
-437.912551,500,463.428055
-293.718074,500,463.669627
-493.745869,500,463.960206
-159.783848,500,464.249303
-263.015405,500,464.503904
-214.44753,500,465.522864
-235.084729,500,465.77799
-376.12467,500,466.004568
-312.858246,500,466.227173
-151.778081,500,467.171695
-463.432716,500,467.414272
-279.874451,500,467.674838
-268.720793,500,467.921443
-275.570692,500,468.850922
-253.45358,500,469.199088
-273.270325,500,469.472672
-330.237805,500,469.752764
-303.192141,500,470.899589
-337.643051,500,471.195791
-338.248455,500,471.56238
-313.96868,500,471.89296
-268.881201,500,472.759765
-194.899402,500,472.985833
-146.748821,500,473.219916
-258.023527,500,473.443023
-498.481449,500,474.581489
-444.78942,500,474.865061
-406.439076,500,475.090611
-241.957056,500,475.38617
-312.677963,500,476.502368
-181.656306,500,476.829419
-313.299462,500,477.157494
-295.779555,500,477.519058
-261.641612,500,478.661872
-362.300814,500,478.956498
-479.049449,500,479.174048
-194.989588,500,479.417639
-357.304868,500,480.452073
-164.448105,500,480.713161
-362.454736,500,481.051267
-195.104982,500,481.432414
-274.075099,500,482.434873
-182.804809,500,482.647473
-193.225039,500,482.962133
-165.933244,500,483.332736
-160.654598,500,483.596277
-388.777609,500,484.491519
-198.172452,500,484.734674
-407.692066,500,484.967744
-165.493522,500,485.314384
-365.860701,500,486.462132
-432.866652,500,486.782233
-410.331485,500,487.07232
-359.145793,500,487.337958
-288.49019,500,488.347377
-294.721866,500,488.700477
-366.173951,500,488.976103
-282.064615,500,489.24334
-149.276375,500,490.140337
-195.888477,500,490.365442
-281.996107,500,490.631499
-269.951177,500,490.908167
-301.850804,500,492.105197
-327.351318,500,492.414792
-276.593772,500,492.652873
-303.589823,500,492.912962
-277.251702,500,493.976751
-490.433543,500,494.210379
-228.563142,500,494.450921
-232.296413,500,494.711629
-307.19446,500,495.864027
-295.819085,500,496.114629
-214.349388,500,496.340296
-234.390555,500,496.551886
-256.321911,500,497.764262
-269.491802,500,498.134934
-328.310117,500,498.495477
-514.308684,500,498.860067
-248.48696,500,499.92216
-442.319144,500,500.171743
-291.359379,500,500.482322
-327.3515,500,500.808491
-142.665371,500,501.776909
-283.471635,500,502.043005
-302.233207,500,502.330583
-276.276657,500,502.555205
-202.400475,500,503.54569
-279.729009,500,503.794773
-257.874729,500,504.031865
-335.835018,500,504.267959
-149.318138,500,504.48705
-272.447102,500,505.700886
-129.764942,500,505.974446
-284.803115,500,506.256506
-212.00438,500,506.507539
-372.047249,500,507.998886
-377.678544,500,508.377455
-367.283293,500,508.723024
-434.228133,500,509.067181
-464.853913,500,509.988663
-136.612652,500,510.252806
-282.523638,500,510.590926
-233.284695,500,510.934114
-361.638952,500,511.864052
-196.42159,500,512.248669
-485.524827,500,512.557823
-460.836817,500,512.821959
-428.428815,500,513.914829
-448.580034,500,514.15989
-294.76708,500,514.506479
-432.639121,500,514.846156
-246.420995,500,515.953901
-302.131494,500,516.185059
-493.609943,500,516.410102
-465.299311,500,516.637932
-306.346631,500,517.755867
-334.632039,500,517.996785
-178.129438,500,518.252888
-311.699885,500,518.49496
-145.207264,500,519.506194
-454.988084,500,519.753321
-375.334554,500,519.973364
-431.768876,500,520.237467
-299.870592,500,521.141398
-263.625162,500,521.397456
-353.282789,500,521.616054
-375.457365,500,521.842641
-319.381464,500,522.855139
-294.529432,500,523.105362
-232.292454,500,523.387926
-150.44799,500,523.745581
-497.117626,500,528.267029
-158.440158,500,529.421409
-241.513273,500,529.716492
-156.444511,500,529.981054
-254.15943,500,530.340659
-167.565447,500,531.486027
-313.658904,500,531.735609
-317.78658,500,531.995168
-285.587929,500,532.26274
-523.952574,500,533.538059
-228.572195,500,533.821603
-261.02633,500,534.091705
-451.578468,500,534.345733
-309.054825,500,535.494084
-366.593123,500,535.755285
-354.492811,500,536.05836
-300.416376,500,536.311255
-330.81725,500,537.347456
-302.682195,500,537.616164
-145.265677,500,537.88643
-405.278985,500,538.205559
-254.751552,500,539.29642
-251.539689,500,539.568002
-250.57752,500,539.814575
-160.025918,500,540.096627
-240.380351,500,541.135641
-380.450545,500,541.435232
-437.356985,500,541.690321
-395.952521,500,541.946356
-490.658951,500,542.998699
-400.520784,500,543.270295
-398.278977,500,543.543372
-491.553091,500,543.817918
-214.247754,500,544.851194
-292.696123,500,545.093275
-149.201182,500,545.417887
-351.719159,500,545.68596
-140.196129,500,546.836288
-484.404243,500,547.100353
-215.504327,500,547.349402
-134.611155,500,547.625092
-207.481675,500,548.807082
-169.6493,500,549.051641
-481.237329,500,549.301193
-302.946574,500,549.560717
-325.453527,500,549.81028
-342.800616,500,550.905508
-394.996629,500,551.172081
-169.997989,500,551.441623
-444.408627,500,551.740692
-308.379713,500,552.958476
-387.415142,500,553.234118
-231.067952,500,553.498666
-210.140927,500,553.788729
-263.238928,500,554.825998
-330.064715,500,555.086063
-391.086179,500,555.396647
-336.929217,500,555.751735
-288.775212,500,556.908002
-200.423695,500,557.218071
-304.579209,500,557.463147
-478.139922,500,557.714962
-308.200924,500,558.790729
-259.862942,500,559.090821
-507.113451,500,559.36288
-501.254575,500,559.621972
-341.210809,500,560.652225
-169.006133,500,560.910794
-260.609063,500,561.172388
-288.00675,500,561.416925
-347.52553,500,562.440703
-306.964911,500,562.699801
-188.823,500,562.970857
-289.671581,500,563.229531
-373.328671,500,564.354464
-467.001229,500,564.60257
-356.59889,500,564.844618
-504.713864,500,565.098333
-299.129529,500,566.159296
-465.953168,500,566.414886
-459.816379,500,566.735953
-173.924167,500,567.044046
-279.834505,500,568.250553
-268.483484,500,568.517126
-216.428507,500,568.774694
-356.671156,500,569.034758
-440.665078,500,569.286337
-381.296065,500,570.365555
-435.724669,500,570.661607
-358.866261,500,570.925179
-246.227133,500,571.181741
-295.78017,500,572.266541
-431.017988,500,572.540703
-305.039353,500,572.785233
-273.69816,500,573.03585
-376.274145,500,574.115611
-186.013502,500,574.381676
-162.183549,500,574.63277
-170.931913,500,574.889376
-245.385398,500,575.928687
-473.341646,500,576.178276
-306.941838,500,576.424416
-316.947044,500,576.676956
-312.110531,500,577.675229
-238.291784,500,577.919767
-171.49166,500,578.278853
-416.955294,500,578.524401
-386.809716,500,579.636406
-275.368899,500,579.878467
-297.261,500,580.147202
-463.694783,500,580.402758
-331.052132,500,581.692482
-381.400018,500,581.991042
-344.595108,500,582.280615
-223.525527,500,582.596205
-279.410956,500,583.580916
-314.045497,500,583.87447
-287.238019,500,584.18556
-249.450755,500,584.448613
-231.818446,500,18526.389241
-420.632313,500,18527.042839
-346.760806,500,18527.536516
-334.817168,500,18528.049806
-375.991837,500,18529.470306
-358.366546,500,18529.738196
-349.769752,500,18530.187387
-279.144401,500,18530.466456
-362.876499,500,18531.729982
-505.038064,500,18531.991594
-368.806398,500,18532.323894
-322.030821,500,29316.985266
-463.71264,500,29317.54658
-349.288063,500,29319.16776
-272.163098,500,29319.581611
-335.727612,500,29319.948478
-420.957351,500,29320.340612
-313.366192,500,29321.605092
-389.03258,500,29321.935247
-250.735751,500,29322.241686
-364.27802,500,29322.572927
-251.489697,500,78516.529414
-222.587004,500,78517.311942
-170.322717,500,78518.029746
-369.778289,500,78518.713108
-363.619689,500,78520.840084
-498.343026,500,78521.427957
-363.506793,500,78521.9543
-150.699208,500,78522.516501
-388.225485,500,78528.677959
-152.565182,500,78529.272493
-447.434045,500,78529.615582
-255.325325,500,78530.115449
-452.743412,500,78531.70626
-360.968543,500,78532.033777
-254.41938,500,78532.428782
-420.879474,500,78532.86786
-304.499359,500,78534.561422
-308.682514,500,78535.009126
-376.460282,500,78535.335542
-374.419483,500,78535.700931
-300.998134,500,78537.032696
-352.273416,500,78537.386796
-202.878697,500,78537.757717
-223.161051,500,78538.175807
-477.09356,500,78539.428799
-144.806077,500,78539.715331
-421.273308,500,78540.060029
-373.163001,500,78540.350516
-408.987285,500,78541.344252
-230.264721,500,78541.634279
-208.62174,500,78541.90609
-305.716586,500,78542.141606
-246.878596,500,78542.41268
-472.523855,500,78543.458795
-277.947106,500,78543.710986
-353.21739,500,78543.998115
-311.840886,500,78544.372154
-462.978868,500,78545.572959
-293.050493,500,78545.891448
-305.306388,500,78546.083453
-252.305408,500,78546.550621
-454.283628,500,78548.505081
-215.762428,500,78549.072762
-218.29926,500,78549.598468
-378.595841,500,78550.185134
-256.940284,500,78552.343606
-438.40063,500,78553.024146
-202.270972,500,78553.632849
-361.92909,500,78554.215047
-277.460307,500,78556.49585
-394.547151,500,78557.104433
-271.296052,500,78557.601232
-196.082048,500,78558.126933
-222.815446,500,78558.561746
-350.248371,500,78559.122526
-209.551117,500,78559.755079
-290.258102,500,78560.365523
-416.818576,500,78562.383052
-224.928176,500,78562.931562
-387.941729,500,78563.454272
-355.468867,500,78563.966301
-226.599823,500,78566.077984
-474.738248,500,78566.666747
-290.449468,500,78567.25656
-442.570317,500,78567.8405
-243.683792,500,78569.860365
-351.796159,500,78570.406949
-186.668153,500,78570.974475
-166.521162,500,78571.548379
-444.147098,500,78573.595266
-233.428733,500,78574.161896
-305.182203,500,78574.683227
-188.026511,500,78575.178174
-325.327663,500,78575.672264
-257.245891,500,78576.946297
-305.92098,500,78577.222536
-288.497414,500,78577.531384
-340.581758,500,78577.823023
-339.007589,500,78578.863012
-356.0663,500,78579.153172
-319.91646,500,78579.405233
-273.808595,500,78579.668357
-280.480757,500,78580.807203
-246.55958,500,78581.078879
-238.5195,500,78581.314974
-295.114527,500,78581.547757
-320.953501,500,78582.476196
-266.79386,500,78582.716786
-418.914584,500,78583.036942
-403.359356,500,78583.308704
-343.782606,500,78584.518761
-432.260593,500,78584.793397
-353.166503,500,78585.041549
-253.811178,500,78585.235618
-174.071814,500,78586.137532
-259.079104,500,78586.390563
-230.854318,500,78586.640707
-437.469602,500,78586.900418
-370.467697,500,78588.020443
-363.04244,500,78588.275015
-156.026546,500,78588.569852
-216.714324,500,78588.856438
-242.884906,500,78589.899776
-382.772786,500,78590.121388
-498.552569,500,78590.331617
-429.028302,500,78590.581858
-259.369178,500,78591.564547
-301.896887,500,78591.835137
-301.181961,500,78592.170287
-193.110292,500,78592.436425
-228.481084,500,78593.487083
-317.803968,500,78593.764766
-305.294213,500,78594.018352
-209.135968,500,78594.286917
-186.924245,500,78595.306657
-237.901297,500,78595.558793
-291.459387,500,78595.825866
-308.159166,500,78596.173035
-322.140027,500,78596.483461
-228.371953,500,78597.734202
-337.748741,500,78598.001235
-164.587896,500,78598.368504
-390.144207,500,78598.645318
-269.939789,500,78600.316755
-247.449558,500,78600.679396
-190.471331,500,78601.085818
-208.107439,500,78601.401479
-148.489151,500,78602.649579
-135.599295,500,78602.915242
-364.939073,500,78603.2093
-281.296945,500,78603.503859
-133.81282,500,78604.714636
-224.611658,500,78605.012223
-302.974026,500,78605.317322
-436.485178,500,78605.672557
-167.305164,500,78606.805479
-155.506683,500,78607.081372
-283.221755,500,78607.460586
-303.708996,500,78607.777423
-257.587209,500,78609.241987
-235.699951,500,78609.509533
-241.295119,500,78609.794638
-324.953447,500,78610.097609
-179.893241,500,78611.21843
-125.968397,500,78611.483049
-299.115064,500,78611.701705
-155.417741,500,78611.920776
-193.819367,500,78613.203938
-152.252603,500,78613.780756
-264.746965,500,78614.309042
-446.305932,500,78614.826318
-140.385168,500,78616.73078
-366.211472,500,78617.231359
-216.097029,500,78617.725595
-279.76279,500,78618.208528
-221.213772,500,78620.340726
-373.774376,500,78620.904497
-159.213062,500,78621.426756
-334.127298,500,78621.949651
-151.027317,500,78622.478934
-132.329114,500,78624.416637
-258.975098,500,78624.924866
-395.435668,500,78625.450852
-327.384186,500,78625.982423
-275.070963,500,78627.842214
-331.583475,500,78628.3244
-287.342724,500,78628.852644
-141.430176,500,78629.386874
-266.667195,500,78631.235156
-410.494815,500,78631.767978
-267.268142,500,78632.302241
-327.902681,500,78632.829076
-351.538197,500,78634.741683
-342.400645,500,78635.208888
-275.071804,500,78635.720833
-497.244477,500,78636.215744
-372.580061,500,78638.160526
-167.662533,500,78638.681795
-405.902071,500,78639.192065
-319.57375,500,78639.707328
-365.499536,500,78641.564639
-210.764987,500,78642.066861
-270.944781,500,78642.574128
-429.0057,500,78643.081374
-178.095032,500,78644.987397
-285.151643,500,78645.476649
-356.867449,500,78645.941959
-469.094779,500,78646.413219
-411.748135,500,78648.200955
-332.789838,500,78648.767221
-163.605142,500,78649.291009
-197.796373,500,78649.790275
-294.297352,500,78651.562052
-397.481881,500,78652.067247
-321.788246,500,78652.578986
-293.656878,500,78653.166249
-316.148021,500,78654.891637
-209.919305,500,78655.373366
-302.081054,500,78655.879664
-282.60876,500,78656.383163
-306.009852,500,78658.263638
-140.892168,500,78658.739929
-169.754271,500,78659.222162
-187.284564,500,78659.724418
-306.437714,500,78660.209647
-139.095439,500,78662.027866
-288.956331,500,78662.479329
-387.022338,500,78662.995156
-454.808069,500,78663.520343
-348.843757,500,78665.343448
-173.43413,500,78665.835691
-228.457319,500,78666.358967
-170.826839,500,78666.868228
-130.27999,500,78668.88734
-136.620163,500,78669.352183
-299.418399,500,78669.76098
-185.995042,500,78670.217251
-128.797812,500,78672.014351
-404.093585,500,78672.494999
-241.436529,500,78673.02582
-289.476244,500,78673.596612
-330.63686,500,78675.411439
-284.048935,500,78675.946255
-201.222207,500,78676.468506
-379.910288,500,78676.984769
-145.217378,500,78678.78472
-278.007868,500,78679.233929
-389.574198,500,78679.751185
-287.331823,500,78680.213369
-326.541909,500,78682.103992
-150.262074,500,78682.64166
-145.567855,500,78683.166922
-383.172548,500,78683.66918
-228.719436,500,78685.548081
-274.936971,500,78686.176407
-155.754925,500,78686.737137
-279.527465,500,78687.235401
-130.737643,500,78689.025572
-326.146969,500,78689.429256
-398.541124,500,78689.849927
-197.208467,500,78690.263576
-325.891772,500,78691.971637
-149.774354,500,78692.503695
-133.764137,500,78692.968972
-328.529089,500,78693.412697
-300.955788,500,78693.898983
-142.867731,500,78695.677641
-236.344497,500,78696.257361
-152.298411,500,78696.779332
-264.015002,500,78697.237563
-143.164103,500,78699.164632
-268.972322,500,78699.665586
-442.502284,500,78700.126297
-319.88889,500,78700.619533
-238.023717,500,78702.50239
-132.029099,500,78703.045211
-166.3769,500,78703.555135
-460.35911,500,78704.049363
-351.463414,500,78705.665235
-317.434933,500,78706.043374
-159.435903,500,78706.485728
-454.94664,500,78706.905456
-386.155395,500,78708.686031
-467.499542,500,78709.176276
-157.530969,500,78709.640494
-126.444487,500,78710.093184
-204.950338,500,78711.898519
-379.092882,500,78712.337221
-298.754082,500,78712.717835
-273.882279,500,78713.10816
-324.395802,500,78714.990344
-369.49526,500,78715.503599
-297.693457,500,78715.997818
-451.913486,500,78716.488014
-363.790178,500,78718.409402
-306.510757,500,78718.891695
-285.868001,500,78719.376955
-199.925465,500,78719.845694
-256.970955,500,78721.680197
-139.02202,500,78722.15246
-477.331689,500,78722.616171
-127.843514,500,78723.109453
-437.608639,500,78724.874846
-401.484695,500,78725.335551
-279.941269,500,78725.839805
-363.780703,500,78726.299746
-377.700064,500,78726.790901
-263.636414,500,78728.577889
-427.846863,500,78729.048026
-374.473047,500,78729.496286
-309.143737,500,78729.869819
-448.218803,500,78731.525994
-438.458308,500,78732.001229
-366.088224,500,78732.500381
-222.019836,500,78732.929063
-124.802128,500,78734.591659
-401.039564,500,78735.034834
-290.610265,500,78735.471095
-237.121106,500,78735.922815
-211.130598,500,78737.769231
-133.526037,500,78738.300477
-148.771536,500,78738.713796
-460.604374,500,78739.195969
-313.368684,500,78740.727961
-454.030543,500,78740.991583
-312.34609,500,78741.247259
-456.77152,500,78741.522892
-437.814311,500,78742.325505
-288.439823,500,78742.52561
-395.57668,500,78742.769259
-289.827983,500,78742.986861
-307.946367,500,78743.98926
-305.131581,500,78744.22086
-386.889942,500,78744.411929
-116.398604,500,78744.568466
-458.892359,500,78745.313405
-476.354259,500,78745.486465
-240.067087,500,78745.657534
-279.61553,500,78745.897148
-330.477844,500,78746.850785
-266.524274,500,78747.062456
-347.657073,500,78747.263628
-438.000896,500,78747.454693
-229.238372,500,78749.049306
-476.129656,500,78749.583698
-460.779993,500,78750.048607
-240.040065,500,78750.436325
-401.266679,500,78752.16848
-269.718452,500,78752.638741
-261.679409,500,78753.163058
-354.460216,500,78753.691639
-403.909933,500,78754.139331
-413.912841,500,78755.922066
-316.355013,500,78756.380755
-391.751716,500,78756.858718
-268.802095,500,78757.374963
-405.812223,500,78759.01042
-335.885919,500,78759.325578
-476.731604,500,78759.798849
-183.492628,500,78760.282574
-425.381457,500,78761.970297
-309.089344,500,78762.380015
-288.279438,500,78762.840271
-468.335125,500,78763.329559
-318.134203,500,78764.949818
-335.487337,500,78765.416026
-425.617978,500,78765.8632
-439.05406,500,78766.248672
-227.498481,500,78767.984501
-418.666623,500,78768.444257
-183.34467,500,78768.913464
-415.62425,500,78769.29666
-449.610646,500,78771.029946
-141.295718,500,78771.439688
-451.486119,500,78771.749852
-461.536179,500,78772.16657
-490.797999,500,78773.806787
-469.202324,500,78774.248009
-189.417794,500,78774.726218
-133.278056,500,78775.207919
-254.517955,500,78776.728631
-461.669091,500,78777.199878
-150.433645,500,78777.604493
-243.141166,500,78778.014205
-369.089994,500,78779.661607
-435.255832,500,78780.134841
-307.333155,500,78780.54802
-297.732029,500,78780.955289
-393.656917,500,78782.593226
-124.723721,500,78783.040126
-287.753016,500,78783.458784
-503.799379,500,78783.899511
-266.047381,500,78784.367465
-266.915003,500,78786.165747
-203.869404,500,78786.705984
-385.616288,500,78787.179184
-314.804443,500,78787.661244
-405.888041,500,78789.432475
-301.531931,500,78789.902198
-186.44971,500,78790.37446
-455.658208,500,78790.861611
-128.457722,500,78792.596357
-260.258822,500,78793.040538
-264.554384,500,78793.54679
-240.266586,500,78794.02148
-411.927524,500,78795.665708
-320.288449,500,78796.033817
-369.33175,500,78796.533961
-320.033503,500,78796.982677
-297.27458,500,78798.71163
-141.332174,500,78799.197603
-378.490824,500,78799.629815
-308.446103,500,78800.076474
-136.846017,500,78801.774808
-473.579505,500,78802.178538
-320.090171,500,78802.597704
-188.803474,500,78803.023363
-406.523876,500,78804.705708
-379.810968,500,78805.114406
-143.917832,500,78805.549122
-424.00553,500,78805.999841
-289.687672,500,78807.693817
-467.705574,500,78808.173049
-461.840402,500,78808.642117
-429.244975,500,78809.120979
-183.072248,500,78810.873372
-295.567301,500,78811.299085
-330.206386,500,78811.695755
-404.32417,500,78812.131132
-408.861247,500,78813.816054
-497.286016,500,78814.244767
-398.205295,500,78814.644513
-373.804558,500,78815.076213
-438.65914,500,78816.877062
-254.136892,500,78817.335319
-408.030714,500,78817.747972
-191.873379,500,78818.244191
-331.168311,500,78818.694376
-200.223138,500,78820.401607
-238.567971,500,78820.861857
-408.91883,500,78821.349235
-224.414329,500,78821.758384
-225.624392,500,78823.40364
-350.51301,500,78823.932898
-486.201694,500,78824.406849
-457.099177,500,78824.829572
-305.867064,500,78826.60794
-345.933115,500,78827.033591
-333.941777,500,78827.495841
-176.103096,500,78827.967773
-440.054048,500,78829.655633
-321.859182,500,78830.12688
-426.619893,500,78830.630154
-119.322984,500,78831.097837
-383.905617,500,78832.876647
-208.903048,500,78833.361362
-278.131473,500,78833.782576
-496.403956,500,78834.223202
-457.042861,500,78835.96097
-194.848044,500,78836.453463
-213.201567,500,78836.862166
-466.509204,500,78837.299352
-226.543127,500,78839.092499
-482.820704,500,78839.521217
-249.91058,500,78840.018496
-497.427571,500,78840.516725
-402.306272,500,78842.336695
-319.14221,500,78842.699928
-224.10182,500,78843.103106
-346.831361,500,78843.563761
-268.906074,500,78845.494416
-170.720771,500,78846.014993
-404.92914,500,78846.499207
-165.282121,500,78847.006413
-246.75908,500,78848.765095
-465.616192,500,78849.19536
-431.087866,500,78849.718604
-429.914942,500,78850.155291
-158.247948,500,78850.690098
-447.379128,500,78852.557464
-251.461294,500,78853.034418
-422.370143,500,78853.401048
-192.555825,500,78853.871787
-245.16549,500,78855.650587
-280.385867,500,78856.12926
-360.948019,500,78856.593467
-295.423911,500,78857.102685
-260.398499,500,78858.737115
-190.095929,500,78859.173565
-271.232361,500,78859.579705
-154.314369,500,78860.029436
-322.041705,500,78861.82684
-460.267946,500,78862.250566
-313.996001,500,78862.707807
-384.266264,500,78863.235736
-286.853986,500,78864.932883
-436.08233,500,78865.350573
-448.115605,500,78865.784234
-369.833017,500,78866.243331
-266.943947,500,78868.117241
-415.52619,500,78868.63747
-381.278249,500,78869.118676
-355.333903,500,78869.53741
-419.540881,500,78871.387745
-345.617091,500,78871.820007
-204.94841,500,78872.223727
-427.148372,500,78872.629885
-149.334089,500,78874.359253
-267.960871,500,78874.751938
-491.149908,500,78875.127092
-285.14539,500,78875.662918
-254.331143,500,78877.51888
-417.979032,500,78878.013144
-241.871918,500,78878.550405
-349.808282,500,78879.010673
-379.797748,500,78880.697049
-402.771893,500,78881.132714
-316.117235,500,78881.443886
-353.95475,500,78881.840605
-285.316451,500,78883.408178
-434.387082,500,78883.923014
-460.623996,500,78884.431236
-373.336747,500,78884.842862
-234.213794,500,78885.265509
-435.712139,500,78887.0326
-405.949035,500,78887.435326
-143.644862,500,78887.917007
-372.45949,500,78888.356193
-323.359291,500,78890.069045
-395.851349,500,78890.508684
-497.704909,500,78890.937981
-327.312902,500,78891.324157
-227.350187,500,78893.070368
-286.880156,500,78893.497074
-272.666198,500,78893.914804
-475.383351,500,78894.386083
-291.095411,500,78896.244692
-334.402811,500,78896.757953
-493.370129,500,78897.165691
-308.791745,500,78897.672925
-272.899352,500,78899.405354
-391.089021,500,78899.932212
-399.067156,500,78900.46944
-457.935029,500,78900.923159
-255.438957,500,78902.877287
-417.228992,500,78903.361169
-302.873646,500,78903.765901
-289.654717,500,78904.237173
-391.471454,500,78906.107664
-153.084206,500,78906.683063
-320.117478,500,78907.206345
-157.816843,500,78907.724705
-390.102173,500,78909.555702
-347.019597,500,78910.01643
-338.885583,500,78910.48269
-374.860506,500,78910.950964
-396.894418,500,78912.795182
-320.901076,500,78913.201892
-154.082921,500,78913.742224
-128.980612,500,78914.218476
-401.768119,500,78915.861263
-495.978172,500,78916.287016
-122.279321,500,78916.755265
-276.72915,500,78917.127897
-116.067241,500,78917.504592
-151.267696,500,78919.048617
-447.654842,500,78919.481841
-415.260493,500,78919.896617
-121.666297,500,78920.36488
-115.745613,500,78922.056128
-129.018422,500,78922.541286
-366.867688,500,78922.975453
-372.401654,500,78923.468561
-125.984192,500,78925.28821
-156.977816,500,78925.727894
-396.402287,500,78926.195063
-465.083618,500,78926.564703
-271.312067,500,78928.136575
-377.806108,500,78928.581289
-404.084613,500,78928.99097
-300.268788,500,78929.389156
-148.968351,500,78931.167985
-379.864282,500,78931.634704
-455.219809,500,78932.005628
-466.342883,500,78932.417797
-378.04758,500,78934.014055
-132.916377,500,78934.445763
-397.558027,500,78934.826408
-226.699856,500,78935.242082
-125.556227,500,78936.975847
-150.837947,500,78937.466046
-462.789204,500,78937.913841
-146.414034,500,78938.397759
-333.820766,500,78940.131538
-403.246932,500,78940.525155
-166.363797,500,78940.98479
-288.318636,500,78941.339511
-136.887266,500,78942.914547
-417.468767,500,78943.283748
-360.074188,500,78943.662009
-444.724151,500,78944.132173
-303.995386,500,78945.748737
-393.597911,500,78946.187427
-224.41531,500,78946.645145
-358.460629,500,78947.110963
-392.249216,500,78947.519707
-421.859188,500,78949.024151
-349.698311,500,78949.510362
-147.233588,500,78949.994045
-250.51615,500,78950.433223
-164.161271,500,78952.082424
-394.374756,500,78952.495121
-435.006394,500,78952.920855
-324.989984,500,78953.334539
-463.183518,500,78955.005762
-233.618651,500,78955.407559
-276.928668,500,78955.782287
-133.751485,500,78956.138444
-158.606453,500,78957.948283
-381.174679,500,78958.389916
-183.283556,500,78958.766621
-170.516904,500,78959.203286
-287.090723,500,78960.913673
-357.892273,500,78961.360925
-280.090732,500,78961.781626
-134.389747,500,78962.155772
-135.882284,500,78963.778547
-372.565116,500,78964.26782
-196.483155,500,78964.721544
-136.645932,500,78965.16125
-136.639963,500,78966.869228
-310.234969,500,78967.355484
-337.497265,500,78967.819778
-309.550836,500,78968.269026
-327.722902,500,78969.907168
-396.394962,500,78970.266867
-422.611208,500,78970.645046
-286.948258,500,78971.075753
-172.676738,500,78972.639401
-160.674938,500,78973.09865
-298.411266,500,78973.523369
-121.093234,500,78973.967609
-449.113596,500,78975.671416
-338.592291,500,78976.090085
-143.11144,500,78976.566315
-495.055779,500,78976.993928
-328.201659,500,78978.694006
-220.890252,500,78979.135209
-390.586226,500,78979.448933
-423.77109,500,78979.922207
-329.212916,500,78980.346963
-158.452853,500,78981.994862
-441.965576,500,78982.410582
-473.025407,500,78982.849303
-137.633343,500,78983.375109
-293.772877,500,78985.010148
-343.914955,500,78985.410848
-434.628157,500,78985.82654
-289.163947,500,78986.295763
-162.96482,500,78987.942021
-466.146422,500,78988.282634
-340.087175,500,78988.713298
-434.913243,500,78989.184218
-269.843112,500,78990.82487
-389.32616,500,78991.216673
-399.673767,500,78991.613507
-429.331878,500,78992.055493
-202.106904,500,78993.644604
-167.733932,500,78993.998301
-463.255625,500,78994.357422
-133.52778,500,78994.781078
-347.856352,500,78996.45672
-329.438638,500,78996.961905
-414.498008,500,78997.432131
-395.683517,500,78997.907933
-317.443545,500,78999.643749
-183.773019,500,79000.082487
-212.026111,500,79000.529741
-430.106755,500,79000.910376
-254.907674,500,79002.567471
-309.818626,500,79003.025604
-172.022565,500,79003.465234
-270.577346,500,79003.914451
-225.101383,500,79005.547516
-342.547989,500,79005.964145
-434.734249,500,79006.390857
-340.346555,500,79006.782569
-354.406045,500,79008.575316
-135.416406,500,79009.094589
-417.262206,500,79009.546859
-436.408746,500,79009.988975
-220.094722,500,79010.467138
-368.482291,500,79012.113297
-333.854866,500,79012.53351
-336.834062,500,79012.944157
-412.25281,500,79013.349552
-291.357965,500,79015.019221
-185.354336,500,79015.427201
-310.408836,500,79015.798354
-386.287718,500,79016.237523
-173.946362,500,79018.016918
-220.652949,500,79018.483146
-196.382625,500,79018.916852
-307.482295,500,79019.320494
-274.69744,500,79021.081711
-378.465385,500,79021.559939
-257.396724,500,79021.867864
-315.768718,500,79022.35713
-124.377153,500,79024.04499
-370.965675,500,79024.478626
-334.250306,500,79024.924295
-288.612218,500,79025.392481
-353.453314,500,79027.157828
-180.617377,500,79027.589085
-385.742687,500,79028.057221
-275.203266,500,79028.451872
-293.314304,500,79030.070437
-242.935761,500,79030.50103
-328.453396,500,79030.934694
-207.883206,500,79031.39481
-423.330055,500,79033.057714
-310.820166,500,79033.486335
-356.024326,500,79033.94506
-252.053218,500,79034.289777
-220.805193,500,79036.053549
-325.711946,500,79036.498774
-273.97907,500,79036.928435
-233.110649,500,79037.363718
-367.052854,500,79039.019488
-463.467438,500,79039.466732
-370.14088,500,79039.859888
-405.967417,500,79040.303054
-445.389111,500,79042.06579
-335.615151,500,79042.418404
-384.443687,500,79042.82305
-255.840971,500,79043.223243
-241.47947,500,79043.672537
-154.027408,500,79045.164861
-180.34472,500,79045.55155
-454.460736,500,79045.949275
-287.186214,500,79046.287925
-501.097661,500,79047.862678
-336.296275,500,79048.262377
-317.456152,500,79048.735647
-344.062943,500,79049.247901
-465.90262,500,79050.854324
-414.452761,500,79051.189482
-198.92691,500,79051.613183
-396.03191,500,79051.989399
-373.996035,500,79053.552979
-201.323895,500,79053.971688
-422.523919,500,79054.40286
-169.981853,500,79054.852502
-139.956912,500,79056.579257
-160.129126,500,79057.035115
-421.884977,500,79057.458699
-455.515781,500,79057.907915
-276.392025,500,79059.671779
-420.437601,500,79060.027493
-278.772845,500,79060.404218
-221.88887,500,79060.904475
-280.488387,500,79062.601759
-285.088112,500,79063.026036
-437.102553,500,79063.407454
-172.031919,500,79063.893179
-400.270342,500,79065.542333
-311.100888,500,79065.964002
-197.548062,500,79066.381712
-208.986842,500,79066.848963
-277.983141,500,79068.624914
-460.490089,500,79069.041648
-216.418784,500,79069.504387
-396.151205,500,79069.898703
