#{"t_start": 1774310152.646493, "env_id": "Hopper-MassFric-Gauss-50-v0"}
r,l,t
5.590416,18,0.033138
6.287302,16,0.054225
9.211798,15,0.064769
4.5415,7,0.074286
4.041278,8,0.083835
10.557546,15,0.099908
61.549518,37,0.138619
6.961478,10,0.150178
15.517781,18,0.16436
6.411281,11,0.175534
9.017072,14,0.188606
8.841547,14,0.203692
34.696881,39,0.246913
20.336533,21,0.270037
13.821006,16,0.287091
17.157608,22,0.311372
17.661462,23,0.337974
17.693044,21,0.360035
11.725614,21,0.381859
6.521513,14,0.398922
9.355532,24,0.424443
8.563599,15,0.440046
9.064031,13,0.455576
9.070864,12,0.46865
11.692813,18,0.487743
12.796897,14,0.501298
12.793279,25,0.528294
6.957478,11,0.54185
9.310164,12,0.555389
72.29971,57,0.614697
10.559618,22,0.639947
53.294964,45,0.689639
13.541678,23,0.707223
15.759407,19,0.729342
14.66505,32,0.753958
22.773668,35,0.79735
7.306196,11,0.809982
36.404283,33,0.849143
9.704905,23,0.86571
16.70173,24,0.890287
6.949794,13,0.904305
27.811953,25,0.93242
7.250009,12,0.946957
4.781007,9,0.953486
13.904895,17,0.969564
7.191893,10,0.982114
24.289716,25,1.003191
12.021935,17,1.018783
13.117769,19,1.041875
6.91118,13,1.055421
7.865708,24,1.082051
19.167808,20,1.09544
5.012341,20,1.112075
10.74287,15,1.123619
7.216158,10,1.13516
8.55134,15,1.152256
21.735184,19,1.174963
7.178596,12,1.189009
64.148577,51,1.243754
6.554736,13,1.25941
54.042029,41,1.302139
48.875566,49,1.349979
18.24935,18,1.365501
14.383023,25,1.391138
11.337937,19,1.410754
18.405544,27,1.434844
12.315773,22,1.461448
96.916703,65,1.527051
14.416411,16,1.54226
12.95443,18,1.565345
7.79559,10,1.577394
12.219444,16,1.595977
5.505827,13,1.610596
5.444311,9,1.622141
5.31659,10,1.630692
4.944215,8,1.636688
63.159911,46,1.669863
107.260248,65,1.737619
10.426484,17,1.753186
67.4696,46,1.801445
24.238206,34,1.835616
10.159094,17,1.855711
4.610726,8,1.865256
5.08028,9,1.877316
3.654293,10,1.886868
14.066611,16,1.904974
10.301753,17,1.923067
13.997924,16,1.939081
7.472957,10,1.949635
13.174729,13,1.960177
10.097801,14,1.971724
11.997979,26,1.99725
9.486676,19,2.014354
43.220663,42,2.055532
11.316167,15,2.065082
17.723895,35,2.102016
20.902762,40,3.477773
2.822267,7,3.486786
73.222643,71,3.555007
110.489656,61,3.618334
11.728276,17,3.639441
80.429021,68,3.71279
10.747818,13,3.726851
7.961448,10,3.738926
66.031603,42,3.784048
9.491446,17,3.802648
18.327503,18,3.815218
11.50097,19,3.837815
7.883564,13,3.852365
40.747851,35,3.878952
14.052125,23,3.905432
22.624621,24,3.928059
9.454805,15,3.944617
7.272396,11,3.957693
13.121562,16,3.977307
105.292328,68,4.044095
3.6453,8,4.053632
15.720785,23,4.079273
5.352856,8,4.090823
12.337279,15,4.110434
11.893654,14,4.129532
9.67859,12,4.14508
20.683073,25,4.180105
36.150007,31,4.215286
44.292663,50,4.267293
9.655971,15,4.283879
12.948916,16,4.297955
7.075477,12,4.310035
88.762325,56,4.365691
9.33471,17,4.383233
31.946866,33,4.415389
20.986642,24,4.429474
52.533523,52,4.480064
11.668263,13,4.493608
23.388069,25,4.519784
7.413002,11,4.532314
4.007247,12,4.545856
19.285174,23,4.57045
4.863111,20,4.588526
12.061633,26,4.614169
9.535163,12,4.626698
26.423746,44,4.672089
241.717527,136,4.811272
89.730441,66,4.877043
5.792622,11,4.890609
20.265813,30,4.923783
9.064641,18,4.944877
62.269579,48,4.997123
20.838794,21,5.021785
12.196563,15,5.039521
32.026185,29,5.061608
6.983,13,5.076155
51.453863,35,5.116859
28.99377,32,5.153043
76.760612,75,5.234846
11.710162,14,5.250672
5.89891,9,5.260224
37.19644,34,5.30041
4.924665,10,5.304942
10.629991,20,5.32503
42.743008,38,5.368737
20.061658,19,5.390845
8.182933,12,5.404918
42.753726,30,5.439079
45.559062,58,5.505895
26.612129,32,5.54006
9.800347,14,5.553601
9.278461,13,5.566154
11.024481,13,5.576695
5.262401,9,5.583239
13.117347,18,5.600322
9.940578,15,6.909694
70.378165,42,6.947852
83.82519,53,7.006317
9.717722,22,7.029941
2.595039,11,7.041475
114.261887,63,7.109802
63.433847,39,7.153988
116.921717,79,7.232749
26.559955,28,7.259904
65.812491,41,7.301075
61.432111,43,7.349818
52.520302,33,7.386979
23.550819,34,7.423177
70.740209,63,7.491932
24.969325,21,7.514553
7.273719,12,7.529648
58.597919,44,7.574387
8.05272,15,7.589432
124.873245,64,7.650141
13.781023,26,7.67024
27.387061,33,7.696839
26.379315,34,7.734029
35.584753,50,7.780755
122.048715,81,7.860593
21.395821,26,7.885682
12.182145,19,7.906302
61.506125,38,7.941445
12.967195,15,7.956989
34.410428,46,7.999708
42.458986,47,8.047287
23.957475,32,8.080582
196.718521,132,8.215541
25.800416,24,8.238699
105.484721,58,8.287346
24.853697,43,8.328682
10.723754,20,8.340244
40.028236,33,8.369433
167.436454,78,8.440766
31.59033,41,8.484516
18.409915,27,8.510669
36.73308,36,8.546247
185.07051,104,8.655267
7.327995,23,8.678883
130.09736,67,8.750392
50.860351,48,8.79556
72.808315,48,8.836199
31.774003,28,8.859774
23.575755,31,8.888397
49.315115,34,8.923566
62.21939,37,10.25742
16.584582,19,10.278529
88.838768,51,10.330807
91.120329,52,10.382481
32.223691,29,10.410624
33.216009,28,10.441252
54.133052,38,10.476336
220.954669,98,10.570262
17.462501,25,10.596288
105.181606,65,10.652077
90.165298,58,10.700585
114.087678,79,10.78853
22.297266,20,10.812175
196.624048,89,10.912172
31.146572,30,10.937774
133.78046,71,11.008025
26.32247,22,11.03007
134.001966,69,11.100787
56.124004,35,11.14046
9.209742,28,11.171094
206.888056,99,11.264987
36.435221,28,11.287563
103.302843,58,11.339795
75.37671,47,11.382961
38.566985,31,11.41512
136.415937,73,11.485916
20.101583,22,11.509045
73.310402,48,11.547196
5.531057,12,11.56276
124.849219,89,11.65518
54.666498,68,11.725479
192.579828,100,11.830475
44.348196,54,11.886201
31.42929,24,11.91036
96.826262,69,11.989382
75.256181,52,12.03601
12.913247,17,12.050082
116.623022,78,12.126898
24.401071,31,12.162566
19.541212,23,12.183652
81.949915,49,12.235871
80.446187,44,12.283101
59.544279,36,13.570214
77.672731,51,13.614929
176.330998,115,13.72544
119.859918,63,13.793761
87.643772,53,13.8379
49.312536,42,13.882106
91.193963,63,13.943843
67.654041,40,13.975468
200.90674,101,14.075181
121.753683,65,14.133916
49.306268,53,14.185645
59.160911,42,14.234844
94.811162,55,14.292568
88.191655,50,14.347203
54.770125,40,14.389373
108.244998,62,14.450164
66.86636,40,14.475239
180.049372,88,14.557602
78.19273,45,14.598693
104.575567,58,14.658422
79.891199,48,14.710668
122.895306,72,14.787008
46.452329,37,14.824702
149.503645,87,14.907067
17.400082,19,14.927506
110.782367,61,14.983903
87.79281,72,15.053213
141.421697,69,15.129055
154.925199,74,15.20086
19.895954,20,15.222444
94.646497,56,15.274612
214.610926,95,15.382088
100.405391,57,15.4318
96.637315,54,15.472977
104.158835,56,15.513684
69.138766,45,16.867408
53.966058,33,16.89544
94.554897,52,16.948048
189.524301,100,17.050693
96.130922,59,17.1134
99.533692,54,17.1581
98.590721,56,17.217881
124.516057,69,17.282622
50.078683,38,17.320317
22.316166,23,17.34289
203.623853,113,17.453964
107.372297,60,17.515714
91.818521,53,17.57099
207.313399,98,17.662425
109.028033,61,17.713657
137.104774,77,17.791431
62.848461,37,17.830055
66.700555,41,17.87119
21.085327,35,17.903332
53.652477,39,17.94151
81.047823,48,17.993227
106.348601,57,18.051016
142.195704,70,18.117325
104.286101,57,18.181616
223.11751,102,18.272603
93.434929,56,18.324387
103.154844,56,18.372069
112.436112,60,18.43586
70.588813,44,18.479549
101.826931,55,18.540317
77.754816,49,18.591038
15.181365,25,18.613597
100.454718,67,18.67939
170.535464,88,18.762802
179.37155,84,18.84533
75.085215,44,20.16567
179.825166,80,20.24952
80.113328,54,20.29923
63.786317,39,20.32934
207.246053,92,20.428226
226.965127,106,20.530134
208.302853,101,20.633055
197.398194,85,20.698827
103.893393,59,20.760088
185.598867,85,20.848477
229.555451,104,20.942891
136.314084,70,21.013823
206.394281,93,21.107241
104.805277,60,21.153948
214.782368,95,21.24508
215.23721,95,21.340652
77.339437,50,21.374288
204.005765,89,21.456062
153.10709,96,21.555827
92.093157,49,21.611628
215.092352,98,21.71804
84.474023,48,21.767678
40.942721,33,21.802852
85.79777,51,21.85058
86.993533,54,21.910376
101.335759,59,21.974623
75.294938,44,22.022545
137.55464,72,22.106154
203.38136,90,23.47883
110.832377,61,23.539431
203.482328,90,23.626284
218.357249,98,23.729302
146.885566,74,23.808711
82.496665,49,23.84491
214.332983,95,23.919805
95.111651,54,23.969522
198.83718,87,24.060836
207.202737,91,24.156178
207.620882,90,24.252582
234.387298,114,24.379842
87.947511,49,24.435072
219.02008,96,24.514912
124.651883,65,24.569158
204.158038,95,24.669076
231.053642,105,24.776354
102.988462,60,24.839596
101.325841,54,24.893271
216.81014,99,24.997566
61.07605,49,25.046065
65.733342,40,25.08021
205.718569,92,25.168485
211.896404,92,25.262025
148.905655,74,25.333354
213.756033,92,25.422724
210.624276,99,26.789939
219.291938,100,26.888395
231.905636,103,26.980349
89.358949,50,27.032236
98.457554,60,27.094452
241.808347,122,27.227531
93.257767,66,27.302881
206.228851,96,27.40587
150.234098,75,27.482237
85.559612,49,27.535959
213.075928,97,27.638157
193.600799,88,27.730575
202.935533,90,27.812837
203.505932,92,27.901338
220.750177,98,27.9967
220.441832,97,28.085008
212.586054,94,28.179928
212.95795,94,28.25778
146.71341,73,28.332658
98.277299,57,28.389923
183.1509,84,28.472756
147.199715,73,28.540004
154.837613,74,28.607712
211.520546,96,28.707651
212.857613,97,30.098252
216.974886,94,30.198148
183.846149,98,30.300675
224.418212,100,30.403738
220.47916,98,30.493586
119.688808,72,30.564865
208.543887,93,30.652225
241.594953,106,30.764018
186.772234,90,30.847443
218.079971,96,30.945883
82.963092,48,30.99659
214.801248,101,31.089962
210.345017,92,31.164202
228.381788,103,31.266652
145.17044,74,31.340507
208.284323,93,31.430868
212.849352,98,31.520016
73.426709,44,31.554642
195.255302,88,31.640971
225.534055,102,31.733016
216.299528,94,31.811345
207.183831,94,31.899681
218.177808,98,31.985594
208.466666,91,33.376323
214.613318,93,33.468239
207.401549,95,33.565665
210.207573,92,33.660631
211.638515,94,33.762163
216.71778,99,33.858096
208.067816,90,33.948447
186.377923,83,34.03131
210.820347,96,34.127804
209.844417,94,34.224272
176.89734,82,34.31121
212.767536,93,34.406641
232.298439,110,34.520506
230.639605,102,34.617892
191.720788,86,34.695223
82.48235,47,34.742481
221.897771,97,34.837923
162.602381,78,34.915029
226.90226,100,35.01297
233.397615,107,35.114876
187.31633,87,35.205246
132.043414,79,35.269503
218.556689,98,36.615551
229.473861,105,36.723968
226.680331,103,36.834274
213.178509,94,36.91616
216.44616,96,37.01866
226.521922,100,37.12266
134.853976,66,37.193431
212.083607,104,37.292559
89.124868,51,37.338791
188.172463,90,37.423676
216.54068,93,37.508051
209.968679,95,37.606472
201.736489,88,37.698897
209.180535,94,37.790223
215.980087,94,37.882637
208.068809,95,37.965494
208.082431,93,38.049896
215.113438,95,38.136698
174.021962,82,38.216581
214.474601,97,38.315019
216.303842,96,38.408803
213.308636,95,38.496161
218.545722,95,38.595109
196.749262,90,39.937811
218.263813,97,40.030206
212.88179,99,40.1281
215.425429,97,40.22154
223.644738,102,40.315504
191.591188,86,40.401393
233.231822,107,40.50688
202.631772,90,40.589719
203.705994,91,40.664007
229.005355,102,40.761446
206.368653,92,40.848838
216.412851,98,40.947656
215.437823,97,41.044056
179.435965,82,41.123922
154.126205,78,41.201228
191.689161,87,41.279478
197.063036,88,41.364245
214.03028,96,41.440111
162.397919,76,41.504556
221.801183,101,41.603443
215.521196,100,41.698542
212.458263,97,41.791952
207.651202,92,43.164529
229.268207,102,43.279016
214.003421,97,43.37209
215.585175,96,43.451934
213.481348,93,43.529755
206.496453,92,43.616516
225.155923,102,43.704841
163.859232,79,43.763613
193.135306,91,43.852447
87.865227,56,43.906671
203.752252,89,43.991543
219.835187,99,44.095515
222.953818,98,44.196404
206.684681,94,44.28792
92.154331,54,44.33418
197.924716,89,44.423603
193.916192,87,44.498793
223.043462,100,44.596106
216.271648,92,44.686584
205.491342,90,44.778487
212.681282,93,44.86139
215.261774,96,44.963338
223.992865,103,46.305103
164.892909,79,46.372907
231.215706,101,46.453725
240.307308,109,46.556601
207.149621,92,46.644
163.609159,77,46.720327
219.269558,97,46.804989
215.794893,96,46.896881
208.453051,94,46.978879
214.612834,96,47.064358
202.13594,93,47.151691
203.996727,92,47.240884
211.475724,92,47.334799
216.800629,96,47.436626
184.007097,84,47.513115
210.079858,93,47.597965
220.743465,96,47.689375
206.088366,91,47.784301
230.552279,100,47.883102
106.95876,58,47.943896
212.554272,93,48.052418
208.344746,92,48.167999
213.741104,95,48.283107
221.972186,107,49.714967
192.317259,89,49.80037
214.357149,94,49.882265
210.971144,93,49.970648
153.293684,76,50.051364
204.859857,92,50.13117
226.171547,103,50.224553
182.321518,82,50.304102
209.67285,92,50.387882
222.729661,102,50.484348
209.56692,92,50.570611
202.074443,92,50.657066
202.365992,93,50.748112
209.172966,96,50.845047
223.703768,97,50.942616
220.612628,99,51.045434
191.084202,88,51.149941
201.741027,88,51.249599
249.372503,108,51.354076
217.282943,98,51.45796
227.788846,101,51.569813
218.104693,93,52.927057
210.097778,92,53.014108
205.843522,91,53.086842
183.188782,84,53.152148
232.3518,105,53.25954
214.873399,96,53.359519
228.017554,97,53.45494
243.207434,109,53.55862
87.085138,52,53.611467
208.690033,92,53.691742
185.481655,85,53.759032
195.501963,84,53.842433
204.099885,90,53.932539
155.113182,75,54.018719
181.515198,83,54.106551
205.176778,95,54.199464
212.979801,93,54.298955
210.405989,92,54.390316
124.653226,64,54.466678
185.825809,85,54.558588
167.823389,77,54.630928
84.548453,47,54.683602
223.574544,99,54.788553
212.535282,94,54.890543
175.108569,79,56.303195
223.630219,100,56.387379
217.349267,98,56.463202
152.038271,76,56.536384
226.314227,102,56.636291
198.782831,88,56.720482
206.466,92,56.805397
231.683662,106,56.902502
79.3394,46,56.949717
110.78072,64,57.019043
218.39652,95,57.116429
226.158004,103,57.225863
93.316574,52,57.282572
226.917477,97,57.391997
202.44759,90,57.471811
211.730361,96,57.559225
249.71335,110,57.647099
210.359742,93,57.746056
247.791423,108,57.856559
165.095069,77,57.922808
200.617004,88,58.01421
214.25226,95,58.097511
178.088402,84,58.182891
226.41959,102,59.589818
227.389922,108,59.69159
205.421057,93,59.779506
204.75629,92,59.872923
209.091614,94,59.969475
229.267276,99,60.077435
204.482928,92,60.17346
222.233192,110,60.282356
221.931172,100,60.386285
209.696793,92,60.479224
212.535735,103,60.594285
203.221698,93,60.696243
239.576141,110,60.814244
198.37294,92,60.915737
233.512884,110,61.016651
191.212071,91,61.111633
204.434721,91,61.203972
228.9911,104,61.30191
206.921997,94,61.378235
254.437364,108,61.479311
218.993851,99,61.572691
219.057518,101,63.029505
225.648263,101,63.118916
247.831291,116,63.253362
93.65989,54,63.312644
206.369281,94,63.423839
217.055916,101,63.529241
224.911041,107,63.644687
198.026531,89,63.747335
208.374193,101,63.852725
215.517669,94,63.943086
214.829193,94,64.031513
215.096243,96,64.126929
227.506585,98,64.230376
242.553312,113,64.351829
208.395123,91,64.438293
229.884691,108,64.546721
213.21756,99,64.64568
248.0404,109,64.758685
210.610292,109,64.865186
243.042539,109,64.976692
198.900631,92,66.37604
207.910622,94,66.473006
227.767506,106,66.576941
191.897387,100,66.680443
247.521074,111,66.798389
209.639511,107,66.90438
279.745093,119,67.011661
206.012771,103,67.108547
233.897455,104,67.192908
241.334802,112,67.304033
223.495961,96,67.405976
253.622021,107,67.510463
225.454853,99,67.592767
236.064023,103,67.674194
93.112971,65,67.740178
234.154853,102,67.846696
213.966878,105,67.946667
227.841322,109,68.050878
228.315495,109,68.152398
248.775442,110,68.24537
232.1283,105,69.651134
224.842837,96,69.743472
208.804573,96,69.824323
270.804909,116,69.94994
253.132585,108,70.054458
234.890615,110,70.161916
210.505162,97,70.27042
214.114431,98,70.364322
260.017031,109,70.460224
224.846348,100,70.556633
221.51459,104,70.650459
254.321166,105,70.739642
211.360741,98,70.835168
247.715073,108,70.924797
222.837065,99,71.017106
211.138911,94,71.112027
190.36869,86,71.195376
210.579198,100,71.291346
150.405093,72,71.363676
249.62537,107,71.462556
248.172961,105,71.545442
177.997637,84,72.922765
229.314057,103,73.012195
223.936727,104,73.124587
201.295158,93,73.216122
225.596328,102,73.326207
140.278339,74,73.394047
235.218607,109,73.501554
204.787537,93,73.594956
216.657106,96,73.684301
243.183409,106,73.783308
284.091124,121,73.907463
235.686505,101,74.006938
238.991605,105,74.117244
262.127852,114,74.217453
230.048986,105,74.317421
260.255395,120,74.435115
235.352824,102,74.539202
211.738883,97,74.639132
228.735079,101,74.727023
170.947797,93,74.823431
280.185311,119,76.234327
234.116967,109,76.328723
272.43597,112,76.443157
207.369095,94,76.54093
350.902433,151,76.70108
272.44028,113,76.821751
321.165927,125,76.942801
256.823667,105,77.054043
244.896561,103,77.151967
292.42033,121,77.275923
256.370209,106,77.386825
243.109521,110,77.494038
323.712953,129,77.614562
311.631006,125,77.731509
200.815761,93,77.823326
270.072817,117,77.948812
193.942278,90,78.041176
202.913714,88,78.133183
215.089332,100,79.491246
332.720736,129,79.61637
213.345893,93,79.710182
249.475578,107,79.816695
285.272207,120,79.941827
265.790863,125,80.041695
283.577195,121,80.157918
379.298475,145,80.290469
264.941841,118,80.423498
228.526795,103,80.509845
340.821955,131,80.639422
209.999748,95,80.729747
299.96133,127,80.85586
339.650399,125,80.976509
349.60266,144,81.114506
300.337153,127,81.244118
274.490975,112,81.352017
261.117553,109,82.744893
152.644504,81,82.823319
245.04983,101,82.937855
333.731135,132,83.061454
331.065906,140,83.199566
342.691447,129,83.323727
328.82988,136,83.471362
77.589871,46,83.52161
303.040346,136,83.666761
279.978021,118,83.773296
299.879638,131,83.90902
335.333379,143,84.058692
326.251452,126,84.171105
327.324848,131,84.279484
307.356935,128,84.394031
306.555299,125,84.504684
256.64162,104,84.594766
334.461003,130,84.712303
305.935786,139,86.114744
175.399206,89,86.191998
306.212335,132,86.321083
337.691145,132,86.461186
303.963827,129,86.587166
90.442129,51,86.640935
374.79874,139,86.776563
313.432923,125,86.911417
324.120815,131,87.04442
297.133658,119,87.157945
340.08783,131,87.268964
305.531263,119,87.383989
356.65481,140,87.513571
219.996617,105,87.611164
273.774238,117,87.712023
304.164733,123,87.814511
239.895466,109,87.914425
284.502089,123,89.287264
319.832157,132,89.419294
348.23388,130,89.537644
329.957155,128,89.659152
432.948705,159,89.805168
420.854287,166,89.971887
354.704988,148,90.099996
324.73648,135,90.253621
281.352365,131,90.369638
282.148345,123,90.481647
343.598435,139,90.615437
348.652152,136,90.749541
340.333307,136,90.871527
331.69534,120,90.977445
363.844958,132,91.087864
342.230965,141,92.4839
567.167554,209,92.702732
360.879388,139,92.857418
335.229331,143,93.005559
320.547958,135,93.133945
334.397204,127,93.257969
305.729534,128,93.376533
361.217186,137,93.509844
329.542784,136,93.6676
297.177888,136,93.800232
331.431759,131,93.932278
330.158276,135,94.062858
299.543402,126,94.191381
320.605231,124,94.312463
338.268191,133,94.440021
300.38458,129,95.902509
297.81642,132,96.030136
137.988438,70,96.104706
351.193257,144,96.253841
238.295956,111,96.358234
444.966885,158,96.511977
431.773451,158,96.656067
307.446862,119,96.776851
343.508115,130,96.905493
497.133581,177,97.063697
394.123872,152,97.185227
317.573967,140,97.315398
304.362467,120,97.427894
330.61271,137,97.555465
365.310246,135,97.6876
216.580876,105,99.060587
386.98535,143,99.205283
282.686752,123,99.336337
367.287284,144,99.495315
232.705418,119,99.607341
354.030286,137,99.746471
188.300821,92,99.835364
297.760749,139,99.967863
173.671261,87,100.042707
302.664971,128,100.162695
284.695578,132,100.292745
687.344191,218,100.498065
101.214672,57,100.549286
282.381674,125,100.645642
476.701582,173,100.797786
332.466289,138,100.91778
639.306915,209,102.390862
324.0262,132,102.513476
117.279935,67,102.592829
395.12152,151,102.741739
416.526702,148,102.873489
332.334262,136,103.00303
125.613433,70,103.062865
477.117393,173,103.209856
359.056439,134,103.3312
354.621179,126,103.46037
451.597978,173,103.62606
344.060029,144,103.7636
393.543947,160,103.912083
425.087057,177,104.064819
358.289737,171,105.474494
232.850957,107,105.57737
321.094208,138,105.701958
428.110981,154,105.850008
557.715777,217,106.037214
543.646694,196,106.217947
289.459465,140,106.337903
252.927104,113,106.43581
389.162226,144,106.56046
257.846706,128,106.674958
594.685267,220,106.87782
352.373993,134,107.021478
377.814511,144,107.161018
117.626952,61,107.221148
379.483688,149,108.661067
391.078732,169,108.83236
498.335074,189,109.011768
582.743332,208,109.212656
364.866811,151,109.354266
482.667667,175,109.511348
524.231804,201,109.704352
600.025773,232,109.921312
485.19415,170,110.080676
356.862234,131,110.203674
267.724365,133,110.334812
449.404503,163,110.504077
540.928707,202,111.940074
485.364858,173,112.081698
385.400844,137,112.198095
346.192695,145,112.337825
497.056835,182,112.510489
363.277382,144,112.651581
396.727195,147,112.787349
499.645837,200,112.981167
333.164079,139,113.11368
329.176344,128,113.235134
689.532214,242,113.444391
648.230922,218,113.672386
560.996008,201,115.084665
750.884739,294,115.328564
319.884702,144,115.467146
557.95362,195,115.645399
455.807355,165,115.79252
406.781884,153,115.945633
286.589661,113,116.052916
582.704568,228,116.271384
229.706914,104,116.37687
846.711138,283,116.648085
608.646897,217,118.164225
415.803149,172,118.34201
357.416266,134,118.478087
284.321948,127,118.605308
340.199167,127,118.722843
276.307908,140,118.85351
545.40474,196,119.018142
361.129995,146,119.147575
376.738703,137,119.283349
406.183874,137,119.428545
363.927594,139,119.558588
416.355623,178,119.704455
527.373814,203,119.9143
377.75196,142,120.014678
477.31375,184,121.44237
328.93803,124,121.565763
408.665312,175,121.731517
342.071365,138,121.856575
593.852468,211,122.061273
413.7945,171,122.230481
416.220298,147,122.382236
530.516337,193,122.56696
187.19643,85,122.647334
90.766769,53,122.694537
130.987624,82,122.773352
404.752306,149,122.921539
496.926485,181,123.112946
505.211354,203,123.310337
128.980555,69,124.672125
508.056751,173,124.849663
558.329284,195,125.034472
375.368947,143,125.166547
498.056558,179,125.334783
438.079518,156,125.487917
407.888744,152,125.624982
351.181523,128,125.752508
375.909164,144,125.896741
680.168547,252,126.14013
394.106672,168,126.299767
306.303872,116,126.407209
738.570908,273,127.931194
599.15111,215,128.136104
152.742071,81,128.216959
645.19376,228,128.436766
551.860131,207,128.631121
619.546612,207,128.830408
593.427728,206,129.039109
571.385577,200,129.21142
493.585831,176,129.395757
730.462863,258,129.637547
536.339352,181,131.067961
387.202519,144,131.191478
477.416163,184,131.36829
134.700866,79,131.450134
817.804929,280,131.720956
439.144287,167,131.89586
330.424605,135,132.026891
481.125729,182,132.206571
223.765062,116,132.323307
492.862958,186,132.509014
415.280615,152,132.678713
613.762904,216,132.90625
396.800441,137,133.029342
316.003322,131,134.369099
494.20227,188,134.547286
539.327178,182,134.730959
822.644482,286,135.035811
297.928407,137,135.164628
585.937411,200,135.360505
493.816491,182,135.527724
115.508604,65,135.588505
506.92063,180,135.765064
898.911104,313,136.053261
297.836769,123,136.172179
706.759341,240,137.663703
337.783695,134,137.778615
685.258695,232,138.008834
601.756804,213,138.224523
493.445331,184,138.416869
590.119284,205,138.624284
397.118947,141,138.748877
554.021777,194,138.92019
645.619506,203,139.102915
523.911353,177,139.272719
689.439781,245,139.505366
415.947306,145,140.90574
591.952628,201,141.105578
127.253793,71,141.177937
490.203512,189,141.340719
1063.322438,408,141.760927
543.812892,190,141.943213
388.081075,134,142.06474
447.453087,170,142.234022
579.478086,205,142.417033
613.842209,228,142.638841
575.946542,193,144.128372
668.891853,220,144.338229
573.748635,202,144.535029
350.181605,130,144.639681
620.568893,219,144.83169
370.604218,132,144.964234
601.981038,206,145.151099
390.273964,147,145.290698
505.928015,167,145.44887
581.686176,204,145.634262
564.21781,178,145.798311
610.553004,210,147.285352
397.779261,140,147.427888
397.809719,140,147.557454
384.72093,137,147.682511
705.689908,227,147.879416
912.189296,293,148.17859
831.372574,280,148.478142
645.388625,217,148.699147
837.75495,271,148.929664
860.986289,274,149.207922
687.664566,219,150.699264
632.288084,206,150.879843
675.182788,219,151.07929
813.401162,296,151.368972
586.139507,208,151.556395
486.306113,164,151.71294
1117.776197,375,152.055182
640.271307,206,152.261411
918.767207,294,153.836426
383.897019,134,153.96501
901.058191,299,154.237792
601.806923,215,154.432151
491.401046,168,154.608454
375.157415,134,154.723523
638.879467,214,154.945955
355.941801,131,155.091136
525.91914,169,155.269863
625.554149,207,155.471823
545.706784,187,155.671738
362.435858,148,157.065693
778.771632,243,157.288759
663.515499,212,157.477331
857.084664,274,157.744968
601.518743,209,157.944252
621.410337,215,158.147995
889.884945,287,158.444314
343.241522,139,158.583383
840.78638,269,158.795518
668.547634,221,160.234507
517.079929,186,160.420995
709.556823,219,160.654002
883.993961,300,160.931637
435.6063,167,161.076116
586.107072,212,161.263933
618.405283,211,161.462317
540.978091,197,161.673777
729.516014,240,161.902393
932.24374,301,163.4784
950.188479,298,163.745942
923.804918,309,164.027758
627.585219,229,164.221042
407.192641,137,164.343909
396.134123,146,164.48951
828.264464,267,164.746662
802.313015,309,165.064403
382.776735,135,165.185128
451.833023,160,166.639262
809.655381,257,166.856251
802.511384,256,167.079572
547.164796,200,167.280772
375.646728,140,167.419327
688.520801,286,167.696708
793.647218,275,167.96248
689.670216,231,168.182824
468.523861,177,168.353054
743.194996,249,169.869415
629.65012,215,170.052569
605.926169,209,170.234343
770.048829,266,170.487595
561.313596,211,170.691509
529.002933,179,170.865278
634.130651,210,171.052701
474.07978,185,171.248983
1239.776453,468,171.722957
1098.415224,399,173.383813
380.62425,135,173.521888
926.243378,303,173.813543
552.569894,185,173.992785
392.433492,147,174.128063
630.088134,203,174.31124
673.440935,230,174.519875
1226.2621,394,174.887288
681.652722,219,176.373247
913.833684,290,176.653685
324.923197,144,176.79479
787.923914,259,177.052431
851.043837,282,177.33302
516.014063,186,177.514451
1117.918942,351,177.857556
379.069577,140,177.988611
395.850841,166,178.148803
644.431863,217,179.68002
867.962166,289,179.94965
628.33229,206,180.147565
1502.250433,500,180.638849
537.879683,182,180.818523
932.777952,309,181.10934
1366.854759,475,182.878142
666.088913,276,183.153303
1087.87749,367,183.514389
1141.790087,348,183.875877
542.715266,196,184.074804
905.488536,290,184.370514
671.708566,241,184.608559
602.854652,201,184.811455
962.605393,315,186.380089
1219.597987,500,186.859318
843.185337,259,187.11007
687.095079,228,187.335163
439.38881,168,187.499357
510.284984,162,187.647927
1161.636985,500,188.105735
380.360833,131,189.53373
1085.211837,376,189.881948
840.15026,267,190.137338
891.624021,288,190.401758
411.467946,139,190.51773
571.033098,210,190.732989
720.448034,234,190.959094
597.042443,206,191.163396
880.919543,302,192.758196
889.813763,287,193.019342
436.905142,163,193.169372
1012.771235,327,193.472859
1058.967942,355,193.804461
453.05784,173,193.994339
283.323156,129,194.121819
1190.357102,368,194.450481
894.998054,291,196.010703
951.110122,302,196.300189
1211.087722,500,196.743814
601.35433,210,196.944645
382.220814,140,197.062614
866.491693,283,197.34394
230.106698,116,197.444774
431.527481,151,197.571759
540.295509,200,197.764677
614.187307,206,199.262281
923.006974,309,199.587637
449.694827,170,199.760316
572.07411,181,199.942335
281.395409,135,200.092132
966.828603,307,200.369517
764.371338,267,200.644161
1053.674531,332,200.935181
563.529669,213,202.451802
576.404335,185,202.615963
1021.423789,332,202.939729
1008.839682,325,203.234266
653.500737,208,203.434953
906.258278,289,203.709924
548.806128,210,203.898783
1007.522707,317,204.193441
427.203949,168,205.710733
726.711001,236,205.939687
945.493177,294,206.231902
1358.525175,414,206.615559
972.20382,327,206.951153
1140.151269,407,207.337343
1234.827445,408,209.016896
878.528208,273,209.272926
535.658274,190,209.476831
1491.910849,481,209.930549
551.377626,205,210.114813
1234.256246,444,210.502502
760.572844,242,210.740791
716.435951,237,212.238656
382.843844,130,212.383779
710.454342,244,212.633396
643.772218,225,212.868512
859.313381,280,213.149789
370.391532,156,213.293628
1281.642885,464,213.740778
1134.218738,362,214.069147
877.142664,267,215.641909
1168.443941,352,215.980599
1250.100073,411,216.407208
743.905958,248,216.620244
1072.455499,341,216.925593
594.123952,208,217.100813
572.345221,188,217.280544
509.789725,166,218.673263
807.215144,277,218.942801
920.4395,304,219.216079
911.023995,294,219.483859
796.353412,235,219.714134
871.159049,271,219.964617
791.26304,242,220.170929
1326.585169,412,221.779747
615.905936,199,221.985234
572.054044,231,222.224146
666.942688,222,222.436477
649.132222,207,222.612281
1247.492266,473,223.044663
883.552892,294,223.285663
613.770201,205,223.475314
1317.379106,404,225.074939
1298.004489,500,225.532271
204.581511,94,225.616219
1006.387493,324,225.913331
824.868228,272,226.140372
881.618412,269,226.3628
1002.205241,336,226.673542
1307.477119,500,228.441505
724.046406,237,228.662866
967.07627,311,228.93756
659.305444,224,229.122534
598.882903,210,229.319525
1330.572709,450,229.737883
371.094402,161,231.094256
1113.422427,360,231.403929
1388.288972,500,231.833909
596.377413,216,232.035176
1101.496203,336,232.322859
529.291462,169,232.474427
1355.408123,500,234.213846
641.435833,202,234.390553
674.446626,227,234.581831
991.413599,315,234.883085
481.346774,182,235.053261
797.663838,250,235.284278
940.125503,308,235.539778
1218.780857,381,235.898766
934.853132,305,237.435027
609.67549,191,237.608726
607.117928,204,237.79139
1021.697405,320,238.089324
1013.022827,312,238.396678
742.244637,233,238.620602
913.222705,304,238.900844
1076.901505,329,240.474026
1412.077263,500,240.940327
446.314418,175,241.102875
610.555568,214,241.294804
643.131784,209,241.481677
648.445306,213,241.682594
1116.775929,382,242.051525
932.526111,308,242.349159
793.232043,261,243.911628
1303.351929,430,244.333019
650.102845,223,244.538385
1314.527042,420,244.969998
645.413421,206,245.17794
1078.29689,343,245.517025
775.568751,254,247.020003
817.104246,278,247.255465
915.15139,297,247.529481
560.052555,173,247.699245
1243.063507,500,248.211071
808.696823,252,248.433055
764.638408,236,248.659048
235.002856,111,248.769135
364.270166,132,248.890707
929.083584,308,250.465861
555.0259,172,250.61289
940.9595,314,250.914209
543.255864,193,251.070868
1332.550582,500,251.563627
700.817935,221,251.783298
1291.164158,500,253.488087
267.283087,108,253.590958
771.450362,252,253.825228
660.744918,216,254.018108
1026.527635,317,254.305328
1069.373905,362,254.6281
1261.26655,500,255.13012
680.040417,210,256.623393
503.069022,162,256.776505
991.781205,318,257.041709
1064.583984,350,257.371829
723.183497,223,257.596505
1056.878692,338,257.9094
1123.405425,355,258.208146
727.140282,230,258.408533
1136.395184,360,259.943415
608.257955,184,260.095598
1403.259683,500,260.566797
756.590051,226,260.778553
849.077051,277,261.032187
1043.569932,324,261.3292
1341.135581,500,263.053727
1035.41675,298,263.322546
956.96326,308,263.610239
386.583269,135,263.735772
904.907256,273,263.96691
799.627397,249,264.183934
368.535527,131,264.316945
1373.222197,430,265.973609
128.901725,64,266.047492
849.752711,282,266.324755
161.635846,80,266.40112
963.350775,307,266.685251
1446.33616,500,267.10596
1024.708231,354,267.431447
362.080045,131,267.548441
571.504649,181,267.716122
575.949068,178,269.159731
359.184995,132,269.2901
1292.718173,401,269.665243
1333.413648,500,270.148495
1403.764975,500,270.608203
1217.739176,426,272.329778
882.084447,262,272.588212
1474.513823,500,273.081935
1187.109817,372,273.445075
115.694339,62,273.507817
993.377024,328,273.830679
770.431573,227,274.040639
1007.18769,330,275.663698
1232.287895,379,276.005754
1218.364706,500,276.449856
1314.977172,500,276.930754
826.589473,347,277.251185
1473.511628,500,278.988832
1245.673446,393,279.335386
1594.442452,500,279.782189
1158.882712,361,280.15086
721.761089,217,280.352241
1233.554452,384,281.982014
689.451925,234,282.20555
977.40033,332,282.532513
807.888877,255,282.768579
695.982361,225,282.981122
1396.861415,480,283.442035
1012.741645,327,283.763891
861.754839,273,285.32088
515.540735,190,285.484226
836.639243,245,285.708877
831.423122,261,285.946834
1235.425443,438,286.343167
1423.322316,500,286.860128
1001.328169,310,288.509252
859.338653,260,288.736495
1369.551704,500,289.19551
788.24368,255,289.450515
361.608198,135,289.587172
455.636537,152,289.736726
1293.513907,392,290.119977
799.697666,245,290.345355
632.423091,235,291.884819
711.549155,233,292.11385
1094.311089,330,292.464967
442.423602,160,292.632328
823.312494,263,292.877954
874.846476,277,293.147788
7021471.059701,500,335.4401691.1492.397728,496,335.892910.802285,303,295.172729
878.392095,266,295.44294
859.3921468.183566,500,338.469515
1131.55776,360,338.822215
350.014745,139,338.953995
931.275979,273,339.202916
1310.2254,500,339.625416
839.943097,266,33878.6512,1460.355216,500,341.652084
447.677668,167,341.8128
1514.980869,500,342.281185
217.519638,106,342.375408
1321.771831,500,342.839181
1316.004227,500,344.576042
1356.385437,500,345.032794
1335.1418,434,345.464668
764.129464,244,345.703231
1398.871371,500,346.167369
1448.537044,500,347.954959
1099.95925,349,348.253746
939.183626,277,348.51628
1366.162268,411,348.894402
1565.070591,497,349.345262
1076.694752,326,350.86657
1350.697489,407,351.249682
1410.274293,500,351.7214
1403.150899,500,352.173737
1018.209726,335,352.507304
932.838474,291,354.041937
874.00375,293,354.32406
1056.500995,330,354.590877
872.222961,275,354.830855
828.290553,273,355.072803
848.704526,256,355.310016
886.591191,304,355.611883
916.564822,279,357.202869
1575.027325,500,357.677091
149.761162,85,357.760511
1416.548216,500,358.240021
1434.389316,500,358.679892
1316.750995,424,360.39051
1340.98717,437,360.772853
1384.842176,435,361.164684
1338.782463,424,361.591085
1419.093756,432,361.985292
1002.561437,308,363.569959
1178.066169,357,363.904123
369.748016,149,364.05745
1094.29476,336,364.377264
320.333448,126,364.494286
1428.795034,439,364.940475
866.456403,264,365.217853
371.569476,157,365.341361
1306.349015,411,367.016494
1280.781929,478,367.473051
1389.461116,500,367.963232
990.352881,314,368.239257
1081.441414,329,368.554785
845.244029,255,370.079684
1110.068947,359,370.416067
1396.180097,435,370.873168
1359.632638,500,371.37948
1185.706058,352,371.696331
1237.950864,408,373.387942
786.686419,239,373.586725
1468.13411,446,374.023081
762.752968,243,374.248571
967.471674,291,374.536364
1168.216172,379,374.905167
1050.310635,321,375.216819
1106.996564,354,376.906472
857.838894,256,377.174262
788.809359,242,377.424629
1087.505382,392,377.823598
1326.008147,428,378.209845
1102.658238,401,378.552623
529.461023,187,380.046634
1094.043385,330,380.376727
1626.192312,500,380.822412
650.556158,217,380.993383
991.716147,329,381.285596
1355.80434,440,381.657386
814.274884,277,383.202001
1026.94779,318,383.528405
880.37867,266,383.763677
762.681156,244,383.970576
1166.56759,373,384.306275
1030.538952,311,384.59799
1334.463094,398,386.254493
1489.080076,500,386.748066
1233.739996,391,387.127626
905.558263,265,387.371521
1598.258164,500,387.830865
898.509957,287,388.103597
819.499727,264,389.602165
706.204604,220,389.789927
854.304648,276,390.063846
1026.376913,319,390.401775
1323.392748,427,390.856442
1422.77175,449,391.324969
964.876753,301,392.911379
984.863113,303,393.197248
903.428046,292,393.496736
936.048589,293,393.739124
830.455768,246,393.965037
829.234213,264,394.212078
1076.880344,326,394.531763
1424.604748,475,396.238577
1055.669321,330,396.519838
1067.827642,332,396.835363
828.735169,260,397.110373
797.485847,253,397.331351
702.458603,224,397.542771
1123.848952,349,399.128827
1049.307518,346,399.466707
1453.79832,464,399.899328
1544.158189,500,400.385088
1438.252231,500,400.897592
859.201789,327,402.485886
632.925001,210,402.671692
1488.61086,500,403.123931
872.87268,268,403.384978
821.211093,245,403.62176
708.699854,227,403.840765
1483.888233,500,404.279353
1059.117761,337,405.948482
873.175926,268,406.23021
729.702999,238,406.465337
904.223103,277,406.729029
872.612997,272,407.016692
1254.448586,368,407.368078
835.404111,252,407.620752
1676.104295,494,409.442784
1581.350026,500,409.878018
1410.019128,500,410.334516
1451.080742,500,410.760814
966.831311,309,412.28861
1312.66776,419,412.702101
989.65219,305,412.982782
971.689524,312,413.285737
709.340125,235,413.505546
811.518001,252,413.737116
1554.108712,500,415.432327
862.662204,269,415.675369
737.58104,222,415.887748
1580.457509,486,416.318083
1366.586514,421,416.672956
1521.906588,500,418.332182
764.463375,233,418.52417
1068.78551,365,418.859173
1534.721496,500,419.333198
1128.491974,339,419.620685
950.490172,279,419.850674
691.991681,222,420.04513
1287.58746,399,421.677962
1055.278694,321,421.973478
1466.471839,430,422.326068
937.884637,296,422.574313
1493.183507,494,422.994828
929.405625,297,424.528791
1460.5832,500,425.009928
1565.402677,500,425.441149
704.30861,216,425.636966
1381.536179,500,426.088374
798.692858,237,427.592533
907.110464,310,427.867974
1470.318554,500,428.32689
1052.868575,327,428.593547
1007.695796,344,428.906626
764.4018,248,429.138474
834.045786,258,429.365128
852.603977,262,430.917768
991.025093,323,431.215607
871.744377,263,431.455928
926.291476,311,431.745179
1085.063821,343,432.049724
893.119822,273,432.282161
1394.332727,500,433.982809
965.019959,300,434.272574
702.070938,217,434.492125
1375.863832,421,434.894027
756.9384,235,435.132653
959.146413,305,435.420197
635.886898,196,435.629274
1438.277053,500,437.437141
786.209569,261,437.689448
173.471701,85,437.7572
784.593242,240,437.97237
1572.489274,500,438.446481
708.265995,219,438.645087
1178.509215,344,438.971738
1473.018618,500,440.700238
1572.39271,500,441.148203
1608.052964,500,441.611538
1441.14757,500,442.067017
1498.087242,500,443.77623
845.294109,268,444.028192
842.99309,263,444.242159
740.669482,229,444.460387
1431.16125,500,444.959028
1474.317571,500,446.639976
1504.608815,500,447.122224
799.138324,247,447.368534
1008.989643,293,447.655194
1372.953196,500,448.160119
1275.81897,412,448.562411
795.809313,239,450.027025
1337.282259,500,450.498865
1523.07257,500,450.954348
541.130087,213,451.163241
1470.667415,500,451.618684
1537.32029,500,453.381869
747.415062,222,453.59696
1493.056735,500,454.080156
1640.866902,498,454.535466
956.186031,282,454.784504
895.350161,263,456.223944
777.330524,240,456.445769
1488.506541,444,456.838585
924.861988,286,457.119216
1560.119412,477,457.549338
1539.102627,500,459.321796
802.205473,247,459.561535
1075.298382,339,459.885909
1322.244204,410,460.258417
1320.543925,393,460.591505
802.548419,247,460.833119
1074.638469,336,461.168741
949.810178,299,462.729631
1329.497358,382,463.074826
1061.400879,326,463.397834
1631.925842,500,463.859887
1526.118953,500,464.309646
1455.439878,500,466.124703
1497.705301,500,466.588711
1440.857023,430,467.009404
1220.644057,355,467.342889
1077.574537,323,467.645904
1506.208087,500,469.398757
1439.851148,500,469.916763
1513.302534,500,470.384287
1549.434352,500,470.826609
1259.392957,369,472.390513
1070.323708,312,472.676747
630.139702,191,472.857042
1551.243733,500,473.334872
958.247504,296,473.593423
913.459373,277,473.857396
1015.441303,305,475.445554
921.301306,272,475.693687
1634.967672,500,476.178765
1217.257981,371,476.52072
1419.144143,422,476.900808
1576.811707,500,478.593729
1509.379115,500,479.078648
1508.498255,500,479.576234
1457.172605,459,480.002615
1516.041085,483,481.710892
1168.727998,355,482.023637
1227.689655,372,482.362823
651.028115,204,482.550697
1282.881542,409,482.927023
941.381524,281,483.188675
934.977394,290,483.465735
1178.917142,357,485.097497
909.542073,280,485.370494
861.157948,269,485.637105
1130.976126,339,485.97262
1220.425455,352,486.297163
932.728014,283,486.545317
970.800242,301,488.084945
1567.373117,500,488.577871
1208.545567,371,488.934843
893.25936,282,489.213756
1527.278011,500,489.638027
921.910157,294,489.905891
1189.849038,365,491.565817
1424.056633,500,492.036746
966.036434,291,492.298322
510.752375,187,492.454509
962.183589,280,492.713393
986.974247,309,493.000714
1564.377824,482,494.710023
1014.516344,319,495.047605
954.063152,297,495.329874
1411.59937,500,495.812533
989.390752,311,496.104287
788.703082,266,496.361408
1163.587545,346,498.001016
1632.704088,482,498.473405
1282.9129,385,498.810916
931.242824,288,499.068141
1513.831747,500,499.5178
1617.676589,499,501.281349
1501.471072,500,501.743984
1223.173723,379,502.083042
1259.925977,382,502.41454
869.626534,257,502.648021
952.380082,287,504.182677
1295.466844,395,504.583936
1263.724945,371,504.923973
1153.995158,344,505.239086
1490.963161,500,505.676389
903.446309,268,505.880567
995.777203,304,507.364823
1638.260123,500,507.810513
128.541509,69,507.880815
1534.80986,455,508.303936
178.122238,89,508.395283
928.531544,276,508.654966
1462.690961,500,510.365993
1518.613636,500,510.801621
1496.902475,443,511.167946
1526.764689,500,511.583709
1557.689394,500,512.008753
1623.062373,500,513.708615
980.990234,297,513.990028
888.061214,264,514.238947
1189.804674,367,514.555918
948.54685,282,514.805569
1563.063667,500,516.474988
1643.214141,500,516.889286
1308.635568,383,517.213303
712.082363,245,517.43321
1429.842127,446,517.823267
910.647277,273,518.066703
1045.008155,313,519.644456
893.452659,266,519.865859
1036.34406,308,520.145392
823.433619,254,520.351263
955.768952,286,520.614456
1216.353702,371,520.987238
1159.675726,343,522.559376
1581.790183,500,522.999099
1426.304201,462,523.435367
1538.760218,500,523.860265
1508.777183,457,524.269757
960.086414,287,525.850693
786.427775,241,526.091316
975.288975,278,526.364991
1022.406772,318,526.658587
1476.508413,500,527.14327
972.641321,290,527.429056
1191.086614,371,529.025078
1377.292055,500,529.479334
939.150344,287,529.734826
1594.015663,500,530.201836
1254.639216,376,530.54997
1564.42412,500,532.33676
1480.725986,424,532.717205
717.996217,219,532.931648
998.670624,297,533.20327
649.865342,202,533.389463
851.857612,257,533.62205
677.02516,207,533.820936
972.420445,289,535.357236
905.343948,268,535.624893
951.269525,277,535.884472
1052.648233,313,536.144495
1648.140421,495,536.604182
964.132696,284,536.877273
215.450038,93,536.967125
998.148613,295,538.485704
1286.957997,384,538.821061
951.852502,280,539.060545
842.681232,264,539.30062
991.403146,291,539.590548
1053.229487,308,539.886871
910.092244,269,540.154931
998.840504,296,541.732345
900.832749,262,541.957364
943.503199,280,542.201904
629.542414,203,542.36275
703.65051,208,542.549551
944.707206,273,542.804615
1415.005383,416,543.185251
1651.796755,500,544.906466
846.188138,245,545.132152
1019.508797,311,545.417331
681.714254,210,545.616001
1288.58044,380,545.939854
1151.631612,362,546.293843
977.000277,298,546.58566
1275.163715,380,548.224102
799.754826,231,548.433616
1500.43626,500,548.928491
966.649212,301,549.182404
1540.648062,500,549.65723
1561.854781,500,551.345365
805.784456,273,551.601304
1413.038153,422,552.010125
1488.380379,500,552.513777
1525.81965,500,554.256908
878.049858,268,554.521588
1008.71181,301,554.798891
1145.463671,340,555.122222
1525.165702,500,555.590998
1574.290253,453,556.00839
1503.680547,500,557.818244
1342.839725,406,558.210777
1467.637923,500,558.694695
1561.451945,500,559.149176
1524.089677,500,560.881705
1280.213806,432,561.281907
1384.126922,500,561.77093
1028.749887,316,562.063301
1128.641512,332,562.364094
1602.618115,500,564.110475
1468.92083,500,564.554027
948.854263,289,564.841464
1552.090379,500,565.305932
1522.831854,500,565.765394
1218.967219,357,567.334723
1457.514046,500,567.778476
1334.698212,408,568.144276
1123.403612,325,568.437518
1365.95794,389,568.815758
1573.895445,500,570.55255
1566.51442,500,571.028596
1557.305348,500,571.492767
1061.036842,311,571.799612
1583.52242,500,573.511653
1011.573575,286,573.796141
1108.818334,334,574.087889
1034.599152,315,574.399645
745.448951,235,574.637715
1225.820008,355,574.983196
1040.866766,319,575.303173
1410.41696,418,576.927996
1195.744189,348,577.222354
1673.88899,493,577.673609
604.823224,200,577.874471
989.901368,300,578.165754
927.379739,278,578.396827
923.565073,270,579.96688
977.241824,286,580.253067
1471.881161,432,580.63077
924.826421,279,580.906362
1106.888611,334,581.235004
1560.889119,500,581.678787
1064.432185,312,583.227697
831.973775,251,583.473175
1112.664395,334,583.799812
967.246368,285,584.051267
848.041324,258,584.307246
764.076352,233,584.526641
724.050219,215,584.737259
790.692658,233,586.289854
857.101037,255,586.556626
852.614059,253,586.805703
822.107777,247,587.061342
974.420377,283,587.349982
1022.975687,294,587.658894
1529.652408,500,588.138583
1506.002014,500,589.879188
747.39105,230,590.090632
876.873403,260,590.319069
1490.183218,500,590.790542
1493.823465,487,591.259583
670.364568,208,591.442865
831.614643,252,593.00128
1486.730584,500,593.481884
1536.478196,500,593.951571
1476.257809,500,594.417965
869.982167,259,594.612911
1547.943162,500,596.357161
958.077079,282,596.670163
1602.385669,500,597.156463
863.515677,256,597.400627
944.748707,296,597.673729
961.541703,280,599.148715
1030.816863,310,599.449721
834.820146,250,599.68417
1560.767454,500,600.159135
1613.127426,469,600.562946
1524.795743,500,601.042681
1561.765384,472,602.793681
966.258753,287,603.069847
1548.718901,500,603.513708
1095.641023,329,603.798993
1508.824418,500,605.511347
1507.485772,500,605.962246
745.086022,221,606.183655
1616.764245,488,606.61859
1633.248164,500,607.054989
1206.679627,353,608.609946
809.793495,233,608.845996
730.468232,221,609.041364
1271.278523,383,609.37364
1474.925712,500,609.849489
1007.43135,299,610.132016
1519.08697,448,611.794388
613.520604,192,611.982242
1627.266006,486,612.410175
1586.054688,500,612.864068
1130.439709,338,613.191583
900.204965,273,613.456284
894.970903,264,614.979767
1587.565033,500,615.468004
1503.735702,500,615.962155
1210.734829,366,616.303939
1564.885373,500,616.805187
818.340098,240,618.365994
1644.527431,500,618.847796
1597.192832,500,619.299067
957.18249,281,619.558141
1550.126535,500,620.033986
936.420216,279,621.506198
1600.016256,500,621.953602
1552.352278,500,622.394371
1518.788981,500,622.83061
738.205318,221,623.040378
1690.912513,492,624.777312
854.084376,271,625.024284
1006.589923,296,625.256817
1248.712258,369,625.603191
1082.708343,324,625.899047
842.148209,259,626.163147
720.843899,216,627.607881
633.506114,203,627.798724
1477.05306,429,628.163317
164.66489,77,628.23984
1564.247035,466,628.664888
164.704805,78,628.741746
712.18788,223,628.941524
955.114155,279,629.20154
164.322961,79,629.276408
1067.941141,321,630.816866
956.247899,286,631.099562
1576.206239,500,631.554211
982.115409,292,631.818194
885.933672,261,632.063231
813.860326,245,632.301283
960.718139,281,632.534794
903.568158,258,634.02948
1491.333834,500,634.502808
183.368412,84,634.579601
1507.570721,500,635.051191
1499.706423,500,635.551782
1217.514669,360,637.185985
902.455684,269,637.431246
1105.887108,320,637.75611
847.035183,250,637.999941
707.28139,213,638.196172
861.577497,250,638.432782
1034.505918,298,638.716291
940.047066,274,638.984833
705.076193,210,640.492739
1514.896753,500,641.006614
1628.701252,493,641.533945
933.829817,281,641.785888
1324.341215,393,642.128711
1598.743256,500,643.85786
964.984386,280,644.127739
1198.936979,346,644.474639
152.721384,74,644.556502
1279.689628,376,644.900337
1652.850102,486,645.366989
1513.661125,450,647.131118
1074.902264,316,647.433352
1056.706884,306,647.725245
1110.187519,329,648.037109
952.361148,279,648.297924
822.215771,252,648.520324
974.042042,287,648.799107
1033.242146,307,650.367645
1022.098577,297,650.648094
894.99768,266,650.881577
960.20382,278,651.146862
1016.351615,288,651.415176
787.111153,232,651.619528
1041.172859,305,651.873088
675.050053,207,653.393279
1013.537588,308,653.708489
875.028265,262,653.95016
1008.046571,291,654.222721
1266.209601,374,654.572622
1131.374962,330,654.83972
1057.47758,301,655.104939
1506.254815,500,656.844761
1497.245425,500,657.281532
872.400271,247,657.4982
1546.702438,500,658.003037
1589.744979,500,659.755002
975.058468,286,660.021163
760.252241,226,660.228034
1035.943903,307,660.495466
1027.532074,309,660.749069
1568.031756,500,661.234484
986.532726,286,661.51181
876.993907,261,662.983226
885.510762,256,663.241229
1060.076926,313,663.55822
993.48291,299,663.830874
849.362483,248,664.069892
954.168117,282,664.314925
582.342506,189,664.471622
910.506777,268,665.946537
595.698863,192,666.140298
988.314257,296,666.425337
1492.242753,500,666.87645
874.913086,258,667.113671
1500.855804,500,667.568741
218.118442,95,667.665113
1229.849561,351,669.271829
1449.576362,500,669.734994
856.173925,245,669.965657
1517.102652,500,670.432805
766.266624,228,670.61703
1296.169462,425,671.055711
868.625857,249,672.581064
814.867305,240,672.81401
831.984071,252,673.031913
976.66819,285,673.256827
1288.440761,375,673.570074
1248.489864,371,673.887532
1575.431509,459,675.615852
1221.990974,352,675.966678
1013.374226,295,676.240082
823.093127,259,676.498757
1481.044563,500,676.9829
993.658757,286,677.254616
897.441478,260,678.763392
1008.583147,323,679.070493
1476.879695,500,679.572558
1121.401028,332,679.896924
1434.701817,500,680.409961
1521.937687,500,682.141971
779.194298,233,682.352836
1512.601284,500,682.811547
893.752422,308,683.116239
1524.29443,500,683.569639
949.86213,283,683.821068
1522.970781,500,685.539115
193.46753,87,685.625918
748.593339,233,685.863111
1627.318099,480,686.299435
788.750996,265,686.523124
903.050643,270,686.755538
1627.973643,500,688.495053
1088.646945,321,688.791841
840.720991,246,689.027625
1574.99242,498,689.465521
875.336866,259,689.698931
1638.142539,479,691.483183
1490.30196,444,691.891951
1516.459705,500,692.345935
1584.788809,472,692.792913
1507.81583,500,693.282305
1076.767331,311,694.863232
1662.19805,500,695.299734
1588.655119,500,695.735957
1425.080415,418,696.117321
1230.661819,375,696.448193
822.432674,290,698.021539
1616.583604,500,698.502863
1113.032347,332,698.768555
1203.70537,361,699.11747
1109.017435,342,699.406274
929.952851,278,699.622131
1060.416487,305,701.170483
940.754723,289,701.457922
1595.266691,500,701.921935
955.08052,281,702.187351
1267.026734,387,702.56849
995.366592,287,702.814528
927.717472,287,704.340447
874.353286,269,704.57989
1131.054033,329,704.898137
1516.690625,500,705.391428
1019.07283,296,705.663033
975.115544,276,705.939812
696.206252,231,707.460553
1170.559655,346,707.803483
1036.242795,297,708.098985
870.692118,255,708.326494
848.410555,257,708.514311
951.967426,281,708.770856
827.578356,243,709.003686
975.086649,286,710.566444
1021.384526,301,710.842666
1580.111969,500,711.307975
904.99316,281,711.558161
1554.1517,454,711.947952
973.687975,284,712.209945
1058.264615,309,713.761844
1383.021618,403,714.145591
743.438841,219,714.35262
1461.552532,500,714.851343
904.685088,261,715.087885
1003.897581,298,715.355437
985.772663,303,716.893598
1500.94816,500,717.352512
1496.398128,500,717.79178
1470.220969,500,718.247158
1220.063734,360,718.571104
1194.304435,338,720.182527
888.100385,273,720.440758
968.778833,277,720.670923
1614.70235,500,721.130113
1557.48836,500,721.574818
1437.303148,500,723.313018
1066.130562,319,723.611464
1596.505469,500,724.098539
1573.445007,500,724.575163
1498.311727,500,725.063133
1148.664742,339,726.630162
1059.060299,311,726.895862
798.239833,265,727.162229
1518.951133,500,727.594279
1064.313421,316,727.878435
1516.523937,500,729.590336
1545.438539,500,730.080963
1542.144139,500,730.590258
1027.764066,296,730.871543
1532.686983,500,731.368715
999.782317,289,732.88273
1501.827796,435,733.29035
1481.118959,500,733.752804
1434.808795,500,734.216678
1513.438378,500,735.98631
1038.947944,301,736.273966
760.27098,236,736.511472
1081.617296,315,736.813662
1516.48634,500,737.300251
1446.86191,417,737.689282
1527.220959,449,739.392575
922.959332,271,739.649327
728.513769,219,739.856384
917.992423,272,740.089923
1493.865082,500,740.554405
913.022073,262,740.777533
1049.26145,313,742.361821
997.340385,293,742.634152
1601.958524,500,743.097692
782.940136,234,743.295044
1307.741548,377,743.597834
918.068886,273,743.866434
942.089348,276,744.126069
1238.837486,381,745.764024
990.484763,281,746.031706
846.312945,245,746.289532
878.323896,254,746.507051
1605.066776,500,746.99355
1633.860373,500,748.721258
1027.635576,307,748.998926
839.19679,242,749.224996
1073.272337,325,749.534118
1000.381826,284,749.789278
989.047576,273,750.032156
813.400127,238,750.236542
1556.759848,500,751.960289
1011.765782,295,752.20329
1508.712159,500,752.692014
969.480889,283,752.947144
1027.025463,300,753.20526
995.570653,284,753.474023
1005.818936,333,755.076073
836.419597,245,755.305813
997.08034,284,755.54745
882.753334,264,755.779624
987.166774,295,756.023643
841.606033,261,756.259158
1209.069473,347,756.55748
1049.078921,313,758.085759
733.365517,215,758.30667
952.316084,268,758.567161
1036.901552,300,758.839267
908.557385,260,759.034545
1683.087785,486,759.458742
1098.669684,320,759.757577
981.058763,278,761.247389
1163.193033,331,761.59227
925.153398,260,761.851612
838.680021,243,762.09351
1200.307917,343,762.402475
1700.818102,500,762.880261
1589.824324,500,764.64624
993.985361,287,764.902037
1582.76308,500,765.384595
956.507107,274,765.635168
906.311594,255,765.876764
1035.553149,323,766.169604
1554.399712,500,767.951833
1631.150615,500,768.413199
885.842661,255,768.633056
1011.503424,287,768.885611
1362.319695,390,769.276344
1141.471859,331,770.909036
991.231428,287,771.163931
1041.166463,317,771.446188
796.680014,249,771.680585
1292.438849,358,772.003954
1657.170252,500,772.409508
907.954355,266,773.880973
1619.392172,500,774.32845
1461.332931,415,774.688166
561.751396,171,774.853543
744.947448,222,775.071621
893.278938,260,775.307071
886.909606,256,775.547122
981.234767,279,777.039606
1445.882707,413,777.420267
1738.682938,497,777.900025
865.332416,249,778.111099
729.34743,216,778.31001
729.023057,220,778.505308
842.696793,244,778.712158
949.010772,267,780.170288
1265.426746,364,780.51071
1607.988303,500,780.996729
936.930132,275,781.2453
1200.191963,345,781.583235
822.847691,238,781.797678
212.999083,93,781.884144
1016.770073,311,783.389316
1048.430089,304,783.655184
765.980749,225,783.865128
954.316897,283,784.12136
905.648065,256,784.36264
1548.199106,500,784.821893
1079.709965,309,786.370815
1197.532752,339,786.663056
908.398953,259,786.891205
871.480419,250,787.125378
1589.556085,500,787.604234
1184.805447,339,787.906632
1533.71223,500,789.587712
862.898681,243,789.804221
1580.70305,500,790.257388
1349.84757,386,790.625886
871.068652,246,790.872159
1090.225949,308,791.165424
1632.313532,500,792.967968
1505.075901,500,793.47858
993.544596,322,793.787459
1069.461264,319,794.070843
1083.635609,317,794.371072
997.840735,287,795.941485
1073.214631,309,796.230391
1394.700944,449,796.701979
1556.335192,453,797.174237
963.853364,289,797.448312
1563.586755,500,797.918545
1652.774927,500,799.600946
1551.767883,500,800.045586
942.004382,266,800.260577
1206.828323,337,800.55875
1210.715271,355,800.884544
1485.843767,500,802.672067
1204.423445,344,802.999854
817.199494,233,803.221645
1026.549862,304,803.485221
1618.001503,500,803.883407
1569.383922,500,805.605301
1536.473032,500,806.03813
951.892381,285,806.302845
1017.156751,304,806.600367
1526.430482,500,807.040665
1491.222253,500,808.813325
951.271972,274,809.046279
1539.407707,500,809.506818
947.575768,266,809.751742
1021.696472,296,810.008826
1628.989006,465,811.736259
1545.215827,485,812.182795
815.826922,249,812.425005
923.359443,261,812.653858
1571.475634,500,813.098706
1601.085638,500,813.544217
1654.715939,500,815.291462
894.765377,259,815.537008
1046.282251,290,815.791718
853.001529,245,816.007745
929.833297,262,816.230776
1734.453922,500,816.686608
1581.378351,500,818.340376
1630.745979,500,818.81109
1043.812659,302,819.102321
1215.966578,353,819.457797
1622.791909,500,821.207657
1390.465469,426,821.604787
1528.718802,500,822.054134
1146.537049,336,822.36641
1113.025146,319,822.65319
1643.513487,494,824.348662
1174.017463,344,824.697255
963.407075,303,824.993407
1451.29892,500,825.496487
990.676946,299,825.78734
1628.251639,500,827.590777
1279.728313,371,827.939612
1321.661392,423,828.335459
1637.485257,500,828.789431
1502.350804,500,829.233336
1711.820064,500,831.006368
1608.368199,500,831.491444
1549.604804,500,831.971822
1505.946255,449,832.386175
1535.926671,500,834.11495
860.7067,249,834.355596
807.209159,240,834.575567
868.472671,246,834.799044
1183.976071,346,835.123539
879.438764,251,835.353023
1568.745438,500,835.846145
934.663714,266,837.348572
869.610672,253,837.60321
1499.69128,500,838.061363
1625.758533,500,838.519183
1616.754595,464,838.957153
817.762112,255,840.450912
1546.535562,500,840.914392
871.775567,289,841.211532
866.689267,302,841.499474
877.357483,256,841.742623
1531.311746,500,842.21664
1530.979796,448,843.901017
993.335205,280,844.162223
928.642092,274,844.430894
1592.215122,500,844.885277
951.866782,272,845.136767
1084.656948,303,845.427601
1624.409773,500,847.232775
1620.825886,500,847.683094
1596.68732,500,848.103002
1055.730705,323,848.388364
1491.806022,500,850.117816
1066.245353,303,850.421729
1555.991377,500,850.886191
1070.953943,335,851.206191
1025.930514,304,851.473888
1030.024401,292,851.745512
848.203206,247,853.313507
1211.744615,344,853.599936
1545.862695,437,853.987248
1600.481606,500,854.449109
884.786435,249,854.687046
1065.77741,307,854.961189
876.173031,259,856.512983
901.950973,256,856.771639
1362.511604,389,857.13145
1014.065775,296,857.416266
909.551619,264,857.677839
957.353244,275,857.936135
1642.55835,500,859.671702
1606.294434,500,860.11868
1134.16334,330,860.401825
938.783283,267,860.624935
1595.870552,500,861.054586
1576.151913,455,862.701784
828.440231,247,862.950279
1005.147789,290,863.239972
1000.316669,289,863.506404
1559.305409,500,863.974843
1752.663434,500,864.439916
1583.779403,500,866.102323
1606.070362,500,866.50491
981.396854,284,866.759545
1622.402552,500,867.171817
984.350478,277,867.415206
933.900461,266,868.927194
954.221586,274,869.171551
1432.55313,500,869.637579
1557.48245,500,870.057101
1586.983172,500,870.487538
1729.639395,500,872.174475
1023.851407,289,872.437674
1548.565192,500,872.877632
1480.381366,500,873.323576
911.709735,263,873.554568
979.837982,304,875.127127
1031.282653,286,875.396671
1630.640082,465,875.788722
1473.663669,500,876.224708
871.131027,254,876.456972
1180.500597,345,878.017034
1002.52943,298,878.276282
719.139394,210,878.453409
775.863175,226,878.668616
1362.822996,399,879.060768
1614.242436,500,879.549636
1645.522118,500,881.361154
1144.779569,330,881.64558
1057.510638,296,881.877056
938.082206,263,882.113992
1100.49059,306,882.390756
994.863822,285,882.6494
958.847185,278,882.906652
1537.454351,500,884.614846
1322.586814,387,884.98327
922.543326,265,885.232797
892.575434,248,885.455837
1284.786597,379,885.843626
994.628138,283,886.120346
1024.259627,296,887.701257
1351.994158,393,888.102036
912.610487,255,888.329568
1003.410503,279,888.560494
828.246317,242,888.784806
884.015281,251,889.035147
699.136994,212,889.220587
784.164953,228,889.424077
1104.833107,317,890.955585
884.400889,256,891.197636
1020.6803,289,891.453817
1117.884084,326,891.760682
1038.280334,289,892.010418
1031.588533,293,892.280638
947.365792,267,892.538363
1131.069837,318,894.051268
1601.20502,500,894.542133
650.88165,221,894.742163
1631.181658,500,895.194572
1445.017757,405,895.58555
960.991039,269,897.053256
744.786557,224,897.263013
732.836848,213,897.469514
954.44989,276,897.721123
1617.988887,500,898.189288
1641.931701,500,898.625165
926.97,265,900.10852
942.167703,274,900.368296
1526.988078,427,900.723303
1731.627498,500,901.16781
1034.44859,298,901.420928
727.956714,210,901.597182
831.854627,237,901.812569
999.700405,290,903.322869
1669.688321,500,903.783469
1561.123456,500,904.23543
1594.357253,454,904.625905
1628.260498,500,906.332659
1639.470613,500,906.833766
1609.382623,461,907.268046
978.547895,282,907.528817
996.19689,287,907.808731
856.046149,248,908.024677
1644.834224,500,909.688214
1104.085974,317,909.944563
983.395205,287,910.19781
1612.175814,500,910.618059
1609.341663,500,911.11704
1647.022377,500,912.867519
1020.65255,278,913.130464
1028.045857,300,913.396897
1467.170706,500,913.844058
1519.209962,428,914.219265
1519.317194,500,916.026625
1596.80141,500,916.501248
1652.659031,500,916.991681
1643.634852,500,917.461905
1638.806892,500,919.178045
1609.401081,500,919.681567
1358.041886,388,920.021964
1604.883756,500,920.469375
1007.399521,280,920.725327
891.231965,258,922.21592
910.050996,261,922.471637
1417.632498,403,922.810696
1728.160561,500,923.255101
1636.476766,500,923.736013
853.716495,249,925.27306
1675.366403,500,925.756024
663.593292,197,925.950071
1532.870169,432,926.344723
1096.490174,304,926.607363
1567.991731,500,927.046116
1773.392677,497,928.750649
1364.362274,391,929.111906
1608.135329,500,929.543251
1186.289421,341,929.864198
1119.104223,325,930.151997
864.229783,241,931.603575
1632.117243,471,932.021624
613.461281,201,932.214121
525.542396,163,932.37132
950.234946,266,932.600583
946.078611,269,932.851152
1469.439497,411,933.226161
991.355345,287,934.765246
1607.321443,500,935.19195
1324.28191,389,935.519482
1557.380533,500,935.958422
1109.593438,297,936.226735
1768.724327,500,937.963263
1644.993768,500,938.406851
1663.929373,500,938.849065
1635.83549,500,939.28429
897.069398,261,940.761723
1661.905231,500,941.274724
991.581912,281,941.542355
1519.924449,442,941.96171
1129.973093,331,942.241822
1661.919558,500,943.970749
900.841623,252,944.21225
1233.615649,350,944.492472
669.572661,199,944.694901
680.359657,203,944.874609
1206.302106,339,945.190015
958.67482,272,945.445227
1600.378573,500,947.248551
823.7805,239,947.483572
1746.940861,491,947.946633
1032.028601,302,948.235742
1057.676552,304,948.494216
652.551864,200,948.668324
1211.071157,341,948.963448
1726.750937,500,950.656029
1624.686723,500,951.11999
1633.924759,500,951.586135
647.621765,190,951.746651
769.654045,216,951.946001
742.388673,227,953.407398
995.318191,298,953.678471
1644.19715,500,954.100742
1422.470199,403,954.46646
1600.034709,500,954.917524
1118.560373,316,956.484303
1213.685902,343,956.774393
1676.789442,500,957.218196
1615.262055,455,957.604847
1564.204142,500,958.078643
1080.704772,320,959.647312
1606.053479,500,960.1069
1615.933962,500,960.542428
950.353155,273,960.790422
956.962579,268,961.031521
1607.517906,500,962.640897
1690.476244,500,963.065899
934.140258,276,963.311833
861.75556,261,963.523965
1546.931841,500,963.974757
1618.211641,500,965.698211
1660.172311,500,966.126756
995.585587,282,966.400185
1398.996175,389,966.747261
1265.663519,359,967.074696
770.624882,226,967.29082
1310.295365,369,968.88131
1037.134486,290,969.156664
1672.364617,500,969.632721
920.953837,265,969.872702
1065.63809,300,970.130798
965.374218,273,970.399386
1755.211562,493,972.125061
1434.595613,405,972.461919
1419.891687,412,972.839587
1374.783688,391,973.189034
1447.106529,431,973.596561
1111.254501,339,975.237942
714.839237,208,975.456999
1349.737766,382,975.808125
983.961003,279,976.080296
1177.09333,332,976.393234
1798.73297,500,976.88193
1552.530386,459,978.622612
1074.302479,302,978.894659
1333.329285,366,979.218139
1636.8143,462,979.622827
1194.272692,332,979.911864
1080.198072,300,980.202627
1042.06823,292,981.7378
1409.476082,400,982.098797
1197.890146,336,982.332752
970.568314,272,982.54584
850.248123,240,982.77747
953.019101,265,983.001603
1049.740272,303,984.500649
1194.970218,339,984.781905
1407.343,404,985.148925
1631.151402,500,985.589998
1569.784454,500,986.077508
822.428285,249,986.31289
1310.368472,360,987.939245
1036.296969,289,988.163699
1702.580266,483,988.623123
1458.0239,403,988.967068
1716.672489,500,989.409992
1374.104918,382,991.101339
1722.834125,500,991.560241
1193.975046,345,991.878868
857.467949,253,992.103312
1009.475298,282,992.365989
1751.942423,500,994.019509
1010.602737,281,994.239361
1695.000764,500,994.678968
809.717724,234,994.899498
1255.218746,374,995.226738
1272.003957,360,995.528053
1532.860569,428,997.179232
1334.780813,377,997.548716
780.870988,224,997.770268
882.19955,255,997.991597
1256.511321,357,998.301931
854.619559,239,998.517776
920.976204,257,998.742409
894.087629,251,1000.257155
1568.222582,449,1000.67728
1142.821436,307,1000.983225
1186.40492,349,1001.30971
1687.288582,500,1001.77138
937.113273,273,1003.310611
1645.03215,500,1003.787615
1006.111566,291,1004.067579
1309.435919,361,1004.378417
1025.647707,284,1004.632096
1537.643101,500,1005.086101
1600.598556,500,1006.847662
1220.278945,335,1007.182133
1531.793852,440,1007.601498
1072.301448,302,1007.859197
1683.293932,500,1008.338824
1062.210931,293,1009.901921
1013.724786,289,1010.147433
1227.460068,342,1010.448734
834.749581,247,1010.673039
965.629617,271,1010.905538
1588.270131,500,1011.355418
1026.606714,289,1012.893092
1635.473933,500,1013.324295
1747.426565,500,1013.772229
1667.321521,500,1014.233591
895.67157,259,1014.42246
1255.97589,353,1015.976887
1417.6052,395,1016.35912
1640.036046,500,1016.807386
1692.414251,500,1017.285317
1532.402446,500,1018.946882
1586.071011,500,1019.405801
924.753811,259,1019.655449
1688.366982,500,1020.105768
1079.080451,299,1020.355777
980.177586,290,1020.592808
1561.252576,442,1022.242763
1293.382063,380,1022.589851
926.704838,272,1022.827567
1155.487259,323,1023.084106
1645.140163,500,1023.531109
1637.191055,500,1025.217324
1297.78839,361,1025.549323
1682.840479,500,1026.019949
1634.791012,500,1026.508518
1127.999967,321,1026.784592
1069.21928,300,1028.271198
1650.531968,500,1028.728415
1002.001276,289,1028.984095
997.019905,281,1029.242156
1365.568689,403,1029.604003
1701.145885,500,1031.326943
1520.706082,434,1031.70842
1719.058351,500,1032.159132
1691.240004,500,1032.618297
1615.280027,500,1033.060195
1605.746049,500,1034.794183
1597.460776,500,1035.257341
1430.206785,403,1035.634907
1658.866182,500,1036.153098
1563.688805,500,1037.952018
1605.192271,500,1038.380031
1055.660467,298,1038.641612
241.619971,102,1038.738506
1702.362339,500,1039.185695
1431.040701,400,1040.807694
895.099865,257,1041.034118
1655.545356,500,1041.476912
1424.111794,408,1041.887784
1689.116887,482,1042.350042
551.912463,201,1042.525202
1695.381052,479,1044.225874
1574.856465,459,1044.620453
1753.26854,500,1045.083617
1276.074265,366,1045.435037
1394.547476,388,1047.029493
984.734662,272,1047.293383
1194.240499,350,1047.657626
743.971733,234,1047.857434
1672.441617,500,1048.312393
1037.771764,304,1048.569355
1664.569027,496,1050.27631
1322.034509,375,1050.633777
192.213506,88,1050.718681
1395.199102,387,1051.074823
1672.520339,500,1051.511985
744.963596,241,1051.739133
1615.356807,500,1053.440775
1633.812177,500,1053.898148
1417.201085,402,1054.294926
1619.896594,500,1054.754834
1352.748822,406,1055.146197
1198.225931,337,1056.73459
724.433588,228,1056.943993
959.331088,270,1057.192179
1762.508256,500,1057.6372
991.059163,271,1057.886346
1391.966263,376,1058.219482
1078.448816,304,1059.750624
960.097982,266,1059.972668
981.467007,272,1060.223296
1344.982539,391,1060.609556
1539.767767,462,1061.074688
1012.364978,283,1061.353429
1637.972664,500,1063.011961
1692.149816,500,1063.517143
1574.467438,437,1063.930924
1584.197602,500,1064.427023
1738.001123,500,1066.208054
1635.579756,500,1066.710403
1679.097801,500,1067.159482
1500.370251,417,1067.558499
1155.722901,318,1067.848589
1005.743573,296,1069.382978
1135.043383,338,1069.735763
1591.462723,500,1070.187683
1399.513864,413,1070.555213
1685.765574,500,1070.999974
1589.554542,460,1072.573378
1646.351634,500,1073.023987
1685.706849,500,1073.458745
1608.794273,456,1073.877803
1517.314473,436,1075.531888
1550.544107,480,1075.953435
293.857751,132,1076.077245
1129.608806,339,1076.381197
1692.149703,500,1076.831145
1229.821296,338,1077.132966
1631.66895,500,1078.830837
232.621529,102,1078.936854
1403.707548,396,1079.295558
193.545711,88,1079.38396
1450.38803,404,1079.727867
1759.546066,492,1080.14581
1623.458618,500,1081.870449
1661.175099,500,1082.345645
1644.739598,500,1082.765476
1425.296257,396,1083.115528
1700.136241,500,1084.797314
1202.907332,336,1085.099092
1517.316636,430,1085.481097
215.055806,95,1085.56975
743.297354,237,1085.768182
199.787489,90,1085.843527
1704.498565,500,1086.336895
1689.938474,500,1088.100945
1746.191901,500,1088.534336
1392.032299,372,1088.847301
1458.51316,392,1089.174623
1663.833317,500,1090.816966
1323.27426,355,1091.179322
1650.21697,500,1091.62779
1770.516835,479,1092.081269
1133.615131,317,1092.359862
1773.818391,497,1094.02633
1331.129796,364,1094.343077
1704.061263,466,1094.746414
1629.642095,500,1095.191156
1673.457269,500,1095.675122
1660.893128,500,1097.435965
1060.684549,294,1097.762972
1285.242822,357,1098.085565
1675.017847,500,1098.545678
1175.804494,315,1098.825585
1678.625899,500,1100.528417
993.007078,282,1100.788594
1772.317129,500,1101.255469
1688.941016,500,1101.71749
1151.368158,322,1102.037649
1356.580502,373,1103.650315
1074.483629,295,1103.913458
222.214401,98,1104.00144
1641.383563,500,1104.473767
1685.757624,500,1104.902863
1695.876748,472,1106.589298
1721.758972,500,1107.019747
1700.683036,500,1107.485589
1589.000349,450,1107.886298
213.696957,96,1107.981694
1384.359801,389,1109.688117
995.293657,281,1109.908895
1775.109661,500,1110.355515
950.90638,279,1110.595033
1076.861478,304,1110.864015
1322.078275,359,1111.18632
1581.825528,500,1112.919813
1767.518378,500,1113.370451
1617.977042,500,1113.811442
1689.455234,500,1114.329588
1690.608832,500,1116.10326
1736.307472,500,1116.509752
996.98192,279,1116.771154
1103.987455,306,1117.054427
1669.644688,500,1117.522451
1075.889513,298,1117.834216
1209.472841,355,1119.388229
1748.038636,486,1119.80606
1690.81118,500,1120.269067
1483.392438,411,1120.627085
1105.777837,312,1120.924607
1698.923842,500,1122.659854
1622.352999,500,1123.145126
1660.640139,500,1123.641747
911.938433,257,1123.878228
1235.905348,348,1125.504173
1074.971869,301,1125.801915
1288.060996,372,1126.166697
925.121745,271,1126.435818
1637.469153,461,1126.878511
1005.730719,279,1127.142708
1571.20132,430,1128.803471
1221.252091,333,1129.079241
1663.590226,454,1129.495854
1080.136149,298,1129.771591
1689.13505,500,1130.237074
1062.29104,299,1130.525234
952.973965,266,1132.070152
980.780896,270,1132.337201
955.036938,262,1132.574739
240.2596,103,1132.676556
1095.401015,305,1132.950044
891.569597,248,1133.155319
1701.868412,467,1133.586903
968.534834,273,1135.094519
1139.805685,312,1135.354246
824.914302,243,1135.5962
1631.306493,434,1135.964207
1219.391922,335,1136.288523
1616.299332,436,1136.727033
1003.675622,276,1138.265186
985.494176,281,1138.506712
918.525967,256,1138.733049
1526.448642,429,1139.146389
1289.85142,373,1139.503977
1502.235725,417,1139.851206
1015.258314,281,1141.415233
1722.57543,478,1141.862826
926.910031,265,1142.134591
963.284307,270,1142.416895
1139.250236,312,1142.695092
1066.619622,304,1142.982483
1735.295744,500,1144.71969
1633.415413,500,1145.181036
1752.082203,492,1145.603063
1670.16135,500,1146.042146
1683.568187,488,1147.737062
1669.479093,500,1148.224678
1295.543773,364,1148.559739
1659.49355,500,1149.014294
884.60994,250,1149.254347
1412.954381,390,1150.869509
1611.46329,442,1151.327596
1254.248514,344,1151.628696
1664.274588,500,1152.057381
1739.843601,500,1152.492789
1735.783122,500,1154.212798
1562.789157,438,1154.624831
1665.792004,500,1155.095285
885.489491,252,1155.330379
908.594417,253,1155.572378
228.661427,98,1155.672367
1580.759271,446,1157.382831
676.63846,204,1157.580114
1626.419112,500,1158.057655
1438.911663,396,1158.431087
1261.44862,371,1158.779224
1418.240437,385,1160.407755
973.846051,273,1160.667928
1707.835337,500,1161.111075
1164.213593,325,1161.422068
1111.139726,310,1161.707239
225.875876,99,1161.793549
1704.306011,500,1162.238009
860.728319,254,1163.7471
1665.532011,500,1164.234724
1020.239682,292,1164.530033
1666.484077,500,1164.992433
1032.672518,286,1165.264021
1749.096321,500,1166.983665
999.860269,288,1167.250292
1646.362681,500,1167.671324
1036.67914,294,1167.937709
1152.773491,322,1168.266235
1346.94808,376,1168.619157
1001.241754,280,1170.186658
1761.259182,500,1170.667453
993.222348,273,1170.924977
1745.024416,500,1171.42904
1562.764951,444,1171.812446
957.307722,277,1173.25958
1577.958032,435,1173.652003
1451.640808,413,1173.989745
799.073872,230,1174.204567
1783.082975,500,1174.642411
973.389349,271,1176.181272
1641.045315,453,1176.552721
1050.881734,289,1176.789303
911.054055,261,1177.049477
955.971252,261,1177.279161
1686.422946,473,1177.720515
1599.600244,500,1179.434909
902.995273,260,1179.660962
1801.894675,500,1180.111453
1666.25067,456,1180.549803
1617.161498,500,1181.016976
1273.56554,366,1182.65704
1092.055745,309,1182.924322
1658.358064,500,1183.3885
846.240209,237,1183.626039
1775.22878,500,1184.08481
1275.174855,354,1185.731873
1201.506395,324,1186.055329
1555.475969,429,1186.487769
1276.244331,351,1186.869584
1102.967762,304,1187.190623
1283.101438,348,1187.533596
923.602413,266,1189.075415
1372.73061,396,1189.409342
1177.011866,340,1189.746348
1122.266573,314,1190.046056
1689.014128,500,1190.525862
1244.403319,348,1190.87365
945.954823,282,1192.428001
1618.137206,441,1192.850273
1585.029587,500,1193.319997
1723.182204,486,1193.786638
1383.841156,387,1194.154953
1429.58754,394,1195.781529
1662.391581,500,1196.270052
1727.982314,500,1196.72426
1250.599731,381,1197.062087
762.372267,232,1197.279691
1631.404432,500,1199.054087
1674.101675,500,1199.557837
1564.165176,447,1200.00017
1706.330195,500,1200.476892
1337.636537,363,1202.064785
807.05321,231,1202.264497
1778.216494,493,1202.728929
1698.683568,500,1203.236631
709.232693,220,1203.453554
1396.08272,393,1203.805569
1675.380332,500,1205.512271
1704.126896,500,1205.971299
1357.610602,384,1206.328192
1781.52307,500,1206.756969
1665.004608,500,1208.442472
1735.094191,500,1208.911487
1257.137065,343,1209.24681
909.474811,251,1209.493273
1641.621459,500,1209.93816
1608.502384,460,1211.638438
1674.526121,483,1212.067606
1711.050392,500,1212.550554
1589.798001,465,1212.954454
1767.761067,500,1214.744471
1224.902052,353,1215.090485
1242.638993,357,1215.444454
1768.147341,500,1215.927997
1419.741557,400,1216.308619
1026.762511,286,1217.896595
1608.933966,500,1218.371458
1242.276855,355,1218.702068
1616.698265,500,1219.166479
1262.596631,344,1219.496556
1452.531528,397,1221.130119
1591.364828,500,1221.580137
1612.348409,500,1222.076243
1693.762858,500,1222.556277
1777.130968,485,1224.276412
806.228093,254,1224.48591
1676.786941,500,1224.955933
1673.020429,467,1225.389423
1572.561268,443,1225.832016
1715.590077,500,1227.572406
1623.658558,500,1228.035276
1659.447352,463,1228.46154
1660.486326,500,1228.944686
1280.961083,355,1229.268444
901.535575,289,1230.803331
1664.104432,500,1231.275805
1602.310837,500,1231.790773
835.022162,259,1232.036367
1067.633155,304,1232.299396
1689.627723,468,1234.007405
1605.681948,500,1234.418774
1592.102413,500,1234.898285
1584.19114,478,1235.360964
1636.053835,500,1237.16726
1643.928471,500,1237.615451
1660.050583,500,1238.092156
1658.387645,500,1238.557493
1609.904773,500,1240.315975
1079.50472,301,1240.612044
1624.85582,454,1241.044615
1167.444566,325,1241.399074
1663.425908,500,1241.868865
1622.109608,461,1243.575607
1445.423946,388,1243.940763
996.718257,277,1244.214669
1433.256656,408,1244.570841
1301.351394,357,1244.900968
942.013394,275,1245.149641
1755.506215,480,1246.932918
881.409077,274,1247.213179
1345.096777,381,1247.587951
1656.589837,500,1248.098658
1660.180056,500,1248.557072
1391.01832,381,1250.237004
1758.161816,492,1250.702278
1476.721356,415,1251.087789
1309.651013,374,1251.414772
1595.088537,500,1251.867396
1686.49753,500,1253.593492
987.456711,278,1253.879775
1398.71064,386,1254.239925
1199.773256,332,1254.520117
1716.855052,500,1254.979342
1470.033667,410,1256.586212
1597.414111,500,1257.05431
1045.025898,292,1257.342016
1635.929741,500,1257.808643
981.482302,283,1258.078283
1103.344397,312,1259.620284
1360.397032,371,1259.988262
1563.190033,427,1260.416564
1132.836606,312,1260.653458
1643.499793,500,1261.129343
1025.141625,283,1261.405877
1242.280841,350,1262.997715
1192.619633,319,1263.289997
1607.922051,500,1263.752136
1721.113373,500,1264.192893
1046.367336,287,1264.432421
1690.598191,500,1266.211255
1664.11473,452,1266.656788
1022.29535,289,1266.939072
1325.589137,381,1267.244836
1729.15311,500,1267.690181
1704.354552,500,1269.426064
1806.983451,495,1269.876892
1484.310513,408,1270.264619
1684.844845,460,1270.695555
1428.128629,386,1272.332701
1134.626322,324,1272.609406
1257.462929,363,1272.94583
1236.078367,339,1273.236601
958.417647,274,1273.494721
1244.493224,364,1273.844832
1669.828956,500,1275.630185
1255.775156,349,1275.996392
1328.830336,372,1276.336729
888.071764,273,1276.620318
1026.839441,291,1276.879557
1289.536718,364,1277.230059
1334.312788,366,1278.852869
1067.257301,294,1279.141825
1015.876732,285,1279.399556
1190.09745,328,1279.696067
980.338082,273,1279.952627
1094.433022,310,1280.222905
1173.681773,326,1281.81565
1735.208005,500,1282.289961
1137.958706,320,1282.6008
1375.360153,372,1282.946588
1449.405418,403,1283.318728
1040.370345,285,1283.569811
1225.805408,348,1285.199753
1187.286912,334,1285.509274
1139.030309,313,1285.814693
883.416063,246,1286.056655
1582.134285,438,1286.463147
1157.680946,311,1286.774029
1035.305033,291,1288.352646
1733.597281,500,1288.852571
1730.672546,500,1289.299433
1295.213076,359,1289.61222
1104.11365,302,1289.918548
1734.797886,500,1291.73493
1441.907988,398,1292.130929
1661.311694,500,1292.616852
1636.320906,500,1293.093945
1667.042939,500,1294.863269
748.854194,213,1295.069667
1392.980863,385,1295.450277
1036.48348,286,1295.712039
668.495528,199,1295.896341
1107.594118,309,1296.157329
1667.572348,500,1296.649745
1084.461735,304,1298.233913
1095.90299,306,1298.534356
1039.35131,286,1298.792475
1127.956476,316,1299.073879
1613.036193,457,1299.490562
1058.380433,293,1299.790943
1639.952166,500,1301.535423
1673.397066,500,1301.989754
1700.455454,500,1302.443676
798.035567,229,1302.653255
1647.285458,500,1303.097487
1240.387517,341,1304.677413
1134.621608,314,1304.96744
1770.108459,500,1305.442403
922.69664,268,1305.697402
988.38493,279,1305.967606
1709.088493,500,1307.722944
1233.206517,345,1308.059466
1696.587942,500,1308.45561
1658.582839,500,1308.91521
1778.136457,490,1309.426775
951.831706,278,1311.018552
1649.362451,500,1311.465458
1659.512744,500,1311.922938
1708.389289,500,1312.376531
1005.472984,287,1312.638175
1695.203579,500,1314.34369
1116.708784,307,1314.611441
1642.518957,500,1315.089496
1319.620671,359,1315.405184
1422.802433,406,1315.757277
1354.501961,366,1317.308973
1652.85357,500,1317.771794
1120.526239,351,1318.088257
1647.019518,500,1318.504965
725.907315,216,1318.70984
1702.584594,500,1320.504066
1638.752505,500,1320.978468
1617.827171,500,1321.447926
1669.219519,500,1321.873621
1591.717788,500,1323.598117
1686.660144,500,1324.023715
1700.484179,500,1324.470488
1041.846678,286,1324.722999
1675.574494,500,1326.488458
1827.937995,500,1326.951122
1299.780538,414,1327.324405
1540.284818,419,1327.731384
1797.680538,494,1328.189247
1597.455994,449,1329.831577
1452.373675,419,1330.18871
1809.241114,497,1330.62133
1449.709441,387,1330.977557
1488.399303,412,1331.373955
1407.219392,399,1333.023182
1680.339233,500,1333.474782
1660.452903,500,1333.956904
989.999612,278,1334.22442
1671.641151,452,1335.934965
1701.940321,500,1336.418906
1707.518823,476,1336.91431
1685.442348,500,1337.421698
1058.795489,288,1337.696597
1648.117398,500,1339.368797
1751.90382,500,1339.773488
1674.926937,500,1340.200974
1131.834961,304,1340.467276
1640.714391,500,1340.928855
1156.108067,318,1342.404752
1314.371632,357,1342.750847
1138.097924,305,1343.029117
1104.978064,304,1343.333385
1689.598375,500,1343.80416
1024.563565,279,1345.297608
672.914457,191,1345.47455
617.193837,186,1345.649857
978.036975,270,1345.880785
1105.532958,309,1346.171108
1060.304273,289,1346.428154
622.795993,187,1346.58178
820.335695,232,1346.791139
856.231988,238,1347.020627
776.719844,219,1348.468419
1203.369053,327,1348.748604
953.07628,259,1349.0001
1673.732358,500,1349.4563
1348.715357,365,1349.791366
638.150158,191,1349.964636
979.726963,271,1350.234159
1741.09305,500,1351.95737
1697.183297,500,1352.430833
1408.800827,369,1352.771187
1655.661841,500,1353.213813
1659.049944,500,1354.945692
773.148216,218,1355.150344
1086.007471,296,1355.398024
1639.848965,500,1355.862529
805.023538,226,1356.078495
1710.720162,500,1356.532279
1700.589427,500,1358.278978
1623.325326,500,1358.728396
1682.677705,500,1359.209411
1695.341614,500,1359.661516
1607.604216,500,1361.414377
801.036721,227,1361.624322
1693.696239,500,1362.093932
1086.135074,293,1362.379332
843.267004,234,1362.583076
1352.838965,378,1362.904346
1562.313812,428,1364.570621
963.794692,260,1364.842282
1849.743446,500,1365.339086
1795.945117,500,1365.814503
1666.249087,446,1367.528284
1220.343269,337,1367.890443
1740.009451,500,1368.355999
1687.269502,500,1368.794012
977.627485,274,1369.044132
1114.235292,323,1369.342938
1623.303389,431,1371.017042
1367.029012,377,1371.390504
1373.538685,373,1371.732908
904.932531,252,1371.961291
764.809783,220,1372.149142
1327.494685,353,1372.486407
1072.062807,291,1374.019525
1777.880906,500,1374.460885
1417.81157,378,1374.802249
785.781302,222,1374.998156
905.994432,251,1375.201744
1177.216324,328,1375.487062
1099.986355,308,1377.014008
953.068477,266,1377.260792
893.61669,251,1377.494617
1710.466648,500,1377.927975
925.224076,251,1378.158852
1189.410872,323,1378.467562
1748.53835,500,1380.168332
1685.667975,500,1380.658308
1686.361907,500,1381.116337
1077.974193,298,1381.375615
1677.89484,500,1381.824294
845.474905,234,1383.314603
1359.027619,378,1383.676098
1620.620646,459,1384.089616
768.611347,217,1384.279823
1522.049752,406,1384.652721
1217.935994,336,1384.961903
1115.720835,313,1386.465575
503.583825,162,1386.603558
1638.751605,500,1387.036959
727.316713,228,1387.246762
1699.586187,500,1387.688262
1697.544574,500,1389.408767
940.436546,262,1389.66238
1764.07258,500,1390.116878
1747.325629,500,1390.550227
1533.378918,410,1390.91082
1644.024924,442,1392.602471
1120.487663,305,1392.90333
928.469966,255,1393.134824
1735.035865,500,1393.598773
1719.013779,500,1394.05262
1068.147511,286,1394.31328
1057.094442,296,1395.873218
1726.010943,500,1396.350792
1676.662958,500,1396.817351
1185.260176,329,1397.146506
1507.105442,410,1397.548261
1809.529217,473,1399.277152
1472.580132,417,1399.6468
1772.160133,500,1400.08054
1124.847415,314,1400.367771
939.135953,263,1400.611358
624.058474,184,1402.04683
938.060148,255,1402.283137
1728.587011,500,1402.743567
1032.83715,282,1403.002127
1170.922608,321,1403.308741
1660.428657,500,1403.765443
1722.604912,500,1405.524997
1024.775727,285,1405.775701
765.451519,230,1405.984118
1695.346527,500,1406.435035
1343.217689,361,1406.745862
1694.0352,463,1408.40941
1034.542607,280,1408.621814
1654.270503,452,1409.001878
974.917625,267,1409.2515
1641.327241,500,1409.752939
914.906888,251,1409.981791
1712.493325,500,1411.715817
1001.727795,280,1411.967931
1862.12981,500,1412.410618
871.830747,247,1412.628849
1057.984791,283,1412.863361
1728.289352,500,1414.565583
1282.245524,347,1414.869991
1711.745246,477,1415.295679
1242.74899,336,1415.626677
1672.175009,500,1416.113751
1365.089131,378,1417.700397
1690.728105,500,1418.170298
1728.3914,500,1418.627166
931.571302,255,1418.876064
867.291797,243,1419.100377
1732.313623,500,1420.866974
1035.569555,289,1421.16634
1202.260986,326,1421.513837
1155.147689,315,1421.80687
976.339126,275,1422.06604
1791.683767,477,1422.50571
1053.163583,299,1422.787641
1838.630652,497,1424.514111
590.783864,183,1424.693187
1842.76447,500,1425.170837
1551.300427,421,1425.563073
1245.688806,334,1425.889193
1692.964943,500,1427.7108
1065.640247,296,1428.004084
1025.38577,284,1428.279501
1753.988641,500,1428.739619
1702.639378,500,1429.19543
1032.700391,285,1430.749744
1022.277191,283,1431.023957
1789.791008,500,1431.466059
1700.585214,500,1431.873364
1680.924317,500,1432.335943
1109.203443,298,1433.912202
1009.883683,277,1434.147631
1096.232498,309,1434.423927
1115.303276,311,1434.687532
1037.840847,294,1434.944062
1416.764804,388,1435.280879
979.764647,275,1436.802013
1793.380143,500,1437.264425
1737.536576,500,1437.697014
1071.235408,309,1437.99438
1026.987048,281,1438.266051
1332.392952,369,1438.621856
1733.436291,500,1440.27189
1717.997153,466,1440.698129
1677.626704,445,1441.074761
1088.066277,304,1441.315899
1072.695909,307,1441.604238
1751.692373,500,1443.283351
1701.795495,500,1443.75883
1369.897505,384,1444.110505
1763.191276,500,1444.558453
1397.782613,390,1446.16203
1074.282104,288,1446.399687
1099.224725,315,1446.693215
1379.86978,380,1447.042526
1644.350289,500,1447.486842
1763.1308,500,1449.147534
1815.063025,500,1449.627514
1758.234217,500,1450.086383
966.002994,274,1450.341381
1491.114049,413,1450.756196
1698.301943,500,1452.598222
1697.726437,500,1453.123319
1699.068059,500,1453.585974
1052.846341,297,1453.868121
1225.837864,333,1454.176806
1100.935013,308,1455.792156
1720.802331,500,1456.303901
1575.258804,451,1456.736107
855.634203,237,1456.956347
644.027723,199,1457.148452
1422.162738,395,1457.548672
1046.375455,285,1459.087442
1396.808139,391,1459.412598
1054.541847,297,1459.677875
1760.400389,500,1460.111637
1539.16933,427,1460.507713
1344.431349,377,1462.073625
1293.818807,351,1462.377041
954.417932,267,1462.608056
1696.076023,500,1463.064539
1143.661992,329,1463.356477
1703.603039,500,1463.785371
1658.208821,500,1465.4448
1676.459639,500,1465.907822
1649.461662,500,1466.371214
1173.852389,346,1466.667564
1044.894473,300,1468.194486
1186.322371,332,1468.475683
1646.97952,500,1468.918761
1756.654272,500,1469.381698
976.548094,264,1469.643857
1618.725243,500,1471.334407
1048.145954,293,1471.608924
1683.024813,469,1472.039432
1700.9721,500,1472.497198
1315.236188,368,1472.844774
1753.181102,500,1474.604657
1228.668013,353,1474.941888
931.853577,256,1475.176822
1668.360651,500,1475.639885
1652.270809,500,1476.111045
1146.468105,311,1477.696557
1196.324183,329,1477.970191
1666.272735,500,1478.373069
1512.292419,403,1478.748636
1638.992045,500,1479.199168
1666.340801,500,1480.973652
1035.111309,283,1481.25441
1743.049382,475,1481.702114
1665.118476,500,1482.180719
1268.091172,349,1482.499665
873.724812,243,1484.098872
1648.053347,500,1484.559343
1670.801995,500,1485.037194
1698.388205,500,1485.545569
1442.215417,388,1485.933469
1650.777415,436,1487.66921
1733.62985,500,1488.157368
937.807582,255,1488.399438
1021.376753,275,1488.670079
616.258387,187,1488.851401
1320.670667,362,1489.196925
1635.505583,448,1490.856111
1059.409082,294,1491.141053
979.018798,272,1491.3871
1717.98952,500,1491.824197
970.568048,277,1492.090958
964.571857,276,1492.337002
1739.893287,500,1494.094137
1049.671648,287,1494.364232
1790.069965,500,1494.838018
1251.686372,339,1495.153977
1213.340938,336,1495.438303
1072.761795,292,1496.965841
1037.836232,283,1497.252564
1107.795209,304,1497.540282
1261.873901,336,1497.869087
1497.701977,406,1498.217054
1459.752159,393,1498.567975
1632.266343,500,1500.310232
1651.0041,500,1500.772459
1738.795898,500,1501.208468
841.568199,240,1501.430801
1782.943379,472,1501.864295
1801.851447,484,1503.563459
1630.48325,459,1503.942743
958.472094,272,1504.185962
1668.28534,500,1504.617998
1695.091165,500,1506.309954
1776.551897,500,1506.801489
1732.673257,500,1507.247785
664.802788,199,1507.418482
1575.167614,442,1507.778399
1181.946997,329,1509.281164
1255.585784,354,1509.623261
1224.189894,340,1509.939396
1554.611602,432,1510.314097
1384.297414,392,1510.697383
958.098237,277,1510.964065
1286.641382,357,1512.574156
1077.139797,295,1512.843407
1615.028079,500,1513.317354
1601.212864,443,1513.730542
1597.518058,500,1514.148204
879.604567,246,1515.637696
1613.112492,500,1516.154899
1402.009769,396,1516.518245
1631.546487,500,1516.991928
1726.693887,500,1517.480964
1630.494567,500,1519.193295
1617.440462,500,1519.610581
1604.625853,500,1520.058375
1641.062213,500,1520.502788
1650.262456,500,1522.216441
1657.964645,500,1522.633073
1405.445621,374,1522.986357
1719.306892,500,1523.448794
904.252996,291,1523.73451
1033.259115,281,1525.242172
1643.602709,500,1525.682913
1107.694891,302,1525.966192
1114.157374,304,1526.214031
1012.658505,286,1526.457175
1089.17289,308,1526.754132
1750.105334,485,1528.457796
985.887518,294,1528.704306
1095.780985,321,1528.983279
1670.964546,500,1529.450822
1757.373307,500,1529.912464
1686.44489,483,1531.603752
1686.674062,500,1532.033288
1700.448664,500,1532.484856
1137.066956,323,1532.797214
1268.540185,350,1534.421934
1435.160015,391,1534.791993
1685.081563,500,1535.249184
1638.672598,500,1535.681123
1073.372262,299,1535.944578
788.982891,230,1536.165873
1247.448689,351,1537.776267
1803.91927,488,1538.214164
1013.59055,278,1538.505298
1701.307237,500,1538.973177
1449.875489,396,1539.343241
1664.906206,500,1541.06353
1607.556954,500,1541.556689
1755.246508,500,1542.012697
959.786296,265,1542.239587
1603.922296,500,1544.003464
1353.731204,364,1544.367069
1439.772517,396,1544.747128
1660.784971,500,1545.240249
1153.416974,314,1545.545206
962.681726,266,1545.819453
1013.028332,283,1547.386389
984.235648,283,1547.664653
1745.325283,500,1548.13673
1749.926033,500,1548.603867
1192.981501,332,1548.886252
1024.203902,292,1550.472705
982.537761,272,1550.70962
1696.422395,500,1551.186933
1111.275,306,1551.466958
1087.351539,305,1551.757324
1384.62905,377,1552.10437
938.123524,263,1456.82611
1740.338536,500,1458.585614
1782.648545,500,1459.049625
922.330315,261,1459.293716
1286.241696,359,1459.622924
1186.796524,344,1459.949592
1181.251851,328,1461.479459
1540.779547,430,1461.873824
1602.912916,450,1462.267804
1104.634332,312,1462.546546
1639.603799,455,1462.97687
1719.792864,500,1464.704434
1623.788244,500,1465.169817
1729.020593,500,1465.612025
1730.929036,500,1466.051129
1561.799073,452,1467.671297
1676.86432,500,1468.128145
1062.861715,301,1468.398352
719.97096,214,1468.600273
837.921432,264,1468.849432
1669.080713,500,1469.354855
906.195039,255,1470.818186
1638.748924,500,1471.271537
966.299509,280,1471.528288
1284.897035,361,1471.819804
1636.44594,500,1472.259771
1276.716099,368,1473.899594
1624.233185,500,1474.381477
1604.836112,500,1474.866231
1048.01851,301,1475.146453
1370.130353,400,1475.536549
1660.49799,500,1477.316226
1662.697102,485,1477.772215
1682.328083,500,1478.214827
1304.36975,359,1478.539814
1642.257103,500,1480.30107
1204.654198,334,1480.58323
1036.701565,300,1480.86518
1636.919788,500,1481.28997
1050.712814,302,1481.542021
905.328174,256,1481.79597
1196.102592,333,1483.366534
1596.262738,500,1483.805849
1653.134415,500,1484.251725
858.641479,260,1484.466098
1338.492762,387,1484.830896
1010.006715,289,1485.118141
1713.603727,500,1486.825324
1042.212163,313,1487.108745
1005.699852,292,1487.37937
1696.24959,500,1487.817416
1183.793606,352,1488.151575
1400.397578,393,1489.743942
1662.944431,466,1490.161689
1541.394466,451,1490.58062
1055.518573,296,1490.890306
1218.967113,340,1491.245254
1113.602808,315,1492.835429
1087.128217,317,1493.126573
1493.770457,430,1493.505788
1034.663824,297,1493.770868
1645.632234,500,1494.248672
1709.654431,500,1496.002547
683.833412,208,1496.197984
1710.901124,500,1496.653868
1642.992726,464,1497.090029
926.222952,269,1497.339638
1672.525225,500,1497.760803
686.460731,214,1499.251784
1158.143595,326,1499.560098
1428.845227,399,1499.923668
941.417695,266,1500.161607
908.406943,257,1500.430432
1668.443318,500,1500.906298
917.620123,258,1502.41116
1301.375016,376,1502.768643
1558.50583,500,1503.257249
1643.60138,500,1503.762548
1004.07897,289,1504.056413
1672.016767,481,1505.809885
924.911309,263,1506.046741
1709.800502,500,1506.542966
1252.806128,346,1506.865944
1136.184,323,1507.182615
1241.118377,369,1507.495605
1596.432845,500,1509.280956
1053.753894,300,1509.55031
1233.301013,357,1509.890279
1673.364716,500,1510.354824
1590.024231,500,1512.090368
1415.525552,435,1512.486181
1684.649018,500,1512.970171
951.280494,281,1513.23534
1604.634631,500,1513.706131
1605.106692,500,1515.400284
1576.027107,500,1515.847991
1534.734755,500,1516.294679
1655.599624,500,1516.754258
1495.410902,500,1518.468031
1520.885175,500,1518.965558
1574.555902,500,1519.409796
1585.144079,500,1519.856879
1069.112216,301,1520.129187
627.364308,199,1521.62257
740.674279,230,1521.828429
712.226548,218,1522.032918
1140.763722,320,1522.319504
1591.822242,500,1522.724243
1607.057091,500,1523.189755
966.700492,284,1524.700363
870.133107,262,1524.93117
1562.970629,455,1525.331283
1115.861949,316,1525.632197
1710.500325,491,1526.089291
1550.830853,500,1527.826855
1294.63722,369,1528.151496
1404.591436,401,1528.520875
1079.133141,307,1528.797532
1632.492824,500,1529.277811
862.532215,261,1529.545065
1630.772427,500,1531.30318
1630.628777,500,1531.774637
1624.977983,468,1532.204578
1246.918838,353,1532.5076
1644.792199,497,1534.27378
1273.865386,362,1534.598193
1589.466399,455,1535.016797
1693.87032,500,1535.518634
1312.907806,376,1535.914842
1589.266946,500,1537.63004
1577.333558,500,1538.076495
1171.14425,324,1538.373222
1191.388821,329,1538.688561
1598.101896,500,1539.149887
1676.74846,500,1540.891158
1626.050561,500,1541.365269
972.21471,287,1541.63187
1441.241486,404,1542.016241
1625.142322,500,1543.761791
1127.317887,313,1544.040404
1639.249368,500,1544.517648
1070.447188,307,1544.813403
953.14574,273,1545.071559
1679.588298,500,1545.532037
939.621858,266,1547.085474
1047.067475,287,1547.336067
1229.248088,340,1547.666926
905.914582,278,1547.917972
874.573783,253,1548.178665
1002.616852,278,1548.478602
1063.199701,297,1548.799064
1035.304162,294,1550.367579
1041.305207,300,1550.624312
1272.605635,346,1550.932774
956.238085,272,1551.168731
1073.760839,307,1551.456182
622.100586,197,1551.634962
1208.573422,339,1551.994343
1559.113835,447,1553.682395
1686.238372,500,1554.122329
1629.634008,500,1554.588285
1709.848011,500,1555.040709
1029.161711,291,1556.556345
650.505587,204,1556.736542
1699.176335,500,1557.183262
953.471675,279,1557.450524
1641.706308,470,1557.933217
1653.472239,472,1558.396829
1623.913064,500,1560.127992
998.15749,288,1560.392051
1071.773587,301,1560.655758
1660.076533,500,1561.117679
1319.900193,376,1561.464205
