#{"t_start": 1775470487.9877365, "env_id": "Pusher-Mass-Uni-20-v0"}
r,l,t
-782.41071,500,0.287577
-844.335645,500,0.535124
-797.684995,500,0.888194
-818.927478,500,1.237801
-910.61582,500,2.314736
-817.20922,500,2.526873
-902.666256,500,2.843987
-802.306659,500,3.186207
-853.644508,500,4.330157
-871.708981,500,4.551222
-910.020438,500,4.825341
-736.233038,500,5.173099
-768.347565,500,6.180458
-862.423592,500,6.39754
-962.116167,500,6.639197
-780.386014,500,6.960107
-753.024077,500,7.871013
-803.13397,500,8.178128
-780.577964,500,8.420242
-814.071649,500,8.646464
-829.271581,500,9.801514
-770.945738,500,10.136701
-768.071699,500,10.405271
-809.261316,500,10.61694
-847.418089,500,11.616235
-830.839686,500,11.813295
-716.728294,500,12.113431
-718.413027,500,12.407089
-658.921332,500,13.41466
-715.614602,500,13.722802
-621.490408,500,13.99336
-635.126044,500,14.293428
-711.624339,500,15.421289
-754.937345,500,15.756949
-677.489215,500,16.06216
-825.245157,500,16.404746
-679.529186,500,17.36613
-793.808777,500,17.593731
-741.680543,500,17.820751
-674.006846,500,18.112929
-814.748787,500,19.092296
-750.719674,500,19.365848
-642.580677,500,19.654935
-640.787759,500,19.905052
-682.505997,500,20.118671
-653.724018,500,21.249111
-738.479798,500,21.528173
-626.709294,500,21.85331
-572.433034,500,22.194374
-684.457478,500,23.604851
-586.227857,500,23.946419
-810.681618,500,24.207494
-715.630638,500,24.413572
-702.274921,500,25.360004
-640.255569,500,25.590555
-669.975574,500,25.852199
-690.208772,500,26.199346
-769.433728,500,27.304304
-676.129584,500,27.630475
-623.833734,500,27.858115
-563.686508,500,28.111721
-695.090523,500,29.234834
-666.42635,500,29.462498
-611.658804,500,29.682161
-621.359663,500,29.917266
-579.770416,500,31.059934
-605.15507,500,31.295975
-590.781281,500,31.568143
-531.506424,500,31.771175
-629.34944,500,32.871938
-639.620216,500,33.104598
-691.506423,500,33.329711
-668.861482,500,33.570934
-692.357808,500,34.761419
-550.075459,500,35.049542
-703.164555,500,35.286091
-494.543039,500,35.521797
-594.460139,500,36.528201
-594.923583,500,36.766114
-599.334598,500,36.995229
-568.26299,500,37.225763
-592.788547,500,38.565888
-708.905633,500,38.887487
-619.879834,500,39.118036
-561.494814,500,39.377581
-573.220471,500,39.601228
-507.864794,500,40.695067
-627.401412,500,40.918146
-510.075695,500,41.249285
-617.240526,500,41.57094
-542.579791,500,42.790492
-678.008891,500,43.132664
-589.79791,500,43.427225
-524.400357,500,43.666338
-668.174855,500,44.832433
-693.040135,500,45.137021
-667.672074,500,45.37759
-610.087968,500,45.610249
-606.418616,500,46.605603
-504.759903,500,46.840675
-492.525814,500,47.141841
-612.924928,500,47.498959
-481.909782,500,48.438544
-481.778612,500,48.668702
-550.053847,500,48.916866
-524.361353,500,49.210953
-668.348775,500,50.338585
-506.640129,500,50.571666
-607.469997,500,50.833703
-509.94454,500,51.185124
-484.408165,500,52.395251
-533.840605,500,52.670328
-535.227736,500,52.964895
-510.114577,500,53.28696
-559.628936,500,54.276186
-436.636523,500,54.520214
-556.88694,500,54.80532
-572.49167,500,55.030376
-487.66245,500,56.277761
-540.706935,500,56.626843
-523.482243,500,56.961405
-569.816145,500,57.283972
-479.944456,500,58.264223
-491.13719,500,58.460813
-475.811714,500,58.695926
-473.314921,500,58.935985
-493.114986,500,59.876341
-437.510826,500,60.105009
-444.249767,500,60.398582
-472.995491,500,60.677657
-533.208859,500,60.951703
-487.736037,500,61.879772
-576.874547,500,62.207845
-372.036077,500,62.488396
-438.208293,500,62.770453
-494.531661,500,63.983731
-567.933134,500,64.217285
-465.743503,500,64.5119
-576.663845,500,64.733495
-519.762808,500,65.957941
-382.892215,500,66.226145
-587.326183,500,66.553771
-512.444067,500,66.830308
-548.140391,500,67.841683
-493.758783,500,68.079769
-397.504645,500,68.310838
-533.294648,500,68.598907
-613.346925,500,69.669738
-349.042817,500,70.000366
-440.327469,500,70.332515
-593.001185,500,70.670174
-407.931209,500,71.648994
-444.869143,500,71.879561
-483.096963,500,72.111161
-389.682928,500,72.39982
-390.974237,500,73.389147
-528.057969,500,73.614687
-395.89545,500,73.834723
-419.55465,500,74.083336
-480.499167,500,75.325521
-433.626138,500,75.683346
-546.266333,500,75.924224
-385.298953,500,76.210342
-425.882673,500,77.151128
-565.150563,500,77.501193
-398.227323,500,77.762676
-444.966419,500,78.052281
-422.897116,500,79.142687
-517.304728,500,79.422292
-508.927241,500,79.683412
-373.649264,500,79.999943
-551.514806,500,80.265525
-486.187621,500,81.204785
-309.324042,500,81.448839
-530.049615,500,81.713908
-322.192627,500,81.942857
-539.183169,500,82.981362
-439.510241,500,83.23891
-454.107782,500,83.48045
-506.090645,500,83.722013
-396.436847,500,84.950298
-506.681343,500,85.273975
-301.881609,500,85.602126
-572.775473,500,85.920713
-328.903734,500,87.008269
-539.599033,500,87.233462
-468.283162,500,87.530016
-312.702314,500,87.873134
-467.156611,500,88.868429
-357.949288,500,89.220104
-393.284724,500,89.502369
-387.421634,500,89.73997
-368.874571,500,90.968342
-365.344584,500,91.304886
-521.459857,500,91.591971
-414.197114,500,91.911585
-520.860451,500,92.974872
-299.128924,500,93.20399
-334.079124,500,93.497581
-418.03584,500,93.859814
-403.627949,500,95.087454
-552.22737,500,95.430056
-286.988775,500,95.783856
-329.172155,500,96.100938
-354.593773,500,97.09553
-446.495,500,97.286647
-352.728249,500,97.548728
-417.941062,500,97.75137
-422.104252,500,98.684422
-358.493822,500,98.920518
-459.394241,500,99.153113
-344.264216,500,99.392747
-485.619146,500,100.389184
-425.49267,500,100.588827
-437.201078,500,100.804939
-349.950832,500,101.055984
-304.147162,500,101.308097
-463.592709,500,102.259058
-479.505199,500,102.605879
-446.439578,500,102.938431
-297.185626,500,103.2336
-360.401554,500,104.42398
-479.197647,500,104.749184
-291.492216,500,105.08131
-343.412328,500,105.365881
-529.337167,500,106.237895
-423.744558,500,106.584547
-312.454483,500,106.918121
-393.554471,500,107.255332
-396.953681,500,108.536419
-502.91257,500,108.877234
-297.301615,500,109.218899
-231.392385,500,109.566451
-373.141077,500,110.878986
-454.183073,500,111.122072
-381.131519,500,111.50315
-342.776301,500,111.742693
-306.985836,500,112.91008
-392.068237,500,113.204947
-413.82388,500,113.441977
-391.749421,500,113.697619
-470.806949,500,114.794358
-310.961536,500,115.084986
-277.076334,500,115.329568
-468.900392,500,115.551642
-388.283954,500,116.536415
-438.627587,500,116.770084
-299.203747,500,117.012681
-403.570084,500,117.362844
-458.444609,500,118.317188
-333.512198,500,118.566254
-395.83079,500,118.783822
-410.735662,500,119.075
-493.323794,500,120.246385
-412.584326,500,120.486518
-358.766829,500,120.719781
-339.834237,500,120.950834
-360.966855,500,121.15451
-430.173533,500,122.066813
-459.967017,500,122.295973
-423.48993,500,122.646097
-504.592828,500,122.901671
-243.703513,500,123.879581
-485.322721,500,124.052649
-360.363574,500,124.313878
-406.305733,500,124.662935
-326.480709,500,125.777676
-306.610578,500,126.032215
-261.75722,500,126.287899
-306.795842,500,126.548518
-365.87371,500,127.570983
-426.488873,500,127.763595
-475.194147,500,127.979668
-494.252496,500,128.22379
-432.520274,500,129.132327
-317.317874,500,129.391461
-366.112742,500,129.640595
-338.526206,500,129.813713
-272.167807,500,130.876786
-452.796559,500,131.115883
-291.278496,500,131.406478
-363.292412,500,131.739551
-267.619856,500,133.020456
-345.506447,500,133.361576
-423.928341,500,133.594202
-348.778969,500,133.816749
-453.740799,500,134.73858
-275.363077,500,134.979683
-325.593634,500,135.29278
-300.265957,500,135.654416
-481.097809,500,136.646416
-247.510043,500,136.878474
-279.608078,500,137.125623
-244.148693,500,137.451272
-395.367123,500,138.474561
-424.854062,500,138.697207
-267.397644,500,138.934892
-265.568754,500,139.24893
-551.450041,500,139.554531
-542.36161,500,140.465466
-463.719071,500,140.778685
-219.104467,500,141.136306
-210.968147,500,141.484866
-196.62205,500,142.609191
-278.736991,500,142.942715
-449.754011,500,143.260772
-310.296037,500,143.544312
-333.638565,500,144.587065
-263.181968,500,144.864684
-417.446973,500,145.12294
-481.843494,500,145.331023
-376.835132,500,146.295974
-380.206766,500,146.57957
-478.986421,500,146.937063
-491.494392,500,147.212273
-370.831155,500,148.24567
-229.82369,500,148.467728
-233.846197,500,148.710867
-246.173036,500,148.948936
-238.823311,500,149.956363
-322.086765,500,150.187963
-291.193408,500,150.420611
-414.246106,500,150.652205
-258.335314,500,151.745709
-229.239677,500,151.972785
-200.000003,500,152.199376
-324.327313,500,152.493975
-325.66389,500,153.560019
-461.311702,500,153.796597
-422.920058,500,154.024144
-255.685782,500,154.3183
-370.821696,500,155.646794
-229.915565,500,155.978383
-316.415503,500,156.218451
-299.514344,500,156.466571
-403.245178,500,157.634805
-523.25686,500,157.992475
-417.92759,500,158.304611
-353.237269,500,158.526203
-260.264766,500,159.520703
-452.617608,500,159.744329
-387.073288,500,159.995395
-327.605553,500,160.330054
-500.04033,500,160.560087
-365.049038,500,161.537295
-200.975993,500,161.729857
-447.163637,500,161.986895
-456.036165,500,162.233076
-211.515382,500,163.285408
-381.344145,500,163.506448
-477.295753,500,163.739564
-441.075289,500,163.969619
-264.720771,500,165.370735
-184.195987,500,165.72442
-402.304897,500,166.068105
-411.481658,500,166.418802
-406.835843,500,167.424041
-333.143783,500,167.659608
-205.600824,500,167.861667
-231.834091,500,168.15176
-350.130086,500,169.271312
-339.912949,500,169.49637
-239.920356,500,169.746521
-313.376917,500,169.98365
-261.294891,500,171.382711
-368.874978,500,171.683807
-316.188435,500,171.94335
-329.709162,500,172.206977
-357.818629,500,173.551026
-367.130149,500,173.909144
-197.58579,500,174.171865
-384.484597,500,174.481429
-435.790958,500,175.702434
-246.887718,500,175.947051
-380.402744,500,176.180621
-190.42519,500,176.423201
-529.490001,500,177.444553
-424.294375,500,177.781662
-317.722735,500,178.015813
-439.310531,500,178.269371
-412.766258,500,179.447688
-413.602267,500,179.798766
-194.901836,500,180.052409
-509.255118,500,180.286124
-421.413747,500,180.604394
-503.452412,500,181.711399
-257.980471,500,182.0805
-397.258118,500,182.323572
-322.303243,500,182.555649
-465.991546,500,183.504502
-274.734781,500,183.775222
-313.283858,500,183.963231
-207.164347,500,184.2293
-461.975608,500,185.243733
-285.102683,500,185.502776
-213.107548,500,185.870412
-229.376212,500,186.099036
-309.026358,500,187.115505
-366.605538,500,187.405056
-489.264411,500,187.639145
-354.289571,500,187.862223
-379.734834,500,188.811924
-506.783059,500,189.05447
-352.357142,500,189.285039
-350.375718,500,189.611732
-398.567676,500,190.650587
-183.924101,500,190.948156
-420.463136,500,191.298256
-408.29134,500,191.656573
-326.39662,500,192.60955
-539.515155,500,192.958636
-235.45907,500,193.33337
-220.979791,500,193.705452
-184.560333,500,194.6568
-268.617528,500,194.982381
-327.59224,500,195.328054
-504.351897,500,195.586082
-391.44746,500,196.720629
-396.64565,500,197.070797
-364.445348,500,197.348895
-389.659256,500,197.582041
-519.175825,500,198.723068
-379.359953,500,199.039647
-240.056165,500,199.391817
-296.891479,500,199.740505
-337.873382,500,200.695309
-418.930188,500,201.039458
-353.729515,500,201.28501
-375.855045,500,201.586587
-515.751558,500,201.905649
-257.043641,500,203.136974
-432.047403,500,203.430078
-438.388429,500,203.674637
-518.936268,500,203.908663
-208.080705,500,205.299597
-251.361489,500,205.531196
-372.603938,500,205.777883
-446.820638,500,206.047457
-385.555845,500,207.201989
-257.021023,500,207.54807
-260.001982,500,207.843244
-181.272626,500,208.095269
-465.757945,500,209.136714
-342.916389,500,209.375827
-454.281017,500,209.625426
-355.091397,500,209.885014
-191.010296,500,210.93506
-331.190578,500,211.164652
-519.788302,500,211.428259
-358.721049,500,211.645843
-323.747905,500,212.796778
-223.599646,500,213.096483
-294.19229,500,213.335599
-313.096415,500,213.543702
-170.241293,500,214.496657
-172.072698,500,214.786899
-274.452055,500,215.016989
-297.353569,500,215.324164
-290.905386,500,216.37727
-365.63757,500,216.691486
-292.34746,500,216.954558
-273.068214,500,217.185175
-284.989636,500,218.193638
-246.507505,500,218.438161
-205.971426,500,218.810242
-356.670749,500,219.095786
-307.833918,500,220.130548
-192.354216,500,220.372176
-471.912886,500,220.606246
-368.927766,500,220.837344
-407.102428,500,221.076431
-461.669924,500,222.047925
-486.799928,500,222.279584
-197.750905,500,222.515683
-430.532729,500,222.756871
-459.493068,500,223.853622
-451.842065,500,224.079702
-527.166546,500,224.298299
-394.384929,500,224.543843
-217.444679,500,225.749805
-484.623928,500,226.003867
-402.927028,500,226.206565
-196.673707,500,226.512209
-445.9208,500,227.66135
-192.432864,500,228.014925
-328.071808,500,228.228667
-498.789761,500,228.536788
-333.992935,500,229.662527
-288.992845,500,229.925622
-412.77277,500,230.174892
-194.737363,500,230.441454
-412.639864,500,231.638016
-257.994878,500,231.905566
-219.557483,500,232.290823
-419.744267,500,232.567397
-450.279045,500,233.877273
-354.65119,500,234.12787
-380.058685,500,234.328785
-372.414289,500,234.556326
-331.248043,500,235.459244
-419.527032,500,235.699805
-406.123635,500,235.985392
-221.447633,500,236.277467
-316.785054,500,237.383412
-315.011764,500,237.722517
-237.808042,500,238.013117
-229.622614,500,238.269332
-234.58767,500,239.334779
-203.469373,500,239.588368
-404.011287,500,239.814964
-459.208235,500,240.05858
-452.802681,500,240.320164
-431.033602,500,241.202197
-229.578966,500,241.441231
-277.331087,500,241.679288
-247.333531,500,241.883404
-209.431863,500,242.833443
-298.900753,500,243.131638
-310.17153,500,243.417221
-496.560242,500,243.612321
-362.78954,500,244.764099
-503.62483,500,245.069739
-315.439436,500,245.32734
-432.716509,500,245.592992
-449.934647,500,246.73149
-413.598899,500,247.095699
-355.449945,500,247.381847
-314.952561,500,247.668015
-483.541555,500,248.698339
-415.001573,500,248.936464
-450.174515,500,249.210536
-225.337278,500,249.469145
-173.081124,500,250.393943
-277.523555,500,250.693046
-273.146417,500,250.989633
-201.631848,500,251.345726
-322.105868,500,252.360634
-448.172092,500,252.604683
-320.527091,500,252.844104
-221.171921,500,253.124659
-462.416203,500,254.509728
-171.970858,500,254.736319
-197.132458,500,255.061412
-414.008409,500,255.313999
-273.429329,500,256.26036
-280.025688,500,256.478464
-424.808272,500,256.701052
-472.788517,500,256.952601
-284.605293,500,257.994905
-177.329764,500,258.300015
-224.43617,500,258.563623
-412.918813,500,258.788226
-246.896087,500,259.827832
-328.542259,500,260.162457
-175.175503,500,260.515078
-344.621883,500,260.818295
-192.063216,500,261.094864
-413.603996,500,262.251087
-392.441511,500,262.622401
-317.071671,500,262.875456
-518.493102,500,263.081513
-485.269757,500,264.100705
-397.076526,500,264.392795
-331.70766,500,264.738863
-176.147965,500,264.997429
-429.892983,500,266.015799
-367.351194,500,266.242559
-194.032482,500,266.479162
-214.203747,500,266.781264
-381.668978,500,267.81008
-459.52034,500,268.06076
-394.259202,500,268.299397
-288.666302,500,268.586946
-396.075559,500,269.806901
-518.601853,500,270.051951
-459.927677,500,270.36061
-405.551162,500,270.69469
-448.24331,500,271.73723
-381.49758,500,271.986855
-337.239681,500,272.224475
-189.519449,500,272.488071
-339.609714,500,273.387079
-204.926187,500,273.719188
-413.228228,500,274.093346
-373.855329,500,274.456952
-350.39769,500,275.453943
-483.338842,500,275.707159
-407.086229,500,276.016823
-467.229103,500,276.248405
-245.810854,500,277.418888
-335.489353,500,277.769524
-193.347636,500,278.05983
-215.509953,500,278.405927
-258.834685,500,279.457428
-376.756427,500,279.778573
-276.919188,500,280.013644
-324.571426,500,280.235212
-426.272041,500,280.488793
-236.324627,500,281.804988
-295.78382,500,281.996078
-476.658931,500,282.250652
-343.388552,500,282.481212
-380.590352,500,283.759731
-332.247611,500,284.017882
-262.063049,500,284.362518
-188.975089,500,284.691642
-487.357576,500,285.772324
-391.576748,500,286.100917
-532.666996,500,286.449008
-429.851094,500,286.779628
-403.412132,500,287.721462
-329.461998,500,287.971089
-179.776327,500,288.204675
-484.775855,500,288.458817
-178.723327,500,289.585263
-270.543147,500,289.82091
-304.467454,500,290.049993
-261.702607,500,290.274113
-440.201092,500,291.34535
-301.982089,500,291.587906
-230.909183,500,291.851468
-308.304957,500,292.083844
-323.124917,500,292.998911
-335.746711,500,293.336963
-203.567698,500,293.580588
-459.826693,500,293.826139
-302.050719,500,295.031235
-270.960953,500,295.265387
-427.530366,500,295.531445
-223.079225,500,295.750055
-363.747779,500,296.986122
-430.745154,500,297.311328
-409.102071,500,297.634898
-428.195626,500,297.970234
-486.787352,500,298.921993
-450.603157,500,299.17421
-194.037299,500,299.407214
-192.985953,500,299.628248
-388.8664,500,300.550636
-278.908552,500,300.866725
-479.7976,500,301.22981
-458.816383,500,301.535354
-475.749519,500,301.832478
-379.92065,500,302.981164
-250.074508,500,303.232718
-399.740997,500,303.455773
-475.415902,500,303.705841
-441.276547,500,304.916736
-216.800842,500,305.1634
-219.625997,500,305.522488
-438.772976,500,305.88615
-322.596233,500,307.048636
-310.593597,500,307.342754
-453.32514,500,307.618297
-452.041626,500,307.860909
-332.736545,500,309.037338
-442.813167,500,309.298404
-251.836848,500,309.6556
-449.926978,500,309.985763
-184.833212,500,311.186652
-255.903519,500,311.401737
-334.61737,500,311.631777
-231.954932,500,311.913064
-419.156765,500,313.202533
-322.207554,500,313.581667
-420.098378,500,313.863354
-227.633635,500,314.081995
-296.746853,500,315.025957
-380.946172,500,315.239658
-244.657812,500,315.490229
-227.217873,500,315.763814
-224.039758,500,316.882354
-386.722473,500,317.227419
-341.096575,500,317.574558
-260.681972,500,317.869194
-375.319566,500,318.778223
-252.468887,500,319.049269
-205.287481,500,319.279348
-286.279982,500,319.603963
-422.388649,500,320.737549
-334.307692,500,321.061851
-366.729496,500,321.375476
-287.6167,500,321.634556
-233.701683,500,321.920625
-190.175002,500,323.000595
-313.539064,500,323.316652
-426.031555,500,323.562691
-261.311897,500,323.812765
-298.727184,500,324.802042
-244.683069,500,325.040112
-200.801292,500,325.303207
-353.992709,500,325.555243
-306.89583,500,326.817724
-364.435696,500,327.211354
-320.326684,500,327.488961
-410.289464,500,327.77552
-228.741326,500,328.663296
-443.681253,500,328.924883
-273.54506,500,329.265014
-259.304549,500,329.618671
-330.283914,500,330.658027
-421.895922,500,330.97809
-368.171006,500,331.222207
-508.833319,500,331.419268
-312.312445,500,332.391665
-366.475007,500,332.630754
-290.476266,500,332.942825
-218.80265,500,333.239904
-501.225908,500,334.307743
-330.608967,500,334.585329
-341.551819,500,334.924447
-364.008943,500,335.264519
-264.116662,500,336.365433
-280.163759,500,336.63504
-194.498638,500,336.845607
-353.958146,500,337.073168
-327.30759,500,337.923919
-464.65708,500,338.155956
-247.8478,500,338.394068
-282.710659,500,338.634126
-199.164712,500,339.576025
-213.510012,500,339.830687
-269.248034,500,340.111306
-484.938372,500,340.328878
-343.541826,500,341.223659
-363.594446,500,341.473694
-260.32001,500,341.715793
-421.880311,500,341.957852
-305.764908,500,342.266928
-176.355022,500,343.298689
-203.898172,500,343.63928
-403.567663,500,343.998901
-246.848948,500,344.27257
-218.236455,500,345.190957
-492.822292,500,345.447036
-230.596537,500,345.698129
-260.379848,500,346.032708
-334.548668,500,347.310285
-288.585343,500,347.617854
-281.182085,500,347.874414
-288.808956,500,348.09899
-183.999619,500,349.063781
-290.461417,500,349.27548
-430.541233,500,349.518086
-254.776002,500,349.843202
-265.851999,500,350.898176
-287.093548,500,351.181794
-215.707715,500,351.53295
-247.476799,500,351.869607
-228.806523,500,352.900361
-201.07059,500,353.276434
-378.216899,500,353.580323
-403.904931,500,353.950526
-283.247376,500,355.09545
-463.561594,500,355.346044
-442.23419,500,355.593626
-410.957724,500,355.824154
-514.207667,500,356.812424
-457.360327,500,357.073489
-503.108654,500,357.419201
-437.88667,500,357.69642
-253.551062,500,358.885377
-238.9677,500,359.210983
-412.385914,500,359.552607
-328.826773,500,359.847713
-335.448572,500,360.857675
-374.108862,500,361.132285
-522.181011,500,361.416349
-467.99836,500,361.624418
-246.925633,500,361.839971
-356.505024,500,363.059446
-268.846985,500,363.312585
-222.964716,500,363.593133
-206.465096,500,363.842693
-372.580171,500,364.844124
-194.079963,500,365.125737
-243.102346,500,365.518449
-336.536192,500,365.861516
-229.353364,500,366.998794
-479.468241,500,367.239354
-184.672292,500,367.487402
-476.821962,500,367.825003
-321.476938,500,368.87836
-223.368008,500,369.089442
-279.203383,500,369.427117
-473.749923,500,369.65115
-215.909513,500,370.828855
-510.50829,500,371.087927
-188.870985,500,371.327015
-264.44184,500,371.568056
-342.83286,500,372.57852
-478.144183,500,372.926162
-198.413732,500,373.14624
-364.220752,500,373.361795
-241.756295,500,374.597898
-214.011576,500,374.843531
-393.629359,500,375.13113
-377.69948,500,375.365756
-280.075425,500,376.401379
-396.249314,500,376.756438
-237.686876,500,377.053005
-411.97382,500,377.281631
-466.98879,500,378.435227
-387.364641,500,378.684272
-249.536985,500,378.898352
-440.174581,500,379.128463
-188.537166,500,380.301463
-169.062644,500,380.603049
-314.065845,500,380.857609
-250.341443,500,381.091688
-354.783094,500,381.333763
-524.204469,500,382.46568
-494.611723,500,382.72178
-230.037163,500,382.977839
-439.245101,500,383.348397
-335.385768,500,384.436482
-300.278265,500,384.675546
-326.527024,500,384.987613
-317.474256,500,385.238743
-281.955217,500,386.384678
-200.01833,500,386.728306
-304.169264,500,387.067899
-273.384743,500,387.379996
-427.989994,500,388.368429
-351.592465,500,388.595507
-320.231377,500,388.825573
-216.510601,500,389.084687
-228.956548,500,390.30062
-239.269008,500,390.654778
-368.072134,500,390.914942
-294.73757,500,391.161063
-301.660016,500,392.450451
-284.755446,500,392.727561
-424.32608,500,393.069132
-364.334291,500,393.414807
-371.790798,500,394.379613
-395.134192,500,394.631258
-451.397373,500,394.960353
-285.853207,500,395.303585
-202.797584,500,396.273922
-292.982991,500,396.519528
-448.229379,500,396.848624
-344.097356,500,397.210827
-500.133544,500,398.193622
-335.479736,500,398.446256
-363.865529,500,398.700863
-325.656147,500,398.953453
-347.748359,500,399.959787
-193.636113,500,400.20136
-372.681152,500,400.430006
-349.874694,500,400.748725
-382.828132,500,401.966244
-315.181288,500,402.26736
-321.867463,500,402.576042
-427.271166,500,402.924639
-350.694753,500,403.12879
-290.820562,500,404.068653
-249.438494,500,404.295296
-448.839912,500,404.626471
-281.579825,500,404.870022
-193.172051,500,405.838523
-303.463866,500,406.080598
-420.510152,500,406.344691
-214.187129,500,406.588741
-432.655294,500,407.544175
-218.205453,500,407.791784
-411.392111,500,408.041414
-506.045569,500,408.245142
-299.875608,500,409.278646
-197.317138,500,409.527274
-391.816458,500,409.787868
-390.56935,500,410.076452
-247.656627,500,411.18646
-254.783823,500,411.448531
-256.470168,500,411.764629
-405.604399,500,412.011165
-476.30362,500,413.115529
-201.286876,500,413.495129
-217.168998,500,413.838383
-256.413548,500,414.175927
-336.826504,500,415.127146
-476.104591,500,415.405715
-251.715663,500,415.635312
-393.765471,500,415.977338
-239.206751,500,417.058756
-221.099398,500,417.351998
-242.599164,500,417.625604
-233.759833,500,417.871174
-283.388702,500,418.821663
-417.815655,500,419.080301
-479.06119,500,419.318402
-433.757748,500,419.591431
-251.672012,500,420.512326
-295.208493,500,420.74653
-296.833767,500,420.975585
-297.702877,500,421.286695
-450.263065,500,421.565295
-537.387555,500,422.844793
-264.410949,500,423.043812
-184.514818,500,423.29738
-254.847276,500,423.639513
-161.87605,500,424.645942
-251.500051,500,424.944091
-411.312482,500,425.249264
-488.618317,500,425.480292
-267.861461,500,426.391171
-396.505598,500,426.609235
-337.590407,500,426.893298
-401.66375,500,427.245904
-379.965883,500,428.391644
-313.780084,500,428.661304
-228.385733,500,428.899894
-508.194844,500,429.15347
-311.949329,500,430.330557
-291.437396,500,430.603653
-413.443708,500,430.886812
-439.631988,500,431.140362
-247.054699,500,432.204798
-281.447476,500,432.432891
-324.476976,500,432.692988
-334.616253,500,432.913572
-215.000159,500,433.830875
-164.115487,500,434.144441
-308.041319,500,434.374016
-233.289364,500,434.66166
-252.918389,500,435.765043
-348.188357,500,435.995137
-228.411474,500,436.238827
-283.152516,500,436.471942
-255.204711,500,437.521764
-487.037164,500,437.865905
-188.223688,500,438.211694
-194.994026,500,438.528798
-505.205814,500,439.843166
-321.994111,500,440.080227
-285.562691,500,440.353383
-232.654252,500,440.666647
-261.666862,500,441.859407
-271.492796,500,442.198995
-325.842159,500,442.56713
-270.968882,500,442.916184
-262.800839,500,443.306756
-245.393998,500,444.354049
-242.28865,500,444.609086
-510.612819,500,444.867142
-237.557052,500,445.187705
-277.428124,500,446.484163
-269.46279,500,446.732261
-299.110526,500,446.975295
-505.905594,500,447.207362
-331.730336,500,448.151794
-260.440343,500,448.491864
-319.694642,500,448.82397
-359.033501,500,449.054533
-300.977411,500,450.042126
-454.646401,500,450.272796
-254.148065,500,450.564034
-208.59622,500,450.902166
-345.016132,500,452.015934
-323.544823,500,452.224494
-255.641714,500,452.462047
-413.43715,500,452.712133
-418.345092,500,453.743608
-467.958421,500,454.015682
-316.573846,500,454.219231
-289.269036,500,454.459829
-326.041611,500,455.691377
-360.765165,500,455.96557
-413.862123,500,456.304643
-211.266707,500,456.61621
-453.704417,500,457.537015
-331.284138,500,457.78356
-415.664926,500,458.029216
-216.607863,500,458.274802
-336.533984,500,459.449393
-316.992997,500,459.656524
-289.382377,500,459.904173
-296.599976,500,460.12119
-294.641363,500,461.271105
-199.967667,500,461.528192
-512.053522,500,461.791379
-363.108616,500,462.064937
-483.181952,500,462.408061
-276.429427,500,463.391586
-298.550999,500,463.706162
-357.973799,500,463.986223
-425.357524,500,464.289395
-255.451825,500,465.258862
-306.596237,500,465.528918
-289.155026,500,465.763078
-218.442316,500,466.105728
-336.159405,500,467.049046
-225.887715,500,467.334475
-200.640735,500,467.604529
-331.742888,500,467.838685
-496.665839,500,469.007482
-403.810773,500,469.248603
-435.976754,500,469.475675
-315.3234,500,469.711736
-358.789205,500,470.808165
-159.263652,500,471.028266
-485.392255,500,471.250477
-402.011854,500,471.498508
-344.449292,500,472.646823
-174.245919,500,473.008897
-262.836981,500,473.387048
-316.53485,500,473.753219
-378.005931,500,474.927053
-327.649346,500,475.16363
-491.517427,500,475.402243
-172.288311,500,475.631377
-234.316307,500,476.59469
-254.379082,500,476.819351
-337.994831,500,477.108936
-243.353469,500,477.404087
-216.487722,500,478.593558
-275.902571,500,478.896695
-367.003369,500,479.127756
-371.454643,500,479.358849
-265.280627,500,480.435227
-335.533383,500,480.691814
-461.660654,500,480.929421
-496.145622,500,481.158035
-183.03507,500,481.398589
-237.836717,500,482.792426
-200.987817,500,483.012505
-422.266336,500,483.259664
-293.384048,500,483.581251
-304.152558,500,484.652338
-375.107915,500,484.978441
-230.523288,500,485.225468
-488.185888,500,485.437027
-163.088648,500,486.358438
-171.253504,500,486.602544
-236.417366,500,486.839646
-192.185935,500,487.069699
-439.420741,500,488.026296
-278.625285,500,488.260433
-138.75126,500,488.615046
-409.326296,500,488.956698
-424.411585,500,489.944587
-249.864885,500,490.176657
-373.738795,500,490.480728
-400.713661,500,490.726578
-358.929506,500,492.020961
-428.481452,500,492.316682
-275.382425,500,492.658835
-326.075276,500,492.978991
-379.783112,500,493.962366
-352.978994,500,494.198451
-316.953668,500,494.429067
-293.696768,500,494.700606
-407.557592,500,495.934213
-322.529428,500,496.231821
-240.189015,500,496.441386
-421.741006,500,496.664045
-507.503779,500,497.633969
-376.870391,500,497.872038
-260.240369,500,498.146621
-397.301597,500,498.373187
-257.032975,500,499.404541
-393.786737,500,499.637611
-409.121319,500,499.863687
-241.607205,500,500.101745
-187.617672,500,501.282824
-353.270617,500,501.552375
-382.642581,500,501.844927
-331.13778,500,502.078484
-307.3655,500,502.321073
-252.6047,500,503.354496
-323.65808,500,503.71407
-483.916949,500,504.004223
-477.834951,500,504.370432
-215.16317,500,505.70215
-416.376106,500,506.007229
-248.824219,500,506.300324
-328.993581,500,506.53337
-319.284328,500,507.630419
-241.403852,500,507.942591
-231.517386,500,508.24818
-432.495328,500,508.567822
-357.836306,500,509.518639
-218.439835,500,509.852448
-382.111132,500,510.102482
-221.722849,500,510.379603
-252.040728,500,511.418013
-196.813718,500,511.682603
-379.826111,500,512.06228
-318.124875,500,512.295902
-438.696066,500,513.430815
-395.586374,500,513.77649
-287.504539,500,514.125815
-228.156417,500,514.472539
-164.510836,500,515.646412
-245.385575,500,515.981146
-309.643785,500,516.358925
-242.866863,500,516.688497
-168.895093,500,517.869082
-333.372453,500,518.100131
-458.516906,500,518.342803
-322.139521,500,518.69887
-332.487568,500,519.738203
-411.249294,500,520.03538
-466.915961,500,520.287523
-285.298975,500,520.650157
-281.491845,500,521.911533
-305.149342,500,522.181112
-298.674295,500,522.474223
-400.683519,500,522.784371
-244.776119,500,523.009399
-283.741035,500,524.474598
-476.121336,500,524.840522
-186.256718,500,525.1837
-216.08504,500,525.538818
-308.47761,500,526.783384
-177.093028,500,527.007481
-197.274559,500,527.251067
-342.063052,500,527.476587
-198.511139,500,528.407413
-280.823303,500,528.651518
-383.600186,500,528.886665
-270.021057,500,529.11474
-361.338978,500,530.22185
-327.231164,500,530.527935
-200.035917,500,530.783024
-162.366083,500,531.025153
-428.187979,500,532.065467
-252.657055,500,532.346158
-307.89916,500,532.663261
-474.551919,500,532.999013
-366.110786,500,534.029216
-312.017964,500,534.406796
-257.313264,500,534.668342
-371.680104,500,534.904042
-171.529635,500,535.912432
-348.530046,500,536.150484
-361.767661,500,536.431628
-365.021188,500,536.649675
-360.557329,500,537.553544
-274.261252,500,537.809621
-385.036292,500,538.145255
-378.33262,500,538.382404
-373.6101,500,539.455715
-387.336434,500,539.69337
-450.618736,500,539.959024
-367.732041,500,540.191613
-489.045293,500,541.186111
-169.473121,500,541.411739
-492.038034,500,541.631766
-388.746044,500,541.98449
-242.469906,500,542.954515
-371.02197,500,543.163159
-223.489179,500,543.347324
-160.95415,500,543.617909
-186.950909,500,543.925072
-262.609632,500,545.108596
-352.186539,500,545.443727
-289.744071,500,545.711357
-360.948131,500,545.950922
-399.328682,500,546.945307
-204.856634,500,547.169945
-242.910779,500,547.391573
-218.654605,500,547.634694
-470.967044,500,548.58605
-320.569044,500,548.814654
-177.777038,500,549.062689
-252.055328,500,549.387339
-216.214529,500,550.639814
-368.588955,500,550.870919
-165.186313,500,551.126997
-417.602709,500,551.464182
-177.376016,500,552.76384
-371.02096,500,553.105503
-287.71724,500,553.306091
-232.362003,500,553.620694
-248.196507,500,554.907828
-167.823998,500,555.227394
-348.992816,500,555.477554
-184.953548,500,555.784682
-271.561112,500,556.875504
-186.635706,500,557.102558
-240.038262,500,557.398744
-325.381632,500,557.718306
-449.085842,500,558.86065
-180.068743,500,559.185788
-369.695267,500,559.412365
-217.15685,500,559.636442
-437.84919,500,560.583853
-387.813527,500,560.939962
-247.228189,500,561.202537
-207.611274,500,561.448094
-213.176885,500,562.801837
-262.011724,500,563.085376
-447.024591,500,563.357939
-146.96438,500,563.666483
-439.597101,500,563.92153
-276.584988,500,565.024363
-197.867131,500,565.368488
-158.114202,500,565.732586
-246.730038,500,566.078259
-215.48837,500,567.022118
-321.571379,500,567.271714
-368.470715,500,567.521299
-376.052757,500,567.752397
-214.763859,500,568.648292
-356.336562,500,568.844865
-157.267728,500,569.062041
-422.58854,500,569.282118
-174.758738,500,570.244332
-175.365401,500,570.528437
-176.185859,500,570.832518
-214.29547,500,571.065654
-157.643199,500,572.029893
-197.605301,500,572.35199
-312.458914,500,572.56505
-136.939852,500,572.843102
-428.323693,500,574.013537
-307.265716,500,574.38124
-166.02149,500,574.725851
-237.879202,500,575.03899
-398.204066,500,575.954021
-157.482311,500,576.207671
-300.12872,500,576.431293
-328.262064,500,576.706915
-389.122905,500,577.795878
-178.636986,500,578.124516
-361.816235,500,578.37616
-409.498335,500,578.627745
-356.019695,500,579.554498
-179.1446,500,579.844563
-381.09248,500,580.200697
-399.766065,500,580.549856
-343.779077,500,581.484257
-157.010003,500,581.733335
-421.983194,500,581.986397
-371.650182,500,582.229507
-362.187344,500,583.302076
-229.073988,500,583.53814
-170.754982,500,583.767172
-322.562173,500,584.008219
-320.280852,500,584.243352
-193.775153,500,585.182609
-223.352084,500,585.416214
-189.103702,500,585.649245
-343.213279,500,585.853881
-339.70289,500,586.745279
-267.001856,500,586.976889
-335.860936,500,587.236576
-201.064001,500,587.522676
-232.199648,500,588.494017
-153.309452,500,588.795139
-311.023299,500,589.079245
-252.01684,500,589.292432
-415.145948,500,590.336843
-192.886437,500,590.66249
-194.6667,500,590.974634
-136.709577,500,591.215169
-237.629868,500,592.376432
-151.634514,500,592.64198
-212.316471,500,592.939032
-148.814862,500,593.217578
-166.081526,500,594.261842
-225.933095,500,594.575895
-217.142216,500,594.899471
-181.26111,500,595.143531
-348.833699,500,596.052477
-236.496611,500,596.313728
-455.342492,500,596.655307
-443.379136,500,596.990957
-182.213161,500,598.251527
-299.914046,500,598.525635
-209.628247,500,598.8018
-436.247283,500,599.032902
-378.575761,500,600.088773
-473.623081,500,600.340344
-179.494879,500,600.558361
-463.550358,500,600.776965
-369.423783,500,602.160343
-195.329045,500,602.396006
-202.95596,500,602.652058
-279.746174,500,602.830791
-316.778864,500,603.094017
-155.674328,500,604.269766
-418.306754,500,604.609363
-433.514048,500,604.896497
-153.175711,500,605.232073
-209.666911,500,606.421908
-169.846095,500,606.694478
-169.71316,500,607.03765
-293.946405,500,607.333835
-302.494364,500,608.47379
-137.493746,500,608.791515
-379.269304,500,609.013584
-260.993253,500,609.271671
-448.58866,500,614.599498
-319.896429,500,614.964181
-429.89961,500,615.272769
-156.26145,500,615.51833
-330.169883,500,616.629629
-363.285294,500,616.900729
-273.12601,500,617.193302
-292.815462,500,617.437415
-160.927154,500,618.586225
-361.162461,500,618.841321
-155.463884,500,619.146883
-417.664433,500,619.424432
-170.299436,500,620.513177
-383.944617,500,620.774721
-200.287697,500,621.025279
-302.073127,500,621.319379
-404.499899,500,622.471697
-150.527512,500,622.750249
-395.630759,500,623.028817
-147.863275,500,623.277361
-406.101082,500,624.335971
-159.078869,500,624.629035
-398.216661,500,624.887135
-306.173538,500,625.136708
-360.530823,500,626.27056
-215.845573,500,626.52513
-389.677925,500,626.791894
-179.389246,500,627.077482
-410.149989,500,627.334072
-337.501004,500,628.568911
-457.368698,500,628.841582
-416.474233,500,629.085606
-255.166777,500,629.337721
-307.098708,500,630.373962
-431.832817,500,630.628005
-286.36182,500,630.891115
-443.491186,500,631.14166
-477.256564,500,632.218949
-338.725467,500,632.484025
-382.459238,500,632.741576
-351.501371,500,632.983727
-450.474438,500,634.059082
-435.903986,500,634.320634
-154.27976,500,634.573926
-400.351658,500,634.867
-416.670941,500,635.986723
-146.558473,500,636.245272
-447.336852,500,636.520827
-377.709298,500,636.763369
-174.441467,500,637.771099
-132.312306,500,638.025669
-362.299131,500,638.280236
-297.522086,500,638.558289
-433.731672,500,639.571591
-327.645295,500,639.856652
-304.778522,500,640.14823
-302.282548,500,640.467294
-147.763635,500,641.559087
-445.808105,500,641.827654
-300.022176,500,642.082217
-133.079364,500,642.345292
-158.985889,500,643.427513
-374.749556,500,643.70911
-152.831665,500,643.983927
-289.118955,500,644.239964
-158.61283,500,645.250745
-209.409762,500,645.510305
-207.306915,500,645.794391
-315.851465,500,646.039455
-368.303653,500,647.104217
-388.778524,500,647.371338
-263.203634,500,647.624369
-305.124547,500,647.90446
-399.57059,500,648.161039
-474.739918,500,649.288357
-225.648213,500,649.597049
-407.59948,500,649.890002
-285.857181,500,650.147813
-347.966925,500,651.236721
-362.393137,500,651.490827
-428.689542,500,651.749419
-237.760978,500,652.000024
-409.50728,500,653.251484
-346.041133,500,653.558576
-355.820116,500,653.806181
-421.93915,500,654.053843
-455.558826,500,655.239688
-152.958856,500,655.520774
-391.350165,500,655.771315
-373.336087,500,656.07645
-176.847529,500,657.180135
-347.462269,500,657.426689
-402.116498,500,657.670264
-302.852925,500,657.979351
-407.427995,500,659.202711
-281.994672,500,659.513839
-329.982852,500,659.766387
-354.730838,500,660.013935
-388.245561,500,661.033267
-191.268652,500,661.298368
-397.178716,500,661.554937
-326.877847,500,661.815548
-289.508714,500,662.949427
-336.385444,500,663.19347
-201.907102,500,663.438058
-213.351914,500,663.784146
-243.514213,500,664.817873
-314.47116,500,665.103439
-405.004489,500,665.344543
-503.507019,500,665.586674
-219.467147,500,666.612193
-306.186218,500,666.917292
-369.626853,500,667.178757
-356.614386,500,667.4878
-281.953929,500,667.738401
-422.48628,500,668.717617
-284.51805,500,668.958711
-301.156875,500,669.19575
-325.602195,500,669.42803
-290.296347,500,670.529861
-383.63719,500,670.772784
-359.021469,500,671.067881
-307.108295,500,671.397671
-304.567854,500,18614.089889
-358.330979,500,18614.56565
-461.817638,500,18614.964574
-298.319877,500,18615.336105
-436.732918,500,18616.493568
-323.334886,500,18616.917084
-405.092021,500,18617.238699
-295.645317,500,18617.585056
-321.115197,500,18618.817822
-343.45548,500,29403.531617
-271.88174,500,29404.086777
-144.525578,500,29404.630255
-374.402891,500,29406.103572
-217.644482,500,29406.393275
-298.391844,500,29406.628607
-353.083319,500,29406.956522
-298.090687,500,29408.121129
-288.546541,500,29408.464637
-501.405025,500,29408.722353
-219.562699,500,29409.078995
-218.594524,500,78602.953928
-179.487976,500,78603.646499
-359.377737,500,78604.095135
-164.318789,500,78604.694345
-282.416524,500,78606.193951
-276.735933,500,78606.600082
-330.95088,500,78607.15305
-515.933095,500,78607.734577
-212.554447,500,78609.44377
-429.569305,500,78614.524844
-343.115804,500,78614.874674
-394.61539,500,78615.660616
-432.40787,500,78617.305832
-299.109561,500,78617.619931
-242.635697,500,78617.949341
-307.346106,500,78618.226159
-200.843278,500,78618.637323
-197.652027,500,78620.313741
-155.371008,500,78620.713772
-210.580349,500,78621.074179
-239.483835,500,78621.480498
-306.674338,500,78622.691815
-200.686709,500,78622.959118
-151.139565,500,78623.221814
-227.950429,500,78623.570048
-359.604345,500,78624.984126
-268.907941,500,78625.332282
-405.36818,500,78625.612155
-333.625125,500,78625.883557
-156.712834,500,78627.057711
-341.810299,500,78627.294702
-432.872104,500,78627.53865
-423.111487,500,78627.778508
-448.428622,500,78628.830807
-420.852071,500,78629.130959
-283.982689,500,78629.362613
-328.716155,500,78629.566716
-470.35315,500,78630.795328
-331.164692,500,78631.178411
-407.173022,500,78631.483319
-394.410179,500,78631.791394
-415.504542,500,78633.443246
-136.014833,500,78633.968908
-392.113961,500,78634.415383
-379.082697,500,78634.898293
-437.676631,500,78636.968004
-352.73415,500,78637.513773
-268.916509,500,78638.086964
-320.884318,500,78638.720592
-337.281754,500,78640.905222
-254.375817,500,78641.474332
-398.826714,500,78642.118491
-293.509201,500,78642.815939
-416.432109,500,78644.750536
-371.835411,500,78645.302435
-407.952385,500,78645.868336
-455.958346,500,78644.809657
-371.097158,500,78645.309483
-165.981124,500,78647.329599
-196.78699,500,78647.972145
-182.10221,500,78648.531079
-496.574914,500,78649.109487
-230.679869,500,78651.101104
-177.374343,500,78651.714166
-236.963838,500,78652.362091
-311.179766,500,78652.983346
-292.93349,500,78654.999919
-490.401009,500,78655.583025
-291.954827,500,78656.182728
-237.095804,500,78656.750345
-310.121876,500,78658.82875
-236.882696,500,78659.407218
-428.398649,500,78659.999686
-153.436983,500,78660.53141
-263.529654,500,78662.44512
-383.058617,500,78662.831465
-176.978534,500,78663.093089
-362.026933,500,78663.412441
-502.808828,500,78664.448734
-483.268478,500,78664.760841
-353.933669,500,78665.02244
-131.903787,500,78665.257053
-415.835811,500,78666.397549
-431.453463,500,78666.629503
-292.772593,500,78666.863093
-433.642446,500,78667.089317
-398.157624,500,78668.09841
-411.070026,500,78668.380012
-324.117798,500,78668.581095
-407.859901,500,78668.800188
-317.96809,500,78669.896347
-391.039887,500,78670.207933
-324.631359,500,78670.493092
-155.307792,500,78670.823255
-243.53427,500,78671.865679
-344.813896,500,78672.081761
-335.08758,500,78672.321904
-487.786334,500,78672.562021
-143.187994,500,78672.793137
-505.54396,500,78674.010797
-391.400973,500,78674.277399
-481.185968,500,78674.515969
-167.731679,500,78674.81181
-348.465826,500,78675.933021
-449.606805,500,78676.136729
-318.293326,500,78676.393875
-422.401747,500,78676.622571
-145.142694,500,78677.709435
-464.35635,500,78678.000576
-372.608167,500,78678.297714
-472.288696,500,78678.629871
-456.744601,500,78679.685831
-446.548406,500,78679.938188
-312.587128,500,78680.186249
-453.356523,500,78680.42735
-173.544319,500,78681.470077
-160.612,500,78681.725683
-498.468459,500,78681.994813
-169.342806,500,78682.365472
-183.92102,500,78683.565391
-175.188283,500,78683.860815
-329.700139,500,78684.211187
-208.489759,500,78684.556927
-277.403105,500,78686.066692
-401.948929,500,78686.456178
-193.492357,500,78686.812832
-304.58638,500,78687.214741
-159.882112,500,78688.576928
-191.374057,500,78688.922537
-487.199862,500,78689.221709
-389.434706,500,78689.513772
-160.727709,500,78690.849081
-369.055564,500,78691.225672
-343.751009,500,78691.512288
-362.811071,500,78691.857998
-423.759593,500,78693.18196
-190.585582,500,78693.535919
-334.216144,500,78693.854134
-309.146341,500,78694.241418
-485.751139,500,78695.559944
-257.362275,500,78695.884022
-361.564683,500,78696.149996
-200.903786,500,78696.572626
-339.061562,500,78696.876734
-347.392763,500,78697.823113
-325.32352,500,78697.982661
-263.025035,500,78698.169732
-457.341231,500,78698.399348
-183.028856,500,78699.857627
-463.005635,500,78700.367905
-288.545606,500,78700.902196
-346.456132,500,78701.38443
-490.947632,500,78703.228023
-291.175271,500,78703.71892
-138.690078,500,78704.215848
-511.107631,500,78704.707114
-500.398999,500,78706.82582
-350.029257,500,78707.347088
-504.307181,500,78707.861356
-202.790143,500,78708.370709
-153.448657,500,78710.308962
-395.189289,500,78710.809188
-138.424517,500,78711.30091
-150.580088,500,78711.815892
-317.655666,500,78713.696511
-280.018943,500,78714.194693
-507.827672,500,78714.688436
-157.799052,500,78715.198621
-486.589702,500,78717.007673
-141.918492,500,78717.464114
-235.92328,500,78717.96859
-215.74674,500,78718.504666
-300.942042,500,78720.360921
-399.736957,500,78720.896096
-397.196568,500,78721.385316
-164.077709,500,78721.877243
-219.20887,500,78723.777071
-354.442446,500,78724.298399
-441.679687,500,78724.823211
-345.571433,500,78725.30094
-439.521067,500,78727.1401
-226.202132,500,78727.595408
-400.210403,500,78728.082674
-154.845539,500,78728.578894
-360.20183,500,78729.013633
-324.028026,500,78730.81163
-176.880076,500,78731.294905
-355.572206,500,78731.780626
-173.652727,500,78732.294996
-163.584919,500,78734.074208
-236.330869,500,78734.568452
-388.637161,500,78735.11471
-187.429856,500,78735.614969
-286.556934,500,78737.375362
-454.529033,500,78737.85254
-183.571024,500,78738.283679
-185.788797,500,78738.698314
-199.575308,500,78740.557759
-227.620387,500,78741.006504
-455.636881,500,78741.465767
-418.35681,500,78741.959066
-204.23556,500,78743.674163
-323.256981,500,78744.138934
-359.090337,500,78744.591141
-273.34831,500,78745.022882
-204.403565,500,78746.799756
-261.948853,500,78747.187893
-240.656759,500,78747.579607
-288.506303,500,78748.097749
-293.85198,500,78749.865364
-298.990144,500,78750.313039
-457.171531,500,78750.785226
-241.403492,500,78751.278221
-178.752232,500,78753.108184
-230.889823,500,78753.611454
-466.053763,500,78754.092714
-326.061454,500,78754.672542
-339.579809,500,78756.505209
-363.20263,500,78757.009096
-305.035717,500,78757.460375
-419.669551,500,78757.967672
-440.206669,500,78759.873088
-347.019707,500,78760.357811
-154.31191,500,78760.863613
-256.704963,500,78761.32724
-243.073364,500,78763.174726
-195.403923,500,78763.656479
-243.019013,500,78764.119709
-290.476421,500,78764.555434
-174.33676,500,78764.989681
-421.421346,500,78766.770414
-473.702305,500,78767.227261
-287.318389,500,78767.746493
-296.920741,500,78768.251852
-280.002607,500,78769.994679
-281.339857,500,78770.467392
-477.485304,500,78771.014154
-191.812021,500,78771.531397
-209.776241,500,78773.481357
-311.95621,500,78773.94203
-269.036071,500,78774.346718
-226.666953,500,78774.85287
-140.790975,500,78776.550535
-211.716162,500,78777.01933
-334.532109,500,78777.425013
-326.484623,500,78777.799203
-241.827693,500,78779.597645
-181.701256,500,78780.06041
-309.948133,500,78780.510641
-177.816554,500,78780.975356
-282.680747,500,78782.804671
-453.538881,500,78783.272392
-212.834644,500,78783.753608
-399.446529,500,78784.292409
-300.714024,500,78786.174622
-158.614866,500,78786.66484
-221.295985,500,78787.120093
-234.084085,500,78787.652334
-223.376618,500,78789.606013
-382.045892,500,78790.059699
-164.508544,500,78790.544908
-244.847135,500,78790.890083
-373.005067,500,78792.530624
-426.273204,500,78792.978328
-431.60306,500,78793.409589
-267.782802,500,78793.831922
-471.293398,500,78795.782837
-300.594995,500,78796.229051
-255.599959,500,78796.651796
-203.563862,500,78797.071506
-275.924076,500,78797.587718
-443.355237,500,78799.334112
-412.368891,500,78799.753269
-363.438363,500,78800.229297
-451.735791,500,78800.788046
-406.290001,500,78802.747966
-269.157937,500,78803.193656
-417.292602,500,78803.686783
-294.655599,500,78804.144077
-450.447906,500,78805.999098
-375.153985,500,78806.463369
-416.911121,500,78806.931609
-481.865568,500,78807.439878
-264.378619,500,78809.266314
-370.976608,500,78809.703061
-354.119473,500,78810.140314
-446.983869,500,78810.61957
-397.273997,500,78812.433435
-257.879966,500,78812.862796
-449.218862,500,78813.349019
-309.095227,500,78813.768144
-168.681174,500,78815.520617
-442.957624,500,78815.940804
-183.306568,500,78816.45692
-146.926831,500,78816.870562
-349.274787,500,78818.495774
-387.345276,500,78818.93294
-241.728583,500,78819.330072
-457.615384,500,78819.799712
-328.826501,500,78821.462425
-272.47195,500,78821.845136
-455.813576,500,78822.322329
-354.376202,500,78822.71704
-415.255759,500,78824.474917
-471.929909,500,78824.883248
-205.647985,500,78825.336858
-199.458661,500,78825.766511
-292.891759,500,78827.098465
-240.766546,500,78827.359657
-316.27613,500,78827.567761
-275.934522,500,78827.817849
-255.767126,500,78828.764564
-422.658354,500,78828.966193
-359.637487,500,78829.203281
-434.403773,500,78829.425898
-279.279302,500,78829.59195
-247.361719,500,78830.523817
-464.373749,500,78830.74942
-354.267369,500,78830.985654
-478.331645,500,78831.172709
-476.871737,500,78832.176106
-333.368065,500,78832.330661
-403.181531,500,78832.512982
-292.488638,500,78832.723096
-263.54899,500,78833.565121
-389.788809,500,78833.80384
-458.646195,500,78834.263063
-471.956402,500,78834.729947
-254.775411,500,78836.394643
-266.386176,500,78836.806828
-466.295222,500,78837.17147
-370.504048,500,78837.561146
-248.257734,500,78839.13182
-234.993801,500,78839.63111
-264.437818,500,78840.112124
-358.22368,500,78840.553348
-439.465357,500,78842.308558
-285.199043,500,78842.766764
-280.457842,500,78843.211214
-284.321289,500,78843.60092
-256.200689,500,78845.224833
-356.808169,500,78845.66708
-497.559361,500,78846.061806
-295.732103,500,78846.516522
-361.848256,500,78848.042176
-456.528777,500,78848.45742
-301.713316,500,78848.868141
-393.262522,500,78849.354429
-448.102546,500,78851.027804
-381.365231,500,78851.442382
-415.362577,500,78851.785504
-228.404207,500,78852.131152
-476.159217,500,78853.825821
-290.671497,500,78854.248458
-301.864015,500,78854.656685
-312.463687,500,78855.056366
-378.335914,500,78855.495596
-252.599628,500,78856.943727
-268.722948,500,78857.443991
-316.255402,500,78857.883274
-422.81402,500,78858.358998
-271.768301,500,78860.06474
-384.876668,500,78860.554969
-372.191808,500,78860.946622
-358.161681,500,78861.318774
-463.871344,500,78863.008108
-198.057506,500,78863.39181
-360.998945,500,78863.78792
-223.332069,500,78864.192592
-264.202895,500,78865.716238
-433.962882,500,78866.106621
-240.174885,500,78866.529351
-251.551257,500,78866.883649
-295.873983,500,78868.379483
-375.767304,500,78868.783168
-341.835796,500,78869.214534
-303.48674,500,78869.601195
-369.136365,500,78871.156635
-272.084595,500,78871.63287
-204.903459,500,78872.152961
-347.351625,500,78872.689355
-280.849659,500,78874.382678
-360.749118,500,78874.82638
-450.320223,500,78875.253177
-309.602691,500,78875.707433
-331.898639,500,78877.489306
-323.518429,500,78877.944943
-277.938333,500,78878.377651
-309.693891,500,78878.800299
-453.411625,500,78880.481051
-466.615016,500,78880.923207
-400.116634,500,78881.381695
-404.88386,500,78881.847626
-343.092032,500,78883.469267
-379.144858,500,78883.927098
-226.707057,500,78884.393324
-323.272108,500,78884.815495
-238.517647,500,78885.227914
-392.683208,500,78886.997273
-303.512882,500,78887.357936
-330.773149,500,78887.70563
-478.118617,500,78888.189328
-290.724041,500,78889.814072
-224.443448,500,78890.241773
-220.079952,500,78890.670501
-323.917011,500,78891.054207
-205.348046,500,78892.642068
-349.852961,500,78893.123327
-323.649614,500,78893.573049
-276.746438,500,78894.003278
-318.766894,500,78895.646569
-493.739626,500,78896.096273
-348.615278,500,78896.432979
-280.517242,500,78896.90624
-332.8999,500,78898.499632
-374.420329,500,78898.945926
-393.465528,500,78899.41519
-329.92324,500,78899.851388
-274.512866,500,78901.371184
-410.337633,500,78901.841317
-282.728914,500,78902.346604
-359.392215,500,78902.813876
-417.526615,500,78904.505148
-270.168046,500,78904.850274
-359.334072,500,78905.187356
-376.461644,500,78905.596036
-338.182344,500,78907.142815
-494.055008,500,78907.56619
-346.807993,500,78908.02034
-298.853068,500,78908.425016
-473.061667,500,78910.020783
-372.369172,500,78910.464047
-196.83219,500,78910.828901
-404.868873,500,78911.224605
-378.007322,500,78912.982964
-296.251882,500,78913.405628
-307.529578,500,78913.7658
-291.040009,500,78914.144181
-417.676465,500,78915.870052
-251.935714,500,78916.222223
-418.330463,500,78916.667457
-387.917865,500,78917.104186
-386.172311,500,78917.550419
-215.593461,500,78919.214603
-394.774846,500,78919.643844
-499.92295,500,78920.115537
-255.309952,500,78920.581709
-247.572274,500,78922.363514
-337.198902,500,78922.818968
-265.237244,500,78923.226671
-194.632671,500,78923.658846
-392.652668,500,78925.383469
-198.993076,500,78925.842716
-440.950826,500,78926.297456
-393.364493,500,78926.67515
-382.334636,500,78928.432587
-255.927691,500,78928.906345
-255.853768,500,78929.362064
-187.348258,500,78929.824718
-268.17206,500,78931.690835
-414.02566,500,78932.197436
-198.980519,500,78932.672629
-221.951053,500,78933.177833
-467.027479,500,78934.799412
-203.140355,500,78935.118586
-239.756506,500,78935.530312
-180.292827,500,78935.97356
-456.676734,500,78937.842942
-446.872412,500,78938.308202
-358.226687,500,78938.826421
-376.802229,500,78939.3539
-188.475667,500,78941.104272
-314.043114,500,78941.544892
-536.705587,500,78941.968059
-530.270723,500,78942.394217
-205.14809,500,78943.982586
-349.125737,500,78944.338188
-163.656333,500,78944.683863
-174.590059,500,78945.12059
-187.405738,500,78946.812611
-381.358235,500,78947.287727
-206.94368,500,78947.761654
-449.486325,500,78948.300887
-246.052541,500,78948.659571
-387.078434,500,78950.395445
-218.401992,500,78950.873657
-320.975791,500,78951.290385
-231.739821,500,78951.72106
-283.530525,500,78953.268178
-231.493608,500,78953.787418
-222.252295,500,78954.215109
-347.410168,500,78954.606819
-295.927531,500,78956.414323
-184.068537,500,78956.880018
-292.988675,500,78957.32962
-145.350371,500,78957.657711
-248.304775,500,78959.334502
-155.121531,500,78959.753255
-239.14304,500,78960.15295
-369.143752,500,78960.573211
-395.833835,500,78962.201507
-202.235049,500,78962.680768
-334.206366,500,78963.156513
-171.274944,500,78963.623746
-438.936148,500,78965.380195
-469.799691,500,78965.834875
-186.21605,500,78966.271553
-269.941758,500,78966.648256
-188.570677,500,78968.2381
-237.664125,500,78968.682178
-432.737331,500,78969.116876
-183.002547,500,78969.578129
-563.772302,500,78971.077302
-410.146536,500,78971.491466
-190.988794,500,78971.967153
-357.388526,500,78972.427424
-287.416439,500,78974.060398
-287.797227,500,78974.442086
-175.705979,500,78974.861193
-320.52824,500,78975.302391
-299.458514,500,78976.982306
-263.326105,500,78977.403021
-246.582546,500,78977.863702
-281.673499,500,78978.300958
-305.791958,500,78979.852574
-238.266168,500,78980.31984
-417.237976,500,78980.757582
-204.367786,500,78981.174302
-530.965631,500,78981.624571
-265.664564,500,78983.448643
-245.407818,500,78983.949887
-557.254258,500,78984.396557
-526.542801,500,78984.881211
-370.094327,500,78986.709397
-216.373233,500,78987.162111
-206.520962,500,78987.681399
-281.697379,500,78988.146676
-224.267947,500,78989.917783
-427.976931,500,78990.305483
-167.806388,500,78990.746228
-207.24911,500,78991.227498
-196.162866,500,78993.14212
-298.041994,500,78993.639395
-283.923924,500,78994.126741
-145.678093,500,78994.612022
-200.200333,500,78996.395938
-282.756355,500,78996.862195
-223.83723,500,78997.30547
-385.728307,500,78997.860324
-196.147728,500,78999.601422
-181.975244,500,79000.006707
-399.91843,500,79000.432441
-268.618922,500,79000.875623
-135.484785,500,79002.358329
-164.140936,500,79002.736051
-248.616136,500,79003.197778
-141.450886,500,79003.581483
-341.125272,500,79005.108498
-176.122486,500,79005.432171
-337.31924,500,79005.8008
-253.852935,500,79006.133574
-376.352158,500,79007.784836
-449.381349,500,79008.220554
-171.001862,500,79008.655722
-442.092596,500,79009.02731
,2755.536834
-280.80188,500,2756.586562
-217.380316,500,2756.818185
-376.177478,500,2757.055797
-369.056753,500,2757.294417
-494.580559,500,2758.223363
-384.520519,500,2758.525931
-298.470303,500,2758.883755
-220.000722,500,2759.201884
-382.869957,500,2760.243969
-313.261326,500,2760.475981
-389.159153,500,2760.750949
-306.076707,500,2761.102623
