#{"t_start": 1774310077.2765005, "env_id": "Hopper-Fric-Gauss-50-v0"}
r,l,t
5.782981,27,0.042176
9.616056,12,0.055234
15.270641,23,0.078346
6.192465,9,0.085884
5.41472,18,0.102429
8.918426,15,0.11752
18.164322,24,0.143604
9.297661,12,0.156674
15.146438,26,0.185839
22.500447,21,0.208946
13.734468,21,0.23101
20.445816,28,0.253622
21.268454,21,0.276767
6.259695,11,0.290328
7.389664,14,0.311416
12.100583,14,0.321967
9.616279,16,0.333507
12.849856,28,0.360141
24.948751,33,0.387253
4.101446,9,0.396352
7.447792,13,0.410916
45.342661,37,0.451098
11.765238,27,0.48026
47.941822,38,0.509858
6.478317,9,0.520405
8.782655,16,0.53646
6.026979,10,0.543474
20.298124,24,0.561055
12.499369,21,0.583658
7.488011,12,0.595701
14.584697,16,0.613252
24.53336,29,0.64241
7.358141,13,0.656064
15.237647,20,0.673154
6.567229,11,0.679698
28.8941,28,0.700376
9.425723,15,0.715436
9.928275,22,0.737518
11.221796,14,0.75104
11.227252,16,0.770126
9.609381,17,0.785688
4.288742,8,0.793688
12.268719,22,0.816286
10.17647,13,0.830385
12.335185,15,0.847473
9.490839,18,0.86655
38.661171,31,0.899717
15.272959,23,0.922375
8.842732,23,0.94593
6.870434,10,0.955452
11.083479,15,0.972559
6.671908,10,0.983097
8.602177,22,0.999681
6.462231,14,1.014225
30.430306,25,1.040853
15.714041,19,1.055601
38.994073,33,1.082738
10.032286,25,1.109376
6.837305,21,1.132468
6.68145,11,1.143017
7.800866,12,1.152564
6.272877,11,1.161111
17.776005,27,1.186262
45.800526,36,1.22342
17.026781,24,1.249053
7.470691,11,1.257593
17.062372,17,1.272657
19.714164,23,1.29374
54.318395,46,1.343453
19.573307,19,1.356532
10.155597,13,1.371625
14.379229,18,1.390704
8.470179,11,1.403219
20.321153,23,1.425838
5.677432,9,1.436387
10.598613,21,1.460483
5.686851,9,1.470519
19.676777,29,1.495668
4.934298,9,1.5017
8.260501,30,1.523791
10.90106,15,1.537883
6.444549,13,1.550419
16.770803,19,1.562487
7.534697,11,1.573563
8.136723,13,1.587652
19.864393,29,1.611738
5.993219,14,1.624807
8.15613,13,1.640372
14.505182,27,1.664976
6.443437,16,1.682083
5.13575,13,1.696131
9.817097,15,1.70636
18.283052,25,1.732975
14.925451,20,1.755009
5.034841,10,1.766079
8.447187,14,1.782169
10.214263,24,1.802251
102.799484,71,1.877137
68.850373,42,1.92133
4.665249,12,1.935381
8.486082,12,1.948918
5.424319,8,1.95922
22.431867,23,1.98184
21.781559,26,2.007457
82.934156,59,3.347025
6.015203,9,3.357579
4.754963,8,3.365094
12.786752,19,3.384199
27.232848,25,3.410797
12.275035,18,3.430814
8.574448,13,3.443354
32.439427,39,3.487139
20.403823,20,3.507244
7.128064,11,3.519787
29.878265,30,3.552428
159.74136,81,3.637329
6.06669,11,3.648842
6.346821,25,3.677975
11.360985,14,3.691522
8.629772,15,3.708584
8.711067,17,3.726628
46.611771,39,3.766742
15.868698,18,3.783757
16.272933,17,3.800841
18.181512,19,3.821871
8.748579,20,3.838975
116.389706,76,3.898764
40.901501,34,3.930392
5.883422,9,3.935924
21.541083,23,3.957021
10.705089,13,3.971091
20.546992,21,3.994185
5.495818,9,4.005254
15.922687,30,4.033374
15.954518,35,4.068689
10.292887,15,4.081765
13.203107,15,4.09684
25.642635,23,4.117949
7.307462,21,4.141034
29.746149,36,4.178736
27.602383,40,4.219907
66.068996,61,4.283753
19.051608,18,4.303824
7.450229,12,4.316892
25.19403,22,4.340979
11.055269,13,4.355041
13.535209,18,4.373148
64.827087,55,4.42842
13.083469,17,4.438971
7.033284,13,4.451516
19.207024,21,4.473106
18.44349,19,4.494913
19.105259,20,4.515513
9.291955,11,4.528052
56.103177,54,4.578791
12.44715,15,4.592336
7.407946,11,4.60388
3.095568,11,4.615296
14.072695,16,4.63246
29.577951,25,4.659059
10.646367,15,4.675083
24.179725,38,4.715743
23.58442,23,4.742863
38.566746,40,4.787988
22.401396,23,4.810994
7.482816,10,4.822505
35.362367,47,4.867186
7.351282,10,4.879201
40.018588,31,4.912845
5.967597,13,4.928953
14.635045,24,4.947028
20.804897,21,4.965083
7.506484,10,4.974191
82.149179,49,5.027477
13.495133,16,5.044012
62.71764,41,5.082747
85.004376,53,5.13339
11.489625,14,5.144936
25.385908,33,5.178643
43.326866,42,5.214268
18.197848,18,5.231341
10.569643,24,5.255954
10.947409,14,5.271016
25.645278,25,5.297655
101.73348,71,5.362775
6.088095,10,6.643029
100.960994,77,6.710379
70.441095,43,6.740004
86.513182,49,6.788239
24.862044,23,6.811315
10.470028,14,6.82385
112.388388,86,6.901518
170.529093,94,6.995051
82.516759,63,7.062547
83.52985,65,7.13185
8.204433,14,7.145375
209.343365,125,7.260434
91.000253,61,7.321157
109.849423,59,7.378664
127.466505,86,7.458674
112.020147,61,7.515641
63.526135,43,7.558828
9.258732,16,7.578972
53.129324,32,7.607599
69.735982,44,7.645707
94.332747,57,7.707356
15.408535,17,7.727448
132.614217,68,7.794115
15.737906,18,7.812199
17.165129,32,7.845328
85.238628,50,7.89558
14.460357,16,7.910156
114.851966,79,7.981466
130.961169,79,8.056699
9.445891,14,8.07232
171.472593,106,8.185017
95.430595,58,8.245283
43.920599,38,8.285915
77.762825,48,8.339682
114.056873,61,8.402467
45.860585,37,8.446198
50.551083,31,8.48338
84.033465,49,8.533084
7.111651,11,8.541621
27.0429,42,8.582859
15.898336,18,8.602927
29.55884,28,8.631564
65.865792,54,9.96132
114.269909,63,10.023095
40.302455,35,10.058234
7.85566,37,10.09539
131.521629,70,10.157573
16.034993,22,10.179197
95.865037,59,10.229921
82.984295,50,10.285161
194.00515,107,10.399956
67.293007,41,10.43812
56.806155,44,10.48632
66.979538,41,10.531523
89.5473,66,10.590834
7.10354,13,10.603375
47.354699,65,10.662642
19.40697,26,10.689799
35.336945,29,10.712848
102.712664,56,10.769025
135.090434,70,10.829801
47.137167,35,10.86337
16.058703,22,10.885488
51.2423,32,10.918097
154.964842,75,10.991386
80.541889,61,11.05062
91.337357,58,11.101382
46.325048,59,11.155559
81.326676,49,11.199237
105.297996,63,11.252964
205.124147,108,11.347915
29.328878,26,11.372518
136.834146,110,11.478029
84.904344,51,11.532723
28.919301,24,11.559366
81.760632,47,11.605096
56.560925,34,11.640766
95.39294,83,11.718644
15.579366,19,11.737682
76.120827,86,11.81813
36.183407,38,11.858282
30.056117,29,11.890367
39.552797,44,13.213638
133.316017,76,13.291185
73.043599,45,13.335873
83.348153,50,13.386127
102.837203,57,13.443609
23.552252,24,13.46623
64.313497,40,13.50233
60.374452,38,13.544293
192.824758,100,13.645298
134.239187,82,13.733215
130.685515,80,13.817628
21.811832,20,13.84171
79.043884,49,13.89397
50.320846,31,13.928153
60.290559,39,13.969342
91.650128,53,14.032164
125.076504,75,14.109013
116.813121,63,14.168284
28.478862,24,14.192891
69.588912,43,14.233985
88.227643,71,14.304312
92.158617,52,14.355537
124.122406,65,14.417325
78.020319,51,14.467052
74.055227,48,14.514377
90.348824,52,14.567615
200.562209,92,14.658791
73.210905,45,14.704451
130.457105,97,14.804245
65.450398,39,14.843865
140.170627,73,14.898629
95.721413,54,14.949346
91.032501,53,14.998559
152.805224,85,15.081426
140.271445,77,15.151171
156.672042,83,16.426642
81.381379,47,16.462216
66.248597,41,16.500819
223.325018,107,16.607441
48.894762,34,16.643042
204.129162,92,16.731457
139.591356,84,16.799797
97.365848,54,16.861066
204.404745,99,16.965567
96.759409,55,17.023844
133.968299,85,17.108783
102.398564,70,17.178109
78.470911,47,17.225769
134.927182,72,17.286562
137.523905,70,17.352846
58.550321,37,17.383977
85.017908,54,17.431712
18.443812,19,17.448804
78.814821,47,17.492451
68.850691,40,17.534617
235.237752,116,17.656589
97.35138,56,17.713793
80.823624,47,17.760482
88.994553,52,17.802735
204.639916,100,17.890103
130.64042,69,17.954062
68.850334,43,17.991757
80.375622,48,18.044489
71.413652,43,18.093748
57.522246,47,18.144482
152.079654,79,18.226863
143.817246,74,18.305203
101.454134,62,18.374091
95.343375,54,18.429307
78.025948,47,19.791328
111.083111,60,19.850589
222.107009,100,19.949533
97.194847,58,20.009333
69.999376,44,20.052508
235.014794,115,20.169587
57.311466,41,20.208771
99.88865,57,20.262471
81.715253,52,20.316225
148.218052,79,20.407676
187.058144,100,20.505586
58.045515,41,20.546777
89.880571,50,20.593986
196.98273,96,20.692907
127.981032,66,20.762486
124.403806,64,20.828792
144.365395,75,20.91819
75.455862,49,20.971961
70.377459,43,21.020745
274.195303,126,21.146881
154.532702,86,21.212664
135.110873,87,21.293524
170.629816,83,21.378931
220.100498,114,21.505503
91.98104,62,21.567791
136.000945,76,21.652217
157.574528,80,21.727082
140.595236,72,21.803452
232.047316,107,23.161714
182.260853,87,23.249521
222.849468,107,23.360993
94.537091,55,23.414218
129.942078,67,23.475538
98.263246,54,23.531811
232.060257,105,23.630773
218.333452,101,23.742262
222.720532,100,23.836046
173.779864,87,23.919826
121.644865,65,23.98156
237.151452,104,24.079935
164.21547,83,24.14571
228.000758,106,24.247653
231.147232,115,24.362175
62.171847,38,24.394324
67.594197,41,24.430511
56.441457,35,24.468602
210.340589,105,24.564034
178.129839,87,24.648419
193.776372,89,24.738684
231.673522,107,24.855689
143.251368,78,24.932825
222.76709,108,25.043331
228.218135,112,26.4058
223.185118,108,26.494688
159.335876,75,26.559455
205.981834,102,26.65559
159.868577,86,26.740438
231.734801,107,26.839884
48.561205,30,26.871519
235.745118,106,26.976085
106.082642,62,27.031828
76.291008,47,27.080368
169.00133,87,27.154644
232.017124,103,27.250242
145.616456,74,27.325661
219.970334,103,27.430671
225.11857,116,27.551549
72.755179,44,27.589252
217.823936,104,27.697744
129.053791,67,27.755961
223.915744,99,27.858107
221.873625,103,27.960081
193.430836,104,28.068584
215.394211,97,28.171741
227.05026,105,28.275843
143.918075,72,29.588279
209.992369,96,29.665597
224.324651,106,29.774154
174.439198,81,29.844882
78.171326,47,29.888036
221.233452,108,29.974865
229.935266,103,30.070296
191.080471,91,30.154603
228.158613,106,30.244916
208.081816,102,30.329324
158.223668,77,30.410189
180.918602,86,30.504241
194.847932,92,30.601088
221.242218,106,30.705608
228.467441,109,30.828724
157.430711,78,30.91163
229.881298,107,31.012525
209.744273,96,31.107394
142.680196,73,31.169643
199.430927,98,31.271067
224.657637,103,31.382179
208.260859,106,31.500207
224.546683,103,32.833003
219.470109,106,32.934887
76.614737,46,32.980017
228.545566,109,33.072459
58.907907,36,33.108352
215.848052,97,33.199687
114.569335,62,33.260879
194.246398,97,33.357813
208.742153,101,33.449248
213.49558,102,33.540577
226.444502,105,33.629944
223.70139,105,33.741301
102.321122,60,33.805586
37.412318,27,33.834703
233.733817,116,33.948774
223.829267,102,34.049729
224.926121,104,34.14816
111.275701,63,34.21297
236.351802,109,34.333973
210.89569,101,34.442406
206.510296,96,34.534815
229.21184,106,34.635953
84.622021,50,34.691164
227.826185,107,36.061481
212.503183,99,36.157852
233.96531,109,36.27593
219.020758,100,36.374911
216.757012,99,36.471859
197.691119,95,36.563735
187.482449,90,36.656145
201.69045,102,36.759123
231.476333,107,36.861068
119.780528,68,36.927381
221.57805,100,37.013231
209.18802,96,37.117248
208.50393,101,37.225688
213.706919,99,37.319986
213.243099,105,37.425905
215.833999,101,37.528359
154.755849,76,37.607721
200.204423,104,37.702142
107.027886,60,37.761399
223.125632,106,37.86201
211.248411,103,37.958957
221.601004,104,38.058946
136.085335,72,39.402653
223.807686,102,39.499612
225.556049,104,39.593545
139.309928,71,39.661356
225.663875,105,39.74318
242.710907,107,39.839044
227.79475,104,39.944923
221.190097,101,40.04452
202.366389,93,40.147525
234.015736,111,40.264019
223.722472,111,40.377184
230.958119,103,40.490678
225.734772,108,40.588147
221.125656,107,40.696388
221.095922,110,40.804317
224.29311,100,40.900855
217.119657,104,40.994219
242.882678,116,41.088646
229.895172,102,41.167997
235.459316,102,41.261371
234.582563,110,42.699907
236.70233,110,42.807417
179.16747,91,42.888244
225.901846,105,42.986129
213.478391,98,43.075034
214.327679,102,43.17253
217.548947,106,43.26984
237.610067,104,43.375253
239.773051,117,43.495233
218.983174,102,43.605833
229.923712,106,43.722406
202.521975,94,43.833957
201.197895,97,43.93748
216.778153,101,44.043457
238.361109,103,44.143915
221.562606,108,44.253422
195.81334,91,44.334277
206.258898,102,44.440355
222.918971,103,44.548875
194.253169,93,44.631282
225.448087,106,45.989808
226.088984,113,46.114302
186.757803,90,46.196141
232.780565,108,46.29858
231.327337,103,46.38441
229.494028,101,46.490924
120.807535,64,46.545264
222.462953,101,46.646291
196.595166,94,46.744292
223.037311,100,46.845019
257.532694,132,46.979089
89.968833,52,47.029804
201.986371,99,47.132383
234.013853,110,47.261933
220.917701,111,47.370496
235.112723,109,47.480843
215.866994,103,47.591559
229.143443,103,47.690515
137.878759,75,47.754795
213.342383,107,47.855139
112.32934,63,47.916459
186.05102,94,49.331268
210.595313,95,49.441587
223.847316,105,49.54707
230.007602,104,49.64775
220.134396,112,49.750733
219.102833,100,49.850677
241.002112,111,49.968721
225.387923,101,50.074052
171.852718,87,50.161453
240.046685,110,50.264429
243.285218,111,50.373115
235.890225,114,50.496269
228.512367,107,50.605284
212.141359,96,50.684165
224.224004,101,50.797198
226.444562,104,50.900806
224.805643,104,50.995199
250.676031,108,51.100242
227.028341,98,51.190558
226.855113,102,51.277604
217.223609,98,52.65423
217.344342,97,52.757719
222.836137,100,52.868172
228.039335,100,52.970808
230.257514,106,53.071789
223.997045,104,53.181727
230.705289,103,53.282639
204.616309,90,53.372964
221.129277,98,53.46383
238.071219,105,53.550248
211.543184,104,53.646632
232.50084,111,53.746537
233.104558,109,53.851556
220.853365,103,53.952487
239.450528,121,54.058883
223.403485,100,54.151788
215.695103,101,54.244164
235.778269,101,54.313496
243.541937,103,54.411492
280.062772,115,54.529541
134.175168,68,55.859476
215.364886,94,55.943347
228.263113,104,56.044892
238.017439,109,56.142603
205.038542,95,56.217031
75.312693,46,56.249383
232.785974,105,56.345358
229.174581,103,56.446817
243.611513,116,56.549738
246.374602,116,56.658643
248.440415,110,56.753921
270.504227,114,56.858373
257.611351,112,56.970895
226.957934,105,57.052792
235.918257,108,57.153301
219.310911,101,57.254205
232.522134,104,57.349756
237.704382,106,57.454679
235.39888,105,57.563006
218.093786,98,57.652505
225.215179,102,59.002496
309.975829,128,59.115526
231.45731,107,59.213829
209.948917,94,59.290668
232.78495,104,59.387484
259.720818,114,59.507462
199.571258,92,59.599401
234.606705,103,59.678945
206.302236,99,59.762236
218.369221,103,59.850622
237.051843,108,59.944503
348.621076,135,60.054569
230.130799,107,60.149319
225.482323,105,60.235146
233.525601,108,60.337562
252.752616,107,60.437525
222.381688,101,60.537473
233.137069,103,60.646446
246.804187,109,60.752383
242.675655,105,62.113697
252.722637,111,62.221104
278.915352,115,62.334408
257.989,114,62.436387
231.289893,102,62.528939
208.007629,96,62.609223
236.813087,106,62.709627
218.639574,96,62.810601
240.882643,110,62.90499
251.051968,111,62.984826
194.488343,92,63.072203
309.842656,129,63.178073
292.209662,125,63.29041
203.532969,95,63.363879
238.323125,107,63.46276
242.487092,109,63.568179
217.417221,100,63.665528
228.258441,101,63.77244
235.338663,108,63.884771
260.405153,106,65.252363
225.845074,99,65.357786
273.727914,117,65.467283
267.485544,113,65.571185
245.790042,110,65.660091
285.162789,117,65.764927
311.610999,128,65.882385
339.175198,144,66.017495
261.658537,109,66.125312
282.190392,122,66.240325
231.507244,111,66.325167
151.62466,83,66.401981
273.747357,118,66.533369
327.539002,132,66.66142
228.943132,113,66.765357
226.597034,105,66.863274
305.061069,122,66.975187
238.585509,107,67.076964
307.33892,123,68.428671
288.081812,128,68.552708
282.548521,128,68.667259
277.423511,122,68.789858
351.106947,150,68.929844
327.253093,126,69.036871
238.25787,108,69.134754
268.726858,115,69.228708
293.509057,121,69.341237
322.915548,132,69.463984
289.798156,124,69.601208
290.98708,125,69.73275
301.785469,133,69.863291
305.573965,130,69.983767
211.322891,108,70.081829
327.744317,130,70.214877
341.547776,136,71.628159
274.305175,115,71.744172
329.174807,145,71.890957
283.395747,124,71.989953
335.692866,136,72.104181
223.383312,102,72.202169
316.775739,137,72.322137
309.681273,134,72.462268
324.20153,139,72.597951
339.540893,144,72.733604
323.138612,138,72.880071
317.209357,135,73.015233
271.737886,115,73.124178
281.432751,121,73.221261
318.133363,140,73.363624
350.738473,147,73.512272
365.024932,162,74.976757
383.429605,148,75.136951
352.851723,154,75.286648
334.149564,130,75.410681
341.084335,150,75.549057
298.114576,132,75.675192
306.121247,128,75.794436
349.110746,141,75.913841
348.137441,151,76.048079
311.736722,127,76.16439
105.730446,59,76.226668
311.924817,127,76.359644
334.253597,145,76.504153
335.100195,144,76.619286
355.055717,145,76.731494
368.160267,157,78.182733
331.601582,144,78.317261
233.637169,104,78.422245
335.026141,141,78.570902
331.089438,141,78.717076
319.193095,138,78.863321
345.075905,145,79.011434
330.497685,140,79.153039
335.232564,145,79.294521
261.246077,112,79.414088
361.359713,140,79.585279
319.276535,138,79.727651
349.465923,141,79.865602
329.558251,145,80.01044
335.117768,149,80.153095
331.633466,130,81.587213
339.437454,150,81.735352
184.926984,90,81.839871
327.807231,141,81.982958
305.419514,128,82.101766
107.989452,62,82.161532
357.004367,140,82.294236
324.137013,134,82.415467
319.129214,137,82.571623
177.395755,97,82.672061
250.151415,123,82.796169
374.538204,142,82.948911
333.215544,135,83.076905
210.143725,110,83.168827
363.474564,147,83.314439
373.797003,149,83.454574
365.914333,150,84.819757
355.748533,142,84.9503
329.225754,144,85.094892
345.29311,147,85.238804
311.288738,129,85.358751
193.308102,93,85.456136
355.241999,149,85.61535
404.090566,158,85.773078
324.919656,139,85.915661
372.670356,158,86.076108
350.083857,150,86.235897
373.967856,164,86.390557
343.479908,142,86.522004
355.945204,146,86.658569
367.54575,152,88.072215
364.790597,144,88.20769
376.336631,143,88.352815
332.272823,133,88.479956
332.636826,145,88.617606
339.220396,141,88.768066
360.729897,155,88.894542
382.112181,144,89.038153
335.051804,149,89.172781
552.059897,198,89.34446
398.287563,148,89.476282
350.463547,150,89.627891
335.158763,142,89.761377
342.737042,142,89.90501
345.845871,152,91.308898
347.660455,145,91.446163
319.676398,139,91.582815
517.978184,196,91.793652
341.993846,140,91.943401
345.724282,142,92.082859
368.616715,153,92.222399
322.068714,136,92.349619
349.141995,144,92.492938
371.572571,151,92.627521
265.086035,123,92.748002
358.342333,148,92.882705
346.232868,148,93.016332
419.595831,163,93.151911
352.915099,148,94.527592
342.445965,153,94.677665
530.550877,207,94.846345
407.55295,156,94.970942
460.965179,165,95.135679
325.720848,135,95.264002
391.236193,161,95.431147
375.987372,167,95.57436
451.080021,160,95.730914
380.050605,144,95.868997
372.934962,154,96.021121
378.894333,158,96.168248
349.161303,151,96.319417
437.811793,174,97.813156
390.139462,150,97.933193
433.469274,165,98.080865
178.584959,88,98.151673
381.426792,149,98.290182
358.594106,153,98.426264
493.693599,191,98.619005
409.207529,166,98.756115
517.81994,188,98.925973
413.022921,154,99.061603
340.006622,142,99.203811
449.196738,173,99.371089
314.917846,134,99.48954
472.690895,191,100.996258
388.736032,152,101.127687
415.043234,168,101.270665
457.791495,179,101.452113
534.556914,194,101.637729
554.337375,203,101.808357
375.733137,150,101.957966
406.334494,158,102.115732
180.843378,94,102.208691
355.608004,148,102.359882
453.598868,178,102.534779
307.22039,139,102.687941
320.617373,146,104.180698
407.622963,146,104.310949
556.729469,199,104.484196
529.586263,202,104.661255
479.553134,185,104.819979
562.237109,195,105.008918
422.295207,156,105.165041
413.439057,170,105.354397
573.602107,203,105.558612
334.072505,147,105.702781
549.925734,195,105.887708
401.496463,154,106.041058
323.851836,153,107.495223
463.934882,176,107.671055
281.247064,137,107.810511
493.814174,186,108.007413
576.134394,197,108.208872
268.778153,126,108.344962
560.740436,203,108.558933
396.093434,151,108.727745
407.294013,156,108.896479
326.376417,138,109.045172
297.446599,125,109.172857
544.810366,202,109.363616
407.067354,158,109.516372
391.479198,154,111.042076
433.76252,165,111.176653
392.172971,159,111.332728
261.163266,128,111.462784
371.572643,162,111.623398
336.491198,139,111.766003
449.960471,171,111.939819
494.253259,184,112.126411
517.862147,185,112.298217
418.896008,164,112.464483
470.141305,179,112.64546
427.135813,161,112.788657
300.659369,126,114.255318
457.134545,171,114.417592
404.674705,172,114.576812
481.143814,170,114.731036
445.255082,174,114.903275
313.716848,130,115.022894
313.053504,137,115.150187
525.618613,198,115.356003
479.340554,181,115.531717
557.541543,206,115.714122
447.288702,161,115.851263
350.249189,153,115.9748
558.066709,191,117.459057
94.311382,54,117.522363
588.642962,208,117.731134
433.53451,167,117.893756
572.778132,196,118.08576
384.475877,154,118.239374
467.73934,173,118.41244
653.97335,239,118.639464
588.912525,208,118.832464
499.685516,186,118.988019
415.800051,164,119.130593
389.18197,154,119.286208
449.27805,163,120.755035
462.981846,188,120.945292
525.719028,189,121.129477
463.619392,179,121.307835
401.170778,168,121.476695
479.848536,192,121.640939
276.692013,123,121.749428
390.468923,149,121.877949
425.58371,156,122.029592
445.73311,161,122.179511
446.191289,160,122.328121
461.792543,186,122.485505
202.672234,96,122.571189
509.209651,177,124.089275
426.540588,161,124.291788
800.242248,307,124.570341
674.341239,246,124.808005
767.117299,251,125.044242
532.891696,194,125.226618
500.295129,203,125.394728
391.536337,140,125.525244
527.224787,211,125.708217
523.503384,226,125.913062
604.158578,198,127.372961
687.789119,231,127.618532
450.2093,165,127.769344
480.120916,174,127.921998
559.777124,188,128.088109
700.65217,292,128.310125
1042.55899,403,128.678271
900.686797,304,128.94834
803.356799,276,130.43679
363.220268,163,130.605047
713.071722,235,130.818982
602.068824,208,130.999671
703.266217,243,131.225163
491.290234,174,131.389358
671.689428,226,131.604387
615.817613,211,131.796043
675.617985,225,131.990737
699.065413,239,133.449966
728.104423,245,133.698089
444.242466,155,133.846722
561.476221,189,134.035743
910.437997,315,134.313972
684.620382,229,134.528853
895.957519,297,134.825681
409.123475,147,134.958792
440.196255,161,135.089718
656.002378,215,135.277076
507.075685,176,136.738198
835.365101,269,136.965769
991.396717,364,137.299105
646.700335,203,137.484066
1168.715794,500,137.956813
672.417759,231,138.174592
671.938811,224,138.390969
656.869894,222,139.872003
715.913465,246,140.102071
762.502625,252,140.346685
847.679281,280,140.606776
939.126888,298,140.884594
442.2646,168,141.030027
454.445067,198,141.218577
1047.606336,417,141.619424
872.165608,287,143.158407
961.342998,298,143.463601
412.731901,162,143.59981
456.310147,162,143.749949
832.447962,272,143.9914
594.274866,213,144.185133
613.195248,204,144.376472
498.757133,183,144.548605
666.507115,217,144.758544
693.327324,231,146.235041
1163.372613,500,146.67892
323.351525,134,146.805959
425.586831,167,146.96115
380.643763,146,147.099806
954.010689,312,147.390366
1154.918076,500,147.880018
665.238121,215,149.321766
605.525426,201,149.477112
452.621685,211,149.649234
115.799062,72,149.720583
1063.626019,353,150.051315
139.814231,70,150.124587
965.351681,343,150.446534
742.003076,243,150.649857
932.785472,314,150.947694
1475.461961,482,152.679057
1160.344687,425,153.109011
450.21309,156,153.265041
1172.686664,398,153.65154
761.497941,245,153.879078
1046.257291,500,154.319995
657.392909,235,155.786951
1150.653341,392,156.149375
1282.386971,500,156.569372
661.12835,226,156.792259
1134.786177,391,157.141272
1096.07286,500,158.934781
637.917768,227,159.153836
666.727665,218,159.369031
613.679714,211,159.559167
630.293581,203,159.742396
671.176396,221,159.919045
666.478439,223,160.127466
378.109443,153,160.271664
604.133181,207,160.446912
619.37823,207,160.641833
712.536194,236,162.164214
614.769169,204,162.351651
666.422587,216,162.534477
505.557631,178,162.711869
414.931828,144,162.833848
737.459439,242,163.056923
213.19963,97,163.149337
622.595711,203,163.34361
710.159532,229,163.566197
349.078694,149,163.724882
662.762321,209,165.179175
494.14532,173,165.345879
844.112534,277,165.622613
912.672789,296,165.892373
482.664676,170,166.060771
666.040709,213,166.250031
609.005583,200,166.433768
632.340836,206,166.616798
726.684409,241,166.847925
656.301744,212,167.032589
518.563792,175,168.447327
678.369366,223,168.657584
1029.730787,344,169.004965
867.776503,278,169.260623
1092.403613,359,169.603088
698.008221,228,169.824577
647.502382,218,170.028988
626.252661,207,170.236945
635.035905,220,171.740301
902.402347,295,172.015516
954.38233,313,172.303124
682.711961,220,172.487925
845.120255,281,172.740622
637.565913,217,172.959591
841.635934,280,173.22335
539.849417,185,173.383971
1069.462708,348,174.986876
657.439902,219,175.203358
711.629751,231,175.41769
864.406224,273,175.668265
833.472728,285,175.919787
874.09711,283,176.156712
251.075608,121,176.268349
643.316463,211,176.455144
691.879249,242,177.927649
145.949974,71,177.999964
446.302176,158,178.149898
880.507224,282,178.378023
728.729395,236,178.598373
658.96906,210,178.781075
384.840478,137,178.913191
909.351204,289,179.193284
962.824254,305,179.462388
578.953758,190,179.637261
861.070166,285,181.199408
881.712553,298,181.455421
1250.343105,398,181.807802
638.577684,218,181.993727
641.35716,211,182.187043
1360.784772,454,182.598156
550.128362,206,182.789742
855.635766,278,184.327849
460.556035,159,184.47013
1382.379468,474,184.905438
528.31352,182,185.065832
629.527439,205,185.247608
691.30334,223,185.453684
701.754244,230,185.675174
659.290853,224,185.900609
940.404307,296,187.435615
725.207692,237,187.639396
635.957918,212,187.841312
678.887114,217,188.037609
853.32677,276,188.270322
752.959798,245,188.478123
759.393263,248,188.69296
777.306266,250,188.940428
1079.700552,357,190.509899
624.064338,200,190.682025
941.361062,301,190.969723
1058.006091,357,191.30962
912.05394,297,191.583677
844.338463,279,191.853399
511.915919,196,192.049779
725.493371,232,192.273584
1278.738716,432,193.933445
657.987325,218,194.145041
774.662759,256,194.365044
259.675383,116,194.460835
438.462756,153,194.598067
762.72222,252,194.838227
621.491244,220,195.054363
710.341987,223,195.262572
610.384316,201,195.424881
898.677484,285,196.981472
355.80724,138,197.112071
612.754151,217,197.308702
618.435488,222,197.493497
343.8227,140,197.632668
690.615026,225,197.861617
1006.162805,324,198.186034
537.954152,202,198.400027
600.015265,215,198.5924
655.279653,215,200.104105
812.26547,260,200.345185
784.729457,257,200.576711
595.026798,197,200.772088
963.781356,320,201.09389
649.840563,205,201.294377
770.535764,259,201.531739
882.082903,295,201.794266
757.507083,253,203.326806
1042.098672,394,203.678253
698.906399,223,203.891893
673.004284,222,204.103591
895.577248,291,204.394554
648.609126,217,204.609993
713.467332,231,204.852136
1051.421007,363,205.170803
764.345387,266,206.708119
954.76545,304,207.000992
856.509577,277,207.26285
813.895773,266,207.502837
708.967058,240,207.733466
619.00137,201,207.928733
687.217337,226,208.161768
589.601673,212,208.383789
591.394936,218,209.847949
611.243845,202,210.029149
632.019884,206,210.224407
1066.982807,351,210.570421
887.816281,285,210.828901
586.401371,190,211.012634
1184.815767,400,211.353489
634.55354,202,211.537657
1278.074523,440,213.188433
947.582391,324,213.476418
654.751279,206,213.684922
603.107042,202,213.902967
1246.909992,437,214.342931
686.254122,228,214.564376
703.797786,232,214.780931
712.258278,227,216.233046
641.294127,215,216.43599
855.308981,271,216.694654
547.882467,187,216.882413
870.719567,288,217.161084
678.483412,232,217.376005
858.305131,293,217.646197
238.333665,103,217.731767
862.530258,283,219.26446
667.269639,219,219.480784
1359.147045,500,219.925102
1119.647586,371,220.287611
816.071658,263,220.525122
571.448368,192,220.704832
976.201591,322,221.012778
619.392575,202,222.432125
1201.489761,380,222.778834
1230.970264,396,223.145382
1324.864963,500,223.611318
637.656076,212,223.833083
881.195035,274,224.107305
922.726119,312,225.686993
652.195443,208,225.893003
994.080115,322,226.171987
1489.681132,500,226.632133
620.606519,208,226.830911
1194.254969,404,227.197736
840.149493,271,227.466865
702.204389,229,228.991426
689.999933,214,229.195855
825.906887,267,229.444508
821.096634,264,229.688649
1132.698706,362,230.056337
1318.611027,446,230.52239
643.784365,214,230.73435
633.084188,209,232.227302
1112.519693,370,232.56734
864.848985,283,232.799168
524.817614,177,232.957768
722.664876,248,233.170725
961.47138,331,233.44923
881.772045,288,233.722938
819.133822,275,235.237609
695.326268,217,235.43421
979.387629,321,235.722247
1145.631774,500,236.215292
946.506008,301,236.49878
697.755364,223,236.70019
836.069037,264,236.967402
1051.420351,351,238.574338
539.967751,180,238.753112
556.502273,183,238.921732
1193.751387,500,239.388199
919.441603,311,239.677198
946.855,303,239.951543
681.548653,229,240.166618
647.236408,220,241.644413
649.690014,214,241.859793
1172.247732,377,242.20816
1089.758041,364,242.540932
881.978308,285,242.79986
932.180765,291,243.090796
1308.580237,500,244.83125
581.010771,201,245.02888
630.633866,208,245.224867
628.232256,207,245.415035
680.725268,226,245.610847
702.051777,225,245.808643
438.025082,153,245.96103
932.028209,319,246.266363
931.065725,300,246.551252
554.323893,191,246.717107
323.555936,132,248.168644
686.873903,226,248.366528
684.170983,224,248.577584
988.521319,310,248.854733
874.319341,271,249.104952
788.000654,260,249.363792
948.216627,293,249.59792
640.895517,213,249.806993
697.547714,230,251.312225
1133.658942,369,251.649291
731.380375,248,251.884855
500.293567,169,252.048271
707.878671,225,252.246098
768.731006,245,252.46615
844.395414,262,252.746759
876.885736,270,253.011727
718.504326,231,254.517359
418.555121,140,254.633369
977.952797,308,254.922408
597.155938,197,255.116727
800.841812,269,255.363867
1205.963012,500,255.831527
727.20392,243,256.07817
693.137208,218,256.264883
1282.682718,463,257.972494
1311.02529,500,258.489167
373.542065,157,258.63377
670.471672,212,258.834146
977.380409,318,259.153555
584.150764,197,259.363445
759.759728,239,259.592967
648.043444,216,261.093609
626.797017,196,261.284409
921.427341,316,261.563818
963.894941,299,261.845394
693.784136,229,262.065656
1347.765409,500,262.53527
763.724218,251,262.793091
208.448474,101,262.885389
631.427678,201,264.321613
1232.80369,500,264.801787
745.539126,245,265.028713
1416.743178,500,265.452971
361.153904,132,265.582315
852.889623,265,265.808917
1274.432332,402,267.49785
1292.175153,406,267.841405
1211.105691,398,268.230651
1069.985322,337,268.52982
668.651262,213,268.744891
374.950262,131,268.864404
909.819237,275,269.141483
952.777762,314,270.654105
1013.520074,326,270.956588
464.780747,171,271.115543
924.600102,293,271.39272
1038.50663,333,271.69027
1263.028014,407,272.077746
169.409507,80,272.161523
1253.575759,500,273.830296
890.67678,286,274.096766
915.369187,303,274.372227
1211.762754,372,274.720184
948.00592,297,275.029444
914.894,296,275.325904
1306.764965,430,276.996884
162.700787,77,277.076719
200.905832,95,277.170701
776.080459,243,277.400656
761.918168,249,277.63245
634.918393,204,277.811769
677.839478,216,278.004023
1259.333852,380,278.374007
776.993501,252,278.628321
510.714712,167,280.109459
693.192359,217,280.325942
629.347478,202,280.53441
1075.900595,353,280.852786
689.869551,212,281.037023
1225.156672,383,281.397102
150.236025,73,281.470432
787.15779,250,281.708348
730.826639,253,281.950386
812.758074,255,283.499691
1470.66679,477,283.965833
1428.681036,444,284.389889
383.030112,161,284.550511
453.807246,156,284.716196
842.256908,261,284.9649
936.547558,290,285.26492
610.354966,195,286.740787
1010.081026,310,287.01088
462.042987,159,287.162213
872.138958,267,287.415442
965.5832,296,287.730661
786.769695,269,287.994861
726.751288,242,288.252085
954.585386,288,288.535878
1409.053809,500,290.402739
975.153759,298,290.708504
84.572192,48,290.760406
1338.430869,500,291.282256
411.778679,140,291.432469
1236.15427,398,291.823902
770.054177,260,293.364406
1236.527373,399,293.700604
151.20967,74,293.762385
657.920177,209,293.999593
149.589036,74,294.082424
732.819594,232,294.280734
1149.215981,404,294.649779
851.128875,265,294.877959
959.76795,317,295.167658
713.817925,237,296.730922
978.330383,302,297.046283
1352.721805,499,297.571511
1003.641934,329,297.862733
409.666945,161,298.014878
1290.860587,397,298.362381
942.899383,322,299.945412
699.460933,232,300.164211
799.361767,254,300.406766
1423.398253,500,300.871176
1137.705152,365,301.179407
727.991895,230,301.388311
522.521545,171,301.544528
507.713468,167,303.003969
906.520148,279,303.26852
1248.382739,409,303.629398
1289.846198,500,304.089049
1252.968802,394,304.429493
271.275332,120,304.53973
1407.515739,500,306.298035
1424.284277,451,306.726165
950.829519,317,306.996858
1356.218209,500,307.421719
627.959748,208,307.598492
630.108206,223,307.803248
437.253552,169,307.964902
1004.080372,307,309.537683
1371.317205,500,309.97345
1442.057596,481,310.414746
989.462863,306,310.7001
1000.698332,320,311.003615
987.603213,327,312.544239
685.178626,228,312.768883
721.627255,233,312.99676
803.777218,252,313.201098
263.203721,116,313.297537
703.733167,218,313.508034
706.906358,222,313.732479
565.811852,183,313.93541
854.680821,270,314.199985
1159.165359,374,315.793703
986.099652,303,316.046626
1021.887443,322,316.31485
628.748171,204,316.492956
858.419751,270,316.727998
1530.331277,489,317.180802
1366.834584,427,318.816658
1240.034012,500,319.348949
970.973821,301,319.639715
1184.292352,444,320.069772
654.323962,219,320.287278
1339.764352,419,321.941222
1223.551,404,322.328219
915.711068,288,322.597892
1008.115641,310,322.890933
1358.078626,500,323.376114
1336.581092,500,323.835721
1225.712536,500,325.581257
1055.416307,340,325.892998
936.103355,364,326.216401
1466.973425,497,326.676635
881.206203,284,326.929112
939.151219,311,328.447784
1108.471293,345,328.761637
1419.400399,444,329.168613
1286.812472,500,329.64171
1294.738986,500,330.07496
1372.125835,500,331.790576
924.848649,283,332.059622
992.827997,310,332.379077
1247.123407,406,332.778061
159.543935,74,332.846894
956.500648,296,333.135182
865.505748,314,334.690631
852.530099,275,334.936686
657.107175,200,335.137067
1200.16411,386,335.52381
1154.707534,373,335.9167
1291.366421,500,336.401179
1300.963193,396,337.991707
1008.41962,325,338.318324
1344.725634,500,338.794702
1014.507269,333,339.141352
1528.292891,500,339.593593
1366.084829,500,341.290874
620.204092,202,341.48983
1453.368572,454,341.91522
985.591148,329,342.211896
866.492478,272,342.43078
981.488068,333,342.730647
1501.80045,477,344.437759
710.911083,230,344.660093
1371.179556,436,345.076949
1229.408861,399,345.461355
666.007355,213,345.646628
699.316745,228,345.843529
1267.510346,477,347.592263
1008.195926,314,347.885125
1458.996246,500,348.356548
1196.269295,450,348.789453
486.266274,163,348.942071
1318.991922,500,350.679648
1183.572404,398,351.090456
1114.276065,343,351.388258
1440.802593,467,351.810298
1156.64402,362,352.159069
893.049849,279,352.437838
1429.833364,488,354.148144
674.858393,215,354.340632
677.466968,218,354.539051
538.6312,179,354.689317
1541.418851,500,355.125546
921.720842,346,355.460649
1401.243159,500,357.203753
1279.105919,499,357.662353
1304.083562,500,358.139565
1052.420863,325,358.447474
205.151035,91,358.541898
934.908421,303,358.842645
830.110461,255,360.345699
1356.839904,500,360.790917
1195.829826,500,361.236972
859.366673,263,361.465044
1000.090992,308,361.763925
999.459117,305,363.340503
995.035251,309,363.647777
904.943649,279,363.899309
877.567774,269,364.169207
974.840989,312,364.446017
1250.228103,500,364.900378
1009.039287,304,366.456144
967.620244,296,366.732335
1312.766664,500,367.212584
1135.097688,364,367.572695
723.088148,231,367.797799
958.109586,317,368.121341
1004.44575,309,368.416318
1426.604579,446,370.080576
964.721665,301,370.348739
977.346347,310,370.620533
1002.773251,308,370.901328
460.695024,171,371.080737
996.162739,306,371.38666
830.251985,264,372.910442
974.075955,304,373.189049
706.062425,227,373.387629
1076.652891,330,373.692302
1093.658462,345,374.038864
1027.367535,311,374.36827
735.730061,235,374.599723
674.693706,219,374.816209
1116.784098,356,376.421642
883.195544,269,376.687585
725.641253,235,376.921657
576.908767,183,377.084843
1202.502746,381,377.443223
765.815769,248,377.69882
1114.069459,348,378.016135
636.277359,205,379.534233
938.84392,290,379.842209
949.074387,294,380.169425
1045.59452,325,380.521573
952.770085,294,380.826273
866.004549,274,381.094798
1187.587459,380,381.456303
971.611257,313,383.019923
893.503026,276,383.322817
922.314004,281,383.574439
1055.979055,339,383.86274
991.726507,300,384.140496
947.333185,300,384.413206
1020.450694,321,385.974619
998.709164,308,386.291003
1170.001591,367,386.665973
805.571245,243,386.873364
994.985197,322,387.136561
939.527006,281,387.403249
1180.506204,374,387.737755
1270.992364,395,389.351325
1223.966659,378,389.714595
901.047324,278,389.9922
1366.347933,500,390.420533
994.789787,302,390.689495
1080.358615,345,392.316025
1315.87302,500,392.798929
1578.303448,500,393.265201
1021.959088,321,393.552994
1001.75638,311,393.818362
929.94531,281,394.084939
1041.106894,329,395.575153
1523.741699,500,396.038548
757.527539,242,396.265966
1129.050245,366,396.605442
1004.61542,310,396.876717
608.070198,196,397.075662
924.414901,299,398.58274
742.251698,239,398.815744
1438.602277,500,399.298566
1470.192912,500,399.753344
1444.664998,500,400.20554
985.689196,310,401.747944
966.652103,302,402.032143
1083.855762,332,402.370938
860.1525,266,402.635522
1207.109067,380,402.954018
1401.40466,500,403.425973
639.726753,208,404.866163
1007.825589,309,405.145875
1117.329669,344,405.454868
673.66417,210,405.641076
979.817263,303,405.916737
900.21937,273,406.147342
948.831379,295,406.423092
1208.385517,357,408.046582
963.507565,307,408.346706
881.422043,271,408.580617
955.410753,312,408.891662
1383.097509,500,409.345936
980.034207,309,409.649308
1056.995916,310,411.299482
716.147432,228,411.487836
930.352517,288,411.762535
919.843892,276,412.029467
791.564987,250,412.234095
1516.715658,478,412.666413
883.442863,276,412.930263
686.258771,215,413.090026
997.577318,303,414.633361
1368.182966,417,415.011123
152.069401,74,415.081947
1468.476787,461,415.532539
238.866687,104,415.630498
761.890572,261,415.873073
131.120592,67,415.931338
1002.843961,308,416.219658
139.4519,70,417.56365
157.996775,75,417.625406
1246.70755,392,418.010499
1328.94437,410,418.410343
1019.615447,302,418.673604
896.271505,274,418.951379
1311.675367,408,419.347723
1259.133761,385,420.955873
1290.945604,391,421.315314
899.390575,277,421.573846
970.203336,303,421.834387
995.762745,305,422.118244
744.148058,234,422.355801
173.193798,83,422.441159
981.70838,299,423.985171
724.704962,231,424.226313
1265.383027,399,424.63301
975.263152,317,424.913759
948.857149,296,425.197086
1122.296613,335,425.50868
932.347424,289,425.784371
948.58613,303,427.318802
1194.857917,374,427.675339
1024.013845,320,427.951921
1300.591787,406,428.32114
1155.116038,376,428.653369
827.446284,287,428.927277
1569.853774,474,430.618364
1413.789189,500,431.068293
1567.204005,500,431.534492
164.778198,79,431.608361
737.674713,263,431.854316
674.688366,212,432.049637
903.678166,283,433.563075
1222.177469,376,433.913815
1203.180962,381,434.297633
930.775865,279,434.570993
954.884795,294,434.83374
1182.03896,364,435.150647
1518.736483,500,436.900579
1113.527284,351,437.222254
1633.881544,500,437.672418
1554.276678,500,438.130858
972.005564,313,438.420688
975.386394,314,439.973845
1595.602396,484,440.474226
1457.758072,500,440.933868
951.268704,291,441.238098
1217.903755,377,441.610203
929.501169,283,443.139407
772.011839,270,443.37578
700.992527,216,443.57842
963.659864,313,443.846857
1140.182695,350,444.146375
1309.071817,392,444.518111
978.472477,312,444.798513
1061.517664,321,446.293819
1579.81116,495,446.75136
1217.177577,386,447.087404
934.549121,310,447.372094
1432.937222,500,447.845908
894.753023,275,449.362552
684.308304,216,449.551379
1033.63641,327,449.851506
1055.227288,329,450.132645
914.75875,274,450.374513
1634.983377,499,450.85104
710.904184,219,451.038364
987.747632,296,452.577037
1202.216499,357,452.882099
886.56929,255,453.099513
935.754942,274,453.347199
993.766631,303,453.638147
805.34632,245,453.861861
971.441922,301,454.156756
1446.97469,500,455.888924
1505.950876,500,456.299868
805.623915,241,456.523311
930.61157,279,456.803255
1128.4614,347,457.128713
1086.707102,342,458.738719
1176.103101,344,459.055094
1319.427931,397,459.427625
1541.98244,500,459.910904
912.172434,270,460.153621
1153.052438,368,460.513681
1012.478576,314,462.086257
895.025361,262,462.329334
1072.493373,323,462.637027
1350.867687,402,463.01482
667.521011,206,463.218758
1049.486092,326,463.554986
1015.490235,303,465.156744
1501.796693,500,465.626407
1218.600963,365,465.973428
698.180534,214,466.183548
1447.506798,436,466.602386
952.260805,299,466.881473
1155.660651,345,468.550983
679.090994,211,468.746393
879.161516,251,469.018416
859.746653,261,469.309551
546.185986,183,469.491639
1400.810841,500,470.003706
1072.876419,326,470.326555
735.252132,218,471.849656
812.864735,260,472.100971
1164.167224,361,472.465235
931.669681,275,472.74485
841.133566,278,473.007476
639.670159,216,473.207319
815.571873,264,473.448932
1024.862957,298,473.746718
834.790303,247,475.252038
1298.100803,390,475.600218
1244.477865,387,475.95468
919.705193,274,476.199579
960.863306,291,476.49037
597.514051,208,476.684749
839.470122,251,476.928824
928.022902,282,478.444685
1294.393933,375,478.79115
1221.507095,354,479.097295
1156.492675,339,479.361569
1172.516448,345,479.663467
1454.595009,445,481.360296
1470.080032,500,481.835336
1384.806088,500,482.262309
1496.13168,500,482.70843
1461.524203,500,483.143739
671.31142,209,484.639997
691.621189,215,484.833825
889.043028,280,485.093066
935.862775,280,485.364799
875.898422,287,485.655105
1551.63368,471,486.130071
949.10219,280,486.368579
412.483421,143,487.675419
602.29869,189,487.837524
952.100181,279,488.091558
788.061465,236,488.275244
1405.393282,416,488.627976
1080.031034,325,488.928396
1291.787998,376,489.244822
1247.298891,367,490.804164
907.000844,269,491.047804
693.975663,217,491.236151
1262.745011,364,491.561057
923.995761,280,491.818788
846.221812,246,492.03722
810.16373,241,492.258288
908.647501,266,493.788132
1496.140479,477,494.218974
1181.486147,353,494.533847
882.727399,264,494.776127
1514.300813,500,495.243253
1391.506522,412,496.926465
851.92454,266,497.175523
926.368811,282,497.435099
1215.129445,362,497.732532
1535.190355,438,498.157195
1551.780831,500,498.63954
1503.334609,500,500.399396
1234.887603,356,500.738371
1237.752085,366,501.074935
1076.996471,330,501.387686
1493.167444,438,501.81056
1518.66913,443,503.537216
1078.588191,326,503.850028
929.418593,280,504.103058
1405.820697,409,504.445132
1462.078394,424,504.84797
1652.315687,500,506.574179
684.337632,215,506.776501
1176.915989,355,507.103691
1685.300171,500,507.582237
900.62392,257,507.832772
1252.794764,371,508.192037
1230.431708,369,509.812258
1220.406113,356,510.162747
1012.629781,300,510.443147
1014.325032,306,510.747791
947.419647,285,510.982588
1139.607725,330,511.300454
1173.231039,348,512.9521
1638.801797,500,513.422245
1481.436307,426,513.840988
1451.714474,426,514.226056
1195.894622,372,514.56667
1049.56512,304,514.881125
1640.877312,484,516.574554
1591.442332,500,517.054598
1526.007095,500,517.503117
678.701715,209,517.689831
1712.269053,500,519.432538
918.30886,268,519.683047
1097.608146,319,519.981826
1483.682282,433,520.383921
1058.550128,311,520.685739
820.655321,240,520.891777
902.274474,266,521.145909
923.646239,270,522.638707
837.589515,266,522.888361
1120.946276,326,523.158734
677.064374,213,523.346427
826.969044,239,523.563199
1094.277979,322,523.838681
955.611992,299,524.116387
1242.474345,366,525.731977
810.290121,235,525.931084
1173.888852,357,526.252636
1057.171962,311,526.53975
1025.665741,299,526.816569
866.780789,260,527.048177
931.196553,273,527.307191
1092.420913,323,528.822267
1583.633564,469,529.288832
876.359746,254,529.527878
1106.26567,328,529.839297
781.010469,228,530.076841
1094.947756,324,530.408327
620.289105,188,530.606128
1129.02013,331,532.184847
933.047892,271,532.430993
1123.232817,329,532.728459
895.18517,259,532.958556
1177.946894,339,533.261901
1384.608306,410,533.666723
1542.801537,500,535.420787
1251.505245,367,535.743724
889.450695,258,535.961655
1008.859224,309,536.245047
1104.766963,333,536.529342
1541.613199,500,538.261491
1464.555811,500,538.659093
1522.172524,500,539.1018
1412.103319,422,539.464802
1489.247621,443,539.858221
1566.813702,500,541.604494
1301.939903,382,541.95903
1664.886758,500,542.392071
1201.898362,338,542.714437
1170.433863,353,543.022304
1598.396364,500,544.722583
1435.518149,500,545.176752
1479.894756,500,545.638496
1558.274407,500,546.136734
1496.97031,500,547.867538
1467.330437,500,548.315429
1165.71766,456,548.739845
1431.109027,500,549.221895
303.954531,137,549.34682
1513.555586,500,551.093719
1427.642582,500,551.543335
1689.057378,500,552.012386
1565.851684,500,552.5039
1583.238908,500,554.267696
1586.145631,500,554.755647
1585.119075,443,555.186838
1521.900458,443,555.598632
1557.001777,500,557.337618
1583.882422,500,557.826252
1503.872406,500,558.374582
1602.57514,500,558.874981
1544.921324,443,560.665356
1563.169175,500,561.153093
580.593799,192,561.311927
640.57256,191,561.488865
1444.022822,416,561.923072
456.671547,166,562.058652
1254.884134,364,562.378887
1617.776052,467,564.112843
888.794164,253,564.337719
513.924448,161,564.495761
548.623506,188,564.674456
817.805476,247,564.88743
1411.624095,410,565.302121
1038.833845,294,565.561353
942.882546,271,567.115479
1646.707628,500,567.577325
858.722282,249,567.809396
1558.43767,438,568.193596
924.072462,263,568.445356
1523.373206,437,568.881706
1601.268829,500,570.637398
1190.316672,330,570.931904
1593.128544,444,571.347802
895.971683,256,571.584328
645.867362,206,571.775711
1291.809064,374,572.130674
1667.014802,500,573.927666
712.096545,215,574.136789
1406.503386,397,574.516222
1599.876999,500,574.972193
1598.662423,452,576.600731
1240.173217,365,576.935137
949.052446,270,577.193451
1141.004449,326,577.491304
859.974183,265,577.729221
1628.712547,500,578.212121
955.882601,282,578.465312
949.428969,279,579.98265
854.006871,252,580.216218
920.496829,273,580.48294
1323.959997,381,580.8456
1661.522829,500,581.326376
1300.185529,385,581.682984
1575.908631,500,583.390916
1605.746534,500,583.806604
1040.823987,310,584.110528
908.469427,278,584.399812
1664.395458,476,586.118061
827.549263,246,586.365797
881.720941,261,586.592564
952.741271,280,586.835503
1105.753419,327,587.131419
1056.731959,302,587.415395
1123.360667,313,587.725706
1447.228872,410,589.460707
1186.543269,339,589.809322
1618.081934,500,590.316493
1651.035671,500,590.835712
1089.787559,320,591.177522
1631.207347,500,592.882908
1228.623264,343,593.198403
1063.243626,319,593.481709
1631.365775,500,593.945752
1140.592072,326,594.271122
1072.315462,308,594.570414
847.767397,249,596.075689
1237.738155,364,596.413419
1570.157152,500,596.884596
1640.759169,473,597.288081
1657.012242,500,597.752635
997.245539,297,599.286182
897.49706,260,599.529793
1413.565083,412,599.930712
1420.881507,403,600.318423
1292.422901,382,600.668413
1029.711665,309,602.242893
1630.459708,500,602.739956
1604.110901,500,603.210578
1665.556457,500,603.674536
989.045723,286,603.934572
938.939571,274,605.497979
1642.113762,500,605.969096
886.76563,265,606.21556
932.60228,265,606.454146
946.142834,264,606.689122
1564.696536,454,607.077635
1669.706387,500,608.871909
1703.609807,476,609.292528
265.901157,108,609.400516
1279.751235,375,609.748574
985.519619,287,610.022671
600.09061,179,610.172831
1770.150843,497,611.886748
882.736903,254,612.138527
1231.226886,365,612.494358
1557.543484,500,612.966147
1574.353894,435,613.396459
1622.960638,500,615.110406
1725.652811,494,615.555584
1655.363518,500,616.005855
1530.360862,426,616.417488
1013.862721,289,616.677315
1539.805975,435,618.347179
1422.579514,390,618.741459
1561.81998,500,619.243065
1131.978318,339,619.560287
766.926315,220,619.784374
1420.621174,420,621.508459
1609.112633,500,621.97113
952.985747,284,622.221596
1378.397796,399,622.564101
1551.182463,500,623.05016
1728.819285,500,624.728891
1135.454034,326,625.028569
1614.784763,500,625.500265
1607.674222,500,625.981549
980.66551,293,626.268171
857.899946,254,626.534926
1612.857999,500,628.247006
1594.006616,500,628.72417
1509.104903,500,629.188778
1664.559516,500,629.685596
1474.030185,424,631.341886
1091.290233,311,631.620963
871.372092,262,631.845892
1293.182671,381,632.199264
1626.756557,500,632.63678
1643.154922,500,634.350924
1179.710246,346,634.664705
1159.88928,338,634.976784
1611.78211,500,635.45412
1621.484461,500,635.957278
1183.989855,337,637.592992
1177.750935,325,637.864148
1619.264847,500,638.321071
1562.331847,500,638.800853
1023.734618,311,639.106149
1585.410724,500,640.840869
1605.010653,500,641.333344
1576.454231,500,641.796063
1604.220659,500,642.287223
1689.847049,500,644.055097
1588.370188,500,644.572604
1626.933176,500,645.036725
1551.661209,500,645.503342
642.717825,194,645.669548
1643.874967,500,647.44568
1170.973276,335,647.790873
1625.312994,500,648.248157
1016.432612,289,648.537053
1595.585174,500,649.029461
345.879464,129,650.489017
967.854244,283,650.785815
1689.729501,500,651.311085
899.087913,268,651.569144
686.985336,213,651.765503
808.142172,250,652.016781
835.143909,256,652.268933
1616.095246,500,653.998145
753.103817,254,654.247381
1206.871093,347,654.580901
1612.39384,500,655.031769
1613.04993,456,655.452179
687.801672,229,656.957799
1583.275195,500,657.409665
1352.162976,402,657.822717
1678.860575,500,658.290228
1431.973229,410,658.644772
1621.0211,500,660.400134
1734.75429,500,660.87025
490.170368,178,661.046028
1695.550955,500,661.485014
1651.625785,500,661.936087
1605.289843,500,663.689724
845.113026,241,663.935174
881.994971,263,664.19162
1232.76218,363,664.526105
1641.789043,500,664.993001
913.640985,267,666.51648
1655.894751,500,666.998199
1150.051274,347,667.304939
893.214359,267,667.535956
1633.74767,500,668.006212
1705.157995,477,669.728881
1047.458216,306,670.016634
1581.994324,500,670.498561
1608.154027,500,670.906583
1230.498328,340,671.224237
590.667314,192,671.375299
1268.898284,355,673.009814
1669.575281,500,673.491784
1445.034402,404,673.863126
1215.393456,347,674.215793
1538.942123,432,674.674826
1677.053018,500,676.3752
1602.541058,500,676.851907
1673.290483,500,677.31593
1678.922637,500,677.837002
1630.615426,500,679.643175
1588.524034,500,680.171903
1625.089417,500,680.673158
1571.770089,500,681.141792
1234.066221,366,682.737733
1611.251755,454,683.174777
1167.151595,346,683.499505
1657.385175,500,683.935107
1787.813979,500,684.387162
1268.045877,343,685.995981
1011.155366,287,686.263191
1228.300247,361,686.59435
916.569386,267,686.862063
966.410448,281,687.132443
910.179277,274,687.368254
1599.547599,457,689.060257
1294.293433,367,689.382111
1701.035582,500,689.836974
1516.79415,426,690.220097
1143.091294,326,690.5128
1643.29357,500,692.254853
1152.957398,334,692.547213
961.229798,275,692.769801
1216.898576,342,693.092767
1653.543469,500,693.568123
1632.600938,500,695.258907
1021.400473,308,695.548281
1401.336093,391,695.929386
1079.651275,334,696.249598
1643.476638,500,696.766843
1554.791787,500,698.510437
1475.602286,426,698.888629
862.620057,270,699.149776
1247.519689,358,699.486407
1612.034227,500,699.952825
1014.414667,306,700.238056
1461.102381,418,701.88127
857.741598,258,702.138984
1481.662359,433,702.576918
1420.130589,412,702.940056
1654.477989,500,703.396676
1617.051051,500,705.163207
1659.195714,500,705.634513
1260.212847,357,705.983604
1619.459526,500,706.442897
1783.424066,495,708.141036
1646.108422,454,708.595185
997.577744,274,708.852595
1543.065564,500,709.355177
1626.820168,500,709.849034
1303.272582,372,711.511445
1460.238033,413,711.874129
876.433786,268,712.096616
1216.825666,341,712.452622
1648.825341,477,712.917823
960.352221,289,713.169905
1061.710659,306,714.759642
1648.368029,500,715.227934
1634.822734,500,715.683069
1600.003102,446,716.091072
205.816861,94,716.177388
1650.27518,500,717.900663
1287.905492,370,718.238632
1145.263164,332,718.544539
1614.60628,500,719.000838
1111.847219,340,719.336033
1411.020091,390,720.954325
1586.173609,500,721.422624
1132.790163,324,721.728778
1262.623658,357,722.059222
1347.744374,390,722.417589
1192.56378,354,724.035645
1582.953377,500,724.528684
1552.476336,500,725.041331
1706.174176,494,725.474673
1695.4807,483,725.931231
454.08192,167,727.353415
1644.976893,500,727.812752
1685.221494,500,728.269776
1191.298191,326,728.570698
1628.568625,500,729.014939
1249.858874,370,730.640213
1030.969172,299,730.940627
1606.337365,500,731.398946
1611.379737,500,731.839552
1633.618958,500,733.538625
1611.562972,500,733.972346
1673.417369,493,734.477083
1602.568602,500,734.962881
1481.385278,434,735.368037
1612.58973,500,737.150925
1600.087612,500,737.607357
1553.442038,500,738.08331
1569.927898,451,738.513106
1650.12835,500,740.309206
1604.52695,500,740.819852
1621.077069,500,741.34011
1560.865278,500,741.782294
1637.912798,500,743.474239
1616.375259,500,743.957927
1605.775058,500,744.411692
1015.479306,311,744.669258
1649.197218,500,746.411289
1139.114428,320,746.729698
1645.416537,500,747.251713
925.701884,284,747.539639
997.205022,293,747.817371
786.605495,236,748.043888
1624.424248,463,749.778823
1693.344114,500,750.225262
1068.897483,308,750.514515
1319.2341,377,750.857431
1700.99968,500,751.285647
939.746921,279,751.547242
733.1334,222,753.047465
1120.543608,343,753.377195
785.135084,234,753.614585
1363.745785,390,753.978538
1185.519659,331,754.27601
1091.117476,314,754.55197
921.100835,282,756.104979
1613.632823,500,756.599059
817.053067,241,756.838709
635.848838,205,757.033523
1646.263424,475,757.451789
1650.24739,468,757.883772
1128.93996,334,759.49267
1691.46237,500,759.969366
239.189805,101,760.05668
1014.317823,299,760.320919
1636.415207,500,760.80711
976.515364,291,761.083862
1640.095311,500,762.746907
1281.766037,354,763.070109
1592.27122,500,763.573943
1656.974424,500,764.080217
1216.602692,345,765.73262
1610.60917,500,766.184802
1621.746473,500,766.634573
1295.837482,367,766.955334
1578.210632,484,767.387668
1615.196409,500,769.190462
1563.313044,500,769.675442
1565.950031,500,770.170975
1583.375198,500,770.682667
1567.918945,500,772.448704
1608.228223,500,772.934304
1609.613138,500,773.364874
1599.293375,500,773.815289
1616.75796,500,775.527824
1612.535622,500,775.993338
1626.637124,500,776.459045
1615.630279,500,776.87787
1689.330561,500,778.591411
1637.009979,500,779.07311
1666.608832,500,779.552906
1628.742494,500,780.027184
1611.682526,500,781.772703
1599.342183,458,782.161405
1636.525749,500,782.635026
1669.093172,489,783.09284
909.941836,271,783.350264
1546.280166,452,785.045527
1643.126546,500,785.450115
1542.787589,435,785.842901
903.37095,252,786.072442
861.005873,245,786.282858
1062.785563,298,786.534992
1227.868083,343,788.095838
1362.467664,405,788.471439
1210.912573,337,788.776177
1155.343697,322,789.069653
1063.783,303,789.347357
1612.815625,500,790.978207
1670.068865,474,791.442069
1622.535228,500,791.921932
1242.291377,364,792.210595
201.560603,91,792.286393
1029.576806,295,792.538414
952.271971,279,794.044612
1665.337274,484,794.550469
1051.194446,310,794.845611
1642.674441,500,795.300637
1142.039391,345,795.628711
1503.787663,421,797.274626
1041.19156,319,797.596315
1628.138154,500,798.08274
1665.979451,500,798.576338
1317.969749,365,798.926181
1588.897929,500,800.739134
970.78442,288,801.024827
1247.138458,364,801.347704
1620.534931,500,801.796075
1694.889076,475,802.185676
1616.370551,500,803.945849
1619.798686,500,804.4133
1103.130908,313,804.709601
203.291675,90,804.793448
1033.367021,307,805.089081
245.03854,101,805.18049
1384.073573,394,805.517417
880.783091,274,807.02599
1099.996601,311,807.343706
208.201057,93,807.428563
1525.809859,423,807.8304
1098.678253,315,808.125363
933.474824,272,808.384709
906.529133,259,808.639794
1409.893885,403,810.265349
1634.953153,500,810.741889
1610.549815,500,811.170968
1621.347889,500,811.600037
908.415923,272,811.871202
1266.097812,366,813.474836
993.872404,293,813.76608
1059.412439,313,814.073295
1667.104616,500,814.531289
1656.041668,500,815.005328
1160.145766,324,816.530582
1241.596551,347,816.830729
1618.866373,500,817.313209
1556.332572,500,817.776202
1614.604587,500,819.539861
1621.32959,500,820.032424
1571.372745,500,820.511779
1311.245001,382,820.873218
931.565171,276,821.095684
1316.812127,389,822.749836
1374.760938,406,823.138921
1112.971034,318,823.390155
1629.27182,500,823.827084
1045.932137,300,824.086896
1614.631306,500,824.572049
1439.352958,403,826.229331
1710.459763,494,826.687211
1423.097436,406,827.050822
1525.952218,436,827.45328
1560.221748,486,829.214407
1604.676927,500,829.698668
1263.952618,367,830.078395
188.84748,86,830.171824
1618.868965,500,830.667133
1384.265911,400,831.050331
1459.366118,419,832.681751
1436.719121,405,833.077572
1008.531111,284,833.344142
783.715935,254,833.562147
1619.281962,500,833.985643
1607.127042,500,835.727091
1578.643854,500,836.246176
1607.392464,500,836.690421
1134.896729,322,836.987122
1547.472759,500,838.674546
1594.068704,500,839.14219
1613.587999,500,839.594084
1629.813504,500,840.061572
1066.617466,334,840.343402
1598.962976,500,842.057657
1729.435187,500,842.514602
1083.109338,311,842.80336
875.101619,271,843.04022
1514.214777,430,843.394768
1657.700842,500,845.117674
1137.712682,334,845.419571
1298.209171,389,845.788873
1603.150743,461,846.194428
1678.283476,500,846.622884
1564.050728,500,848.363435
1277.568857,371,848.702453
1656.364884,470,849.136968
1571.010259,453,849.531951
1196.989811,339,851.08904
1628.297005,452,851.513947
1745.891961,488,851.978654
1646.993011,500,852.411418
1425.183406,393,852.791495
1694.420059,500,854.510731
1629.205463,500,854.97715
1615.032102,449,855.394536
1786.255381,500,855.85023
1533.460084,438,857.523271
1285.208934,355,857.873733
1641.422845,500,858.34319
1401.356654,400,858.748909
1612.728721,460,859.209476
1651.407458,500,861.012228
1629.234019,500,861.47883
1248.464572,358,861.817305
1653.692723,500,862.274937
932.914463,276,862.53941
1648.032694,500,864.296883
1508.523757,426,864.707339
1400.472435,393,865.063356
1770.564242,495,865.528885
1152.011604,341,867.126992
1745.179299,500,867.579834
1228.914741,345,867.891188
1671.785063,500,868.35326
1081.787638,310,868.666615
1667.802565,461,870.323365
904.269806,260,870.545217
1694.468865,500,871.040896
1438.209565,399,871.3629
1753.223469,500,871.832799
1783.354372,500,873.525708
1235.765915,354,873.833834
900.511471,275,874.087015
1047.808136,304,874.367025
904.361192,260,874.615582
1146.527042,321,874.942271
1302.796301,359,876.518288
1399.72,389,876.890639
1345.177561,388,877.250816
1635.372852,500,877.725431
1338.775235,378,878.064868
1702.588162,482,879.848418
1689.009948,500,880.349055
1747.249552,500,880.831473
938.635072,271,881.079477
866.245749,259,881.292102
1229.613763,336,881.573694
1027.860801,287,883.115413
876.764414,253,883.374164
1185.286579,330,883.703261
1668.142676,500,884.173182
1283.884719,360,884.527262
631.401805,192,884.720181
1149.425532,320,886.333172
1322.857453,364,886.699258
1379.134008,379,887.039262
848.075574,246,887.264771
816.876089,246,887.482232
1624.685935,464,887.925822
1251.108931,352,889.535683
1246.092015,347,889.892429
925.679999,263,890.126951
994.078432,288,890.413694
1391.315111,376,890.775584
1054.21134,297,891.069351
900.529546,253,891.305021
1020.648676,292,892.836109
1118.123544,314,893.148547
1533.732808,420,893.522677
1087.91927,308,893.804455
933.851121,265,894.042575
923.447239,273,894.262731
857.990514,251,894.49965
1019.597354,295,896.013898
1655.378491,500,896.465759
1263.061893,360,896.777822
1684.597525,500,897.23573
875.452569,252,897.454114
954.557833,284,898.923424
1479.071576,427,899.319048
1140.49025,338,899.628284
1701.670882,500,900.052085
1692.447933,500,900.521563
1062.881107,301,902.057097
1700.750483,500,902.522351
1158.705645,317,902.812088
1672.874979,500,903.262517
919.190105,263,903.491593
1336.407613,382,905.03642
1190.339126,329,905.318934
951.379234,271,905.583968
1545.103187,440,905.944459
1019.704939,286,906.17217
1671.500754,467,906.579876
1668.329964,500,908.289413
1593.288971,453,908.721833
1068.992212,303,908.983423
1249.318171,350,909.301301
1048.183471,296,909.555404
593.106124,192,909.732951
913.127482,264,911.215009
1603.354828,453,911.650118
1095.682694,306,911.945086
1018.242039,292,912.226286
1015.823288,291,912.495327
964.007493,283,912.747802
1663.284181,500,914.551816
1514.14637,427,914.95075
1162.343562,322,915.244887
1669.274274,500,915.662208
979.264178,283,915.89169
1650.98535,500,917.532097
1576.947235,500,918.017657
1651.966921,500,918.458576
933.664912,265,918.703141
974.72578,280,918.981482
1701.252211,491,920.748668
952.189646,274,921.070667
1651.784445,500,921.554791
646.590986,203,921.724941
1149.153993,321,922.020629
1298.512141,369,922.365817
1148.77991,340,923.926836
1610.321661,500,924.376128
789.865245,238,924.599631
1127.872856,328,924.888428
1684.160071,468,925.322051
1228.57851,355,925.641519
727.190956,225,927.128933
1271.650272,356,927.451188
1651.124722,500,927.903109
1361.827755,383,928.236534
1648.877028,500,928.689705
1631.55916,500,930.43618
1619.077465,500,930.890646
1776.546865,500,931.321535
1599.418168,500,931.795144
1732.750926,497,933.475391
1626.623251,500,933.926877
1717.226874,500,934.392016
1548.474476,434,934.801714
892.948217,264,935.054402
1348.474975,381,936.725883
874.453219,252,936.95349
1159.686936,317,937.235077
856.978392,249,937.464154
1686.01304,500,937.890819
1597.826352,500,939.594542
1691.349276,479,940.036121
1639.215272,500,940.51635
1662.066596,500,940.950459
1606.765444,500,942.704067
1623.514917,500,943.17239
1755.490654,500,943.59116
1583.947251,500,944.038891
1665.663896,500,945.820808
1687.640564,472,946.200168
1635.213168,500,946.648227
1717.537023,500,947.110961
1583.173696,442,947.523352
1701.647887,470,949.24226
1697.884392,500,949.739535
1337.935708,387,950.119021
1406.733866,393,950.499828
951.236325,274,950.754444
1676.952299,500,952.455541
1088.361562,306,952.714773
1140.861627,345,953.043346
940.513412,279,953.275374
1247.533234,355,953.591149
1675.025685,470,955.228696
1048.424754,312,955.514456
1616.596537,500,955.973658
1619.535067,500,956.411029
1629.188421,478,956.858439
1477.825245,423,958.524965
1754.847488,500,958.981214
1618.573087,500,959.477585
1596.862077,500,959.924979
1615.412927,500,961.676663
1657.91769,500,962.125503
1674.081118,500,962.597647
1621.525841,500,963.061777
1595.501888,500,964.770694
1649.30577,500,965.219734
1676.980993,500,965.696486
1683.226816,500,966.139645
1351.398333,377,966.461488
1711.438539,500,968.197175
1030.065342,296,968.451853
1035.8031,306,968.736218
1326.923567,367,969.096666
1651.915028,500,969.571464
1639.693561,500,971.265087
1639.835022,500,971.735956
1672.433557,500,972.185442
929.174061,274,972.431755
1015.531323,285,972.66921
978.938898,287,974.147202
902.270627,268,974.412925
1660.858398,500,974.900187
1661.40786,500,975.359727
1665.074382,500,975.804989
1687.458009,500,977.506786
1688.938147,500,977.964846
1700.030228,500,978.416224
1668.823545,500,978.882209
1643.018543,500,980.677199
1382.641517,390,981.066862
965.70759,286,981.356025
1621.800945,500,981.765162
1679.77004,478,982.174708
894.853822,262,983.651041
1320.627823,369,983.989715
1681.610445,500,984.45521
1656.217289,500,984.906734
1427.698549,402,985.263064
1684.169826,500,986.957927
1337.010807,380,987.251468
1646.350249,500,987.689177
1721.363119,500,988.114868
1684.222982,500,989.842981
1625.047727,500,990.327513
1597.892986,500,990.753833
1502.02834,435,991.152319
1664.29742,500,992.905693
1599.264609,500,993.377809
1635.56164,500,993.826455
1681.468153,500,994.285889
1621.338081,500,995.907811
948.320564,270,996.15307
1782.158627,500,996.581348
1240.635172,365,996.917911
1348.333762,373,997.283862
1430.618034,393,997.643368
1740.615805,500,999.343506
1712.674459,500,999.776217
1426.625211,396,1000.123656
1697.235163,500,1000.588359
1565.947988,457,1002.216787
1709.546484,500,1002.684278
1714.275759,500,1003.130564
1655.695277,500,1003.563935
1231.621248,346,1005.163541
1653.948806,500,1005.605878
1678.610323,500,1006.043712
1706.144658,500,1006.514207
1692.378199,500,1008.243192
1003.929984,289,1008.536481
1156.036337,340,1008.847883
1169.335814,333,1009.157911
849.281469,256,1009.424539
1126.410137,340,1009.726953
1159.747169,339,1010.056955
1215.519536,338,1011.688639
1705.874151,500,1012.123971
1345.377683,378,1012.434325
949.254767,278,1012.692588
995.18735,292,1012.923916
1227.468449,339,1013.201389
1730.779925,500,1014.977081
962.441002,284,1015.228637
1701.735154,500,1015.650325
1025.554349,293,1015.909795
1233.895512,360,1016.221857
1663.988972,500,1017.906676
1640.067133,500,1018.364583
1623.619917,500,1018.809229
1648.280785,500,1019.300166
1636.795975,500,1021.006762
1641.859107,500,1021.460744
1498.580791,429,1021.84132
1640.106679,500,1022.296249
1659.705196,500,1024.018694
1707.472059,500,1024.504337
1783.438255,500,1025.010427
1124.61099,331,1025.319036
1691.492958,500,1025.773512
1660.970374,500,1027.464197
1721.707968,500,1027.91021
1552.607646,434,1028.302459
1788.874779,500,1028.735186
1053.162729,328,1030.236153
1687.892411,500,1030.744058
1027.293813,291,1031.008023
1591.262206,439,1031.375596
1262.715591,351,1031.688455
1047.399244,305,1031.939104
917.537809,277,1033.458732
1500.38854,428,1033.869576
1701.932731,500,1034.341563
964.786841,281,1034.618751
1102.599289,313,1034.892772
1739.341345,500,1036.624241
1699.032717,465,1037.054549
1302.796358,358,1037.378679
1767.022715,492,1037.823663
1010.106771,292,1038.088318
1680.89316,500,1039.862365
1563.13288,438,1040.278831
1686.304371,500,1040.765468
1713.377747,500,1041.256185
1009.819195,291,1041.535381
859.046529,266,1043.128671
1097.935257,310,1043.414348
1696.734687,500,1043.854182
1806.169812,500,1044.294074
1662.186174,500,1045.938135
1769.224879,500,1046.406568
1137.369192,319,1046.6795
1573.85987,435,1047.075304
1620.390487,445,1047.50307
1658.506418,500,1049.14942
1041.048217,295,1049.425128
1660.453609,500,1049.878522
1682.175568,500,1050.342838
1662.465295,500,1050.803949
1625.505936,500,1052.476332
1719.815678,487,1052.918826
1111.034552,303,1053.190875
1116.890551,314,1053.470046
902.705189,277,1053.721632
1586.188688,489,1055.417358
729.533054,239,1055.629347
730.860415,245,1055.833194
1643.668091,500,1056.277681
1369.610432,422,1056.625321
1721.566445,500,1058.289289
1667.112756,500,1058.773067
1251.658437,347,1059.083488
1426.177963,399,1059.444968
795.069242,255,1059.668447
1118.824334,315,1059.947699
1653.625014,500,1061.658129
1623.851532,459,1062.066675
1670.989073,500,1062.51761
1622.059225,500,1062.968889
1667.046371,500,1064.739469
1654.702996,500,1065.175644
1630.2418,500,1065.608313
711.594101,226,1065.775719
1657.322407,500,1066.247715
1276.801764,354,1067.864344
1168.13618,334,1068.181568
1590.350098,500,1068.639805
1657.730329,500,1069.139931
1648.133179,467,1070.932224
1721.491889,500,1071.391924
1728.501367,500,1071.855804
1133.606612,322,1072.151555
1701.507353,500,1072.619761
1647.680561,500,1074.330659
1474.703459,439,1074.706737
1699.293355,500,1075.18434
1610.51721,500,1075.630522
1656.114791,500,1077.345754
1304.172564,355,1077.664962
1601.590474,500,1078.118367
1486.420579,419,1078.530613
865.336101,265,1078.772262
1670.442653,469,1080.487243
922.747842,267,1080.760027
1670.457806,500,1081.218322
1713.186835,500,1081.705765
1185.907305,328,1082.008397
1289.820405,361,1083.604578
1014.510685,287,1083.871652
1716.949185,500,1084.343259
1558.383928,431,1084.731584
1097.213823,297,1084.999917
1077.102812,299,1085.275842
1677.546409,500,1087.000254
1352.697708,370,1087.339846
1206.207754,348,1087.670208
1702.036183,500,1088.123733
1709.739704,500,1089.8337
1761.524048,484,1090.285238
1656.244224,500,1090.767296
1282.561659,358,1091.115103
1721.099221,483,1091.575935
1757.351386,500,1093.310354
1698.475379,500,1093.77957
1677.142159,500,1094.273806
1646.348949,500,1094.762415
1664.355407,500,1096.48727
1314.410279,359,1096.826786
816.086181,253,1097.070695
1721.331341,500,1097.581904
1170.961886,326,1097.875972
1454.341039,396,1099.550324
1179.933461,328,1099.885922
1061.223371,305,1100.181088
1243.988705,355,1100.525327
1546.036837,425,1100.925363
1472.54743,409,1101.297919
869.062581,253,1102.762098
1194.784955,336,1103.101102
1704.598438,500,1103.529945
1657.544401,500,1103.967731
1716.558762,500,1104.395357
1631.385553,462,1106.058718
880.18292,260,1106.313193
1121.517473,316,1106.577432
1674.75146,500,1107.012072
767.946852,232,1107.223551
1695.549864,500,1108.913499
1350.731291,368,1109.238421
1784.052181,500,1109.674736
1694.580067,500,1110.104594
1265.644469,347,1110.415962
1038.62822,305,1111.938672
1692.056454,500,1112.406803
1423.488331,407,1112.77042
1651.980437,500,1113.224817
1249.987313,346,1113.536221
1680.00867,500,1115.267126
1102.714782,311,1115.555324
1311.000545,378,1115.917867
1683.299485,500,1116.324696
1267.61571,345,1116.63108
1728.484562,500,1118.328855
1616.469847,500,1118.740475
1586.444509,442,1119.125997
1315.498826,361,1119.437747
1640.194094,500,1119.925672
1606.303517,441,1121.529543
1248.006578,345,1121.816802
874.966203,256,1122.045459
879.177048,252,1122.278894
1613.695734,433,1122.684088
1719.262668,500,1124.399018
1654.639538,464,1124.846008
1680.362348,469,1125.276917
1687.505419,500,1125.736759
1738.381411,500,1127.37355
1691.029226,467,1127.78381
1323.609027,374,1128.125779
768.00537,231,1128.326077
1221.510411,342,1128.660018
1057.681096,298,1128.904916
1020.52287,286,1130.44771
1131.14518,314,1130.764173
1754.379615,500,1131.268593
908.047658,262,1131.505227
1683.870543,500,1131.955747
982.922643,276,1132.21047
1687.373687,500,1133.89176
1696.237293,500,1134.344662
1339.340162,373,1134.681579
1224.774986,342,1134.998481
1215.762939,329,1135.334839
1742.214571,500,1137.060311
1665.748803,500,1137.520637
1775.459613,496,1137.951554
1116.82302,311,1138.198402
1315.859022,355,1138.53876
1709.799404,464,1140.196271
1709.120026,500,1140.667128
1665.058835,500,1141.150214
1670.227411,500,1141.625673
1534.703556,433,1143.324705
1692.231121,500,1143.798266
1186.75156,335,1144.106379
1679.485273,500,1144.549764
877.856085,267,1144.787783
880.317336,253,1146.280537
1621.51467,449,1146.656453
1109.626363,313,1146.954392
1754.84107,500,1147.424231
1558.109868,432,1147.855726
1766.522021,500,1149.570718
1213.324912,339,1149.883465
1254.520548,358,1150.230473
1374.227483,392,1150.574456
895.565361,267,1150.81999
1205.948005,329,1151.144827
1702.158546,461,1152.89937
1802.26216,490,1153.369745
1698.813146,490,1153.8113
1703.136113,500,1154.272377
1691.913432,500,1156.020651
976.948198,284,1156.266758
1646.404207,500,1156.739902
1642.371412,482,1157.17879
862.477324,257,1157.406272
1659.818859,500,1159.179323
1735.47701,500,1159.685659
1176.224973,338,1160.046581
1336.085703,363,1160.363912
1670.320806,500,1160.852763
1644.402841,500,1162.559436
1414.70215,399,1162.947238
1645.947406,500,1163.417343
1467.994908,403,1163.793702
1630.757079,500,1165.538639
1381.151112,387,1165.902923
1684.478434,500,1166.37296
1044.083485,300,1166.667749
1717.78515,500,1167.132243
1674.450691,500,1168.873647
1769.099746,500,1169.296427
1373.439779,402,1169.644885
1375.212618,378,1170.013025
1684.347891,500,1171.765601
1031.072064,299,1172.044292
1383.692946,388,1172.401732
1573.994538,429,1172.794485
1724.809703,500,1173.237185
1701.750316,500,1174.972395
1107.778891,328,1175.279927
1547.044773,435,1175.714946
1723.828006,500,1176.181014
982.880105,283,1176.432146
1287.894771,361,1176.781235
1511.921918,428,1178.432394
1381.086173,376,1178.765915
1477.8312,407,1179.129506
1762.137303,500,1179.560267
1046.701927,285,1179.840554
1083.57725,307,1181.398212
1770.065082,500,1181.863292
1328.107205,369,1182.180171
1766.365033,500,1182.622665
1066.970277,323,1182.927021
675.340196,204,1184.326812
1654.94996,500,1184.834712
1028.504884,299,1185.098096
1677.805503,500,1185.525182
1740.451686,500,1185.985596
1670.323337,500,1187.703349
1736.131405,475,1188.127815
1544.575817,427,1188.515408
831.281611,259,1188.759011
1702.810196,500,1189.239095
761.503478,233,1190.775749
1273.152629,346,1191.095158
1128.438786,326,1191.418995
858.55596,257,1191.642822
1789.012159,500,1192.108417
1043.01079,290,1192.392626
953.87165,271,1193.912291
1695.214112,500,1194.355882
1292.691999,366,1194.681427
1570.912235,422,1195.048956
1078.56104,293,1195.298037
1517.218284,406,1196.908411
1677.819331,500,1197.373636
1688.374383,500,1197.85121
1594.513385,432,1198.267814
1688.519399,500,1198.720793
1217.623451,347,1200.293268
1618.969326,462,1200.711386
1578.34387,444,1201.097659
1701.614051,500,1201.552227
1260.502202,338,1201.880065
1685.718505,500,1203.594584
1659.129306,500,1204.005628
1677.944563,500,1204.482428
774.759258,229,1204.711514
1001.955866,298,1204.994848
1676.203145,500,1206.676357
1807.711079,500,1207.098693
555.957785,177,1207.263151
1726.233582,500,1207.738194
1708.265947,500,1209.490362
1219.926377,330,1209.759759
1439.105055,402,1210.128042
1707.519263,500,1210.587231
1688.379787,500,1211.053706
1684.179558,500,1212.795827
1662.569979,500,1213.243139
1377.951645,374,1213.600965
1676.961184,500,1214.063758
1809.703707,500,1215.819479
1689.214455,474,1216.257569
1707.60738,500,1216.711629
1684.151446,500,1217.213501
1643.300242,500,1217.658014
1199.322044,324,1219.270501
1102.646526,308,1219.563264
1715.457514,500,1220.078741
1693.276779,500,1220.581447
1670.935306,500,1222.379499
1665.199889,500,1222.845533
1735.465182,500,1223.326525
1446.492383,422,1223.709918
1696.542496,500,1224.214364
1708.416793,500,1225.990613
1118.162898,304,1226.269871
1678.188325,500,1226.772667
1727.880984,500,1227.239645
1594.486496,448,1228.929031
1668.620159,500,1229.426935
1471.980796,407,1229.811288
1675.305084,500,1230.309629
1145.89651,330,1230.628974
1553.013053,425,1232.295319
1652.671918,500,1232.788123
1236.381249,347,1233.082353
1693.284324,500,1233.498645
1118.265314,306,1233.782972
1803.329448,493,1235.431592
1679.200686,500,1235.915483
1676.89543,500,1236.398082
1666.840623,456,1236.840028
1234.212376,345,1238.442818
1666.783219,500,1238.89621
1190.220333,331,1239.180434
1673.592474,500,1239.643323
1638.58058,469,1240.070591
1678.703692,500,1241.786708
1179.328605,337,1242.11962
1550.029734,424,1242.544345
1705.437798,500,1243.027274
1400.711501,390,1243.382377
1746.482192,500,1245.140083
1680.619953,500,1245.606669
1840.075994,500,1246.084677
1589.516331,500,1246.525546
1685.08943,500,1248.317752
1775.72083,495,1248.818786
1283.555057,352,1249.155739
1752.849097,473,1249.605674
1559.857881,420,1251.303542
1253.835174,344,1251.630817
1548.35726,432,1252.020708
1695.739888,464,1252.441929
1329.378224,362,1252.754915
1768.526908,500,1254.461852
1789.363061,500,1254.939291
1695.437117,500,1255.361275
1254.85108,345,1255.699178
1041.813934,301,1256.004274
1706.304393,500,1257.684872
1736.329905,500,1258.093801
863.234861,256,1258.321941
910.600189,266,1258.559993
1680.835842,500,1259.046203
659.514461,204,1259.248696
870.542218,262,1260.753379
1702.996412,500,1261.216253
1676.205019,500,1261.658539
1297.189426,348,1261.966424
855.538829,259,1262.226118
1296.779795,360,1263.790501
1710.213366,500,1264.25202
1797.793309,500,1264.73209
1156.991108,320,1265.04722
1529.947559,418,1265.434746
1214.640402,344,1266.998696
1725.72177,500,1267.450262
1354.929095,364,1267.76454
1707.01528,500,1268.231725
875.058751,263,1268.479356
1682.042981,500,1270.233001
719.509037,213,1270.423332
1675.388436,500,1270.918492
1833.176934,500,1271.427874
1672.700306,500,1271.89253
1729.48957,485,1273.595433
1657.531614,500,1274.098376
1656.619529,500,1274.611802
1520.95339,409,1275.016596
1674.903074,500,1276.800297
1677.111333,500,1277.283681
1684.240491,473,1277.716643
1655.040602,500,1278.19399
1341.428827,382,1279.841687
1637.397838,500,1280.36013
1661.843569,500,1280.874939
1668.823303,500,1281.388184
1635.793135,500,1283.125065
1646.054986,500,1283.582234
1161.468309,329,1283.889302
1231.316229,331,1284.204169
1642.82945,500,1284.638529
1664.096678,500,1286.406705
1712.46896,500,1286.921664
1052.728471,332,1287.263707
1421.087514,430,1287.679089
1286.008735,343,1288.005878
1686.079064,500,1289.705588
1272.480629,343,1290.017873
1686.292044,500,1290.43819
1665.948392,500,1290.887774
1721.340556,500,1291.307483
1710.736268,500,1293.090519
817.945516,248,1293.329448
1753.914598,500,1293.794958
1711.838466,500,1294.246083
1700.481553,500,1295.995367
1188.251918,319,1296.277681
1720.246879,500,1296.705527
1686.914426,500,1297.131108
1229.930823,346,1297.435663
1849.908469,500,1299.140031
1677.173124,500,1299.598193
1723.477955,500,1300.033267
1675.318877,500,1300.469056
856.352982,262,1301.976106
1331.136968,378,1302.345783
1557.369392,448,1302.77579
1657.475846,500,1303.278902
968.979144,268,1303.50537
1727.989521,500,1305.303366
1228.141485,330,1305.595088
1779.096009,500,1306.082727
1321.647446,365,1306.447259
1878.668,500,1306.908448
1703.044391,500,1308.674502
440.27443,153,1308.815289
1748.272482,500,1309.343138
1397.909479,385,1309.716169
977.59132,278,1309.99725
1169.892504,312,1310.30365
1690.784329,500,1312.081088
1177.778836,333,1312.391175
1442.300215,388,1312.759437
904.273497,267,1313.031779
1663.163974,500,1313.47305
1322.922601,385,1315.083562
1463.915204,398,1315.454388
1626.427754,500,1315.917426
1660.404603,500,1316.375256
1638.410704,500,1316.835201
1246.210085,342,1318.414405
937.498329,261,1318.671197
1326.833575,361,1318.982066
1675.854766,500,1319.429884
1639.186652,500,1319.927393
1683.78939,500,1321.6773
1702.385183,500,1322.125003
1693.631317,500,1322.572877
839.921108,266,1322.807835
1719.693574,500,1324.58752
1817.030254,500,1325.072512
1676.474269,500,1325.565948
1651.06098,500,1326.025901
1222.098522,335,1326.318632
1016.855895,288,1327.8696
1653.300583,500,1328.337579
923.644367,270,1328.606174
1474.323524,426,1328.977959
1663.13439,500,1329.455873
1714.264205,500,1331.208556
790.164543,227,1331.418953
1671.137487,500,1331.891212
1660.636018,452,1332.307022
1164.393453,312,1332.584187
1695.364751,500,1334.40466
715.960679,215,1334.608987
1668.302987,500,1335.097935
1681.50816,500,1335.565473
1698.505167,500,1335.98791
1309.910558,369,1337.577916
1678.170936,500,1338.06985
1191.052794,318,1338.364339
1010.751915,282,1338.640001
1706.169921,500,1339.120529
1668.443599,500,1340.891926
1067.408183,307,1341.188256
1037.186997,287,1341.445922
1574.319583,450,1341.852095
1700.057781,500,1342.346679
1740.880944,500,1344.128674
1683.214249,500,1344.576749
1648.472492,500,1345.022679
1710.685947,500,1345.473306
1661.781223,500,1347.210415
1252.376964,342,1347.530292
904.257581,273,1347.785392
1648.792983,500,1348.286531
1708.066427,500,1348.745426
1632.961787,500,1350.446856
994.044676,267,1350.698897
1679.743477,500,1351.172945
1674.361855,500,1351.614218
1694.295069,500,1353.328829
1734.518184,500,1353.794079
1745.47023,500,1354.289077
1663.242366,500,1354.734389
987.257478,289,1354.994438
991.934873,281,1356.496448
1687.550136,500,1356.959895
1593.463501,442,1357.308689
1663.290119,500,1357.758488
1228.708683,356,1358.082174
1689.40524,488,1359.8071
1691.409869,500,1360.273289
1676.036062,500,1360.715331
688.842137,211,1360.920032
1669.694097,500,1361.393433
1710.455314,488,1363.065448
1586.157439,433,1363.43553
895.877388,246,1363.658952
1024.439335,292,1363.922407
683.748075,202,1364.12128
1746.241864,500,1365.882525
1733.752137,500,1366.322254
1713.344621,500,1366.768813
1497.274577,418,1367.15548
1157.304264,334,1367.452199
1223.296577,367,1369.061817
731.344524,220,1369.282757
1599.711218,430,1369.682805
1710.630119,500,1370.181253
1738.473244,486,1370.684601
958.976535,263,1372.212484
969.526788,278,1372.474557
869.700426,250,1372.707499
984.340222,284,1372.965256
777.685068,228,1373.150412
1254.908384,353,1373.492513
1677.496864,500,1373.94208
1129.617675,309,1375.482326
885.99273,247,1375.708827
591.735711,190,1375.886688
1584.545651,445,1376.309077
1727.385762,500,1376.777563
816.405186,238,1377.002754
826.655756,236,1377.230072
776.880481,242,1378.689013
1046.345871,292,1378.983509
1404.684752,388,1379.325513
1725.193299,500,1379.772938
1783.57823,500,1380.222765
586.944322,186,1381.634871
1746.889628,500,1382.120467
1584.502698,431,1382.525367
1744.495609,500,1382.978913
649.574008,207,1383.174979
1132.468579,318,1383.477581
533.000652,171,1384.879711
1107.272234,304,1385.139256
717.541892,216,1385.327704
1695.829285,500,1385.821115
1645.71725,456,1386.258126
1239.500314,347,1386.582635
1052.59551,285,1388.103179
1258.383868,356,1388.433809
921.529941,260,1388.667932
1340.296697,383,1389.046621
991.041649,276,1389.309217
1758.2075,500,1389.773089
1063.988749,296,1391.300338
1685.270042,500,1391.761374
1292.650572,358,1392.080685
1664.721173,500,1392.572284
1337.653427,375,1392.950023
1559.692527,447,1394.668224
625.766062,191,1394.839893
1756.812497,500,1395.29803
1745.358795,500,1395.770791
988.177093,275,1396.016998
1808.613022,500,1397.724516
1748.523125,497,1398.225194
985.713552,266,1398.47991
1729.496048,500,1398.961362
1726.542171,500,1399.439918
1698.748427,500,1401.206075
1778.242281,500,1401.64348
1716.082168,500,1402.087035
1659.307235,500,1402.566722
1740.435228,500,1404.318583
771.661838,235,1404.555462
1231.01074,329,1404.842157
1630.912533,453,1405.2152
1695.879944,500,1405.673503
1010.165783,287,1407.178269
895.351309,260,1407.423595
1183.029043,320,1407.720278
1333.001436,363,1408.057074
1750.233979,500,1408.538458
1030.409477,281,1408.779573
1033.138232,286,1410.329603
1328.51665,362,1410.656244
641.90446,193,1410.844863
1703.47336,452,1411.261672
1440.351128,392,1411.625054
1701.456644,500,1412.065486
570.98343,180,1413.495993
1811.440943,494,1413.931745
881.402731,257,1414.160824
1767.676558,500,1414.601825
1042.21254,287,1414.867099
1773.778902,500,1416.543871
849.144465,247,1416.762659
1031.72057,285,1417.024871
694.684431,208,1417.208326
1727.11367,465,1417.619991
813.758947,240,1417.841269
953.923262,265,1418.096147
1042.890819,287,1419.58749
622.226414,193,1419.748042
831.153165,251,1419.972595
1588.795128,427,1420.370138
1778.534099,500,1420.836186
1362.370274,363,1421.185519
1589.450305,446,1422.843307
1582.538788,430,1423.237144
1703.135003,500,1423.684628
1761.62487,500,1424.119167
1230.939165,330,1424.452475
1143.768885,311,1426.011474
1227.286892,336,1426.343429
912.154136,256,1426.587457
1768.20458,500,1427.054084
1705.66671,500,1427.526918
1701.736736,451,1429.247619
1681.497442,500,1429.723099
1374.16883,370,1430.070177
1721.453403,500,1430.551111
1635.092623,451,1432.252389
1355.002616,366,1432.595304
1195.238039,319,1432.892935
886.688851,263,1433.149098
991.62884,274,1433.400707
910.994168,269,1433.667309
1704.036054,500,1434.142724
1704.621306,500,1435.825208
1831.9573,496,1436.257977
1722.548464,500,1436.72892
1807.744448,500,1437.182548
1115.760213,313,1438.731158
1393.385812,393,1439.082284
1633.400053,500,1439.524561
1719.736579,500,1439.982127
1344.078153,385,1440.354496
1664.30251,500,1441.962578
864.295184,261,1442.18603
1622.091342,500,1442.626095
1740.686086,479,1443.090685
1326.003136,391,1444.673969
1619.809323,500,1445.113884
1659.324086,500,1445.572016
1629.134518,500,1446.028421
1694.30796,500,1447.722074
1615.226298,500,1448.17053
1614.162931,500,1448.662657
1051.008639,303,1448.953411
1419.448934,423,1449.365566
1670.04286,500,1451.066643
1625.025705,468,1451.477911
1592.640985,500,1451.930721
1677.709398,500,1452.403419
1649.27831,500,1454.135906
1677.4445,500,1454.633074
1691.401229,500,1455.094902
1708.36989,500,1455.565672
1677.640577,500,1457.312956
1650.593195,500,1457.779033
1711.923618,500,1458.26898
1667.323112,500,1458.736582
1658.104169,500,1460.53215
1704.024362,500,1461.027438
987.305122,278,1461.314701
1674.899298,500,1461.805459
1215.170989,332,1462.088397
1706.87992,500,1463.79613
845.006409,257,1464.059823
1647.980542,455,1464.488508
1077.196592,308,1464.743539
1126.943029,310,1465.031757
1675.656851,473,1465.431109
1712.457488,500,1467.184658
1672.340785,500,1467.643125
1159.303348,344,1467.934398
1100.187692,302,1468.222059
1688.237956,500,1468.678364
1872.837207,500,1470.438171
1717.935448,500,1470.901098
839.026574,247,1471.108065
1770.8266,500,1471.598768
1489.069746,419,1473.20924
771.014695,243,1473.440435
1167.955994,328,1473.725894
1379.947059,379,1474.064456
640.337598,198,1474.225188
1052.358285,300,1474.497916
1673.734288,500,1474.979134
745.359455,247,1476.392619
1482.618733,418,1476.791757
860.897413,258,1477.037285
1698.068415,500,1477.506428
1344.269299,369,1477.853992
1696.290898,500,1479.58483
1657.281501,500,1480.038479
570.124195,191,1480.208535
829.38016,265,1480.444485
1486.089605,392,1480.795937
828.425599,256,1481.040354
1555.442966,445,1482.728198
1724.204726,500,1483.168519
1098.799507,304,1483.454176
1799.425334,500,1483.921767
1725.329347,500,1484.444024
1696.662847,500,1486.289308
1634.833619,500,1486.767552
1323.002062,352,1487.092899
1632.025917,500,1487.587432
1678.01276,459,1489.332244
820.398352,242,1489.574866
1019.324468,287,1489.812347
1113.134813,306,1490.101648
1771.717227,494,1490.586136
1036.604433,295,1490.873732
1500.106962,407,1492.549577
979.956653,284,1492.826795
1205.45544,336,1493.122027
1724.128577,500,1493.607556
1372.724104,380,1493.964464
1687.731741,500,1495.710745
1163.535855,323,1496.007969
1467.361668,425,1496.40283
1699.138989,500,1496.857942
1745.06351,500,1497.313924
1067.96881,299,1498.849798
1690.923201,500,1499.280694
674.691049,210,1499.479029
1093.961683,309,1499.744585
1392.423575,384,1500.11512
1681.358553,500,1500.605821
1296.136669,367,1502.19421
1499.755587,415,1502.575761
1712.230559,456,1502.993612
955.786643,265,1503.229717
1686.195236,500,1503.694271
1398.730061,389,1505.326429
1762.756235,491,1505.772115
813.033848,263,1506.009757
1461.732735,405,1506.386739
1444.343855,402,1506.750844
800.446863,239,1508.255577
1706.33411,500,1508.729964
1735.489085,500,1509.187121
581.666523,188,1509.364917
1229.036392,339,1509.714821
908.161985,264,1509.983838
1406.590001,392,1511.614925
721.04985,222,1511.818171
1822.917598,500,1512.296287
1269.232815,345,1512.633363
1102.310314,311,1512.944427
1710.321864,479,1514.674489
1224.138559,341,1514.996655
1728.92934,500,1515.45918
779.249307,238,1515.675754
1221.100121,332,1516.045854
1046.040133,291,1516.355336
1112.951486,302,1516.650745
860.323754,246,1518.120957
1387.893849,372,1518.499473
654.064236,196,1518.710874
1713.160193,464,1519.148338
893.819446,257,1519.397216
1210.145328,342,1519.745869
1384.024669,403,1521.438858
1010.389172,284,1521.718069
1649.518681,453,1522.180107
1728.911359,500,1522.619926
1086.079583,307,1522.922571
1753.274649,500,1524.63742
836.37693,264,1524.873185
1639.728138,461,1525.298491
1324.012346,362,1525.634069
1734.391276,500,1526.114309
1327.715266,365,1527.7951
1244.424959,337,1528.099392
1783.287558,481,1528.521398
1757.863745,479,1528.983034
1456.365695,392,1529.321062
1645.327179,454,1531.005533
839.056886,258,1531.249499
904.40582,268,1531.484507
871.013191,252,1531.69879
1295.473559,348,1531.998161
502.167401,174,1532.16895
766.450561,231,1532.394672
1566.985127,427,1534.079071
1330.693371,373,1534.413079
886.28381,255,1534.635101
1366.415705,385,1534.972816
1081.277577,315,1535.243203
1178.869166,333,1535.541348
522.496874,168,1535.708532
1674.307337,500,1537.349473
1734.644182,500,1537.781229
663.48013,206,1537.975735
1381.819371,370,1538.338317
1692.032854,500,1538.830715
1690.574074,500,1540.569404
1765.481321,500,1541.013672
1724.980743,500,1541.471835
1366.75785,373,1541.811242
1669.716563,500,1543.510679
1686.221267,500,1543.981343
1680.271147,500,1544.486405
1661.310061,500,1544.975722
1690.430435,500,1546.650076
1781.724151,500,1547.091842
683.09685,212,1547.29817
1333.211814,383,1547.640316
1643.453101,500,1548.153325
1270.874317,350,1549.853976
1595.840709,438,1550.261313
1700.394713,500,1550.714287
1303.440115,351,1551.057772
1736.825696,479,1551.507255
1358.011581,376,1553.151736
1091.565685,301,1553.440806
1277.770374,365,1553.771588
1676.314855,500,1554.247713
1366.134211,377,1554.583653
