#{"t_start": 1775556977.1764088, "env_id": "Pusher-MassFric-Uni-80-v0"}
r,l,t
-771.327064,500,0.490398
-898.942112,500,1.016141
-954.395358,500,1.485424
-881.719978,500,1.93087
-773.525003,500,3.80358
-814.434564,500,4.301083
-901.562865,500,4.796153
-942.042699,500,5.270996
-937.928727,500,7.184778
-799.370808,500,7.707078
-879.110148,500,8.207311
-851.465078,500,8.648846
-723.278544,500,10.511605
-776.540196,500,10.996963
-991.505887,500,11.473993
-783.703268,500,11.946893
-836.088761,500,13.840114
-814.136572,500,14.343117
-746.236995,500,14.80407
-740.967565,500,15.309717
-810.969488,500,17.201448
-770.294235,500,17.67967
-739.777441,500,18.107957
-888.503726,500,18.581733
-875.48034,500,20.424075
-692.443488,500,20.909743
-880.313644,500,21.39933
-977.222725,500,21.854127
-738.274012,500,23.680745
-813.434081,500,24.21401
-775.00247,500,24.722745
-804.77242,500,25.198642
-639.347958,500,27.054216
-793.047105,500,27.540663
-858.558729,500,27.996561
-788.989052,500,28.473871
-662.012837,500,30.324623
-675.11585,500,30.81585
-694.284606,500,31.28813
-707.254687,500,31.761408
-709.56458,500,33.636863
-832.657371,500,34.106185
-762.389087,500,34.574585
-737.157631,500,35.07153
-904.480992,500,35.558273
-782.052224,500,37.417066
-942.835975,500,37.85833
-801.330096,500,38.302074
-722.343317,500,38.766307
-685.382555,500,40.710623
-645.914345,500,41.210995
-843.999917,500,41.733186
-715.530038,500,42.226294
-801.047042,500,44.097654
-740.03056,500,44.552439
-783.903282,500,45.01026
-870.757529,500,45.460471
-810.867576,500,47.321832
-750.28679,500,47.810374
-755.280174,500,48.313737
-792.625005,500,48.783166
-671.0923,500,50.642503
-666.406352,500,51.113277
-844.68925,500,51.564508
-716.65633,500,52.094354
-815.311765,500,53.96461
-891.575731,500,54.423086
-653.481005,500,54.898849
-567.721607,500,55.336383
-677.989449,500,57.31098
-705.573169,500,57.794875
-788.693367,500,58.308886
-865.327937,500,58.858595
-715.228691,500,60.798394
-564.219803,500,61.277429
-698.965665,500,61.788843
-846.166,500,62.251248
-709.474183,500,64.071893
-681.887285,500,64.548234
-653.281143,500,65.052293
-606.652271,500,65.555329
-563.858019,500,67.424697
-572.555979,500,67.928276
-671.846181,500,68.400079
-581.619275,500,68.920688
-724.245693,500,69.390466
-529.38393,500,71.206583
-556.821823,500,71.647354
-653.880866,500,72.133258
-560.986707,500,72.57645
-544.643526,500,74.418781
-584.324075,500,74.928321
-602.745081,500,75.420341
-655.04052,500,75.904116
-712.08802,500,77.813301
-502.36537,500,78.28523
-580.488133,500,78.803824
-730.238416,500,79.293718
-437.223086,500,81.170717
-583.060573,500,81.635049
-607.896753,500,82.142574
-738.029885,500,82.699339
-588.207438,500,84.573752
-494.001991,500,85.058165
-515.652653,500,85.551718
-653.305684,500,85.965161
-477.201176,500,87.840034
-540.41898,500,88.312574
-488.674018,500,88.791415
-607.132499,500,89.259851
-549.149005,500,91.140235
-475.77325,500,91.654765
-471.503764,500,92.13165
-531.697574,500,92.612968
-519.432045,500,94.517155
-516.149033,500,95.048882
-533.235932,500,95.554785
-655.517118,500,96.063449
-613.388248,500,98.008107
-382.814767,500,98.518769
-721.685774,500,98.97049
-589.218661,500,99.478306
-695.467898,500,101.310768
-606.179016,500,101.824962
-539.272677,500,102.305718
-544.795431,500,102.825288
-651.222496,500,104.681286
-556.566796,500,105.163717
-481.724075,500,105.667225
-525.822286,500,106.192232
-589.545173,500,106.673116
-643.706274,500,108.547646
-441.074017,500,109.084791
-576.498817,500,109.576222
-569.576211,500,110.038678
-452.222257,500,111.187366
-612.089356,500,111.434869
-479.084585,500,111.62396
-603.50859,500,111.845504
-446.853927,500,112.517701
-456.93103,500,112.663758
-635.867148,500,112.813736
-597.290732,500,113.019193
-382.64478,500,113.82171
-549.571429,500,114.083075
-620.482255,500,114.281701
-446.855086,500,114.502689
-455.133143,500,115.900324
-589.268101,500,116.248354
-494.281,500,116.512273
-425.154382,500,116.747602
-596.393426,500,117.396269
-567.613392,500,117.571512
-544.98356,500,117.736016
-619.6647,500,117.942754
-471.325807,500,118.928446
-564.902574,500,119.156063
-417.502562,500,119.392326
-372.210851,500,119.58658
-355.370914,500,120.569876
-375.420732,500,121.025872
-583.380858,500,121.518372
-376.982917,500,121.895305
-369.474121,500,123.681666
-456.904574,500,124.161888
-608.730664,500,124.624692
-464.351592,500,125.113623
-569.284447,500,126.869549
-426.22016,500,127.349785
-472.062324,500,127.739848
-402.259634,500,128.182163
-311.241946,500,128.6881
-474.938086,500,130.535892
-572.519491,500,131.052054
-389.024891,500,131.583717
-592.972424,500,132.059422
-333.255595,500,133.781084
-453.108683,500,134.132365
-575.622408,500,134.570012
-395.972239,500,135.071642
-475.87879,500,136.913848
-539.339787,500,137.268093
-321.863442,500,137.674233
-499.315749,500,138.1124
-536.133356,500,139.776242
-502.128953,500,140.197811
-564.144629,500,140.614353
-529.793704,500,141.065143
-309.251236,500,142.779916
-435.101417,500,143.203394
-461.39394,500,143.611392
-323.295979,500,143.984333
-270.268433,500,145.812759
-547.221222,500,146.263979
-594.880631,500,146.690995
-366.89782,500,147.104016
-326.398161,500,148.849323
-522.055995,500,149.252316
-405.145962,500,149.736751
-367.456023,500,150.241115
-368.449036,500,152.017216
-395.784391,500,152.525223
-516.428735,500,153.011171
-479.161049,500,153.512653
-394.19326,500,155.456004
-281.772952,500,155.953453
-466.100064,500,156.464443
-490.617801,500,156.871049
-517.035009,500,158.639467
-273.021098,500,159.109257
-415.494775,500,159.56303
-411.625215,500,159.975549
-471.759573,500,161.625427
-486.641722,500,162.044595
-391.117591,500,162.532484
-368.136887,500,162.979145
-314.319443,500,163.436931
-379.49681,500,165.142987
-418.878058,500,165.634775
-305.885811,500,166.128318
-297.615408,500,166.535912
-507.45298,500,168.190865
-480.766122,500,168.619947
-470.220048,500,168.999357
-264.617087,500,169.448159
-336.38501,500,171.178285
-504.12643,500,171.670854
-322.070579,500,172.119598
-237.603349,500,172.561208
-420.464031,500,174.228667
-329.578889,500,174.726609
-436.742431,500,175.166439
-365.242388,500,175.572418
-370.514471,500,177.3494
-341.189908,500,177.837199
-396.9609,500,178.289026
-296.305408,500,178.640701
-397.902951,500,180.31372
-380.640036,500,180.75686
-342.107881,500,181.177001
-444.652715,500,181.633242
-344.201188,500,183.308953
-385.7998,500,183.774079
-453.752695,500,184.184573
-326.469608,500,184.5941
-489.041166,500,186.368694
-261.88026,500,186.797144
-446.598807,500,187.237225
-293.225901,500,187.674138
-457.657324,500,189.413023
-410.543442,500,189.897148
-419.271801,500,190.319422
-370.802833,500,190.784687
-284.25118,500,192.412982
-319.32543,500,192.924449
-354.755058,500,193.386286
-298.885389,500,193.793363
-338.821157,500,194.246222
-466.908875,500,195.928049
-318.84305,500,196.401595
-365.714779,500,196.892627
-339.450972,500,197.329247
-315.536543,500,199.184106
-406.281092,500,199.629582
-419.347503,500,200.065813
-372.952107,500,200.496952
-384.861311,500,202.314728
-490.862387,500,202.739189
-348.341373,500,203.217626
-541.103583,500,203.647755
-240.142337,500,205.417617
-297.100304,500,205.889143
-447.004103,500,206.359377
-374.268218,500,206.827755
-394.765429,500,208.557367
-491.359959,500,209.046927
-360.4023,500,209.436299
-396.401797,500,209.889158
-351.045548,500,211.644657
-395.871491,500,212.019024
-234.046616,500,212.413957
-193.391056,500,212.872137
-390.71403,500,214.55308
-435.435621,500,214.979095
-335.004753,500,215.46612
-368.815695,500,215.949467
-305.524044,500,217.73752
-226.497608,500,218.150768
-336.559208,500,218.56572
-234.260367,500,218.992823
-486.807736,500,220.663248
-429.476647,500,221.177682
-428.600146,500,221.607296
-264.765605,500,222.053647
-444.677339,500,223.860759
-356.187855,500,224.271796
-365.119644,500,224.630187
-454.352321,500,224.984994
-394.306958,500,225.394942
-359.286422,500,227.076346
-355.546988,500,227.51223
-417.028477,500,228.055985
-423.648781,500,228.490089
-349.210784,500,230.218069
-398.990735,500,230.698238
-305.892649,500,231.032881
-367.958644,500,231.512146
-414.837602,500,233.387568
-320.079299,500,233.862017
-418.045673,500,234.238227
-358.619638,500,234.595101
-290.040995,500,236.324643
-259.521417,500,236.772166
-384.657687,500,237.184139
-331.304691,500,237.590131
-243.375465,500,239.423581
-347.348727,500,239.803368
-268.075584,500,240.199855
-405.318709,500,240.652297
-538.062116,500,242.352635
-273.22404,500,242.799784
-382.945512,500,243.270165
-375.093223,500,243.690263
-311.519154,500,245.400319
-231.391153,500,245.908387
-427.860164,500,246.411718
-394.455233,500,246.89262
-429.837121,500,248.528653
-277.620794,500,248.931836
-336.684099,500,249.368239
-425.251197,500,249.888427
-480.546072,500,251.676344
-317.908571,500,252.125532
-244.28674,500,252.58443
-487.012184,500,252.953307
-390.752285,500,254.653291
-256.654151,500,255.117307
-249.493252,500,255.615355
-496.659153,500,256.061133
-318.43194,500,257.58206
-282.153286,500,258.015649
-374.727322,500,258.462944
-443.198467,500,258.935288
-454.458456,500,259.352414
-366.932341,500,261.183057
-262.69952,500,261.676445
-227.088958,500,262.122087
-558.070214,500,262.576341
-424.107217,500,264.413313
-252.092988,500,264.923826
-519.916312,500,265.343407
-228.831462,500,265.766014
-311.284183,500,267.518418
-385.529381,500,267.988654
-178.742186,500,268.406722
-357.851703,500,268.797634
-414.410751,500,270.383724
-396.845163,500,270.743152
-391.149494,500,271.260139
-426.261223,500,271.686781
-313.984201,500,273.494979
-421.560634,500,273.956702
-173.837356,500,274.50287
-457.710557,500,274.985871
-358.415027,500,276.87687
-358.856035,500,277.389361
-328.435292,500,277.895454
-200.444634,500,278.404007
-229.991747,500,280.223124
-331.299379,500,280.72365
-557.758042,500,281.17186
-208.851138,500,281.627159
-416.157962,500,283.381098
-210.458593,500,283.788014
-275.424557,500,284.269418
-408.392234,500,284.775082
-394.097618,500,286.653676
-412.631076,500,287.118127
-439.300478,500,287.665641
-325.172469,500,288.105232
-428.668902,500,289.850961
-464.695368,500,290.308732
-395.123119,500,290.768491
-398.946426,500,291.275123
-449.402925,500,291.733373
-505.074655,500,293.335342
-233.547979,500,293.737461
-317.829614,500,294.168614
-400.116733,500,294.528429
-285.208916,500,296.180683
-472.34288,500,296.519223
-351.725181,500,296.884765
-368.88881,500,297.319296
-435.907849,500,299.045955
-253.459031,500,299.503887
-319.547975,500,300.017471
-417.430588,500,300.513504
-258.109998,500,302.369773
-368.210844,500,302.865785
-369.753564,500,303.308993
-469.636644,500,303.734548
-336.471673,500,305.422612
-314.607448,500,305.910949
-171.400174,500,306.404537
-307.961803,500,306.874424
-437.01339,500,308.726154
-184.823553,500,309.19954
-309.617955,500,309.656495
-470.117952,500,310.028726
-187.859566,500,311.683973
-434.33374,500,312.176505
-271.384762,500,312.566813
-210.019987,500,312.91815
-246.231403,500,314.724264
-320.633622,500,315.172544
-317.836478,500,315.625314
-359.751406,500,316.137775
-487.063361,500,317.893601
-324.865759,500,318.31151
-466.762063,500,318.642176
-273.845834,500,318.99456
-286.483628,500,320.627904
-350.043027,500,321.078658
-447.119957,500,321.582108
-261.057665,500,322.068598
-409.764733,500,323.786268
-455.244978,500,324.225431
-208.915972,500,324.674669
-307.281643,500,325.178677
-263.932405,500,325.654581
-426.146239,500,327.341273
-304.073488,500,327.799374
-315.549211,500,328.238064
-428.56471,500,328.680272
-356.771063,500,330.471372
-246.959188,500,330.941191
-308.824771,500,331.428308
-335.020384,500,331.848198
-332.650283,500,333.613135
-281.413537,500,334.096598
-406.33347,500,334.593993
-322.467852,500,335.09453
-412.054283,500,336.882521
-311.421169,500,337.357853
-305.707759,500,337.864278
-208.311758,500,338.382343
-244.002011,500,340.09713
-369.710222,500,340.539846
-283.677653,500,341.025189
-460.747183,500,341.441798
-371.675623,500,343.120704
-438.271492,500,343.580021
-391.134443,500,344.053498
-271.737441,500,344.522735
-313.526047,500,346.274183
-425.078681,500,346.712784
-362.188052,500,347.146919
-386.849652,500,347.539902
-393.320962,500,349.147979
-269.303936,500,349.516404
-379.464815,500,349.9415
-249.501885,500,350.390738
-523.371228,500,352.155129
-295.386286,500,352.57916
-222.045605,500,353.095267
-367.598475,500,353.562668
-410.00967,500,355.223899
-400.146979,500,355.635512
-322.317571,500,356.072378
-377.158978,500,356.545764
-306.318034,500,356.977169
-375.574471,500,358.696416
-245.443073,500,359.17685
-351.658644,500,359.594471
-387.078376,500,360.050683
-316.257057,500,361.658215
-324.042113,500,362.069817
-461.813475,500,362.500086
-430.596447,500,363.025625
-315.879892,500,364.864988
-398.362701,500,365.355454
-436.187165,500,365.836693
-241.309433,500,366.326248
-388.860541,500,368.042034
-462.085715,500,368.517807
-254.130744,500,368.990618
-394.333672,500,369.439443
-243.70919,500,371.135831
-192.016622,500,371.56399
-238.749415,500,371.968555
-287.843905,500,372.380576
-337.748614,500,374.115268
-322.640165,500,374.59772
-286.316285,500,374.989832
-405.68442,500,375.37826
-312.808436,500,376.974769
-257.464686,500,377.454638
-375.802127,500,377.883988
-408.219394,500,378.352756
-253.901844,500,379.896975
-393.29693,500,380.353682
-257.1576,500,380.860686
-263.042719,500,381.336077
-393.125923,500,383.09029
-225.406782,500,383.508939
-265.761655,500,383.90846
-241.216901,500,384.371303
-241.869916,500,385.980441
-265.697907,500,386.324574
-275.342327,500,386.724593
-391.598562,500,387.151776
-338.367523,500,387.573336
-410.93329,500,389.300039
-341.834705,500,389.749811
-340.99163,500,390.112585
-291.525503,500,390.576451
-218.311914,500,392.321213
-354.54868,500,392.812687
-431.236262,500,393.250393
-298.570871,500,393.699102
-247.441906,500,395.483084
-191.974853,500,395.970986
-406.844471,500,396.433278
-332.462532,500,396.856013
-342.217914,500,398.571379
-383.669586,500,398.994755
-346.764397,500,399.42885
-440.269256,500,399.912794
-237.810186,500,401.59949
-304.679497,500,402.116027
-221.777863,500,402.55517
-334.030787,500,403.024922
-185.201103,500,404.77733
-348.832932,500,405.2909
-320.815698,500,405.744207
-272.311044,500,406.222594
-274.012037,500,407.971287
-341.201594,500,408.410909
-206.917346,500,408.868795
-326.241003,500,409.351628
-338.592063,500,411.064252
-448.87871,500,411.53718
-197.16862,500,412.02098
-402.427232,500,412.465828
-331.885942,500,414.162947
-344.65438,500,414.654842
-459.884504,500,415.08286
-447.670041,500,415.40606
-294.112881,500,417.116626
-351.470943,500,417.618524
-420.589397,500,418.111028
-298.23444,500,418.573369
-336.382882,500,420.335873
-398.390009,500,420.801766
-311.270505,500,421.21975
-509.264347,500,421.651862
-442.000619,500,422.084591
-326.898996,500,423.785117
-223.683581,500,424.241798
-215.9075,500,424.640845
-360.994156,500,425.102263
-265.803465,500,426.887271
-289.91468,500,427.385173
-378.492525,500,427.836821
-337.615595,500,428.128882
-324.678153,500,429.839132
-375.19218,500,430.275274
-186.275385,500,430.807191
-284.553344,500,431.168401
-364.579544,500,432.859643
-326.558091,500,433.332524
-338.371553,500,433.838122
-445.388291,500,434.281785
-312.586491,500,436.082376
-177.993873,500,436.573784
-322.940433,500,436.958748
-357.599073,500,437.375833
-392.29936,500,439.153702
-241.085361,500,439.669316
-197.169115,500,440.191326
-362.897274,500,440.607394
-379.602763,500,442.311137
-271.969234,500,442.804623
-360.924579,500,443.266918
-325.886782,500,443.734157
-230.876253,500,445.412214
-347.253029,500,445.849876
-247.837179,500,446.21966
-405.353631,500,446.675961
-287.437217,500,448.387171
-437.280984,500,448.840326
-413.495341,500,449.291648
-444.237189,500,449.762011
-157.59348,500,451.417292
-426.668807,500,451.839413
-431.727443,500,452.296206
-459.003949,500,452.757007
-434.584788,500,453.100771
-336.898747,500,454.743746
-428.868245,500,455.198016
-166.509981,500,455.657077
-315.185306,500,456.098286
-221.826123,500,457.872665
-318.237477,500,458.324951
-332.053188,500,458.640069
-310.609342,500,458.972745
-237.643334,500,460.73191
-321.317293,500,461.173731
-302.483489,500,461.665771
-225.337742,500,462.137655
-165.175381,500,463.759702
-335.455799,500,464.272954
-390.676229,500,464.7653
-435.71705,500,465.204529
-308.513151,500,466.934639
-394.190229,500,467.362279
-259.869359,500,467.786005
-335.427071,500,468.245679
-357.714716,500,469.950776
-293.424562,500,470.398583
-182.766499,500,470.889009
-405.679556,500,471.352859
-367.265788,500,473.066515
-155.419764,500,473.500099
-217.198755,500,473.979541
-146.596468,500,474.445411
-379.549349,500,476.111809
-373.672148,500,476.516836
-243.784272,500,476.948405
-134.093748,500,477.410262
-362.06979,500,479.13032
-498.607964,500,479.575217
-302.107916,500,480.010213
-229.947194,500,480.524381
-326.091466,500,482.292759
-290.777511,500,482.725378
-341.55743,500,483.197723
-254.129851,500,483.69073
-317.876089,500,485.371193
-301.314687,500,485.841134
-406.180033,500,486.351065
-301.484451,500,486.849558
-150.072225,500,487.398858
-276.029791,500,489.192381
-247.974337,500,489.602472
-263.56808,500,489.992884
-266.787281,500,490.446679
-390.786017,500,492.208206
-348.050266,500,492.674438
-309.001542,500,493.051652
-263.06589,500,493.458815
-270.578032,500,495.033135
-237.935805,500,495.474384
-380.136963,500,495.962847
-447.256229,500,496.42762
-489.157756,500,498.160419
-372.847681,500,498.639779
-407.712294,500,499.158865
-187.326423,500,499.627398
-302.936961,500,501.351892
-310.530011,500,501.847402
-198.370112,500,502.325806
-207.384496,500,502.776927
-271.041682,500,504.626028
-397.754275,500,505.139148
-199.074513,500,505.629077
-294.56684,500,506.088263
-381.391611,500,507.765647
-163.15749,500,508.197239
-334.324257,500,508.613822
-310.613304,500,509.059228
-159.967465,500,510.678727
-336.731327,500,511.102345
-235.348451,500,511.471784
-365.706578,500,511.841575
-319.3124,500,513.706837
-225.277713,500,514.161201
-278.230326,500,514.542132
-376.165203,500,514.965696
-145.276108,500,516.730991
-188.041737,500,517.218482
-506.905309,500,517.669774
-428.512355,500,518.141557
-295.434522,500,518.617461
-238.341688,500,520.243713
-344.144054,500,520.757288
-383.620677,500,521.304068
-322.008977,500,521.768931
-257.70591,500,523.546929
-452.615676,500,524.02072
-152.296796,500,524.441787
-373.286959,500,524.852309
-338.914265,500,526.582389
-181.023385,500,527.078556
-196.732545,500,527.585123
-328.267831,500,528.005257
-219.958499,500,529.567095
-221.22674,500,530.035867
-195.960916,500,530.489273
-313.648417,500,530.897195
-312.940703,500,532.713837
-324.520636,500,533.150264
-299.991174,500,533.637744
-395.69508,500,534.08254
-418.855017,500,535.808268
-149.853897,500,536.302706
-360.886496,500,536.679191
-508.780046,500,537.118396
-307.919863,500,538.824152
-283.311368,500,539.27985
-228.286006,500,539.716456
-214.674886,500,540.164487
-313.700339,500,541.830537
-373.918335,500,542.371203
-298.877144,500,542.847699
-422.544745,500,543.252744
-230.918328,500,545.043405
-534.929459,500,545.525632
-324.517622,500,546.012619
-406.885338,500,546.447241
-315.032664,500,548.300571
-397.28837,500,548.869314
-330.609787,500,549.307065
-451.693929,500,549.67296
-269.778628,500,551.321678
-237.365722,500,551.793581
-346.411363,500,552.193164
-256.58557,500,552.620229
-392.272099,500,553.091174
-424.139959,500,554.553455
-264.073738,500,554.935429
-353.35979,500,555.294186
-408.122197,500,555.717233
-368.658532,500,557.356139
-418.084136,500,557.790718
-336.908475,500,558.298292
-274.613256,500,558.74901
-389.251151,500,560.379112
-445.899665,500,560.853495
-213.777526,500,561.362119
-234.939176,500,561.852968
-179.468758,500,563.570153
-330.094482,500,564.020421
-203.795393,500,564.474701
-336.612817,500,564.965739
-195.328266,500,566.722016
-409.175613,500,567.196328
-440.011674,500,567.692457
-401.07191,500,568.17053
-303.561571,500,569.926526
-117.55412,500,570.403986
-321.513485,500,570.863259
-426.792829,500,571.328603
-181.957263,500,573.073328
-326.191898,500,573.547243
-351.255017,500,574.033324
-346.10343,500,574.511161
-292.20708,500,576.367011
-265.30616,500,576.863878
-152.531827,500,577.332204
-451.751951,500,577.839443
-240.617873,500,579.642401
-338.341476,500,580.117193
-310.73218,500,580.57512
-358.505449,500,581.036811
-323.382417,500,582.771017
-193.529987,500,583.262033
-339.491461,500,583.755517
-360.575427,500,584.209867
-309.816629,500,584.655005
-416.381173,500,586.300277
-273.168989,500,586.748466
-322.585199,500,587.217993
-310.704121,500,587.679193
-382.147855,500,589.380847
-442.452682,500,589.776805
-308.50673,500,590.19088
-417.647903,500,590.652107
-407.388243,500,592.39035
-193.246893,500,592.894852
-296.972718,500,593.284355
-370.64098,500,593.711286
-308.01788,500,595.499537
-523.539573,500,595.924856
-320.334114,500,596.406184
-339.613423,500,596.863836
-428.879319,500,598.451168
-419.817333,500,598.836626
-350.303558,500,599.223639
-450.955676,500,599.677809
-416.019586,500,601.530616
-367.001605,500,601.976365
-255.01785,500,602.481954
-294.727373,500,602.876519
-223.309771,500,604.501078
-365.946934,500,604.952385
-530.7486,500,605.461013
-412.971071,500,605.980546
-284.978462,500,607.831826
-268.497691,500,608.272145
-344.395324,500,608.70228
-349.281499,500,609.139953
-457.295139,500,610.949971
-432.82137,500,611.378102
-377.871806,500,611.848
-357.876054,500,612.328358
-273.271735,500,614.029933
-210.939079,500,614.46503
-275.359807,500,614.907827
-389.257817,500,615.334466
-379.31422,500,615.784247
-416.138087,500,617.579245
-339.73983,500,618.073728
-316.096323,500,618.56511
-398.690642,500,618.949011
-415.911634,500,620.710022
-407.820267,500,621.202534
-252.79985,500,621.650794
-353.431772,500,622.06518
-332.648977,500,623.852303
-394.030363,500,624.225175
-322.386953,500,624.642257
-317.249772,500,625.130787
-511.963265,500,626.822564
-229.95762,500,627.36233
-400.018827,500,627.776955
-312.323246,500,628.208029
-270.894323,500,629.997527
-148.091347,500,630.532077
-405.869939,500,630.965436
-209.25242,500,631.473981
-277.05053,500,633.238315
-442.114476,500,633.709888
-458.178347,500,634.142933
-402.697581,500,634.633864
-345.415711,500,636.38363
-275.549268,500,636.864463
-512.80591,500,637.344461
-436.958762,500,637.801733
-250.236419,500,639.448494
-236.706365,500,639.873236
-288.405415,500,640.302352
-270.190832,500,640.737972
-243.329132,500,642.351512
-218.591297,500,642.745043
-336.910064,500,643.113418
-276.527644,500,643.563655
-255.496435,500,645.323974
-303.675917,500,645.692853
-159.422317,500,646.104883
-336.009699,500,646.569247
-414.78668,500,648.154667
-149.83789,500,648.599943
-364.030819,500,649.077853
-142.306782,500,649.512542
-266.087361,500,649.974306
-302.199894,500,651.655278
-432.511426,500,652.148748
-327.935028,500,652.592557
-528.566902,500,653.023161
-435.098389,500,654.690118
-460.104079,500,655.106041
-330.24944,500,655.611658
-442.185514,500,656.11565
-518.895487,500,657.834666
-409.868143,500,658.250278
-339.541212,500,658.681982
-316.639481,500,659.147374
-302.345128,500,660.892675
-369.960824,500,661.310169
-428.81862,500,661.774553
-336.304731,500,662.255506
-448.000849,500,663.989616
-448.192803,500,664.431751
-438.504565,500,664.858015
-224.655604,500,665.33443
-377.900269,500,667.064014
-352.249689,500,667.459007
-409.529447,500,667.91287
-306.56154,500,668.422257
-230.392572,500,670.175745
-178.626262,500,670.629991
-208.221156,500,671.101018
-182.935348,500,671.60285
-401.705012,500,673.215514
-384.075282,500,673.669703
-161.878354,500,674.140601
-328.987716,500,674.619509
-478.948949,500,676.36526
-377.248121,500,676.6964
-302.950902,500,677.084419
-403.645811,500,677.505456
-345.932229,500,679.280489
-221.933434,500,679.63971
-281.787975,500,680.105534
-351.351499,500,680.64178
-213.2137,500,681.13321
-458.169535,500,682.829127
-269.442578,500,683.279439
-267.535979,500,683.757304
-396.203975,500,684.240395
-414.874421,500,685.786605
-379.063892,500,686.23032
-423.572579,500,686.734781
-319.470828,500,687.194091
-309.501737,500,688.952509
-183.203372,500,689.339777
-402.886312,500,689.792073
-279.64239,500,690.19266
-310.82714,500,691.851506
-299.6111,500,692.21488
-265.638721,500,692.678119
-323.539965,500,693.152472
-405.700974,500,694.842924
-272.332288,500,695.319841
-363.046799,500,695.822121
-346.91611,500,696.279294
-248.742493,500,698.128423
-300.537672,500,698.617561
-161.320956,500,699.17288
-323.448642,500,699.636589
-316.672986,500,701.422936
-144.867982,500,701.883548
-425.953937,500,702.367241
-387.789275,500,702.795433
-396.47862,500,704.648281
-298.17176,500,705.147192
-170.075326,500,705.700465
-379.981731,500,706.172936
-380.756623,500,707.896544
-273.620126,500,708.394466
-184.170714,500,708.832181
-144.692004,500,709.346253
-305.63017,500,711.127226
-403.470552,500,711.614654
-251.756084,500,711.992836
-170.935965,500,712.321955
-151.705648,500,714.029719
-163.807773,500,714.533842
-456.393483,500,714.976574
-270.451548,500,715.410745
-416.983006,500,715.830932
-279.980959,500,717.496693
-150.835944,500,718.015769
-381.430947,500,718.41481
-424.050488,500,718.831485
-178.995192,500,720.572652
-424.544531,500,720.894697
-374.155041,500,721.257612
-172.256249,500,721.721408
-395.746638,500,723.471658
-234.623324,500,724.031468
-343.920425,500,724.508868
-162.176932,500,724.95916
-429.919639,500,726.776263
-317.222151,500,727.24112
-183.832742,500,727.71744
-317.462982,500,728.135132
-369.690369,500,729.910447
-371.644018,500,730.391932
-300.549531,500,730.877988
-148.154125,500,731.373
-445.379956,500,733.172922
-148.504768,500,733.582388
-204.005924,500,734.087565
-214.476375,500,734.65485
-255.5439,500,736.442165
-160.033179,500,736.864378
-385.340662,500,737.358928
-182.232307,500,737.784445
-269.471776,500,739.531076
-184.072128,500,740.017104
-266.478588,500,740.489019
-189.256013,500,740.924277
-406.385212,500,742.621706
-308.772416,500,743.167513
-279.535934,500,743.564561
-224.217708,500,744.023908
-345.507981,500,745.607784
-208.235466,500,746.051521
-300.380415,500,746.477841
-342.051198,500,746.901312
-465.233022,500,747.271049
-512.813729,500,748.93705
-327.502795,500,749.429983
-162.815779,500,749.883247
-263.790007,500,750.36056
-299.643059,500,751.943596
-285.546852,500,752.305837
-371.836888,500,752.722524
-333.083954,500,753.179677
-176.306144,500,755.03267
-151.161548,500,755.505895
-350.995249,500,755.935584
-375.690955,500,756.296016
-333.72983,500,758.043269
-310.657603,500,758.444127
-190.745796,500,758.899892
-353.696502,500,759.381926
-370.126497,500,761.176376
-321.846444,500,761.624143
-155.048151,500,762.058216
-434.986492,500,762.523212
-292.301877,500,764.203684
-335.832132,500,764.618638
-337.614258,500,765.012698
-363.895041,500,765.404221
-388.452909,500,767.056883
-145.545251,500,767.480019
-198.973868,500,767.952891
-255.294151,500,768.336283
-328.177182,500,770.051954
-334.418701,500,770.496631
-195.963622,500,770.925295
-411.476782,500,771.362603
-430.17705,500,773.21329
-313.503216,500,773.665173
-194.74577,500,774.074642
-309.320772,500,774.510819
-466.233678,500,776.202429
-221.637297,500,776.674731
-424.445339,500,777.140555
-229.708223,500,777.567302
-285.517279,500,777.943093
-157.066044,500,779.667157
-344.509064,500,780.133049
-419.696344,500,780.564222
-289.077117,500,781.042572
-204.458976,500,782.833055
-497.802346,500,783.270344
-318.111885,500,783.720037
-209.565921,500,784.220129
-154.238819,500,786.180248
-166.427402,500,786.690098
-334.278609,500,787.200152
-206.488836,500,787.737872
-447.673188,500,789.448931
-217.894621,500,789.914926
-461.10485,500,790.26004
-366.720339,500,790.704754
-350.79008,500,792.32448
-274.322773,500,792.787331
-493.456182,500,793.206349
-320.992487,500,793.684196
-493.664281,500,795.349121
-311.753812,500,795.782325
-506.373472,500,796.268692
-286.587508,500,796.736562
-191.223534,500,798.480217
-429.500145,500,798.888194
-520.298688,500,799.303002
-318.064568,500,799.830158
-427.909234,500,801.57681
-190.565407,500,802.028166
-244.359279,500,802.455801
-233.153426,500,802.917695
-445.807428,500,804.494926
-266.474669,500,804.909221
-442.279749,500,805.443097
-191.487355,500,805.934389
-261.183017,500,807.748015
-172.799686,500,808.180904
-238.535697,500,808.522658
-398.567543,500,808.900715
-277.302539,500,810.719238
-258.001274,500,811.214292
-480.009291,500,811.694428
-427.752412,500,812.098205
-442.723086,500,812.554551
-239.507266,500,814.275086
-137.763911,500,814.728896
-411.93493,500,815.196699
-307.346508,500,815.665136
-186.586874,500,817.474547
-309.426485,500,817.876389
-320.021981,500,818.2583
-378.381417,500,818.693531
-422.305273,500,820.27944
-277.586497,500,820.642244
-321.366507,500,821.085998
-221.202483,500,821.562922
-525.053021,500,823.325778
-283.543551,500,823.769033
-185.086941,500,824.269039
-432.598459,500,824.679477
-152.264228,500,826.262988
-406.624373,500,826.651423
-233.258414,500,827.113078
-360.039016,500,827.595206
-485.296744,500,829.340887
-483.517868,500,829.812832
-164.316906,500,830.173681
-454.065112,500,830.638896
-152.106698,500,832.306299
-352.388603,500,832.759111
-330.343508,500,833.18514
-178.237901,500,833.579444
-423.531918,500,835.282196
-242.206445,500,835.676495
-455.148113,500,836.166016
-450.946283,500,836.69476
-184.645894,500,838.570794
-179.173703,500,839.095951
-492.174758,500,839.544595
-471.222918,500,839.969275
-181.519288,500,841.721614
-262.614698,500,842.129634
-320.652604,500,842.50002
-469.164411,500,842.898932
-179.107674,500,843.354224
-282.985153,500,844.986506
-147.179497,500,845.519149
-158.311969,500,846.022685
-391.782221,500,846.421704
-487.619141,500,848.176993
-162.009025,500,848.564418
-368.980168,500,848.921725
-353.616619,500,849.320273
-284.911746,500,851.1143
-287.041065,500,851.48661
-274.288982,500,851.891191
-159.540208,500,852.372563
-231.381393,500,854.120235
-146.989909,500,854.552496
-314.178189,500,854.923776
-139.646371,500,855.349967
-315.641757,500,856.958007
-364.434565,500,857.369636
-451.808312,500,857.797274
-475.994023,500,858.215902
-394.677472,500,860.050117
-360.126761,500,860.52287
-301.993412,500,860.995296
-478.938725,500,861.396365
-179.894745,500,863.173271
-299.797072,500,863.642135
-214.404681,500,864.131512
-437.406821,500,864.615442
-353.763471,500,866.384909
-378.156098,500,866.860175
-329.341973,500,867.296887
-161.451983,500,867.67525
-425.324426,500,869.412037
-490.195632,500,869.783442
-377.871122,500,870.181951
-137.077672,500,870.591506
-481.830058,500,872.358811
-328.360802,500,872.781502
-154.126954,500,873.212123
-285.796179,500,873.651703
-265.425898,500,875.438725
-363.802819,500,875.90867
-431.952152,500,876.335257
-452.313212,500,876.777033
-173.272289,500,877.26996
-494.727834,500,879.106742
-246.623064,500,879.627888
-313.491362,500,880.095634
-316.0792,500,880.550379
-215.500457,500,882.207786
-147.750893,500,882.655966
-486.940306,500,883.086128
-319.110312,500,883.458893
-460.291809,500,885.192846
-294.814174,500,885.660067
-240.826433,500,886.117921
-188.241921,500,886.472598
-439.950801,500,888.224995
-268.370284,500,888.654961
-219.855248,500,889.09373
-255.446271,500,889.578696
-468.121335,500,891.353803
-170.100541,500,891.809029
-126.437169,500,892.202473
-140.640456,500,892.686367
-249.526696,500,894.474801
-348.965098,500,894.985921
-310.533437,500,895.388443
-140.967496,500,895.763317
-446.908839,500,897.395542
-451.648698,500,897.849271
-386.068277,500,898.285488
-155.275139,500,898.70913
-130.554872,500,900.286469
-229.890375,500,900.800651
-420.018263,500,901.292114
-398.643557,500,901.683072
-292.51421,500,903.419127
-257.832717,500,903.792081
-441.47607,500,904.15524
-423.570919,500,904.582217
-357.151333,500,906.178116
-457.089239,500,906.636459
-301.352404,500,907.158517
-318.722636,500,907.659494
-340.383873,500,908.054413
-271.84921,500,909.742759
-178.057445,500,910.106587
-466.018632,500,910.525648
-230.431094,500,910.896118
-214.232123,500,912.632357
-491.896747,500,913.137476
-157.693098,500,913.627011
-224.498983,500,914.070679
-153.851737,500,915.92701
-399.308003,500,916.443037
-157.108635,500,916.966702
-455.855574,500,917.443572
-160.112882,500,919.155214
-340.733108,500,919.530986
-223.040414,500,920.049147
-416.813979,500,920.504961
-439.244463,500,922.08392
-410.489194,500,922.402961
-253.131885,500,922.725113
-336.588149,500,923.036668
-432.486501,500,924.719659
-231.078122,500,925.185998
-225.535501,500,925.607082
-289.788435,500,926.123056
-274.772888,500,927.582925
-132.607258,500,928.070905
-297.738898,500,928.478467
-295.535417,500,928.929185
-146.732023,500,930.650364
-511.393642,500,930.964993
-388.228251,500,931.439772
-509.013768,500,931.927258
-201.304125,500,933.614661
-276.033969,500,934.103115
-257.490107,500,934.58488
-162.911539,500,934.980168
-176.986603,500,936.75602
-423.20815,500,937.197867
-153.011568,500,937.671242
-364.092852,500,938.028435
-479.230941,500,939.670175
-333.282032,500,940.020887
-423.998449,500,940.41792
-423.326503,500,940.806488
-425.177884,500,941.252883
-382.301078,500,942.976837
-478.239049,500,943.289384
-160.917053,500,943.684457
-262.945361,500,944.139172
-165.4262,500,945.723603
-451.610188,500,946.183487
-160.086577,500,946.660334
-239.603702,500,947.154289
-433.121304,500,948.710554
-380.269626,500,949.050726
-286.176589,500,949.362864
-226.7899,500,949.873428
-308.770851,500,951.6634
-257.307533,500,952.131696
-337.772352,500,952.611587
-226.527436,500,952.942246
-159.827749,500,954.618225
-340.694738,500,955.048883
-303.978433,500,955.495113
-390.140167,500,955.885163
-346.225217,500,957.429372
-485.746796,500,957.823714
-178.61142,500,958.211744
-185.750959,500,958.694274
-395.583448,500,960.305825
-448.950649,500,960.649917
-480.021245,500,961.074201
-156.287705,500,961.560636
-213.949277,500,963.210827
-398.163701,500,963.651061
-475.83004,500,964.103295
-437.745857,500,964.582192
-144.948468,500,966.310919
-419.893226,500,966.793365
-399.27062,500,967.230008
-268.72056,500,967.707977
-297.921799,500,969.405814
-330.262995,500,969.698289
-368.132502,500,970.136525
-176.779789,500,970.551108
-277.640937,500,970.924029
-244.970592,500,972.444745
-514.971379,500,972.861343
-419.42481,500,973.316635
-424.360662,500,973.760722
-199.608257,500,975.316573
-447.492011,500,975.644252
-433.446127,500,976.040177
-386.721782,500,976.421485
-411.225119,500,978.165047
-477.37006,500,978.590141
-172.714718,500,978.902233
-224.310792,500,979.226214
-479.105018,500,980.815849
-218.292444,500,981.248316
-414.705954,500,981.744441
-284.981639,500,982.201707
-365.281453,500,983.650435
-350.822163,500,983.973543
-149.266071,500,984.307234
-257.527308,500,984.649337
-469.883486,500,986.249452
-366.734444,500,986.691212
-196.01626,500,987.057065
-145.692497,500,987.555589
-224.466814,500,988.966231
-498.852508,500,989.447926
-474.439452,500,989.851371
-474.660577,500,990.30424
-333.033816,500,991.887325
-185.020372,500,992.305493
-489.185042,500,992.575799
-275.768381,500,993.001941
-285.813326,500,994.778965
-401.709841,500,995.286453
-423.545312,500,995.74964
-473.498115,500,996.205369
-461.764212,500,997.806432
-299.638035,500,998.25608
-275.58381,500,998.718097
-195.070702,500,999.161228
-149.887072,500,999.609407
-179.754429,500,1001.049612
-222.738447,500,1001.354752
-416.959402,500,1001.707593
-149.114219,500,1002.028659
-306.848982,500,1003.677932
-437.591924,500,1004.17402
-147.024555,500,1004.585562
-391.301102,500,1004.983065
-464.098933,500,1006.685532
-216.436821,500,1007.184607
-409.377615,500,1007.566577
-279.613425,500,1007.985137
-150.163807,500,1009.809667
-317.50086,500,1010.287681
-182.068548,500,1010.654333
-306.81571,500,1011.130867
-355.242835,500,1012.801739
-436.17678,500,1013.121224
-153.139639,500,1013.501109
-150.648284,500,1013.854472
-304.244229,500,1015.406311
-327.319423,500,1015.871021
-299.613864,500,1016.349856
-350.448349,500,1016.821283
-295.044005,500,1018.569383
-161.579785,500,1018.977968
-206.485822,500,1019.29351
-146.231516,500,1019.740299
-168.511251,500,1021.536527
-482.741929,500,1022.041156
-135.280733,500,1022.503397
-357.355184,500,1022.927079
-335.169391,500,1024.590952
-351.001049,500,1025.064859
-429.646678,500,1025.532192
-398.842977,500,1026.008992
-275.410592,500,1027.770915
-368.312168,500,1028.203052
-144.807748,500,1028.665789
-424.918759,500,1029.083232
-440.858973,500,1030.700433
-343.241649,500,1031.051171
-160.717784,500,1031.454839
-159.02674,500,1031.944852
-300.684649,500,1032.337759
-361.738036,500,1033.987933
-333.532066,500,1034.46035
-298.599254,500,1034.887651
-263.70668,500,1035.297697
-340.324443,500,1036.962572
-432.955422,500,1037.351409
-447.956273,500,1037.882158
-350.38444,500,1038.375697
-413.019509,500,1040.005153
-237.568231,500,1040.445781
-238.55936,500,1040.861718
-342.160665,500,1041.214983
-300.936282,500,1042.845641
-294.482861,500,1043.306998
-198.413485,500,1043.849428
-317.865907,500,1044.291225
-270.766492,500,1045.97887
-198.684443,500,1046.380829
-490.395279,500,1046.818852
-500.498712,500,1047.280736
-306.605953,500,1048.926933
-368.144965,500,1049.244975
-438.3937,500,1049.570243
-248.50875,500,1049.980067
-225.154988,500,1051.728638
-256.175581,500,1052.165338
-285.894483,500,1052.522627
-279.974081,500,1052.837085
-355.092332,500,1054.459854
-258.419876,500,1054.838161
-333.305822,500,1055.305606
-238.255203,500,1055.765396
-145.404054,500,1057.613117
-232.644636,500,1058.00656
-458.260187,500,1058.465454
-295.567558,500,1058.92027
-357.433572,500,1060.544379
-196.321594,500,1061.003257
-418.896009,500,1061.482589
-288.594473,500,1061.932276
-138.392706,500,1062.38199
-383.899392,500,1064.036281
-330.16094,500,1064.440858
-452.853371,500,1064.918587
-433.095533,500,1065.357152
-437.654523,500,1066.918594
-383.3887,500,1067.285771
-399.619937,500,1067.621735
-242.579458,500,1067.912594
-328.485047,500,1069.604094
-405.751491,500,1070.016564
-147.248486,500,1070.451403
-292.235162,500,1070.843731
-300.674631,500,1072.36668
-416.139363,500,1072.69962
-224.446234,500,1073.177958
-423.364467,500,1073.650683
-342.90044,500,1075.166347
-309.567313,500,1075.619768
-165.136373,500,1076.075322
-185.130078,500,1076.508757
-121.270368,500,1078.166234
-286.548331,500,1078.566459
-388.571163,500,1078.869338
-274.521125,500,1079.295309
-146.994636,500,1080.852732
-408.372779,500,1081.260147
-141.47825,500,1081.626169
-393.49787,500,1082.014014
-422.257852,500,1083.569772
-492.021596,500,1083.996276
-394.590242,500,1084.420912
-371.47964,500,1084.780097
-296.076466,500,1086.490809
-290.858776,500,1086.997193
-255.128038,500,1087.407492
-439.486107,500,1087.768783
-455.535777,500,1089.367027
-335.259325,500,1089.766986
-437.358856,500,1090.255845
-390.049314,500,1090.719636
-480.778492,500,1092.379256
-265.243572,500,1092.824724
-427.925166,500,1093.270946
-298.873876,500,1093.655922
-444.133914,500,1093.9363
-408.033617,500,1095.612309
-470.583194,500,1095.984238
-415.473262,500,1096.343899
-350.687061,500,1096.704603
-323.055463,500,1098.198797
-305.381662,500,1098.554432
-403.655182,500,1098.91037
-408.968338,500,1099.198812
-365.401818,500,1100.835881
-277.204021,500,1101.299676
-414.932258,500,1101.611158
-322.216441,500,1101.994126
-430.557617,500,1103.543914
-234.703274,500,1103.931927
-298.735924,500,1104.324853
-408.814713,500,1104.74004
-318.238137,500,1106.360802
-385.940854,500,1106.703915
-159.245654,500,1107.009387
-422.407757,500,1107.437983
-519.096165,500,1108.952574
-319.8007,500,1109.311355
-209.220392,500,1109.725022
-157.882101,500,1110.063653
-145.577648,500,1111.790415
-309.468735,500,1112.184803
-404.196362,500,1112.627794
-421.685731,500,1112.998057
-194.458953,500,1114.629571
-501.317801,500,1115.012478
-231.796673,500,1115.379723
-465.371881,500,1115.760672
-162.888418,500,1117.514663
-273.610633,500,1118.007519
-134.797307,500,1118.398982
-351.14099,500,1118.753678
-366.460241,500,1120.210709
-144.619088,500,1120.601172
-295.735676,500,1120.997085
-443.943057,500,1121.379985
-231.362968,500,1121.862994
-269.931505,500,1123.494729
-139.986296,500,1123.778217
-143.459664,500,1124.152987
-442.321082,500,1124.505191
-278.274248,500,1126.264244
-168.706529,500,1126.773195
-505.781379,500,1127.17514
-154.389066,500,1127.624898
-242.110699,500,1129.235372
-507.6194,500,1129.647388
-313.702997,500,1130.064536
-119.736035,500,1130.420805
-143.411657,500,1132.117053
-177.489618,500,1132.60856
-208.677706,500,1132.993533
-305.193439,500,1133.381048
-494.78624,500,1135.040179
-178.758566,500,1135.447093
-139.530202,500,1135.896814
-408.460626,500,1136.223267
-504.159359,500,1137.683081
-435.062735,500,1138.150877
-209.29114,500,1138.635673
-472.473117,500,1139.079971
-308.523945,500,1140.794639
-125.462493,500,1141.223249
-169.404757,500,1141.575496
-202.734876,500,1141.908701
-216.544012,500,1143.31805
-183.227729,500,1143.748618
-304.745396,500,1144.129604
-393.966508,500,1144.556795
-164.423513,500,1146.215811
-218.364798,500,1146.659079
-331.96366,500,1147.089598
-412.161212,500,1147.556969
-176.303587,500,1149.164172
-337.030949,500,1149.478792
-119.221857,500,1149.821426
-273.13528,500,1150.208942
-346.761562,500,1150.668784
-296.628266,500,1152.410859
-158.439108,500,1152.800264
-146.526407,500,1153.228858
-244.707335,500,1153.531391
-382.53705,500,1155.205966
-197.911755,500,1155.593185
-127.73185,500,1156.091365
-279.199064,500,1156.488764
-237.074595,500,1158.185334
-375.571721,500,1158.650481
-131.895191,500,1159.058883
-319.668346,500,1159.33361
-423.5197,500,1160.955011
-390.285872,500,1161.393446
-443.949717,500,1161.859086
-116.275688,500,1162.275948
-114.266956,500,1163.87582
-244.578878,500,1164.318567
-277.582444,500,1164.710298
-236.068372,500,1165.133637
-418.6703,500,1166.725755
-191.392205,500,1167.242032
-130.055133,500,1167.62279
-374.343035,500,1167.945781
-452.892005,500,1169.614858
-267.810348,500,1170.018145
-456.429431,500,1170.294276
-282.09268,500,1170.584689
-164.19737,500,1172.177608
-170.818945,500,1172.462521
-313.751868,500,1172.820704
-394.935668,500,1173.235142
-186.940015,500,1175.115957
-236.788427,500,1175.633994
-182.330295,500,1176.054892
-401.74208,500,1176.368806
-276.247281,500,1178.065655
-165.829187,500,1178.605695
-475.145992,500,1179.065306
-444.751724,500,1179.517313
-238.666962,500,1181.172719
-299.295717,500,1181.617425
-319.030556,500,1182.046117
-326.941501,500,1182.441569
-305.925245,500,1182.828037
-214.344637,500,1184.331002
-224.893058,500,1184.845808
-366.50689,500,1185.229068
-436.026878,500,1185.581285
-312.058469,500,1187.198097
-311.200065,500,1187.673793
-295.9897,500,1188.057444
-297.632197,500,1188.416118
-433.836926,500,1190.046339
-134.769635,500,1190.374112
-451.463441,500,1190.755959
-438.564409,500,1191.189078
-122.889462,500,1192.880681
-185.583806,500,1193.280511
-125.659028,500,1193.580458
-398.418506,500,1193.866394
-112.985666,500,1195.466298
-125.531964,500,1195.829966
-467.035773,500,1196.272943
-230.954975,500,1196.732554
-401.741515,500,1198.424938
-376.293101,500,1198.818311
-391.608984,500,1199.290533
-290.054749,500,1199.679741
-397.955757,500,1201.277971
-250.749352,500,1201.658189
-493.214604,500,1202.116341
-321.476952,500,1202.397661
-337.543149,500,1203.799495
-135.339408,500,1204.228592
-401.562194,500,1204.669522
-454.137784,500,1205.05269
-257.890844,500,1206.744741
-172.342085,500,1207.115901
-130.28974,500,1207.503216
-165.083859,500,1207.971815
-188.741691,500,1209.421614
-110.158606,500,1209.822603
-298.911246,500,1210.063555
-346.439685,500,1210.419295
-284.026683,500,1210.688845
-179.369128,500,1211.90394
-410.531853,500,1212.231383
-426.282802,500,1212.610512
-346.748604,500,1212.928248
-420.758301,500,1214.480592
-133.906397,500,1214.821942
-281.74259,500,1215.103031
-370.130231,500,1215.343391
-357.172633,500,1216.742747
-117.513907,500,1217.128584
-290.111517,500,1217.535294
-479.893539,500,1217.936901
-351.083876,500,1219.552675
-112.861643,500,1219.905033
-189.91157,500,1220.26699
-209.694487,500,1220.613862
-297.501722,500,1222.164798
-486.268242,500,1222.572457
-318.157447,500,1222.892353
-321.138615,500,1223.13732
-385.473643,500,1224.459296
-341.560813,500,1224.747342
-285.841931,500,1225.125869
-273.910425,500,1225.493152
-361.889651,500,1226.899451
-186.728135,500,1227.334271
-410.561832,500,1227.773322
-217.259676,500,1228.189595
-339.190844,500,1229.846739
-474.536124,500,1230.360229
-167.111504,500,1230.817228
-414.380769,500,1231.148498
-148.296669,500,1232.729331
-178.881953,500,1233.153092
-163.742271,500,1233.42469
-345.937558,500,1233.685745
-146.157271,500,1235.0196
-253.862046,500,1235.4522
-447.244218,500,1235.813224
-153.480642,500,1236.205892
-392.747463,500,1237.749982
-121.424262,500,1238.084757
-352.190049,500,1238.42512
-259.027463,500,1238.837054
-338.345579,500,1239.24999
-123.873195,500,1240.75187
-368.298299,500,1241.113948
-316.476435,500,1241.469702
-435.925097,500,1241.782981
-154.812311,500,1243.437235
-447.103011,500,1243.810694
-142.322698,500,1244.235532
-455.992745,500,1244.530778
-174.77136,500,1245.971886
-427.601139,500,1246.383673
-403.567218,500,1246.687925
-385.502544,500,1247.050518
-270.05586,500,1248.435057
-295.745331,500,1248.744805
-412.248501,500,1249.207208
-208.153403,500,1249.522933
-380.43876,500,1251.067331
-186.456113,500,1251.44329
-170.805542,500,1251.87219
-139.501881,500,1252.167454
-371.057753,500,1253.623602
-293.30928,500,1253.925285
-249.023908,500,1254.178849
-309.63281,500,1254.540015
-178.281415,500,1255.88427
-400.330522,500,1256.223173
-402.168598,500,1256.607596
-480.715764,500,1257.050052
-470.784392,500,1258.682929
-396.620035,500,1259.05641
-373.762093,500,1259.378142
-133.215054,500,1259.770217
-382.410186,500,1261.331316
-167.00787,500,1261.736183
-176.557544,500,1261.999744
-388.168456,500,1262.282897
-342.964793,500,1263.766313
-189.114256,500,1264.208223
-362.472093,500,1264.49433
-211.283502,500,1264.911633
-168.468054,500,1265.277061
-328.528775,500,1266.894378
-337.053072,500,1267.33248
-163.180279,500,1267.794661
-169.075378,500,1268.170348
-161.94971,500,1269.731199
-446.305259,500,1270.029369
-420.741796,500,1270.357177
-143.952211,500,1270.707558
-162.558817,500,1272.040856
-145.22178,500,1272.423466
-452.010985,500,1272.65546
-179.775548,500,1272.904452
-128.480322,500,1274.329482
-171.72343,500,1274.595047
-150.917484,500,1274.974454
-153.518609,500,1275.299368
-354.170799,500,1276.772187
-158.445224,500,1277.172819
-305.071373,500,1277.411446
-364.398948,500,1277.677633
-285.118658,500,1279.286213
-287.024847,500,1279.568482
-315.079047,500,1279.961066
-272.104878,500,1280.197469
-437.679742,500,1281.664699
-266.739065,500,1282.053511
-123.822535,500,1282.500878
-144.61333,500,1282.908019
-310.040188,500,1284.542987
-177.3871,500,1285.035696
-339.908998,500,1285.406745
-465.126333,500,1285.737656
-138.904437,500,1287.385349
-298.067004,500,1287.817556
-167.119726,500,1288.220176
-273.011582,500,1288.592619
-146.893073,500,1289.901295
-238.167742,500,1290.19289
-173.988717,500,1290.618201
-423.285385,500,1290.933069
-157.269918,500,1292.238287
-371.055983,500,1292.639837
-351.905488,500,1293.076243
-129.720703,500,1293.49808
-232.879574,500,1293.862052
-405.791586,500,1295.392805
-152.663579,500,1295.798522
-377.488313,500,1296.202827
-148.784088,500,1296.544281
-230.217206,500,1297.953382
-373.958306,500,1298.211389
-366.502189,500,1298.469903
-330.908439,500,1298.703932
-351.750056,500,1299.968209
-137.09706,500,1300.380401
-122.495607,500,1300.826272
-322.648759,500,1301.140615
-142.104097,500,1302.457215
-290.398269,500,1302.75551
-444.912988,500,1303.207413
-344.949384,500,1303.604561
-113.520112,500,1305.258333
-238.621625,500,1305.740034
-329.881969,500,1306.176854
-285.656406,500,1306.523737
-366.663689,500,1307.930678
-312.855063,500,1308.216876
-287.411126,500,1308.515587
-272.215078,500,1308.906662
-460.6529,500,1310.327187
-126.895037,500,1310.748435
-317.537607,500,1311.187054
-392.557572,500,1311.568767
-121.0488,500,1313.210633
-396.218179,500,1313.54215
-385.106336,500,1313.966759
-293.983433,500,1314.375049
-434.553392,500,1315.59324
-227.416948,500,1315.856299
-347.748493,500,1316.180181
-287.426879,500,1316.574857
-423.940286,500,1317.917907
-412.528664,500,1318.23814
-324.815451,500,1318.623655
-347.873817,500,1318.97998
-485.107437,500,1319.323413
-376.115593,500,1320.901428
-194.525479,500,1321.315185
-402.792516,500,1321.714387
-249.188246,500,1322.107836
-418.040692,500,1323.610058
-446.644535,500,1323.957507
-366.626998,500,1324.396946
-364.242517,500,1324.785243
-179.002063,500,1326.398857
-439.761166,500,1326.783494
-294.987025,500,1327.195163
-246.591874,500,1327.590223
-401.323314,500,1329.004006
-244.701212,500,1329.376318
-208.619808,500,1329.745928
-392.143483,500,1329.983381
-440.187161,500,1331.428889
-384.694378,500,1331.695543
-483.344739,500,1331.951533
-316.873908,500,1332.377386
-201.173153,500,1333.7462
-399.645787,500,1334.031353
-263.328832,500,1334.288939
-324.160817,500,1334.658973
-372.386159,500,1336.287462
-173.64644,500,1336.688117
-131.926273,500,1337.031481
-419.993023,500,1337.424093
-298.077573,500,1338.78116
-269.181347,500,1339.147624
-202.311828,500,1339.534806
-424.7373,500,1339.931616
-438.908653,500,1341.497554
-291.290217,500,1341.784791
-459.944921,500,1342.178048
-281.307534,500,1342.577412
-445.983492,500,1343.944658
-462.281807,500,1344.328754
-373.933732,500,1344.586883
-459.751202,500,1344.989546
-258.531782,500,1345.447707
-154.959427,500,1346.953789
-323.266086,500,1347.356613
-253.396546,500,1347.764324
-311.692137,500,1348.073055
-289.646453,500,1349.541671
-261.59678,500,1349.83938
-407.561519,500,1350.24343
-386.32439,500,1350.563532
-179.914818,500,1351.905128
-114.482418,500,1352.26116
-189.155456,500,1352.629667
-291.715912,500,1353.056282
-419.04568,500,1354.572834
-118.008475,500,1354.929318
-138.113352,500,1355.225585
-369.315163,500,1355.545108
-360.007578,500,1357.203226
-382.843989,500,1357.578405
-125.607813,500,1357.998614
-447.266391,500,1358.403854
-370.837711,500,1359.799772
-329.934288,500,1360.113648
-419.007747,500,1360.379039
-176.06326,500,1360.669161
-391.050836,500,1362.323022
-327.741018,500,1362.73489
-301.78409,500,1363.123683
-340.848367,500,1363.524671
-402.326978,500,1364.925013
-305.027679,500,1365.241818
-402.946944,500,1365.569294
-163.397777,500,1365.999944
-465.350953,500,1367.462409
-167.731674,500,1367.880222
-438.366568,500,1368.255388
-305.262374,500,1368.524945
-392.495287,500,1369.89211
-247.987757,500,1370.239943
-154.815879,500,1370.651619
-340.98937,500,1371.072318
-139.769043,500,1372.73944
-301.69616,500,1373.154545
-171.765359,500,1373.615092
-359.679431,500,1373.942466
-387.831249,500,1374.200905
-401.178561,500,1375.555074
-161.668913,500,1375.951499
-476.804759,500,1376.377855
-317.613202,500,1376.777521
-491.547444,500,1378.154128
-202.828131,500,1378.507488
-388.479662,500,1378.871408
-459.845881,500,1379.258011
-375.605607,500,1380.614256
-145.054353,500,1381.038491
-257.751863,500,1381.432007
-355.058303,500,1381.781517
-230.474873,500,1383.15196
-306.799116,500,1383.451623
-402.859346,500,1383.810468
-416.125091,500,1384.177832
-347.43851,500,1385.764889
-326.778717,500,1386.121384
-130.912979,500,1386.503471
-122.132213,500,1386.863383
-372.817207,500,1388.466134
-278.95453,500,1388.880213
-460.736944,500,1389.23804
-371.665834,500,1389.555176
-409.341254,500,1390.971591
-197.419707,500,1391.324908
-144.099199,500,1391.630553
-327.58823,500,1391.948734
-391.477909,500,1393.319459
-417.48014,500,1393.637647
-244.88716,500,1394.001899
-183.121589,500,1394.36173
-130.006021,500,1395.811677
-163.738145,500,1396.18283
-185.235528,500,1396.54607
-310.865663,500,1396.931976
-323.168223,500,1398.369823
-223.255118,500,1398.66792
-190.635448,500,1398.953999
-387.51502,500,1399.242537
-225.62822,500,1399.584255
-253.344566,500,1400.931696
-438.709541,500,1401.240427
-494.039356,500,1401.635478
-492.96983,500,1401.97824
-491.633631,500,1403.60467
-296.28819,500,1403.92541
-150.656213,500,1404.352197
-203.798173,500,1404.748701
-282.63294,500,1406.13864
-226.583031,500,1406.456464
-443.896053,500,1406.800419
-419.745663,500,1407.131721
-395.630457,500,1408.596038
-229.849876,500,1408.956849
-128.085056,500,1409.323183
-384.377205,500,1409.700701
-293.402432,500,1411.000477
-128.379454,500,1411.346792
-314.037057,500,1411.671895
-439.965501,500,1411.953392
-222.738771,500,1413.261858
-244.914833,500,1413.62519
-304.212581,500,1413.9875
-266.646781,500,1414.340765
-317.9977,500,1415.860956
-287.034682,500,1416.181671
-287.780682,500,1416.516979
-437.650539,500,1416.816843
-478.026809,500,1418.326411
-195.171721,500,1418.618003
-226.331307,500,1418.902996
-518.335183,500,1419.279345
-444.153381,500,1420.839547
-194.402363,500,1421.158217
-424.766607,500,1421.421133
-439.043461,500,1421.690072
-237.511701,500,1423.115609
-265.313363,500,1423.468396
-150.744181,500,1423.825738
-173.872321,500,1424.203924
-344.889263,500,1425.569865
-117.20101,500,1425.936435
-345.367205,500,1426.203895
-313.359525,500,1426.518014
-310.010516,500,1426.797436
-319.028089,500,1428.073427
-300.801352,500,1428.414589
-276.452019,500,1428.779439
-304.803725,500,1429.186676
-130.675657,500,1430.413199
-270.932685,500,1430.746421
-295.375977,500,1431.032977
-221.413105,500,1431.425353
-338.994891,500,1432.718273
-291.609556,500,1433.083691
-322.17958,500,1433.462631
-395.493528,500,1433.850635
-240.57531,500,1435.17495
-227.155005,500,1435.510979
-127.335514,500,1435.865765
-287.215064,500,1436.250671
-204.732618,500,1437.490036
-258.790715,500,1437.767035
-160.03162,500,1438.076082
-330.445846,500,1438.386752
-210.036938,500,1439.941023
-339.731272,500,1440.300753
-491.651364,500,1440.651445
-168.848114,500,1441.015748
-140.401244,500,1442.365705
-232.902777,500,1442.678211
-184.459008,500,1442.917788
-309.744686,500,1443.200279
-171.172895,500,1444.535065
-242.488317,500,1444.899892
-126.109377,500,1445.248252
-304.140766,500,1445.566934
-158.748694,500,1446.87308
-205.673204,500,1447.26254
-232.113708,500,1447.626833
-212.176402,500,1447.965055
77
