#{"t_start": 1775552529.892213, "env_id": "Pusher-Fric-Uni-50-v0"}
r,l,t
-779.17002,500,0.47371
-874.24902,500,0.91694
-799.316194,500,1.362638
-738.600297,500,1.711339
-886.212495,500,3.429288
-804.334523,500,3.905558
-953.912492,500,4.310232
-920.691035,500,4.773933
-896.913975,500,6.477374
-896.545032,500,6.917585
-920.05276,500,7.360287
-910.723665,500,7.72971
-796.038749,500,9.451493
-874.855277,500,9.829208
-748.18523,500,10.178344
-713.283403,500,10.533476
-919.554584,500,12.235621
-740.273189,500,12.704801
-752.174208,500,13.161425
-806.548102,500,13.64542
-658.418007,500,15.098736
-737.588712,500,15.426946
-674.246108,500,15.875706
-649.914427,500,16.354957
-751.309144,500,18.078126
-724.085884,500,18.468754
-800.301578,500,18.7869
-924.756962,500,19.0805
-739.225991,500,20.643912
-751.59584,500,21.052917
-628.590958,500,21.441612
-725.085189,500,21.856338
-686.329803,500,23.380657
-799.597481,500,23.663816
-601.019717,500,23.961467
-749.09528,500,24.321612
-690.238988,500,26.012269
-690.842839,500,26.470907
-748.485893,500,26.883558
-764.935713,500,27.234862
-626.793513,500,28.746048
-666.040768,500,29.144245
-770.308478,500,29.548338
-759.253153,500,29.952019
-668.893535,500,30.40967
-687.864773,500,31.985065
-713.907432,500,32.45327
-656.673032,500,32.796445
-650.143433,500,33.252673
-635.698481,500,34.902948
-666.721076,500,35.373803
-639.489574,500,35.836077
-721.137061,500,36.184159
-679.461934,500,37.704864
-700.035702,500,38.126828
-587.591083,500,38.589961
-740.543379,500,39.076158
-672.30297,500,40.77606
-650.831753,500,41.188461
-779.356079,500,41.567631
-627.619184,500,42.023365
-601.734553,500,43.781186
-758.195119,500,44.161869
-699.349468,500,44.631118
-654.989963,500,44.99871
-735.859286,500,46.572012
-655.318267,500,46.943707
-493.55265,500,47.343364
-724.76474,500,47.814429
-536.555304,500,49.481189
-595.680532,500,49.809371
-667.174064,500,50.153626
-658.016575,500,50.478248
-588.704464,500,52.199933
-545.084419,500,52.713165
-574.339964,500,53.245959
-663.818595,500,53.649571
-479.057529,500,55.324567
-495.097095,500,55.770641
-500.751308,500,56.243909
-519.190957,500,56.648607
-532.291394,500,58.250756
-623.375505,500,58.649477
-556.216843,500,59.062618
-591.275474,500,59.446431
-656.923493,500,59.843127
-553.632906,500,61.566909
-495.667819,500,61.915013
-521.839354,500,62.316693
-666.960021,500,62.639799
-535.060516,500,64.167069
-667.555655,500,64.611234
-622.282689,500,65.057516
-587.076336,500,65.427685
-485.635855,500,66.988011
-561.199484,500,67.31114
-448.370914,500,67.601763
-587.209255,500,67.891952
-525.843531,500,69.639263
-583.719926,500,70.066955
-557.208193,500,70.465638
-486.748049,500,70.861372
-517.933487,500,72.536925
-551.745996,500,72.975921
-586.424649,500,73.448247
-506.517828,500,73.816917
-514.566989,500,75.582319
-396.041396,500,76.036036
-618.34918,500,76.504256
-608.965208,500,76.912633
-620.137168,500,78.620867
-391.106629,500,79.094124
-456.38858,500,79.512813
-489.374325,500,79.911511
-500.792599,500,81.252102
-508.260362,500,81.672367
-580.392372,500,82.104488
-355.209904,500,82.586703
-526.518003,500,84.337646
-418.713375,500,84.758057
-466.203914,500,85.117853
-562.434236,500,85.534523
-557.065557,500,87.264541
-543.597547,500,87.693796
-444.583823,500,88.140436
-559.086726,500,88.56755
-405.403243,500,90.060057
-480.39218,500,90.469369
-493.02179,500,90.881568
-620.91353,500,91.266734
-579.848411,500,91.657341
-611.912937,500,93.154901
-549.625172,500,93.475534
-503.083739,500,93.920373
-495.405173,500,94.295069
-424.29589,500,96.020217
-389.538787,500,96.442883
-581.083179,500,96.882577
-473.478759,500,97.244262
-508.902705,500,98.651877
-412.05054,500,99.074056
-672.089246,500,99.531868
-444.734287,500,100.007069
-470.656314,500,101.70889
-531.55117,500,102.094528
-484.284229,500,102.487192
-448.591716,500,102.899407
-445.536254,500,104.550686
-422.429442,500,104.917399
-491.238433,500,105.375053
-431.119137,500,105.78579
-486.677251,500,107.216783
-444.481833,500,107.540361
-392.544869,500,107.937074
-455.295251,500,108.398794
-446.291831,500,110.061018
-623.559699,500,110.418712
-512.991579,500,110.780899
-529.307513,500,111.190603
-584.522463,500,112.763891
-394.007211,500,113.228968
-543.283409,500,113.60862
-499.051204,500,113.999291
-530.561467,500,115.501444
-391.952288,500,115.80061
-439.138628,500,116.11882
-494.040865,500,116.53249
-524.484459,500,118.199183
-476.150253,500,118.639912
-587.507481,500,119.049618
-407.627158,500,119.416802
-354.093043,500,119.773519
-574.535105,500,121.30129
-340.196266,500,121.580455
-478.84678,500,121.879221
-357.095456,500,122.166917
-425.044845,500,123.186571
-528.75789,500,123.465173
-588.871,500,123.715364
-417.257813,500,123.915251
-380.600745,500,124.631815
-525.37903,500,124.855312
-469.941418,500,125.028366
-494.723399,500,125.26198
-535.151031,500,126.058767
-413.128916,500,126.318688
-556.023116,500,126.581829
-293.109327,500,126.827554
-406.600581,500,127.851516
-454.974329,500,128.229198
-442.44705,500,128.675852
-389.702292,500,128.928235
-485.728155,500,130.357977
-487.425244,500,130.678083
-537.98661,500,131.110336
-265.709855,500,131.612473
-258.758151,500,133.545351
-389.208053,500,134.054586
-530.369364,500,134.552865
-308.974074,500,135.051105
-390.679873,500,136.735998
-291.784023,500,137.118642
-265.503163,500,137.512344
-573.118199,500,137.843031
-410.901166,500,139.529937
-413.879609,500,139.991786
-421.753762,500,140.42294
-381.416365,500,140.880166
-551.527826,500,142.365411
-377.363603,500,142.750088
-558.870877,500,143.130707
-497.842742,500,143.505467
-483.617225,500,145.235329
-386.16655,500,145.565
-498.107587,500,145.923124
-285.818495,500,146.24685
-357.216268,500,146.629244
-344.379361,500,148.28917
-292.381117,500,148.739895
-421.278093,500,149.169064
-294.348443,500,149.643255
-499.288157,500,151.063823
-303.042333,500,151.440591
-393.545105,500,151.862846
-397.27771,500,152.308513
-410.350051,500,154.025633
-319.708762,500,154.323834
-492.786605,500,154.661969
-349.023568,500,154.992113
-465.09029,500,156.544275
-356.897547,500,156.979458
-280.039468,500,157.431153
-302.228837,500,157.936382
-469.965904,500,159.615839
-396.229427,500,160.028535
-434.574635,500,160.484751
-271.833055,500,160.918462
-527.105393,500,162.637243
-423.403464,500,163.033952
-472.957709,500,163.502173
-459.59915,500,163.924887
-457.637623,500,165.626764
-530.651913,500,166.119033
-477.886465,500,166.56281
-348.772165,500,166.96343
-350.036286,500,168.418989
-469.769621,500,168.75714
-214.964349,500,169.179132
-398.406932,500,169.636261
-267.733354,500,171.475955
-286.721441,500,171.893624
-342.795806,500,172.254738
-507.401883,500,172.593903
-503.068457,500,174.205668
-552.871718,500,174.740939
-407.989623,500,175.237221
-325.296255,500,175.638392
-482.375288,500,175.978099
-302.077346,500,177.44574
-366.521657,500,177.898928
-305.265942,500,178.335568
-385.98712,500,178.747238
-483.177651,500,180.378525
-451.454502,500,180.838156
-302.890573,500,181.18983
-512.027209,500,181.60197
-377.449476,500,183.179797
-356.517225,500,183.649511
-329.169642,500,184.068219
-318.79156,500,184.503412
-213.162388,500,186.034702
-307.34971,500,186.43434
-358.275799,500,186.841632
-479.265138,500,187.249309
-467.382775,500,188.929018
-444.630097,500,189.305696
-406.428041,500,189.652325
-495.512483,500,189.963483
-368.995692,500,191.685692
-431.654673,500,192.183896
-387.046497,500,192.683149
-321.828047,500,193.142325
-401.0436,500,194.748601
-409.225267,500,195.153755
-272.828839,500,195.594918
-263.628854,500,196.025257
-387.24242,500,197.734278
-253.010758,500,198.098423
-298.379666,500,198.45657
-340.088792,500,198.840756
-391.126228,500,200.539627
-429.100675,500,200.971347
-302.710931,500,201.40259
-428.781122,500,201.832322
-307.823702,500,203.313136
-457.907807,500,203.62245
-450.68312,500,204.013573
-251.535033,500,204.379707
-437.035823,500,204.819968
-278.708471,500,206.454203
-489.848292,500,206.842939
-316.099818,500,207.158547
-362.211419,500,207.488739
-255.090692,500,209.051366
-419.157019,500,209.447067
-227.639164,500,209.887796
-278.855065,500,210.31396
-545.753491,500,211.811798
-245.05482,500,212.130387
-224.921428,500,212.430578
-357.964558,500,212.840255
-489.188683,500,214.496751
-214.467755,500,214.949993
-431.546024,500,215.388752
-484.293313,500,215.87303
-351.978547,500,217.409613
-283.695595,500,217.881329
-414.88433,500,218.229043
-441.107092,500,218.700234
-424.204474,500,220.236926
-435.328665,500,220.62167
-259.274489,500,220.950772
-310.484173,500,221.349015
-436.631069,500,223.04743
-252.983435,500,223.549645
-412.775515,500,223.945332
-527.976863,500,224.243407
-381.574347,500,225.764704
-524.419418,500,226.194946
-240.910913,500,226.620171
-432.51036,500,227.062886
-384.939897,500,228.622896
-495.093518,500,228.996995
-198.944482,500,229.468212
-302.928899,500,229.816371
-418.921169,500,231.420302
-375.264611,500,231.885546
-475.803014,500,232.26279
-483.702821,500,232.665935
-248.740031,500,234.146208
-256.829919,500,234.603942
-463.865573,500,235.018652
-338.204038,500,235.445764
-323.396698,500,235.947123
-278.689769,500,237.568922
-352.104804,500,238.04213
-443.917849,500,238.451858
-222.964825,500,238.875588
-400.079588,500,240.726559
-424.688829,500,241.133731
-283.600438,500,241.544985
-453.167904,500,241.925177
-297.215966,500,243.637087
-214.133793,500,244.105344
-427.125804,500,244.54761
-334.187055,500,245.020332
-403.725784,500,246.599358
-371.527719,500,247.127606
-350.933944,500,247.571859
-405.305785,500,247.982566
-461.25877,500,249.730555
-333.918078,500,250.11481
-458.497595,500,250.464556
-374.815284,500,250.932209
-335.852119,500,252.564979
-314.802204,500,253.080245
-259.566339,500,253.587423
-421.262492,500,254.122694
-288.055752,500,255.847152
-367.875369,500,256.230876
-232.561549,500,256.609047
-286.231004,500,257.123752
-295.341814,500,258.654022
-404.444651,500,259.020022
-382.710446,500,259.281363
-218.722945,500,259.64771
-474.262254,500,261.156834
-402.016231,500,261.62557
-269.751379,500,262.149932
-314.978492,500,262.632164
-354.031032,500,264.241654
-439.499493,500,264.711312
-386.017706,500,265.189489
-355.551843,500,265.583168
-324.618368,500,266.054404
-389.479803,500,267.705301
-232.046023,500,268.095028
-461.478907,500,268.459108
-366.592029,500,268.892347
-337.329957,500,270.569991
-324.186521,500,271.047624
-309.947499,500,271.449026
-359.34315,500,271.886058
-386.023968,500,273.280599
-363.198773,500,273.733957
-230.023265,500,274.147097
-203.151667,500,274.620299
-375.117754,500,276.333732
-360.243171,500,276.695862
-513.870391,500,277.037625
-454.696226,500,277.348755
-204.42038,500,278.728345
-471.128825,500,279.192291
-274.126383,500,279.609993
-438.906668,500,280.064717
-303.183712,500,281.610953
-314.293688,500,282.029665
-426.777501,500,282.413397
-375.785992,500,282.814888
-354.070493,500,284.570583
-513.006641,500,285.026773
-425.983938,500,285.527053
-434.119134,500,285.898745
-291.691792,500,287.312428
-343.301015,500,287.72958
-312.010358,500,288.17426
-330.087368,500,288.660523
-410.145738,500,290.177731
-383.2134,500,290.51442
-396.100983,500,290.8836
-398.267961,500,291.245295
-511.278548,500,292.925718
-452.047085,500,293.393992
-548.773566,500,293.816265
-210.592449,500,294.167888
-379.299247,500,295.796775
-420.968315,500,296.226947
-356.424386,500,296.722209
-497.721002,500,297.178902
-214.335881,500,297.645218
-286.382973,500,299.189705
-327.08141,500,299.608505
-249.954036,500,299.999684
-449.604375,500,300.418739
-456.998888,500,302.200212
-299.544937,500,302.655502
-475.347517,500,303.070094
-337.686652,500,303.377283
-403.053635,500,304.801515
-361.908438,500,305.233245
-269.395528,500,305.709446
-332.868496,500,306.134747
-236.79752,500,307.774585
-324.698187,500,308.087235
-366.018669,500,308.552439
-504.964862,500,309.024632
-416.928197,500,310.775994
-462.899054,500,311.235693
-331.523295,500,311.624998
-416.226508,500,312.102433
-384.50216,500,313.858415
-216.719605,500,314.336609
-351.847127,500,314.759249
-318.769277,500,315.217907
-262.205634,500,316.775485
-329.225503,500,317.136622
-521.819357,500,317.450759
-450.70386,500,317.810964
-456.781052,500,319.56828
-251.246948,500,319.989946
-318.312724,500,320.372658
-344.638992,500,320.712306
-249.684289,500,322.069218
-222.67491,500,322.434931
-466.785108,500,322.879314
-338.727598,500,323.353521
-339.377036,500,325.016257
-318.037156,500,325.455458
-251.945231,500,325.873911
-372.307821,500,326.332177
-275.169597,500,326.698774
-277.472564,500,328.423694
-475.104022,500,328.822431
-476.167414,500,329.20155
-376.041791,500,329.680775
-230.842061,500,331.172512
-384.897939,500,331.652786
-492.405182,500,332.154052
-206.54914,500,332.655289
-244.58163,500,334.196161
-372.944369,500,334.552364
-436.548228,500,335.029607
-322.664383,500,335.470694
-346.445971,500,337.225404
-326.797425,500,337.618624
-339.728513,500,338.118824
-404.474929,500,338.507451
-441.421539,500,339.821781
-487.465293,500,340.217561
-242.119194,500,340.658163
-479.278175,500,341.162843
-407.811701,500,342.866121
-257.282015,500,343.324407
-335.914465,500,343.760126
-437.640153,500,344.191663
-490.336175,500,345.967269
-510.945596,500,346.355948
-199.155717,500,346.693528
-384.004025,500,347.143255
-190.91543,500,348.699014
-449.716107,500,349.192261
-433.141814,500,349.607967
-186.778064,500,350.020704
-438.258409,500,351.603873
-314.609821,500,351.962529
-320.570241,500,352.390229
-461.706129,500,352.836937
-472.596188,500,354.588082
-278.186331,500,354.980788
-277.156277,500,355.337952
-271.428973,500,355.737764
-438.812619,500,356.113462
-296.721042,500,357.716064
-329.349053,500,358.227529
-467.127024,500,358.753776
-329.882306,500,359.203011
-397.391279,500,360.732734
-345.176962,500,361.098411
-326.78862,500,361.560836
-453.159867,500,362.062095
-273.307019,500,363.804986
-441.168806,500,364.271729
-273.211631,500,364.772977
-359.039802,500,365.119118
-315.533082,500,366.6618
-329.450985,500,367.157063
-375.433737,500,367.640274
-402.529397,500,368.107477
-378.901134,500,369.553854
-392.78661,500,369.99606
-232.301287,500,370.398717
-333.510064,500,370.875237
-421.132197,500,372.61411
-337.809368,500,373.083884
-219.462122,500,373.545567
-457.460698,500,373.922911
-236.511704,500,375.503071
-469.598571,500,375.970791
-342.10565,500,376.481446
-457.707181,500,376.915083
-218.986705,500,378.262193
-244.434517,500,378.649865
-290.194864,500,379.059571
-420.482533,500,379.467305
-423.321402,500,381.203601
-339.476329,500,381.545717
-413.608235,500,382.035938
-325.783791,500,382.403301
-228.73183,500,383.839414
-491.873896,500,384.303522
-357.950041,500,384.763318
-273.526385,500,385.209548
-307.621136,500,386.816314
-472.879199,500,387.170912
-337.506273,500,387.512538
-311.322091,500,387.886715
-260.666971,500,388.277903
-440.110799,500,389.941151
-412.890329,500,390.276763
-436.181641,500,390.60289
-432.289095,500,391.019072
-283.929938,500,392.519403
-296.983964,500,392.935189
-285.409716,500,393.31439
-413.793937,500,393.736089
-329.010423,500,395.254167
-244.059292,500,395.591343
-205.537059,500,395.950998
-247.193669,500,396.320632
-276.347943,500,397.90879
-253.316696,500,398.322791
-322.329828,500,398.711376
-352.476528,500,399.086087
-518.386317,500,400.550813
-431.539681,500,400.990493
-348.416797,500,401.444764
-459.162009,500,401.866099
-226.293938,500,403.637368
-447.850607,500,404.067015
-238.312864,500,404.388195
-435.639191,500,404.775363
-467.41559,500,406.362899
-390.084983,500,406.769038
-325.351932,500,407.176711
-273.342414,500,407.599341
-214.073663,500,408.999759
-454.844824,500,409.315888
-476.046284,500,409.660015
-275.669046,500,410.0344
-312.853821,500,411.748287
-235.599288,500,412.138011
-220.537002,500,412.565744
-252.621299,500,413.046994
-389.693791,500,414.667009
-520.806849,500,415.062699
-289.355938,500,415.490284
-400.750365,500,415.90856
-466.436702,500,416.461419
-453.224817,500,417.920577
-306.631083,500,418.28376
-375.90518,500,418.609501
-343.267729,500,419.068728
-407.009019,500,420.706019
-489.753339,500,421.079708
-424.438444,500,421.412895
-378.798502,500,421.747074
-276.063619,500,423.442471
-463.218567,500,423.916898
-422.953775,500,424.394169
-329.494063,500,424.800331
-414.372867,500,426.353124
-237.541115,500,426.724758
-305.87617,500,427.036949
-446.239151,500,427.391663
-405.580283,500,429.086465
-449.838985,500,429.488185
-251.476767,500,429.837293
-370.973805,500,430.242046
-422.346717,500,431.718589
-291.641964,500,432.175748
-515.391621,500,432.589141
-468.825357,500,433.030368
-493.357718,500,434.519106
-489.19526,500,434.798767
-213.805003,500,435.159455
-315.680142,500,435.602662
-281.723752,500,437.348049
-275.022847,500,437.853849
-309.26366,500,438.233945
-239.200144,500,438.551033
-292.681135,500,440.065037
-310.708533,500,440.512398
-342.158738,500,440.997679
-334.811809,500,441.509941
-326.615122,500,443.204333
-492.148548,500,443.571471
-430.340139,500,443.965186
-331.783001,500,444.292052
-292.325191,500,445.915743
-431.61513,500,446.365164
-364.741504,500,446.765929
-253.175676,500,447.135664
-329.608398,500,447.483783
-353.979402,500,448.949434
-266.071138,500,449.264077
-460.946983,500,449.719243
-228.017717,500,450.1699
-263.493094,500,451.704052
-491.500862,500,452.031092
-454.643086,500,452.393413
-219.828018,500,452.714196
-536.700724,500,454.389963
-333.533008,500,454.891214
-258.767088,500,455.388463
-350.570858,500,455.750617
-263.925815,500,457.148316
-355.467773,500,457.494439
-430.329643,500,457.838092
-379.628727,500,458.256798
-466.869884,500,459.918203
-485.829055,500,460.261849
-539.72499,500,460.568021
-439.597133,500,460.975744
-420.919595,500,462.642621
-292.676817,500,463.184897
-500.930967,500,463.772718
-253.761189,500,464.281005
-402.035898,500,466.045634
-281.830061,500,466.443154
-271.487076,500,466.876365
-466.904721,500,467.252509
-242.063155,500,468.951478
-469.639598,500,469.388097
-209.405031,500,469.795153
-184.802079,500,470.243952
-243.413613,500,472.056346
-411.394113,500,472.505054
-359.657232,500,473.008457
-380.005603,500,473.48814
-220.754334,500,475.12774
-450.852275,500,475.55044
-188.78033,500,476.099792
-156.274373,500,476.559059
-260.342601,500,477.071832
-345.378176,500,478.529511
-278.070555,500,478.902703
-447.961503,500,479.260852
-278.292559,500,479.597043
-254.639726,500,481.15913
-328.255183,500,481.69034
-294.537647,500,482.169521
-181.751668,500,482.52923
-151.365722,500,484.047372
-330.792783,500,484.380408
-529.212651,500,484.688016
-471.8151,500,485.086017
-265.894753,500,486.718183
-395.048026,500,487.097872
-190.383897,500,487.458364
-252.124626,500,487.768931
-424.401272,500,489.311676
-253.9301,500,489.780897
-396.02486,500,490.175543
-407.188716,500,490.601424
-380.363868,500,492.225664
-402.084056,500,492.683916
-377.987458,500,493.10761
-396.609112,500,493.580845
-296.49903,500,495.226156
-378.563194,500,495.565849
-473.67155,500,495.95913
-209.292389,500,496.357831
-232.520558,500,497.981228
-266.803067,500,498.408834
-273.803482,500,498.881053
-261.374922,500,499.39027
-367.075821,500,501.134968
-319.752933,500,501.573681
-402.633237,500,501.899892
-313.537307,500,502.295614
-281.003051,500,504.02699
-399.399157,500,504.428971
-385.822945,500,504.887679
-203.011807,500,505.286858
-202.853556,500,506.802554
-187.564979,500,507.255831
-345.332463,500,507.729774
-274.337568,500,508.152246
-407.863076,500,508.584907
-187.982742,500,510.082611
-401.417006,500,510.423408
-391.161628,500,510.746567
-341.24715,500,511.175194
-194.08726,500,512.751263
-215.469777,500,513.102435
-352.185615,500,513.44213
-338.112162,500,513.836247
-335.738795,500,515.668071
-200.802647,500,516.351367
-533.387039,500,516.897573
-470.756965,500,517.378498
-168.200449,500,519.011748
-431.072801,500,519.422668
-212.534303,500,519.910137
-396.403784,500,520.365443
-238.024013,500,522.35445
-394.056912,500,522.898028
-185.208117,500,523.428306
-253.027789,500,523.964161
-318.937151,500,525.831147
-215.074052,500,526.23787
-280.814504,500,526.640577
-304.889804,500,526.974656
-517.539793,500,528.40753
-487.935884,500,528.901262
-440.684984,500,529.359978
-359.16935,500,529.771691
-237.784316,500,531.249574
-450.208692,500,531.702794
-311.597862,500,532.061466
-289.845021,500,532.428671
-334.178833,500,534.181554
-430.594486,500,534.658503
-515.236365,500,535.036646
-179.454279,500,535.38921
-164.856032,500,536.698056
-184.515199,500,537.005188
-449.402592,500,537.264817
-325.944782,500,537.478465
-373.110174,500,537.705562
-298.748339,500,538.664061
-369.489715,500,538.896763
-386.019807,500,539.158372
-240.11161,500,539.559103
-418.218361,500,540.924812
-153.075532,500,541.304948
-260.97118,500,541.611125
-428.385337,500,542.049379
-332.903652,500,543.851554
-315.857136,500,544.255276
-327.521809,500,544.589014
-278.578235,500,544.903197
-320.153423,500,546.510566
-372.50351,500,546.923282
-449.444683,500,547.393505
-259.618701,500,547.817383
-174.051825,500,549.347868
-249.991182,500,549.777081
-320.771731,500,550.262316
-536.281976,500,550.852998
-271.420088,500,552.59791
-324.675573,500,553.007474
-226.786768,500,553.491171
-370.303337,500,553.963446
-464.904495,500,555.67028
-378.54395,500,556.104998
-449.142094,500,556.492696
-393.632855,500,556.852995
-328.203442,500,558.492284
-413.310845,500,558.809928
-272.751344,500,559.248664
-331.396993,500,559.738976
-366.95121,500,561.272555
-397.156077,500,561.731256
-303.067204,500,562.209019
-395.316598,500,562.580696
-319.239211,500,563.982449
-425.18659,500,564.430846
-440.061043,500,564.824009
-297.707125,500,565.269214
-177.784735,500,565.625375
-381.926767,500,566.949105
-371.899297,500,567.297212
-241.808328,500,567.64338
-267.738151,500,567.960561
-391.268902,500,569.664398
-402.234438,500,570.009246
-290.818155,500,570.394967
-277.314997,500,570.844099
-423.986492,500,572.417212
-229.511362,500,572.897501
-140.54208,500,573.377279
-333.851884,500,573.856011
-339.426066,500,575.364796
-254.168409,500,575.752491
-373.010334,500,576.122209
-467.089151,500,576.588988
-214.706149,500,578.395517
-315.322092,500,578.837707
-362.783546,500,579.228437
-408.838389,500,579.530628
-291.589438,500,581.001412
-522.100609,500,581.475365
-436.07076,500,581.971627
-444.731001,500,582.415356
-391.521733,500,584.053513
-350.762243,500,584.384714
-400.485242,500,584.725706
-391.473038,500,585.082332
-423.136474,500,586.610613
-347.7511,500,587.040305
-256.312295,500,587.472948
-360.132535,500,587.836717
-339.180398,500,589.325245
-254.227353,500,589.750897
-407.53093,500,590.196127
-421.785885,500,590.565926
-425.818255,500,592.338812
-331.496387,500,592.825073
-319.962191,500,593.342328
-314.774063,500,593.834584
-224.415129,500,595.632619
-295.81224,500,596.126855
-303.627322,500,596.612106
-305.147398,500,597.133386
-297.19446,500,597.599618
-217.299282,500,599.251579
-511.860812,500,599.710994
-356.234818,500,600.131771
-371.618378,500,600.513999
-287.246899,500,601.984547
-378.742186,500,602.372674
-314.950125,500,602.736309
-427.74867,500,603.096047
-224.836172,500,604.728842
-442.695964,500,605.042972
-229.534721,500,605.37456
-382.225487,500,605.704145
-432.366438,500,607.01672
-343.517434,500,607.371377
-309.210001,500,607.75113
-300.935034,500,608.186757
-298.410785,500,609.787122
-177.754358,500,610.152785
-248.473286,500,610.50295
-498.804354,500,610.923124
-437.338273,500,612.705957
-229.093836,500,613.196181
-339.047521,500,613.689413
-367.292926,500,614.147642
-465.916626,500,615.751577
-299.541918,500,616.154072
-207.54913,500,616.59325
-390.501628,500,617.027502
-443.441034,500,618.610325
-330.128379,500,618.931993
-344.006754,500,619.251606
-257.656394,500,619.591713
-335.786531,500,621.212681
-205.74695,500,621.69191
-328.462374,500,622.071586
-401.944466,500,622.492252
-286.92468,500,624.058342
-221.149534,500,624.475022
-391.923144,500,624.8932
-244.908844,500,625.325392
-411.414652,500,625.818179
-383.198294,500,627.269925
-292.573644,500,627.631433
-447.337625,500,627.975577
-287.559407,500,628.302174
-374.895376,500,629.765357
-238.827853,500,630.180091
-226.661824,500,630.55478
-302.83078,500,631.014539
-459.305028,500,632.648394
-284.18111,500,633.006589
-339.878028,500,633.344745
-323.832217,500,633.707917
-241.218674,500,635.350713
-204.374226,500,635.785407
-265.378301,500,636.115581
-286.289922,500,636.54082
-432.519781,500,638.083565
-266.623467,500,638.497252
-259.505093,500,638.952487
-295.7942,500,639.422149
-361.19686,500,641.039823
-456.313344,500,641.570027
-299.971218,500,641.996544
-246.252262,500,642.465287
-441.39654,500,644.185439
-388.285648,500,644.692201
-399.484558,500,645.061931
-387.761692,500,645.397538
-320.621005,500,646.678188
-350.732493,500,647.032894
-414.28762,500,647.495577
-306.438804,500,648.007468
-438.863969,500,649.502075
-294.657184,500,649.826729
-509.771673,500,650.146349
-277.022976,500,650.502433
-485.809237,500,651.973111
-339.713593,500,652.456994
-276.975123,500,652.933254
-487.843589,500,653.370386
-378.9101,500,654.842738
-459.262819,500,655.150871
-409.077221,500,655.515006
-355.820361,500,655.932671
-214.471883,500,656.346304
-408.244958,500,657.830368
-391.491496,500,658.149056
-322.182859,500,658.511143
-430.085266,500,658.832776
-486.808798,500,660.392354
-260.630357,500,660.802073
-272.572768,500,661.215712
-415.080702,500,661.5814
-468.325963,500,663.353689
-264.733599,500,663.727845
-396.802046,500,664.114523
-230.052686,500,664.520178
-328.079446,500,666.141905
-229.464414,500,666.497074
-377.806133,500,666.829732
-311.494752,500,667.155408
-250.514816,500,668.626065
-271.842722,500,669.059309
-422.49475,500,669.552533
-453.475205,500,670.074753
-395.853988,500,671.614518
-379.318617,500,672.01296
-286.792966,500,672.394061
-435.859278,500,672.810783
-367.247748,500,674.471102
-288.840115,500,674.801678
-499.404984,500,675.155383
-272.286731,500,675.494521
-292.795062,500,676.881523
-226.815783,500,677.230629
-226.957678,500,677.633265
-360.162538,500,678.006938
-255.678982,500,679.390621
-426.974135,500,679.736814
-408.79326,500,680.076502
-379.737352,500,680.383092
-299.032895,500,681.719215
-449.782848,500,682.10892
-504.745229,500,682.56312
-320.359646,500,683.013854
-280.315124,500,683.367001
-258.588156,500,684.792903
-391.063609,500,685.090092
-414.103633,500,685.478791
-459.45081,500,685.813402
-339.093763,500,687.476625
-315.653694,500,687.808203
-442.003689,500,688.142358
-428.151315,500,688.472817
-322.319227,500,689.867959
-302.652569,500,690.207658
-363.678567,500,690.583421
-290.830713,500,690.997081
-472.434022,500,692.56545
-365.163326,500,692.9521
-406.457911,500,693.267747
-434.535598,500,693.644447
-399.012272,500,694.99767
-303.387684,500,695.448148
-274.288352,500,695.912834
-313.196234,500,696.34755
-366.345858,500,697.719301
-427.758607,500,698.128014
-425.296658,500,698.477225
-342.830155,500,698.895922
-313.309747,500,700.493847
-205.998399,500,700.907717
-312.203653,500,701.35446
-448.648082,500,701.788662
-294.217664,500,703.27986
-290.961266,500,703.683497
-282.092142,500,704.149734
-235.331231,500,704.658901
-421.621031,500,706.318324
-344.71561,500,706.646498
-441.055005,500,706.964664
-251.832596,500,707.267257
-370.96302,500,708.715151
-240.550979,500,709.130807
-407.856326,500,709.564486
-292.090452,500,709.876093
-336.387878,500,710.211889
-221.312248,500,711.616058
-235.27372,500,711.93869
-402.9179,500,712.262862
-287.608985,500,712.610178
-279.935842,500,714.233973
-398.95616,500,714.563694
-230.038022,500,714.969396
-242.885887,500,715.319582
-224.301522,500,716.713794
-267.780503,500,717.102964
-237.081355,500,717.457635
-453.344217,500,717.86237
-377.528902,500,719.2526
-280.770541,500,719.6553
-205.186274,500,720.008461
-190.359587,500,720.402585
-508.417306,500,722.153154
-248.379339,500,722.531885
-290.519365,500,722.883466
-337.954674,500,723.227144
-286.261597,500,724.655307
-449.586703,500,724.963477
-265.560992,500,725.277126
-438.052368,500,725.761326
-295.438694,500,727.371259
-268.286363,500,727.759465
-413.130858,500,728.109586
-224.778535,500,728.449747
-191.428406,500,729.817262
-230.260719,500,730.233278
-343.512019,500,730.678971
-236.760302,500,731.198132
-425.868198,500,732.790268
-226.146564,500,733.212986
-299.96356,500,733.586683
-225.385076,500,733.967415
-355.60517,500,735.483795
-364.227328,500,735.834357
-189.841301,500,736.192015
-346.194964,500,736.508186
-237.156926,500,737.938824
-385.024761,500,738.33127
-305.256091,500,738.742982
-153.372619,500,739.258772
-141.956982,500,739.690444
-529.329506,500,741.092387
-237.211582,500,741.475115
-330.754972,500,741.943325
-403.306915,500,742.257034
-328.166941,500,743.7763
-340.924748,500,744.234023
-365.78162,500,744.547235
-203.450713,500,744.894411
-336.807737,500,746.282544
-227.110386,500,746.723134
-315.654015,500,747.078437
-179.623768,500,747.412
-429.168958,500,749.05968
-255.787056,500,749.449845
-334.362007,500,749.827532
-227.611046,500,750.179474
-502.667598,500,751.421863
-437.60336,500,751.719039
-318.300692,500,752.102726
-320.024817,500,752.544315
-244.898546,500,754.106485
-404.238692,500,754.486181
-268.354359,500,754.924348
-380.180427,500,755.307045
-217.861532,500,756.815071
-331.579572,500,757.242173
-359.76522,500,757.575359
-339.944034,500,757.915502
-291.358753,500,759.281204
-186.034633,500,759.67141
-315.542979,500,760.014051
-496.476651,500,760.416205
-190.756525,500,762.128576
-376.485801,500,762.600792
-368.576467,500,763.050375
-207.391564,500,763.514043
-425.423649,500,765.217991
-302.200838,500,765.648678
-455.097583,500,766.076368
-282.089214,500,766.442532
-237.486302,500,766.829257
-240.705067,500,768.342973
-462.729939,500,768.780695
-461.234915,500,769.185388
-150.296051,500,769.556845
-210.96686,500,771.452147
-120.700696,500,771.85884
-401.618555,500,772.20651
-235.540579,500,772.639163
-328.220232,500,774.094017
-339.178772,500,774.488189
-226.560938,500,774.906907
-237.580657,500,775.267055
-378.5679,500,776.970418
-340.880985,500,777.411655
-161.118722,500,777.73082
-344.232405,500,778.064989
-381.091287,500,779.628154
-290.975916,500,779.987805
-394.270118,500,780.333488
-388.213584,500,780.754173
-236.050551,500,782.410021
-182.194285,500,782.86874
-295.364862,500,783.212353
-345.517606,500,783.617758
-333.796959,500,785.122416
-531.98987,500,785.573131
-466.095848,500,785.993849
-346.570237,500,786.383637
-235.976735,500,788.009951
-404.749807,500,788.39159
-204.917492,500,788.788291
-393.479407,500,789.160974
-304.823555,500,790.708932
-402.698763,500,791.156206
-351.797138,500,791.68147
-369.13116,500,792.15272
-351.969996,500,793.867272
-256.469727,500,794.277966
-299.977069,500,794.638649
-439.783051,500,794.978271
-389.548835,500,796.407435
-243.17662,500,796.806118
-326.890142,500,797.103214
-351.478335,500,797.491871
-292.98637,500,797.838548
-397.33165,500,799.353134
-345.355578,500,799.772625
-356.638271,500,800.232815
-314.975892,500,800.781962
-341.727005,500,802.480676
-221.953461,500,802.838341
-202.887829,500,803.185042
-138.217755,500,803.474676
-219.262014,500,804.50714
-331.717461,500,804.74823
-341.99631,500,804.980312
-516.889542,500,805.228481
-232.144671,500,806.021453
-168.378524,500,806.269516
-394.61144,500,806.511149
-501.727127,500,806.721215
-264.36072,500,807.606161
-198.767699,500,807.861143
-378.423057,500,808.128308
-237.078149,500,808.367404
-234.105665,500,809.450043
-440.154032,500,809.673681
-187.068812,500,809.937267
-444.319257,500,810.145832
-360.051879,500,811.087365
-184.176835,500,811.34501
-132.269249,500,811.530602
-343.400455,500,811.690139
-190.181857,500,812.549322
-365.620061,500,812.771389
-463.558524,500,813.016502
-340.239552,500,813.239588
-144.187144,500,814.056943
-340.807756,500,814.21597
-417.558567,500,814.629628
-273.374291,500,815.091241
-213.369611,500,816.829323
-355.41392,500,817.376566
-338.851317,500,817.838461
-427.679176,500,818.306162
-288.511524,500,818.73918
-282.259989,500,820.541919
-185.239283,500,821.103222
-152.340403,500,821.707656
-455.893592,500,822.34864
-464.406987,500,824.328954
-350.928705,500,824.814472
-189.397352,500,825.208126
-280.938873,500,825.537765
-293.546457,500,827.348878
-477.293635,500,827.697041
-134.442882,500,828.073733
-490.237601,500,828.483934
-488.695405,500,830.139361
-396.263143,500,830.483995
-338.0778,500,830.9167
-270.11954,500,831.396894
-429.785857,500,833.072723
-281.310157,500,833.495664
-386.576196,500,833.987905
-327.479305,500,834.410595
-176.58913,500,836.202437
-317.757082,500,836.542173
-411.053716,500,836.883782
-149.204049,500,837.313262
-186.77048,500,838.893371
-396.604888,500,839.30257
-341.710975,500,839.705051
-321.326176,500,840.213075
-450.122429,500,841.960608
-447.230316,500,842.307719
-278.730421,500,842.724126
-493.625241,500,843.211926
-371.437297,500,844.95682
-472.939984,500,845.409633
-352.163998,500,845.821922
-376.673847,500,846.189157
-397.623263,500,847.897971
-469.834911,500,848.299678
-315.492322,500,848.744441
-474.302217,500,849.162078
-339.063399,500,850.579739
-493.204976,500,851.019855
-183.939227,500,851.517009
-166.796185,500,851.98437
-249.408907,500,852.368
-318.923897,500,854.112147
-269.528841,500,854.441299
-150.652004,500,854.778496
-320.638186,500,855.106646
-415.256152,500,856.656769
-353.108148,500,857.136483
-388.248354,500,857.639637
-147.888205,500,858.176445
-428.730361,500,860.040588
-167.883051,500,860.560295
-197.790078,500,861.048422
-366.368524,500,861.548023
-460.045008,500,863.160285
-518.35687,500,863.575941
-172.748096,500,863.9771
-323.298629,500,864.311265
-213.176309,500,865.849485
-147.790685,500,866.318677
-193.26681,500,866.688338
-199.873997,500,867.069031
-169.878256,500,868.734965
-182.927538,500,869.277664
-151.286037,500,869.856425
-510.325957,500,870.331143
-232.449316,500,872.032643
-154.003408,500,872.515891
-175.889375,500,872.992164
-521.475701,500,873.381908
-286.624603,500,874.958262
-245.695684,500,875.410995
-170.617395,500,875.844767
-230.54532,500,876.302962
-393.386731,500,878.016056
-143.116935,500,878.40174
-325.951797,500,878.754874
-276.000725,500,879.207119
-282.63784,500,880.828294
-354.58982,500,881.318528
-312.245557,500,881.774759
-172.891335,500,882.240314
-192.730591,500,882.649005
-511.475044,500,884.449935
-261.660174,500,884.835321
-312.893737,500,885.201033
-222.233123,500,885.503683
-400.700002,500,886.820404
-376.172488,500,887.177129
-264.525839,500,887.498722
-280.257066,500,887.854882
-281.185516,500,889.341193
-318.006725,500,889.722859
-228.368607,500,890.11192
-358.638715,500,890.48879
-375.100829,500,891.949816
-230.005783,500,892.334412
-211.382435,500,892.747957
-286.149387,500,893.197243
-405.75721,500,894.701984
-431.887569,500,895.142727
-346.171746,500,895.522905
-296.382803,500,895.961607
-318.759114,500,897.494774
-260.650491,500,897.929507
-504.618827,500,898.344218
-345.012946,500,898.824456
-325.710425,500,900.378235
-343.828303,500,900.804115
-378.693773,500,901.311844
-204.695819,500,901.720514
-161.054696,500,903.128631
-373.742693,500,903.466255
-227.011575,500,903.791925
-217.489298,500,904.171052
-476.117998,500,905.590192
-250.527847,500,906.008902
-332.571996,500,906.368058
-335.265496,500,906.728792
-330.918288,500,908.138017
-273.223664,500,908.528164
-284.749397,500,908.881355
-415.995599,500,909.165508
-480.007235,500,909.432734
-403.766232,500,910.507298
-493.105066,500,910.76191
-412.785217,500,911.028877
-444.431788,500,911.2295
-254.020184,500,912.112574
-293.342731,500,912.308685
-336.325325,500,912.563283
-262.473785,500,912.772242
-357.560632,500,913.792536
-133.029321,500,914.123371
-513.653728,500,914.368215
-432.65943,500,914.651726
-272.19352,500,915.716367
-340.487554,500,915.971989
-390.922326,500,916.212139
-406.660832,500,916.463199
-416.130727,500,917.279663
-222.325698,500,917.466711
-282.43139,500,917.655302
-383.741538,500,917.833377
-355.938983,500,918.602712
-404.582592,500,918.761784
-478.688525,500,918.922856
-307.923749,500,919.11395
-447.138508,500,919.841312
-389.191644,500,919.995887
-319.758936,500,920.178487
-318.231199,500,920.350595
-492.370014,500,921.261445
-451.736724,500,921.510054
-373.193488,500,921.753683
-216.653216,500,921.978726
-308.994892,500,922.911259
-330.722562,500,923.135852
-508.207478,500,923.295407
-165.292098,500,923.479431
-281.797439,500,924.154229
-307.915702,500,924.311306
-331.993316,500,924.597563
-394.427052,500,924.794626
-173.398729,500,925.776528
-182.616234,500,925.935608
-290.669552,500,926.151206
-283.919929,500,926.409653
-412.450135,500,926.640141
-207.576345,500,927.514307
-163.54056,500,927.733907
-407.514264,500,927.897445
-220.029745,500,928.125582
-216.443823,500,929.184627
-393.320503,500,929.461414
-311.071613,500,929.709544
-416.321583,500,929.945625
-371.704015,500,930.908157
-398.537309,500,931.129325
-279.436541,500,931.349385
-407.860526,500,931.573615
-236.33574,500,932.365504
-332.306547,500,932.651258
-465.540112,500,932.909349
-208.611241,500,933.188087
-317.782552,500,934.127503
-346.130053,500,934.336583
-447.364916,500,934.576167
-328.969172,500,934.821781
-380.928692,500,935.759012
-298.526099,500,935.91305
-190.553794,500,936.09015
-210.184921,500,936.3133
-255.709195,500,937.221749
-312.925629,500,937.45285
-241.021608,500,937.603992
-248.303176,500,937.766065
-317.002508,500,938.571095
-324.61651,500,938.733904
-437.010885,500,938.985993
-436.978126,500,939.256038
-475.303251,500,940.805188
-395.524883,500,941.173657
-256.114153,500,941.614343
-386.421182,500,941.941158
-407.171134,500,943.246875
-211.654825,500,943.534506
-222.883657,500,943.817674
-271.153738,500,944.138944
-418.150768,500,944.447073
-261.9002,500,945.612737
-302.738912,500,945.834347
-384.898882,500,946.09097
-258.103239,500,946.360272
-218.208315,500,947.444539
-327.80939,500,947.733698
-252.505619,500,947.964779
-371.026372,500,948.225785
-327.84838,500,949.108392
-364.478296,500,949.360208
-417.34701,500,949.596089
-221.488339,500,949.80995
-385.728399,500,950.712064
-330.547546,500,950.913147
-302.586008,500,951.254781
-302.245229,500,951.57894
-389.883069,500,952.697039
-304.663656,500,952.944668
-169.966575,500,953.167922
-390.417509,500,953.39602
-236.967759,500,954.672583
-392.585676,500,955.161717
-159.58662,500,955.628382
-270.025609,500,956.081564
-321.847727,500,957.786278
-395.767124,500,958.215915
-172.160713,500,958.722779
-181.921981,500,959.157947
-350.049836,500,960.663152
-282.643195,500,961.121864
-397.028938,500,961.564498
-181.14371,500,962.017127
-330.217241,500,963.584924
-193.684267,500,964.039007
-306.126969,500,964.484775
-137.061108,500,964.962935
-397.925484,500,966.809227
-456.234529,500,967.215896
-407.343104,500,967.625568
-328.622814,500,968.023215
-176.302546,500,969.80587
-168.86225,500,970.302114
-433.493576,500,970.778074
-330.672826,500,971.227729
-155.60534,500,971.719464
-321.364934,500,973.445997
-154.490602,500,973.797626
-162.925634,500,974.154774
-396.558627,500,974.645626
-295.578055,500,976.411056
-427.826964,500,976.748239
-161.58761,500,977.141967
-422.048964,500,977.474132
-347.41015,500,979.035527
-363.873426,500,979.460264
-315.528091,500,979.993796
-364.483787,500,980.449522
-333.083961,500,982.117972
-190.142823,500,982.514124
-168.699488,500,983.004368
-264.170097,500,983.350539
-285.862439,500,984.901747
-175.329382,500,985.275434
-178.362646,500,985.676177
-321.108663,500,986.030812
-182.543822,500,987.483588
-350.216886,500,987.972846
-353.58405,500,988.49516
-185.467859,500,988.942866
-201.539443,500,990.495673
-153.754862,500,990.860849
-184.311335,500,991.368963
-146.898664,500,991.994927
-211.942921,500,993.806071
-318.000196,500,994.24824
-218.587724,500,994.635498
-396.586064,500,995.004592
-335.134248,500,996.590867
-189.854499,500,997.057457
-352.532602,500,997.52057
-323.926811,500,998.042929
-167.645708,500,999.66068
-163.921105,500,1000.03388
-149.999995,500,1000.382591
-158.777213,500,1000.701867
-197.458105,500,1001.175073
-341.256415,500,1002.923835
-406.254281,500,1003.401014
-230.27411,500,1003.86359
-168.181003,500,1004.325425
-191.814481,500,1005.93552
-391.444006,500,1006.40676
-450.620204,500,1006.864447
-379.358997,500,1007.260067
-346.849564,500,1009.100215
-351.977693,500,1009.560793
-352.847931,500,1010.043101
-329.909554,500,1010.565416
-160.579784,500,1012.038047
-270.156591,500,1012.415031
-245.446856,500,1012.784106
-236.351584,500,1013.206311
-181.949635,500,1014.7847
-310.093528,500,1015.252837
-294.435235,500,1015.742863
-252.424079,500,1016.145502
-290.545225,500,1017.709615
-364.567997,500,1018.183295
-439.59987,500,1018.554985
-444.549756,500,1018.997207
-208.602186,500,1020.753517
-292.69583,500,1021.167123
-408.796033,500,1021.529316
-441.411797,500,1021.870484
-216.58881,500,1023.174079
-333.919576,500,1023.615343
-384.966043,500,1024.034283
-327.345647,500,1024.422961
-182.406731,500,1025.83164
-228.101673,500,1026.252373
-278.558357,500,1026.727582
-176.889459,500,1027.141289
-299.414269,500,1028.736468
-308.733845,500,1029.057067
-186.280126,500,1029.422769
-331.780318,500,1029.750891
-398.30174,500,1030.087514
-150.759432,500,1031.693003
-371.479324,500,1032.164245
-319.404101,500,1032.646457
-250.657727,500,1033.077643
-223.313375,500,1034.705786
-204.122295,500,1035.032417
-251.380603,500,1035.413996
-240.051651,500,1035.855493
-284.588735,500,1037.486587
-140.508146,500,1037.798752
-390.084098,500,1038.116925
-221.532476,500,1038.525621
-290.661847,500,1039.896234
-341.174365,500,1040.185384
-203.431227,500,1040.581588
-246.877911,500,1040.899736
-301.173947,500,1042.467449
-173.744947,500,1042.91865
-221.409986,500,1043.319327
-325.454929,500,1043.713969
-339.671826,500,1045.175009
-254.834417,500,1045.626801
-199.261943,500,1046.092948
-349.158568,500,1046.484243
-258.928354,500,1048.123111
-262.847329,500,1048.517288
-309.542562,500,1048.984994
-256.809011,500,1049.326668
-477.55393,500,1050.846136
-173.680018,500,1051.226813
-370.603021,500,1051.770037
-161.782249,500,1052.176727
-315.36328,500,1053.641075
-216.643458,500,1054.089251
-283.273651,500,1054.547974
-508.293519,500,1054.91015
-337.237396,500,1056.43525
-506.349605,500,1056.842908
-317.443938,500,1057.209074
-232.315245,500,1057.652353
-353.672989,500,1059.293013
-451.570168,500,1059.747899
-300.640007,500,1060.162337
-438.160832,500,1060.553438
-441.326494,500,1061.016105
-238.322748,500,1062.61771
-347.291669,500,1063.109895
-246.949501,500,1063.596745
-332.010724,500,1064.010884
-204.688951,500,1065.407142
-308.748646,500,1065.758786
-221.314668,500,1066.146453
-251.999132,500,1066.608595
-299.389621,500,1068.043336
-252.966012,500,1068.403444
-426.854622,500,1068.804156
-257.540402,500,1069.1258
-326.19996,500,1070.669743
-246.410318,500,1071.021385
-388.88007,500,1071.48532
-342.909408,500,1072.017576
-194.398567,500,1073.52812
-260.814972,500,1073.836164
-371.739827,500,1074.256364
-233.079393,500,1074.631971
-298.058671,500,1076.04862
-285.622717,500,1076.520284
-279.855955,500,1076.888924
-444.87823,500,1077.219044
-407.939621,500,1078.5606
-257.764408,500,1078.954237
-223.969503,500,1079.361891
-285.891057,500,1079.750587
-230.87196,500,1081.217363
-248.771459,500,1081.585539
-248.35819,500,1081.986079
-455.925991,500,1082.337213
-308.154575,500,1083.853478
-421.378856,500,1084.29287
-434.426528,500,1084.635492
-308.047814,500,1085.051762
-257.63211,500,1086.704568
-408.223088,500,1087.096279
-221.810904,500,1087.521979
-289.073511,500,1087.919479
-243.640085,500,1088.281826
-128.631299,500,1089.745199
-222.122567,500,1090.173434
-361.568027,500,1090.584573
-308.218276,500,1091.111786
-202.686895,500,1092.821768
-338.589134,500,1093.231038
-182.433937,500,1093.692286
-293.270188,500,1094.188516
-246.486411,500,1095.737149
-459.298355,500,1096.095064
-404.377217,500,1096.511752
-160.937277,500,1096.891454
-141.089399,500,1098.430182
-191.728834,500,1098.831838
-227.521364,500,1099.298061
-475.522989,500,1099.734721
-151.8354,500,1101.181302
-302.302066,500,1101.50993
-297.640989,500,1101.837055
-150.523474,500,1102.2117
-137.261586,500,1103.758955
-307.849191,500,1104.119561
-394.777465,500,1104.474178
-240.265417,500,1104.762244
-133.613226,500,1106.174351
-283.901006,500,1106.515871
-424.688562,500,1106.903515
-423.197851,500,1107.32529
-422.941489,500,1108.782636
-169.325666,500,1109.142094
-146.535889,500,1109.589321
-312.946092,500,1109.924485
-156.756636,500,1111.496397
-516.762937,500,1111.930557
-424.092327,500,1112.434224
-165.905301,500,1112.852924
-236.958181,500,1114.364665
-266.817416,500,1114.745326
-135.008705,500,1115.175513
-151.78637,500,1115.565125
-412.192661,500,1117.103516
-170.464744,500,1117.475194
-268.253818,500,1117.794374
-408.197788,500,1118.100963
-180.1789,500,1118.464145
-265.36708,500,1119.770442
-155.46014,500,1120.221678
-324.974109,500,1120.73598
-129.2344,500,1121.162707
-337.916349,500,1122.877849
-310.543355,500,1123.286925
-427.060132,500,1123.666102
-367.200823,500,1124.158942
-396.613939,500,1125.820585
-218.580986,500,1126.251286
-380.146869,500,1126.623422
-436.65012,500,1126.964426
-292.210276,500,1128.450917
-235.870881,500,1128.805551
-141.053153,500,1129.219256
-300.565152,500,1129.590375
-248.770041,500,1131.139138
-248.294477,500,1131.60098
-397.809707,500,1132.079275
-381.69981,500,1132.401957
-356.10321,500,1133.91405
-284.35053,500,1134.312735
-295.608766,500,1134.687475
-265.112555,500,1135.092655
-323.93959,500,1136.617224
-464.680046,500,1137.004931
-159.327597,500,1137.45465
-374.695106,500,1137.922879
-202.662424,500,1139.317574
-253.638641,500,1139.681744
-361.108801,500,1140.18034
-289.976005,500,1140.587527
-293.244006,500,1142.068717
-175.878224,500,1142.556924
-185.535352,500,1143.030222
-341.296412,500,1143.350318
-295.165378,500,1144.701487
-268.261931,500,1145.036109
-531.161572,500,1145.427847
-510.862164,500,1145.74994
-149.720581,500,1146.118144
-275.179474,500,1147.651771
-232.044957,500,1148.019439
-461.403436,500,1148.446128
-444.677847,500,1148.856438
-497.825243,500,1150.222942
-213.220899,500,1150.565527
-391.198608,500,1150.995809
-438.316947,500,1151.487056
-490.539569,500,1153.089689
-235.475457,500,1153.491375
-298.525095,500,1153.983653
-447.983157,500,1154.358338
-180.037804,500,1155.93573
-204.589175,500,1156.381455
-306.506735,500,1156.75518
-212.896397,500,1157.114268
-138.823902,500,1158.595427
-160.515989,500,1158.987098
-425.588143,500,1159.391629
-512.870303,500,1159.895865
-276.630207,500,1161.578624
-456.720515,500,1162.034888
-293.694651,500,1162.409024
-213.223131,500,1162.768715
-149.917088,500,1164.290186
-280.794131,500,1164.631283
-344.80777,500,1165.060922
-199.050271,500,1165.440536
-210.7043,500,1166.812484
-384.502978,500,1167.154653
-406.425195,500,1167.466789
-370.022976,500,1167.915428
-197.599999,500,1169.45309
-475.890899,500,1169.795241
-240.938027,500,1170.118854
-382.859447,500,1170.500513
-329.61199,500,1171.799161
-460.422792,500,1172.129759
-213.659542,500,1172.454461
-168.514935,500,1172.841152
-259.352861,500,1174.315116
-336.032322,500,1174.652234
-223.451773,500,1174.949329
-372.738051,500,1175.266433
-226.625353,500,1175.603107
-380.435634,500,1177.086763
-317.807825,500,1177.538284
-171.54087,500,1177.899978
-323.654394,500,1178.225154
-210.940522,500,1179.656312
-413.124227,500,1180.006454
-236.688776,500,1180.41217
-404.489551,500,1180.742345
-394.169771,500,1182.515804
-287.130023,500,1182.944398
-351.678632,500,1183.376596
-305.449967,500,1183.830894
-162.168076,500,1185.394158
-393.341442,500,1185.851365
-377.017294,500,1186.31908
-381.613355,500,1186.744817
-177.232093,500,1188.240246
-336.81349,500,1188.597414
-249.564655,500,1188.987121
-235.093004,500,1189.365654
-173.799313,500,1191.005998
-400.174809,500,1191.396689
-245.914894,500,1191.794317
-333.569958,500,1192.139915
-367.743126,500,1193.693174
-378.896846,500,1194.117296
-256.410762,500,1194.496596
-377.753329,500,1194.964571
-411.651768,500,1196.347298
-401.804581,500,1196.701922
-396.984051,500,1197.03348
-322.463444,500,1197.38819
-363.873121,500,1199.045427
-327.507434,500,1199.525241
-349.291369,500,1199.963673
-232.700267,500,1200.35697
-289.509989,500,1201.765169
-293.557063,500,1202.221412
-241.627057,500,1202.563082
-258.327195,500,1202.876736
-365.252103,500,1203.354434
-392.973945,500,1205.00811
-352.71407,500,1205.355258
-294.735602,500,1205.733943
-198.999633,500,1206.064568
-273.281715,500,1207.462688
-306.933182,500,1207.863488
-208.565317,500,1208.269655
-254.29048,500,1208.574275
-243.868688,500,1210.223082
-322.937021,500,1210.630252
-216.374004,500,1211.098844
-319.239959,500,1211.548558
-452.593944,500,1213.295088
-347.446266,500,1213.765566
-345.926115,500,1214.16875
-337.917346,500,1214.638988
-223.784932,500,1216.21032
-258.438898,500,1216.564834
-212.073909,500,1217.001096
-191.147239,500,1217.367843
-384.2882,500,1218.705675
-474.445947,500,1219.040247
-388.14175,500,1219.430869
-342.985354,500,1219.805571
-449.219459,500,1221.320061
-293.282119,500,1221.716364
-415.924781,500,1222.060001
-445.824004,500,1222.416708
-303.995828,500,1223.796501
-357.827069,500,1224.13674
-199.068167,500,1224.476913
-293.752096,500,1224.795038
-415.177255,500,1226.418924
-271.261361,500,1226.804574
-288.816948,500,1227.168213
-461.195768,500,1227.529678
-461.180309,500,1229.073874
-298.835272,500,1229.595812
-319.719228,500,1230.131018
-452.190564,500,1230.576684
-373.980462,500,1230.973271
-325.43518,500,1232.444888
-374.941901,500,1232.794071
-290.662405,500,1233.232239
-256.980771,500,1233.601841
-342.258324,500,1235.197098
-345.772892,500,1235.540712
-435.993809,500,1235.970365
-203.820278,500,1236.309057
-409.307444,500,1237.876332
-355.092113,500,1238.27407
-291.767527,500,1238.73332
-249.146037,500,1239.189446
-251.135403,500,1240.679056
-337.258896,500,1241.123294
-219.187626,500,1241.561442
-298.973252,500,1241.966147
-327.416068,500,1243.663958
-313.762137,500,1244.042265
-298.752149,500,1244.513991
-272.400991,500,1244.927667
-365.2327,500,1246.418927
-211.624478,500,1246.808088
-431.446428,500,1247.242101
-251.200474,500,1247.695265
-350.811089,500,1249.418185
-392.668453,500,1249.727359
-344.071006,500,1250.076028
-332.678552,500,1250.4574
-190.533251,500,1251.864474
-219.400751,500,1252.275146
-394.07061,500,1252.663282
-337.676551,500,1253.166451
-283.431938,500,1254.79914
-426.290146,500,1255.137277
-341.251748,500,1255.455467
-269.4968,500,1255.811624
-214.939976,500,1257.172248
-244.822678,500,1257.462432
-201.86454,500,1257.953692
-441.371393,500,1258.451353
-507.422576,500,1259.929703
-228.220532,500,1260.276805
-373.0718,500,1260.662929
-413.748875,500,1261.042121
-440.49886,500,1261.509844
-212.687994,500,1262.880558
-287.079572,500,1263.209762
-439.787494,500,1263.62642
-240.601122,500,1264.000573
-345.942872,500,1265.616731
-477.336968,500,1265.947435
-254.747522,500,1266.294584
-315.572025,500,1266.647723
-263.474928,500,1268.149477
-254.960241,500,1268.491608
-404.408984,500,1268.830837
-224.31553,500,1269.137517
-460.500792,500,1270.650652
-304.813192,500,1271.092337
-247.595159,500,1271.521044
-410.138476,500,1271.918711
-428.263581,500,1273.506397
-516.254084,500,1273.930165
-345.781852,500,1274.259838
-349.224725,500,1274.534905
-164.035995,500,1275.800193
-393.348336,500,1276.073816
-341.246681,500,1276.413943
-354.310781,500,1276.735109
-263.975563,500,1278.113298
-409.090532,500,1278.572079
-196.712749,500,1278.873194
-181.326716,500,1279.179879
-178.778301,500,1280.601246
-470.878517,500,1280.999949
-202.581391,500,1281.363104
-514.011343,500,1281.806266
-325.617473,500,1283.37723
-507.211134,500,1283.7391
-150.788712,500,1284.084205
-423.343235,500,1284.384297
-221.213566,500,1285.685301
-329.390096,500,1286.018386
-403.334694,500,1286.342536
-242.796779,500,1286.718279
-278.466165,500,1287.102973
-479.377042,500,1288.535029
-185.818426,500,1288.859495
-400.087877,500,1289.214668
-430.977509,500,1289.625377
-201.268864,500,1291.104162
-479.427282,500,1291.489825
-441.071646,500,1291.838011
-315.3818,500,1292.135642
-272.036758,500,1293.546601
-318.110701,500,1293.917275
-232.866807,500,1294.36597
-388.112912,500,1294.724095
-155.48906,500,1296.193179
-172.775144,500,1296.531311
-433.222505,500,1296.856625
-405.839234,500,1297.202582
-285.449176,500,1298.567475
-501.070057,500,1299.014693
-347.384233,500,1299.344873
-321.90112,500,1299.75657
-270.195092,500,1301.359786
-372.075409,500,1301.739929
-424.34313,500,1302.167638
-390.357578,500,1302.522802
-503.579355,500,1304.063016
-367.499846,500,1304.464743
-238.242099,500,1304.849422
-435.63435,500,1305.179066
-176.586182,500,1306.512188
-380.255347,500,1306.914861
-384.011244,500,1307.235511
-334.004282,500,1307.551665
-485.753967,500,1309.181934
-167.440796,500,1309.502104
-455.952876,500,1309.87451
-379.327789,500,1310.26723
-303.828679,500,1311.742389
-277.767977,500,1312.109497
-346.313398,500,1312.534738
-200.743986,500,1312.94436
-337.903371,500,1314.403552
-246.709208,500,1314.726699
-240.535815,500,1315.078786
-476.871098,500,1315.517503
-288.873979,500,1315.909226
-175.864577,500,1317.355992
-213.238606,500,1317.838713
-492.915093,500,1318.290359
-246.027839,500,1318.704526
-293.089085,500,1320.071005
-289.92565,500,1320.419852
-144.212771,500,1320.787463
-199.515626,500,1321.216581
-188.918967,500,1322.707266
-189.620583,500,1323.027418
-371.245817,500,1323.35205
-280.043917,500,1323.716646
-219.697648,500,1325.078787
-401.961918,500,1325.504497
-430.028457,500,1325.865192
-195.63971,500,1326.229836
-493.087552,500,1327.60195
-388.564858,500,1327.898091
-391.945107,500,1328.1777
-357.951893,500,1328.514864
-454.250806,500,1329.841079
-338.783451,500,1330.285308
-368.425628,500,1330.725452
-219.894302,500,1331.163644
-317.54375,500,1332.65633
-251.737442,500,1333.012486
-248.978832,500,1333.336655
-173.363072,500,1333.688442
-276.29556,500,1335.149563
-483.674119,500,1335.47307
-351.56516,500,1335.789225
-246.978975,500,1336.112845
-268.246507,500,1337.500937
-381.138344,500,1337.907555
-306.155402,500,1338.250175
-398.056811,500,1338.59833
1,500,1440.966596
-421.851164,500,1441.403695
-224.099594,500,1441.935388
-234.73834,500,1442.333291
